paper_id,set,stage,removed_from,reason,evidence,decided_by,decided_at,source_record,title
6SQ7YL4X,unlabelled,cross_set_duplicate,corpus,"same paper as Human Labelled Set U4546RAU, which already carries a human label",matched on DOI,rule,,results/review/02_removed_us_duplicates.csv,Prenatal Household Air Pollution Exposure and Childhood Blood Pressure in Rural Ghana.
S8AWREET,unlabelled,cross_set_duplicate,corpus,"same paper as Human Labelled Set YQC5A963, which already carries a human label","matched on DOI, PDF bytes identical",rule,,results/review/02_removed_us_duplicates.csv,Comparative effectiveness of implementation strategies for Accelerating Cervical Cancer Elimination through the integration of Screen-and-treat Services (ACCESS  study): protocol for a cluster randomized hybrid type III trial in Nigeria.
GZB2QRQN,unlabelled,cross_set_duplicate,corpus,"same paper as Human Labelled Set FPX2G3LA, which already carries a human label",matched on DOI,rule,,results/review/02_removed_us_duplicates.csv,Examining local smoke-free coalitions in Armenia and Georgia: context and outcomes of a matched-pairs community-randomised controlled trial.
JKT92VFB,unlabelled,cross_set_duplicate,corpus,"same paper as Human Labelled Set FI4T6J44, which already carries a human label","matched on DOI, PDF bytes identical",rule,,results/review/02_removed_us_duplicates.csv,Cost-effectiveness of a faith-based lifestyle intervention for diabetes prevention among African Americans: A within-trial analysis.
6A7TZZ7L,unlabelled,cross_set_duplicate,corpus,"same paper as Human Labelled Set NCULGT7Q, which already carries a human label","matched on DOI, PDF bytes identical",rule,,results/review/02_removed_us_duplicates.csv,Acceptability and feasibility of mobile phone-based ecological momentary assessment and intervention in Uganda: A pilot randomized controlled trial.
5SYFNTAR,unlabelled,cross_set_duplicate,corpus,"same paper as Human Labelled Set YAIMEWET, which already carries a human label","matched on DOI, PDF bytes identical",rule,,results/review/02_removed_us_duplicates.csv,Network characteristics of a referral system for patients with hypertension in Western Kenya: results from the Strengthening Referral Networks for Management of  Hypertension Across the Health System (STRENGTHS) study.
EXEBP353,unlabelled,cross_set_duplicate,corpus,"same paper as Human Labelled Set 9J2SL67D, which already carries a human label","matched on DOI, PDF bytes identical",rule,,results/review/02_removed_us_duplicates.csv,Conquering hypertension in Vietnam-solutions at grassroots level: study protocol of a cluster randomized controlled trial.
TJJRPERK,unlabelled,cross_set_duplicate,corpus,"same paper as Human Labelled Set BWAGKCVT, which already carries a human label","matched on DOI, PDF bytes identical",rule,,results/review/02_removed_us_duplicates.csv,Using a continuum of hybrid effectiveness-implementation studies to put research-tested colorectal screening interventions into practice.
SLL6D8W7,unlabelled,cross_set_duplicate,corpus,"same paper as Human Labelled Set BAABE7JM, which already carries a human label","matched on DOI, PDF bytes identical",rule,,results/review/02_removed_us_duplicates.csv,"The comparative effectiveness of decision aids in diverse populations with early stage prostate cancer: a study protocol for a cluster-randomized controlled trial  in the NCI Community Oncology Research Program (NCORP), Alliance A191402CD."
L9QQZC55,unlabelled,cross_set_duplicate,corpus,"same paper as Human Labelled Set FHVQQIX3, which already carries a human label","matched on DOI, PDF bytes identical",rule,,results/review/02_removed_us_duplicates.csv,"Community-based, cluster-randomized pilot trial of a cardiovascular mHealth intervention: Rationale, design, and baseline findings of the FAITH! Trial."
WVYCZBPF,unlabelled,cross_set_duplicate,corpus,"same paper as Human Labelled Set DJYB2MPK, which already carries a human label",matched on DOI,rule,,results/review/02_removed_us_duplicates.csv,Design and rationale of the cardiometabolic health program linked with community health workers and mobile health telemonitoring to reduce health disparities  (LINKED-HEARTS) program.
SGEDS55Q,unlabelled,cross_set_duplicate,corpus,"same paper as Human Labelled Set 85UJCVKA, which already carries a human label",matched on DOI,rule,,results/review/02_removed_us_duplicates.csv,"Association of perinatal depression and postpartum contraception intent, choice, and actual use."
IQDL72X9,unlabelled,cross_set_duplicate,corpus,"same paper as Human Labelled Set 4ME98BI9, which already carries a human label",matched on DOI,rule,,results/review/02_removed_us_duplicates.csv,Commentary: Right truncation in cluster randomized trials can attenuate the power of a marginal analysis.
Y4QNBWSN,unlabelled,cross_set_duplicate,corpus,"same paper as Human Labelled Set F2BPPKMI, which already carries a human label","matched on DOI, PDF bytes identical",rule,,results/review/02_removed_us_duplicates.csv,"QuitSMART Utah: an implementation study protocol for a cluster-randomized, multi-level Sequential Multiple Assignment Randomized Trial to increase Reach and  Impact of tobacco cessation treatment in Community Health Centers."
7HSKFB5R,unlabelled,cross_set_duplicate,corpus,"same paper as Human Labelled Set UHLRHMGI, which already carries a human label",matched on DOI,rule,,results/review/02_removed_us_duplicates.csv,Adaptive Designs in Implementation Science and Practice: Their Promise and the Need for Greater Understanding and Improved Communication.
Z49RK7S3,unlabelled,cross_set_duplicate,corpus,"same paper as Human Labelled Set W2VQEXEG, which already carries a human label",matched on DOI,rule,,results/review/02_removed_us_duplicates.csv,"Medical assistant health coaching (""MAC"") for type 2 diabetes in diverse primary care settings: A pragmatic, cluster-randomized controlled trial protocol."
4SMC3YCR,unlabelled,cross_set_duplicate,corpus,"same paper as Human Labelled Set WGQGTBTE, which already carries a human label","matched on DOI, PDF bytes identical",rule,,results/review/02_removed_us_duplicates.csv,Dulce Digital-Me: protocol for a randomized controlled trial of an adaptive mHealth intervention for underserved Hispanics with diabetes.
LNJRE9FB,unlabelled,cross_set_duplicate,corpus,"same paper as Human Labelled Set Y5J6YZK2, which already carries a human label",matched on DOI,rule,,results/review/02_removed_us_duplicates.csv,Engaging diverse midlife and older adults in a multilevel participatory physical activity intervention: evaluating impacts using Ripple Effects Mapping.
ZCN2GW5H,unlabelled,cross_set_duplicate,corpus,"same paper as Human Labelled Set 4EYIVLJR, which already carries a human label",matched on DOI,rule,,results/review/02_removed_us_duplicates.csv,Process evaluation of a medical assistant health coaching intervention for type 2 diabetes in diverse primary care settings.
TXGVITEJ,unlabelled,cross_set_duplicate,corpus,"same paper as Human Labelled Set RUYVCGHY, which already carries a human label",matched on DOI,rule,,results/review/02_removed_us_duplicates.csv,Targeting Sedentary Behavior in CKD: A Pilot and Feasibility Randomized Controlled Trial.
5XST2QLS,unlabelled,cross_set_duplicate,corpus,"same paper as Human Labelled Set EBWFU9KS, which already carries a human label",matched on DOI,rule,,results/review/02_removed_us_duplicates.csv,Assessment of COVID-19 Messaging Strategies to Increase Testing for Students With Intellectual and Developmental Disabilities.
MEWCCWRY,unlabelled,cross_set_duplicate,corpus,"same paper as Human Labelled Set 8MGIPU3P, which already carries a human label",matched on DOI,rule,,results/review/02_removed_us_duplicates.csv,Incorporating systems-level stakeholder perspectives into the clinical trial design of school-supervised asthma therapy.
QSSAN7UI,unlabelled,cross_set_duplicate,corpus,"same paper as Human Labelled Set ABV8X64G, which already carries a human label","matched on DOI, PDF bytes identical",rule,,results/review/02_removed_us_duplicates.csv,"Impact of the Out-of-School Nutrition and Physical Activity (OSNAP) Group Randomized Controlled Trial on Children's Food, Beverage, and Calorie Consumption  among Snacks Served."
ZIW6MP95,unlabelled,cross_set_duplicate,corpus,"same paper as Human Labelled Set UJB4QA99, which already carries a human label",matched on DOI,rule,,results/review/02_removed_us_duplicates.csv,The Relationship Between Frailty and Emotional Health in Older Patients with Advanced Cancer.
2UTZGV6B,unlabelled,cross_set_duplicate,corpus,"same paper as Human Labelled Set VPCPTPZL, which already carries a human label","matched on DOI, PDF bytes identical",rule,,results/review/02_removed_us_duplicates.csv,Using Geriatric Assessment to Guide Conversations Regarding Comorbidities Among Older Patients With Advanced Cancer.
CBXHYRH6,unlabelled,cross_set_duplicate,corpus,"same paper as Human Labelled Set 8NC76BQP, which already carries a human label",matched on DOI,rule,,results/review/02_removed_us_duplicates.csv,Effect of Hospitalizations on Physical Activity Patterns in Mobility-Limited Older Adults.
ZJVGPCQS,unlabelled,cross_set_duplicate,corpus,"same paper as Human Labelled Set KESZW83P, which already carries a human label","matched on DOI, PDF bytes identical",rule,,results/review/02_removed_us_duplicates.csv,Balanced Crystalloids versus Saline in Critically Ill Adults.
SHZWCASA,unlabelled,cross_set_duplicate,corpus,"same paper as Human Labelled Set LU33978L, which already carries a human label",matched on DOI,rule,,results/review/02_removed_us_duplicates.csv,Improving Communication in Heart Failure Patient Care.
K6ICH5QI,unlabelled,cross_set_duplicate,corpus,"same paper as Human Labelled Set C9R7RUUN, which already carries a human label",matched on DOI,rule,,results/review/02_removed_us_duplicates.csv,Hierarchical Bayesian modeling of heterogeneous outcome variance in cluster randomized trials.
NRBW33RG,unlabelled,cross_set_duplicate,corpus,"same paper as Human Labelled Set XEKC6EFN, which already carries a human label",matched on DOI,rule,,results/review/02_removed_us_duplicates.csv,Reversing the Cardiac Effects of Sedentary Aging in Middle Age-A Randomized Controlled Trial: Implications For Heart Failure Prevention.
32XV68PT,unlabelled,cross_set_duplicate,corpus,"same paper as Human Labelled Set 36I94AIH, which already carries a human label","matched on DOI, PDF bytes identical",rule,,results/review/02_removed_us_duplicates.csv,Protocol for a cluster-randomized trial of a school-based skin cancer preventive intervention for adolescents.
S3NDM3VQ,unlabelled,cross_set_duplicate,corpus,"same paper as Human Labelled Set E2MNEMB8, which already carries a human label",matched on DOI,rule,,results/review/02_removed_us_duplicates.csv,Sustainability of Blood Pressure Reduction in Black Barbershops.
TWYU2VCY,unlabelled,cross_set_duplicate,corpus,"same paper as Human Labelled Set 9LTSBSEE, which already carries a human label",matched on DOI,rule,,results/review/02_removed_us_duplicates.csv,Effect of Training Pediatric Clinicians in Human Papillomavirus Communication Strategies on Human Papillomavirus Vaccination Rates: A Cluster Randomized  Clinical Trial.
VXKNB5DX,unlabelled,cross_set_duplicate,corpus,"same paper as Human Labelled Set 5CPW9STM, which already carries a human label",matched on DOI,rule,,results/review/02_removed_us_duplicates.csv,"Successful Trial of Practice Facilitation for Plan, Do, Study, Act Quality Improvement."
HA58JB25,unlabelled,cross_set_duplicate,corpus,"same paper as Human Labelled Set U9LEIXXF, which already carries a human label",matched on DOI,rule,,results/review/02_removed_us_duplicates.csv,Clinical Effects of Balanced Crystalloids vs Saline in Adults With Diabetic Ketoacidosis: A Subgroup Analysis of Cluster Randomized Clinical Trials.
KHHFUXBI,unlabelled,cross_set_duplicate,corpus,"same paper as Human Labelled Set 8NX9CDB5, which already carries a human label","matched on DOI, PDF bytes identical",rule,,results/review/02_removed_us_duplicates.csv,"The Head and Neck Survivorship Tool (HN-STAR) Trial (WF-1805CD): A protocol for a cluster-randomized, hybrid effectiveness-implementation, pragmatic trial to  improve the follow-up care of head and neck cancer survivors."
CSI9YBL2,unlabelled,cross_set_duplicate,corpus,"same paper as Human Labelled Set LGEECHQM, which already carries a human label","matched on DOI, PDF bytes identical",rule,,results/review/02_removed_us_duplicates.csv,A mHealth intervention to preserve and promote ideal cardiovascular health in college students: Design and protocol of a cluster randomized controlled trial.
H2EMVC97,unlabelled,cross_set_duplicate,corpus,"same paper as Human Labelled Set GYRIVJLS, which already carries a human label","matched on DOI, PDF bytes identical",rule,,results/review/02_removed_us_duplicates.csv,Robotic versus Electromagnetic bronchoscopy for pulmonary LesIon AssessmeNT: the RELIANT pragmatic randomized trial.
88MUVGL7,unlabelled,cross_set_duplicate,corpus,"same paper as Human Labelled Set Q2S96SJ9, which already carries a human label",matched on DOI,rule,,results/review/02_removed_us_duplicates.csv,Strategies to improve the recruitment and retention of underserved children and families in clinical trials: A case example of a school-supervised asthma therapy  pilot.
M46JBV2K,unlabelled,cross_set_duplicate,corpus,"same paper as Human Labelled Set BZHD4F63, which already carries a human label",matched on DOI,rule,,results/review/02_removed_us_duplicates.csv,Health-related quality of life outcomes for the LEAP study-CALGB 70305 (Alliance): A lymphedema prevention intervention trial for newly diagnosed breast  cancer patients.
LWBEKQXY,unlabelled,cross_set_duplicate,corpus,"same paper as Human Labelled Set PKIN6R35, which already carries a human label",matched on DOI,rule,,results/review/02_removed_us_duplicates.csv,Association of Race and Ethnicity with Sedation Management in Pediatric Intensive Care.
IIM5LTHQ,unlabelled,cross_set_duplicate,corpus,"same paper as Human Labelled Set 2BDG7GVP, which already carries a human label","matched on DOI, PDF bytes identical",rule,,results/review/02_removed_us_duplicates.csv,A Group Randomized Intervention Trial Increases Participation in the School Breakfast Program in 16 Rural High Schools in Minnesota.
3VCQS3N8,unlabelled,cross_set_duplicate,corpus,"same paper as Human Labelled Set KCV63L9X, which already carries a human label",matched on DOI,rule,,results/review/02_removed_us_duplicates.csv,Impact of Visit Volume on the Effectiveness of Electronic Tools to Improve Heart Failure Care.
5G5828ED,unlabelled,cross_set_duplicate,corpus,"same paper as Human Labelled Set RHQWSFTR, which already carries a human label",matched on DOI,rule,,results/review/02_removed_us_duplicates.csv,An overview of optimal designs under a given budget in cluster randomized trials with a binary outcome.
Y729FR8I,unlabelled,cross_set_duplicate,corpus,"same paper as Human Labelled Set EZW26HK2, which already carries a human label",matched on DOI,rule,,results/review/02_removed_us_duplicates.csv,A Multifaceted Implementation Strategy to Increase Out-of-Office Blood Pressure Monitoring: The EMBRACE Cluster Randomized Clinical Trial.
6W27JB54,unlabelled,cross_set_duplicate,corpus,"same paper as Human Labelled Set 6XFGQN39, which already carries a human label","matched on DOI, PDF bytes identical",rule,,results/review/02_removed_us_duplicates.csv,Enhanced care planning and clinical-community linkages versus usual care to address basic needs of patients with multiple chronic conditions: a  clinician-level randomized controlled trial.
Z3NEV3AG,unlabelled,cross_set_duplicate,corpus,"same paper as Human Labelled Set VMHXT33Z, which already carries a human label",matched on DOI,rule,,results/review/02_removed_us_duplicates.csv,Randomized evaluation of decision support interventions for atrial fibrillation: Rationale and design of the RED-AF study.
PALJMQS6,unlabelled,cross_set_duplicate,corpus,"same paper as Human Labelled Set XA8RYYSR, which already carries a human label","matched on DOI, PDF bytes identical",rule,,results/review/02_removed_us_duplicates.csv,A Cluster Randomized Controlled Trial of a Lay Health Worker Intervention to Increase Healthy Eating and Physical Activity Among Vietnamese Americans.
7CGAHFHD,unlabelled,cross_set_duplicate,corpus,"same paper as Human Labelled Set S89CIJ46, which already carries a human label","matched on DOI, PDF bytes identical",rule,,results/review/02_removed_us_duplicates.csv,Effect of a Multicomponent Food Pantry Intervention in Client Subgroups.
UIDUTSZL,unlabelled,cross_set_duplicate,corpus,"same paper as Human Labelled Set M8CXW6PU, which already carries a human label",matched on DOI,rule,,results/review/02_removed_us_duplicates.csv,Clinical and economic effectiveness of a pharmacy and primary care collaborative transition of care program.
5M5EWTXL,unlabelled,cross_set_duplicate,corpus,"same paper as Human Labelled Set MPJA6L2H, which already carries a human label",matched on DOI,rule,,results/review/02_removed_us_duplicates.csv,Breakfast Is Brain Food? The Effect on Grade Point Average of a Rural Group Randomized Program to Promote School Breakfast.
7A7DGTFA,unlabelled,cross_set_duplicate,corpus,"same paper as Human Labelled Set 6XSR8DVR, which already carries a human label",matched on DOI,rule,,results/review/02_removed_us_duplicates.csv,Prehospital low titer group O whole blood is feasible and safe: Results of a prospective randomized pilot trial.
9T7P8H5G,unlabelled,cross_set_duplicate,corpus,"same paper as Human Labelled Set EAJAKXKC, which already carries a human label","matched on DOI, PDF bytes identical",rule,,results/review/02_removed_us_duplicates.csv,The ecology of patient and caregiver participation in consultations involving advanced cancer.
96UKX43M,unlabelled,cross_set_duplicate,corpus,"same paper as Human Labelled Set IDKFPWGH, which already carries a human label","matched on DOI, PDF bytes identical",rule,,results/review/02_removed_us_duplicates.csv,A Cluster Randomized Trial of a Community-Based Intervention Among African-American Adults: Effects on Dietary and Physical Activity Outcomes.
E3IREKY2,unlabelled,cross_set_duplicate,corpus,"same paper as Human Labelled Set JSRXWSXE, which already carries a human label","matched on DOI, PDF bytes identical",rule,,results/review/02_removed_us_duplicates.csv,Addressing cancer survivors' cardiovascular health using the automated heart health assessment (AH-HA) EHR tool: Initial protocol and modifications to address  COVID-19 challenges.
YUAM3VKF,unlabelled,cross_set_duplicate,corpus,"same paper as Human Labelled Set UHEKLJLC, which already carries a human label",matched on DOI,rule,,results/review/02_removed_us_duplicates.csv,A Cluster-Randomized Evaluation of the SuperShelf Intervention in Choice-Based Food Pantries.
I7FXIK32,unlabelled,cross_set_duplicate,corpus,"same paper as Human Labelled Set F9X8Z6SZ, which already carries a human label",matched on DOI,rule,,results/review/02_removed_us_duplicates.csv,Increasing the adoption of evidence-based communication practices for HPV vaccination in primary care clinics: The HPV ECHO study protocol for a cluster  randomized controlled trial.
MNPPUABA,unlabelled,cross_set_duplicate,corpus,"same paper as Human Labelled Set I7VKXNIC, which already carries a human label",matched on DOI,rule,,results/review/02_removed_us_duplicates.csv,Sustainability of blood pressure reduction in black barbershops.
8G9N5B5B,unlabelled,cross_set_duplicate,corpus,"same paper as Human Labelled Set SUANA8ET, which already carries a human label","matched on DOI, PDF bytes identical",rule,,results/review/02_removed_us_duplicates.csv,Moderators of the effectiveness of an intervention to increase colorectal cancer screening through mailed fecal immunochemical test kits: results from a pragmatic  randomized trial.
TZZP2GMX,unlabelled,cross_set_duplicate,corpus,"same paper as Human Labelled Set X9X3VGJK, which already carries a human label","matched on DOI, PDF bytes identical",rule,,results/review/02_removed_us_duplicates.csv,A cost-effectiveness analysis of a colorectal cancer screening program in safety net clinics.
Z7AH5NE4,unlabelled,cross_set_duplicate,corpus,"same paper as Human Labelled Set KJQKEW8Y, which already carries a human label",matched on DOI,rule,,results/review/02_removed_us_duplicates.csv,Effectiveness of a Mailed Colorectal Cancer Screening Outreach Program in Community Health Clinics: The STOP CRC Cluster Randomized Clinical Trial.
RVGHTCUQ,unlabelled,cross_set_duplicate,corpus,"same paper as Human Labelled Set FDVX9XTR, which already carries a human label",matched on DOI,rule,,results/review/02_removed_us_duplicates.csv,System Level Informatics to Improve Triage Practices for Sickle Cell Disease Vaso-Occlusive Crisis: A Cluster Randomized Controlled Trial.
9FSNPZT8,unlabelled,cross_set_duplicate,corpus,"same paper as Human Labelled Set NQ4Y7FIA, which already carries a human label",matched on DOI,rule,,results/review/02_removed_us_duplicates.csv,Caring for the elderly at work and home: Can a randomized organizational intervention improve psychological health?
NQSS6ZME,unlabelled,cross_set_duplicate,corpus,"same paper as Human Labelled Set W75ICDYI, which already carries a human label",matched on DOI,rule,,results/review/02_removed_us_duplicates.csv,Association between advanced cancer patient-caregiver agreement regarding prognosis and hospice enrollment.
VQERMQTN,unlabelled,cross_set_duplicate,corpus,"same paper as Human Labelled Set PDP273K4, which already carries a human label","matched on DOI, PDF bytes identical",rule,,results/review/02_removed_us_duplicates.csv,Behavioral economic implementation strategies to improve serious illness communication between clinicians and high-risk patients with cancer: protocol for  a cluster randomized pragmatic trial.
GE5YUEC5,unlabelled,cross_set_duplicate,corpus,"same paper as Human Labelled Set C69UAKKB, which already carries a human label","matched on DOI, PDF bytes identical",rule,,results/review/02_removed_us_duplicates.csv,Using increased trust in medical researchers to increase minority recruitment: The RECRUIT cluster randomized clinical trial.
82SN3AXQ,unlabelled,cross_set_duplicate,corpus,"same paper as Human Labelled Set YZ7GZ47B, which already carries a human label",matched on DOI,rule,,results/review/02_removed_us_duplicates.csv,"Effects of a Flexibility/Support Intervention on Work Performance: Evidence From the Work, Family, and Health Network."
6TH7JZG3,unlabelled,cross_set_duplicate,corpus,"same paper as Human Labelled Set BLWKH6C8, which already carries a human label","matched on DOI, PDF bytes identical",rule,,results/review/02_removed_us_duplicates.csv,Rationale and protocol for a cluster randomized pragmatic clinical trial testing behavioral economic implementation strategies to improve tobacco treatment rates  for cancer patients who smoke.
4P75RKMV,unlabelled,cross_set_duplicate,corpus,"same paper as Human Labelled Set 4Q7JQUVU, which already carries a human label",matched on DOI,rule,,results/review/02_removed_us_duplicates.csv,Effect on Patient Safety of a Resident Physician Schedule without 24-Hour Shifts.
V4D33GKD,unlabelled,cross_set_duplicate,corpus,"same paper as Human Labelled Set HBD3Y6S2, which already carries a human label",matched on DOI,rule,,results/review/02_removed_us_duplicates.csv,Assessment of Financial Toxicity Among Older Adults With Advanced Cancer.
CGFN57QZ,unlabelled,cross_set_duplicate,corpus,"same paper as Human Labelled Set 8RFFGGMQ, which already carries a human label","matched on DOI, PDF bytes identical",rule,,results/review/02_removed_us_duplicates.csv,"Employee Cardiometabolic Risk Following a Cluster-Randomized Workplace Intervention From the Work, Family and Health Network, 2009-2013."
4XYV8HZY,unlabelled,cross_set_duplicate,corpus,"same paper as Human Labelled Set PVP9PWD9, which already carries a human label",matched on DOI,rule,,results/review/02_removed_us_duplicates.csv,Assessing the representativeness of cluster randomized trials: Evidence from two large pragmatic trials in United States nursing homes.
RPDUHJVP,unlabelled,cross_set_duplicate,corpus,"same paper as Human Labelled Set Z6DJN9CQ, which already carries a human label","matched on DOI, PDF bytes identical",rule,,results/review/02_removed_us_duplicates.csv,Completion of Patient-Reported Outcome Questionnaires Among Older Adults with Advanced Cancer.
ZSVGVCQS,unlabelled,cross_set_duplicate,corpus,"same paper as Human Labelled Set NCY67FZ9, which already carries a human label",matched on DOI,rule,,results/review/02_removed_us_duplicates.csv,Changes in Moderate Intensity Physical Activity Are Associated With Better Cognition in the Multilevel Intervention for Physical Activity in Retirement  Communities (MIPARC) Study.
DZM6LTUC,unlabelled,cross_set_duplicate,corpus,"same paper as Human Labelled Set 7MXH2IXG, which already carries a human label",matched on DOI,rule,,results/review/02_removed_us_duplicates.csv,The shared uncertainty experience of older adults with advanced cancer and their caregivers.
TLXU4MVQ,unlabelled,cross_set_duplicate,corpus,"same paper as Human Labelled Set R7T6WKEW, which already carries a human label","matched on DOI, PDF bytes identical",rule,,results/review/02_removed_us_duplicates.csv,"Protocol paper: Multi-site, cluster-randomized clinical trial for optimizing functional outcomes of older cancer survivors after chemotherapy."
M3IMKTAR,unlabelled,cross_set_duplicate,corpus,"same paper as Human Labelled Set ZFMGD92P, which already carries a human label","matched on DOI, PDF bytes identical",rule,,results/review/02_removed_us_duplicates.csv,"A qualitative evaluation of a simplified cardiovascular management program in Tibet, China."
PX36RSR8,unlabelled,cross_set_duplicate,corpus,"same paper as Human Labelled Set SJVU6KJ3, which already carries a human label","matched on DOI, PDF bytes identical",rule,,results/review/02_removed_us_duplicates.csv,"Effects of an Oncology Nurse-Led, Primary Palliative Care Intervention (CONNECT) on Illness Expectations Among Patients With Advanced Cancer."
82VGQ9L3,unlabelled,cross_set_duplicate,corpus,"same paper as Human Labelled Set G4WN7HVX, which already carries a human label",matched on DOI,rule,,results/review/02_removed_us_duplicates.csv,Poor patient health is associated with higher caregiver burden for older adults with advanced cancer.
VMVQ2SRD,unlabelled,cross_set_duplicate,corpus,"same paper as Human Labelled Set 62TBCTHX, which already carries a human label","matched on DOI, PDF bytes identical",rule,,results/review/02_removed_us_duplicates.csv,Examining Caregiver Outcomes in the CONNECT Intervention for Patients With Advanced Cancer.
AD2GEB7Y,unlabelled,cross_set_duplicate,corpus,"same paper as Human Labelled Set EEIQW8EX, which already carries a human label",matched on DOI,rule,,results/review/02_removed_us_duplicates.csv,Effect of a Mammography Screening Decision Aid for Women 75 Years and Older: A Cluster Randomized Clinical Trial.
V4IJ9JW5,unlabelled,cross_set_duplicate,corpus,"same paper as Human Labelled Set S7VJ7LXE, which already carries a human label","matched on DOI, PDF bytes identical",rule,,results/review/02_removed_us_duplicates.csv,Decreasing polypharmacy in older adults with cancer: A pilot cluster-randomized trial protocol.
VDTZHUI6,unlabelled,cross_set_duplicate,corpus,"same paper as Human Labelled Set GVSXRYPK, which already carries a human label","matched on DOI, PDF bytes identical",rule,,results/review/02_removed_us_duplicates.csv,"Geriatric assessment-driven polypharmacy discussions between oncologists, older patients, and their caregivers."
4SECYYI8,unlabelled,cross_set_duplicate,corpus,"same paper as Human Labelled Set I6GH9T7T, which already carries a human label","matched on DOI, PDF bytes identical",rule,,results/review/02_removed_us_duplicates.csv,A Geriatric Assessment Intervention to Reduce Treatment Toxicity Among Older Adults With Advanced Lung Cancer: A Subgroup Analysis From a Cluster Randomized  Controlled Trial.
45QRDBNZ,unlabelled,cross_set_duplicate,corpus,"same paper as Human Labelled Set D7FNGV5H, which already carries a human label",matched on DOI,rule,,results/review/02_removed_us_duplicates.csv,Communication With Older Patients With Cancer Using Geriatric Assessment: A Cluster-Randomized Clinical Trial From the National Cancer Institute Community  Oncology Research Program.
YVTFQYD2,unlabelled,cross_set_duplicate,corpus,"same paper as Human Labelled Set GQ47R7MS, which already carries a human label",matched on DOI,rule,,results/review/02_removed_us_duplicates.csv,Symptom Burden and Shared Care Planning in an Oncology Nurse-Led Primary Palliative Care Intervention (CONNECT) for Patients with Advanced Cancer.
JNM3WPH3,unlabelled,cross_set_duplicate,corpus,"same paper as Human Labelled Set T3W2WZCX, which already carries a human label","matched on DOI, PDF bytes identical",rule,,results/review/02_removed_us_duplicates.csv,Social Mobile Approaches to Reducing Weight (SMART) 2.0: protocol of a randomized controlled trial among young adults in university settings.
N6Z88UT5,unlabelled,cross_set_duplicate,corpus,"same paper as Human Labelled Set B6VJ22FA, which already carries a human label",matched on DOI,rule,,results/review/02_removed_us_duplicates.csv,Hope and illness expectations: A cross-sectional study in patients with advanced cancer.
CLP2FY5Z,unlabelled,cross_set_duplicate,corpus,"same paper as Human Labelled Set HA9IHJB6, which already carries a human label","matched on DOI, PDF bytes identical",rule,,results/review/02_removed_us_duplicates.csv,Associations of Caregiver-Oncologist Discordance in Prognostic Understanding With Caregiver-Reported Therapeutic Alliance and Anxiety.
33MGPB3E,unlabelled,cross_set_duplicate,corpus,"same paper as Human Labelled Set 7BJRB6LP, which already carries a human label",matched on DOI,rule,,results/review/02_removed_us_duplicates.csv,"Beliefs About Advanced Cancer Curability in Older Patients, Their Caregivers, and Oncologists."
UN3SHL78,unlabelled,cross_set_duplicate,corpus,"same paper as Human Labelled Set ALFCPWRB, which already carries a human label",matched on DOI,rule,,results/review/02_removed_us_duplicates.csv,"Caregiver-Oncologist Prognostic Concordance, Caregiver Mastery, and Caregiver Psychological Health and Quality of Life."
DCJKXL89,unlabelled,cross_set_duplicate,corpus,"same paper as Human Labelled Set HI3CPFP8, which already carries a human label","matched on DOI, PDF bytes identical",rule,,results/review/02_removed_us_duplicates.csv,Relationships of self-perceived age with geriatric assessment domains in older adults with cancer.
Z6QQIWFY,unlabelled,cross_set_duplicate,corpus,"same paper as Human Labelled Set 69KLSK53, which already carries a human label","matched on DOI, PDF bytes identical",rule,,results/review/02_removed_us_duplicates.csv,Communication About Fall Risk in Community Oncology Practice: The Role of Geriatric Assessment.
IG5YG7VB,unlabelled,cross_set_duplicate,corpus,"same paper as Human Labelled Set FGGJHPQ8, which already carries a human label",matched on DOI,rule,,results/review/02_removed_us_duplicates.csv,Effects of a Geriatric Assessment Intervention on Patient-Reported Symptomatic Toxicity in Older Adults With Advanced Cancer.
2EAWBLSK,unlabelled,cross_set_duplicate,corpus,"same paper as Human Labelled Set Y65DB7TT, which already carries a human label","matched on DOI, PDF bytes identical",rule,,results/review/02_removed_us_duplicates.csv,Primary Palliative Care Improves Uptake of Advance Care Planning Among Patients With Advanced Cancers.
TSYDUWJK,unlabelled,cross_set_duplicate,corpus,"same paper as Human Labelled Set NFIAY6NV, which already carries a human label",matched on DOI,rule,,results/review/02_removed_us_duplicates.csv,Effects by educational attainment of a mammography screening patient decision aid for women aged 75 years and older.
7FSI3RN9,unlabelled,cross_set_duplicate,corpus,"same paper as Human Labelled Set E5W8I8AR, which already carries a human label",matched on DOI,rule,,results/review/02_removed_us_duplicates.csv,Can a private sector engagement intervention that prioritizes pro-poor strategies improve healthcare access and quality? A randomized field experiment in Kenya.
9RLPXJX2,unlabelled,cross_set_duplicate,corpus,"same paper as Human Labelled Set MCKQDWYQ, which already carries a human label",matched on DOI,rule,,results/review/02_removed_us_duplicates.csv,Racial Differences in Pain Management for Patients Receiving Hospice Care.
7AKBUICC,unlabelled,cross_set_duplicate,corpus,"same paper as Human Labelled Set GJGVIKMM, which already carries a human label",matched on DOI,rule,,results/review/02_removed_us_duplicates.csv,Intervening on fear after acute cardiac events: Rationale and design of the INFORM randomized clinical trial.
Q9B3JIJ2,unlabelled,cross_set_duplicate,corpus,"same paper as Human Labelled Set ZC3442HS, which already carries a human label","matched on DOI, PDF bytes identical",rule,,results/review/02_removed_us_duplicates.csv,"TransPrEP: Results from the Pilot Study of a Social Network-Based Intervention to Support PrEP Adherence Among Transgender Women in Lima, Peru."
5WZNN3F5,unlabelled,cross_set_duplicate,corpus,"same paper as Human Labelled Set 32LERLVS, which already carries a human label","matched on DOI, PDF bytes identical",rule,,results/review/02_removed_us_duplicates.csv,"Performance of family planning clinics in conducting recommended HIV counseling and testing in Mombasa County, Kenya: a cross-sectional study."
E2RXAAPX,unlabelled,cross_set_duplicate,corpus,"same paper as Human Labelled Set CVNVFN8Y, which already carries a human label","matched on DOI, PDF bytes identical",rule,,results/review/02_removed_us_duplicates.csv,Results of a cluster randomized trial testing the systems analysis and improvement approach to increase HIV testing in family planning clinics.
MVQ6WUBN,unlabelled,cross_set_duplicate,corpus,"same paper as Human Labelled Set 7EFQI5V4, which already carries a human label","matched on DOI, PDF bytes identical",rule,,results/review/02_removed_us_duplicates.csv,Qualitative evaluation of the Systems Analysis and Improvement Approach as a strategy to increase HIV testing in family planning clinics using the  Consolidated Framework for Implementation Research and the Implementation  Outcomes Framework.
XCEW696W,unlabelled,cross_set_duplicate,corpus,"same paper as Human Labelled Set TGIBPA3M, which already carries a human label",matched on DOI,rule,,results/review/02_removed_us_duplicates.csv,A stochastic second-order generalized estimating equations approach for estimating association parameters.
GI25UXDR,unlabelled,cross_set_duplicate,corpus,"same paper as Human Labelled Set IXGWRWKV, which already carries a human label","matched on DOI, PDF bytes identical",rule,,results/review/02_removed_us_duplicates.csv,"Assessing the sustainability of the Systems Analysis and Improvement Approach to increase HIV testing in family planning clinics in Mombasa, Kenya: results of a  cluster randomized trial."
EHWZJTW2,unlabelled,cross_set_duplicate,corpus,"same paper as Human Labelled Set KSSYVX7X, which already carries a human label",matched on DOI,rule,,results/review/02_removed_us_duplicates.csv,A community-based dynamic choice model for HIV prevention improves PrEP and PEP coverage in rural Uganda and Kenya: a cluster randomized trial.
7I5NGZXB,unlabelled,cross_set_duplicate,corpus,"same paper as Human Labelled Set 26LDPI8G, which already carries a human label","matched on DOI, PDF bytes identical",rule,,results/review/02_removed_us_duplicates.csv,"Results of a cluster randomized trial testing the Systems Analysis and Improvement Approach to increase cervical cancer screening in family planning  clinics in Mombasa County, Kenya."
IW36FQM9,unlabelled,cross_set_duplicate,corpus,"same paper as Human Labelled Set GK558E5R, which already carries a human label","matched on DOI, PDF bytes identical",rule,,results/review/02_removed_us_duplicates.csv,Influence of hydrometeorological risk factors on child diarrhea and enteropathogens in rural Bangladesh.
WWX4J35N,unlabelled,cross_set_duplicate,corpus,"same paper as Human Labelled Set 25SMNHQG, which already carries a human label","matched on DOI, PDF bytes identical",rule,,results/review/02_removed_us_duplicates.csv,Self-reported cardiovascular disease risk factor screening among people living with HIV vs. members of the general population in Botswana: a community-based  study.
BNN69THV,unlabelled,cross_set_duplicate,corpus,"same paper as Human Labelled Set DCYTWR4N, which already carries a human label","matched on DOI, PDF bytes identical",rule,,results/review/02_removed_us_duplicates.csv,Impact of Clinical Decision Support on Antibiotic Prescribing for Acute Respiratory Infections: a Cluster Randomized Implementation Trial.
N96FALII,unlabelled,cross_set_duplicate,corpus,"same paper as Human Labelled Set IR9N2LY8, which already carries a human label","matched on DOI, PDF bytes identical",rule,,results/review/02_removed_us_duplicates.csv,"A cluster-randomized trial of water, sanitation, handwashing and nutritional interventions on stress and epigenetic programming."
NAA22RTH,unlabelled,cross_set_duplicate,corpus,"same paper as Human Labelled Set WUNIU4CC, which already carries a human label",matched on DOI,rule,,results/review/02_removed_us_duplicates.csv,Household- Versus Incentive-Based Contact Investigation for Tuberculosis in Rural South Africa: A Cluster-Randomized Trial.
3C5XA7IA,unlabelled,cross_set_duplicate,corpus,"same paper as Human Labelled Set 4QHFZPVG, which already carries a human label","matched on DOI, PDF bytes identical",rule,,results/review/02_removed_us_duplicates.csv,Systems analysis and improvement approach to optimize the hypertension diagnosis and care cascade for PLHIV individuals (SAIA-HTN): a hybrid type III cluster  randomized trial.
X83J4YUG,unlabelled,cross_set_duplicate,corpus,"same paper as Human Labelled Set 9SZ8F7SB, which already carries a human label",matched on DOI,rule,,results/review/02_removed_us_duplicates.csv,Conditional Cash Transfers to Incentivize Tuberculosis Screening: Description of a Novel Strategy for Contact Investigation in Rural South Africa.
3ZC4NVNY,unlabelled,cross_set_duplicate,corpus,"same paper as Human Labelled Set ZDP4YJ9U, which already carries a human label","matched on DOI, PDF bytes identical",rule,,results/review/02_removed_us_duplicates.csv,WASH interventions and child diarrhea at the interface of climate and socioeconomic position in Bangladesh.
ZIKITPY8,unlabelled,cross_set_duplicate,corpus,"same paper as Human Labelled Set 7KTF6M73, which already carries a human label",matched on DOI,rule,,results/review/02_removed_us_duplicates.csv,Implementation of Multifaceted Patient-Centered Treatment Strategies for Intensive Blood Pressure Control (IMPACTS): Rationale and design of a  cluster-randomized trial.
VYU7HU26,unlabelled,cross_set_duplicate,corpus,"same paper as Human Labelled Set LSLZLVAS, which already carries a human label","matched on DOI, PDF bytes identical",rule,,results/review/02_removed_us_duplicates.csv,Examining the relationship between household air pollution and infant microbial nasal carriage in a Ghanaian cohort.
UJ9UUMG8,unlabelled,cross_set_duplicate,corpus,"same paper as Human Labelled Set 4B9BMDV7, which already carries a human label",matched on DOI,rule,,results/review/02_removed_us_duplicates.csv,Effectiveness of a Digital Cognitive Behavior Therapy-Guided Self-Help Intervention for Eating Disorders in College Women: A Cluster Randomized Clinical  Trial.
YZ2ZXEQJ,unlabelled,cross_set_duplicate,corpus,"same paper as Human Labelled Set 74ARW7SL, which already carries a human label","matched on DOI, PDF bytes identical",rule,,results/review/02_removed_us_duplicates.csv,Methods in the design and implementation of the Randomized Evaluation of Sedation Titration for Respiratory Failure (RESTORE) clinical trial.
4RZVCI4Z,unlabelled,cross_set_duplicate,corpus,"same paper as Human Labelled Set 54ZXRGZ7, which already carries a human label","matched on DOI, PDF bytes identical",rule,,results/review/02_removed_us_duplicates.csv,Priorities Wizard: Multisite Web-Based Primary Care Clinical Decision Support Improved Chronic Care Outcomes with High Use Rates and High Clinician  Satisfaction Rates.
2YQ564QT,unlabelled,cross_set_duplicate,corpus,"same paper as Human Labelled Set DGEX5HE7, which already carries a human label",matched on DOI,rule,,results/review/02_removed_us_duplicates.csv,Impact of Vaping Prevention Advertisements on US Adolescents: A Randomized Clinical Trial.
XATUXZC5,unlabelled,cross_set_duplicate,corpus,"same paper as Human Labelled Set ZBPWT8RC, which already carries a human label",matched on DOI,rule,,results/review/02_removed_us_duplicates.csv,The Temporal Association of the COVID-19 Pandemic and Pediatric Cardiopulmonary Resuscitation Quality and Outcomes.
X7J9NG8M,unlabelled,cross_set_duplicate,corpus,"same paper as Human Labelled Set WJWMFQRJ, which already carries a human label","matched on DOI, PDF bytes identical",rule,,results/review/02_removed_us_duplicates.csv,Networks for prevention in 19 communities at the start of a large-scale community-based obesity prevention initiative.
CAYHBC44,unlabelled,cross_set_duplicate,corpus,"same paper as Human Labelled Set YNAD85P3, which already carries a human label","matched on DOI, PDF bytes identical",rule,,results/review/02_removed_us_duplicates.csv,Use of a Geographic Information System to create treatment groups for group-randomized community trials: The Minnesota Heart Health Program.
BVLEIZ2H,unlabelled,cross_set_duplicate,corpus,"same paper as Human Labelled Set URUAWZAY, which already carries a human label",matched on DOI,rule,,results/review/02_removed_us_duplicates.csv,Survival With Favorable Neurologic Outcome and Quality of Cardiopulmonary Resuscitation Following In-Hospital Cardiac Arrest in Children With Cardiac  Disease Compared With Noncardiac Disease.
QXN2CHIB,unlabelled,cross_set_duplicate,corpus,"same paper as Human Labelled Set E8BGTQDI, which already carries a human label","matched on DOI, PDF bytes identical",rule,,results/review/02_removed_us_duplicates.csv,"Design and rationale of the ""Sedation strategy and cognitive outcome after critical illness in early childhood"" study."
SSNM9DRD,unlabelled,cross_set_duplicate,corpus,"same paper as Human Labelled Set ZVIZFQCJ, which already carries a human label",matched on DOI,rule,,results/review/02_removed_us_duplicates.csv,Association of CPR simulation program characteristics with simulated and actual performance during paediatric in-hospital cardiac arrest.
I9DQXR3E,unlabelled,cross_set_duplicate,corpus,"same paper as Human Labelled Set 5KIH2CZ8, which already carries a human label","matched on DOI, PDF bytes identical",rule,,results/review/02_removed_us_duplicates.csv,Improving the implementation and sustainment of evidence-based practices in community mental health organizations: a study protocol for a matched-pair  cluster randomized pilot study of the Collaborative Organizational Approach to  Selecting and Tailoring Implementation Strategies (COAST-IS).
Y4PS4QIT,unlabelled,cross_set_duplicate,corpus,"same paper as Human Labelled Set PWWEDNNK, which already carries a human label","matched on DOI, PDF bytes identical",rule,,results/review/02_removed_us_duplicates.csv,"Assessing barriers to providing tobacco use disorder treatment in community mental health settings with a revised version of the Smoking Knowledge,  Attitudes, and Practices (S-KAP) instrument."
FCNX4CVT,unlabelled,cross_set_duplicate,corpus,"same paper as Human Labelled Set IWSKLNSK, which already carries a human label",matched on DOI,rule,,results/review/02_removed_us_duplicates.csv,A randomized clinical trial testing two implementation strategies to promote the treatment of tobacco dependence in community mental healthcare.
QWHPR7PA,unlabelled,cross_set_duplicate,corpus,"same paper as Human Labelled Set 2LUUC2WH, which already carries a human label","matched on DOI, PDF bytes identical",rule,,results/review/02_removed_us_duplicates.csv,The impact of a brief cessation induction intervention for waterpipe tobacco smoking: A pilot randomized clinical trial.
J6N8MZHS,unlabelled,cross_set_duplicate,corpus,"same paper as Human Labelled Set F4KF42R4, which already carries a human label",matched on DOI,rule,,results/review/02_removed_us_duplicates.csv,Cluster Randomized Pragmatic Clinical Trial Testing Behavioral Economic Implementation Strategies to Improve Tobacco Treatment for Patients With Cancer  Who Smoke.
S7RT34HI,unlabelled,cross_set_duplicate,corpus,"same paper as Human Labelled Set WKMKUPTU, which already carries a human label","matched on DOI, PDF bytes identical",rule,,results/review/02_removed_us_duplicates.csv,A Cluster-Randomized Clinical Trial Testing the Effectiveness of the Addressing Tobacco Through Organizational Change Model for Improving the Treatment of  Tobacco Use in Community Mental Health Care: Preliminary Study Feasibility and  Baseline Findings.
DAWAUG53,unlabelled,cross_set_duplicate,corpus,"same paper as Human Labelled Set WTLH8PPX, which already carries a human label","matched on DOI, PDF bytes identical",rule,,results/review/02_removed_us_duplicates.csv,Implementation of a cluster randomized controlled trial: Identifying student peer leaders to lead E-cigarette interventions.
VQU2MLJH,unlabelled,cross_set_duplicate,corpus,"same paper as Human Labelled Set DKMFB69S, which already carries a human label","matched on DOI, PDF bytes identical",rule,,results/review/02_removed_us_duplicates.csv,Cluster randomized controlled trial of a mobile market intervention to increase fruit and vegetable intake among adults in lower-income communities in North  Carolina.
KCFTBNXD,unlabelled,cross_set_duplicate,corpus,"same paper as Human Labelled Set P3KQJM4H, which already carries a human label","matched on DOI, PDF bytes identical",rule,,results/review/02_removed_us_duplicates.csv,Ambiguity in Statistical Analysis Methods and Nonconformity With Prespecified Commitment to Data Sharing in a Cluster Randomized Controlled Trial.
3LF3TY9W,unlabelled,cross_set_duplicate,corpus,"same paper as Human Labelled Set D24FD6G2, which already carries a human label",matched on DOI,rule,,results/review/02_removed_us_duplicates.csv,"Automated symptom and treatment side effect monitoring for improved quality of life among adults with diabetic peripheral neuropathy in primary care: a  pragmatic, cluster, randomized, controlled trial."
XL7X4Q6K,unlabelled,cross_set_duplicate,corpus,"same paper as Human Labelled Set TUYKW32A, which already carries a human label",matched on DOI,rule,,results/review/02_removed_us_duplicates.csv,Moderators and mediators of a digital cognitive behavior therapy-guided self-help intervention for eating disorders: Informing future design efforts.
K3SDIB4E,unlabelled,cross_set_duplicate,corpus,"same paper as Human Labelled Set WZJBF75Y, which already carries a human label","matched on DOI, PDF bytes identical",rule,,results/review/02_removed_us_duplicates.csv,"Implementation fidelity, attitudes, and influence: a novel approach to classifying implementer behavior."
CZXHZ5F2,unlabelled,cross_set_duplicate,corpus,"same paper as Human Labelled Set HFCRYZ8E, which already carries a human label",matched on DOI,rule,,results/review/02_removed_us_duplicates.csv,Maintenance of Training Effects of Two Models for Implementing Evidence-Based Psychological Treatment.
4D7EX7WA,unlabelled,cross_set_duplicate,corpus,"same paper as Human Labelled Set 4RJRGIRQ, which already carries a human label",matched on DOI,rule,,results/review/02_removed_us_duplicates.csv,Social support and breast cancer screening in rural Appalachia.
XGJ6Z38W,unlabelled,cross_set_duplicate,corpus,"same paper as Human Labelled Set VKY7UK64, which already carries a human label",matched on DOI,rule,,results/review/02_removed_us_duplicates.csv,A practical decision tree to support editorial adjudication of submitted parallel cluster randomized controlled trials.
2QVEH4DA,unlabelled,cross_set_duplicate,corpus,"same paper as Human Labelled Set CMD8N46A, which already carries a human label","matched on DOI, PDF bytes identical",rule,,results/review/02_removed_us_duplicates.csv,"Developing an evidence-based program sustainability training curriculum: a group randomized, multi-phase approach."
IA8B39HJ,unlabelled,cross_set_duplicate,corpus,"same paper as Human Labelled Set SFJI363E, which already carries a human label",matched on DOI,rule,,results/review/02_removed_us_duplicates.csv,The impact of avocado intake on anthropometric measures among Hispanic/Latino children and adolescents: A cluster randomized controlled trial.
4842MXRJ,unlabelled,cross_set_duplicate,corpus,"same paper as Human Labelled Set BDSYFVYJ, which already carries a human label","matched on DOI, PDF bytes identical",rule,,results/review/02_removed_us_duplicates.csv,Nutritional Quality of Meals and Snacks Served and Consumed in Family Child Care.
TEFXU38J,unlabelled,cross_set_duplicate,corpus,"same paper as Human Labelled Set UPVYYFVQ, which already carries a human label","matched on DOI, PDF bytes identical",rule,,results/review/02_removed_us_duplicates.csv,Effects of Different Allotments of Avocados on the Nutritional Status of Families: A Cluster Randomized Controlled Trial.
EMLAU9R2,unlabelled,cross_set_duplicate,corpus,"same paper as Human Labelled Set 4TRC3UDD, which already carries a human label","matched on DOI, PDF bytes identical",rule,,results/review/02_removed_us_duplicates.csv,Improving diabetic patients' adherence to treatment and prevention of cardiovascular disease (Office Guidelines Applied to Practice-IMPACT Study)-a  cluster randomized controlled effectiveness trial.
ZBADI59C,unlabelled,cross_set_duplicate,corpus,"same paper as Human Labelled Set NT3UR2AB, which already carries a human label","matched on DOI, PDF bytes identical",rule,,results/review/02_removed_us_duplicates.csv,The Impact of a Healthy Weight Intervention Embedded in a Home-Visiting Program on Children's Weight and Mothers' Feeding Practices.
SCUD3NQX,unlabelled,cross_set_duplicate,corpus,"same paper as Human Labelled Set LNWR884A, which already carries a human label","matched on DOI, PDF bytes identical",rule,,results/review/02_removed_us_duplicates.csv,Action planning for building public health program sustainability: results from a group-randomized trial.
96PZQHL7,unlabelled,cross_set_duplicate,corpus,"same paper as Human Labelled Set 4HG9V6HL, which already carries a human label","matched on DOI, PDF bytes identical",rule,,results/review/02_removed_us_duplicates.csv,Psychological and behavioral pathways between perceived stress and weight change in a behavioral weight loss intervention.
5266YCKT,unlabelled,cross_set_duplicate,corpus,"same paper as Human Labelled Set 9HBYKQR8, which already carries a human label",matched on DOI,rule,,results/review/02_removed_us_duplicates.csv,Long-term Outcomes of the Effects of Home Blood Pressure Telemonitoring and Pharmacist Management on Blood Pressure Among Adults With Uncontrolled  Hypertension: Follow-up of a Cluster Randomized Clinical Trial.
3H3GT54W,unlabelled,cross_set_duplicate,corpus,"same paper as Human Labelled Set GVQJHIGK, which already carries a human label","matched on DOI, PDF bytes identical",rule,,results/review/02_removed_us_duplicates.csv,Efficacy of an Enhanced Implementation Strategy to Increase Parent Engagement with a Health Promotion Program in Childcare.
HNTHNNPQ,unlabelled,cross_set_duplicate,corpus,"same paper as Human Labelled Set YCFJFHMC, which already carries a human label",matched on DOI,rule,,results/review/02_removed_us_duplicates.csv,Contributions of Early Care and Education Programs to Diet Quality in Children Aged 3 to 4 Years in Central North Carolina.
8QE3UFRY,unlabelled,cross_set_duplicate,corpus,"same paper as Human Labelled Set KDH4XJIC, which already carries a human label","matched on DOI, PDF bytes identical",rule,,results/review/02_removed_us_duplicates.csv,"Financial incentives versus standard of care to improve patient compliance with live kidney donor follow-up: protocol for a multi-center, parallel-group  randomized controlled trial."
5VYK75CC,unlabelled,cross_set_duplicate,corpus,"same paper as Human Labelled Set 3MBN8DIA, which already carries a human label",matched on DOI,rule,,results/review/02_removed_us_duplicates.csv,"Individually randomized trial mislabeled as a cluster-randomized trial. Comment on: ""Effectiveness of wearable technology to optimize youth soccer players'  off-training behaviour and training responses: a cluster-randomized trial""."
CLBTRHLY,unlabelled,cross_set_duplicate,corpus,"same paper as Human Labelled Set A9KIMSNR, which already carries a human label",matched on DOI,rule,,results/review/02_removed_us_duplicates.csv,Feasibility and Acceptability of a Type 2 Diabetes Prevention Intervention for Mothers and Children at a Federally Qualified Healthcare Center.
FUFP3JNL,unlabelled,cross_set_duplicate,corpus,"same paper as Human Labelled Set L2VHUDMD, which already carries a human label",matched on DOI,rule,,results/review/02_removed_us_duplicates.csv,Visit Planning Using a Waiting Room Health IT Tool: The Aligning Patients and Providers Randomized Controlled Trial.
7D4LSQQL,unlabelled,cross_set_duplicate,corpus,"same paper as Human Labelled Set WPF7MUCV, which already carries a human label",matched on DOI,rule,,results/review/02_removed_us_duplicates.csv,Incorrect Analyses of Cluster-Randomized Trials that Do Not Take Clustering and Nesting into Account Likely Lead to p-Values that Are Too Small.
ZS9HPC7S,unlabelled,cross_set_duplicate,corpus,"same paper as Human Labelled Set 3B8K39D8, which already carries a human label",matched on DOI,rule,,results/review/02_removed_us_duplicates.csv,Effect of Clinical Decision Support at Community Health Centers on the Risk of Cardiovascular Disease: A Cluster Randomized Clinical Trial.
LGP8N6G6,unlabelled,cross_set_duplicate,corpus,"same paper as Human Labelled Set WCA66X4I, which already carries a human label","matched on DOI, PDF bytes identical",rule,,results/review/02_removed_us_duplicates.csv,Design and rationale of an intervention to improve cancer prevention using clinical decision support and shared decision making: A clinic-randomized trial.
3KRFH8XE,unlabelled,cross_set_duplicate,corpus,"same paper as Human Labelled Set FEHWGZSQ, which already carries a human label","matched on DOI, PDF bytes identical",rule,,results/review/02_removed_us_duplicates.csv,"Evaluation of an adapted version of the Diabetes Prevention Program for low- and middle-income countries: A cluster randomized trial to evaluate ""Lifestyle  Africa"" in South Africa."
AL4NSSUI,unlabelled,cross_set_duplicate,corpus,"same paper as Human Labelled Set UD8UUMUN, which already carries a human label",matched on DOI,rule,,results/review/02_removed_us_duplicates.csv,Does Clinical Decision Support Increase Appropriate Medication Prescribing for Cardiovascular Risk Reduction?
2K6MPX29,unlabelled,cross_set_duplicate,corpus,"same paper as Human Labelled Set 3SUSMNR7, which already carries a human label",matched on DOI,rule,,results/review/02_removed_us_duplicates.csv,"Prenatal Household Air Pollution Is Associated with Impaired Infant Lung Function with Sex-Specific Effects. Evidence from GRAPHS, a Cluster Randomized Cookstove  Intervention Trial."
T5IM4AH3,unlabelled,cross_set_duplicate,corpus,"same paper as Human Labelled Set 7M6ST2JQ, which already carries a human label",matched on DOI,rule,,results/review/02_removed_us_duplicates.csv,Effect of the School-Based Asthma Care for Teens (SB-ACT) program on asthma morbidity: a 3-arm randomized controlled trial.
LHEJ2FX5,unlabelled,cross_set_duplicate,corpus,"same paper as Human Labelled Set IASMJG49, which already carries a human label","matched on DOI, PDF bytes identical",rule,,results/review/02_removed_us_duplicates.csv,Adapting and implementing breast cancer follow-up in primary care: protocol for a mixed methods hybrid type 1 effectiveness-implementation cluster randomized  study.
638GS4WW,unlabelled,cross_set_duplicate,corpus,"same paper as Human Labelled Set 99MJ924A, which already carries a human label",matched on DOI,rule,,results/review/02_removed_us_duplicates.csv,"Prognostic accuracy of patients, caregivers, and oncologists in advanced cancer."
ML28EFGN,unlabelled,cross_set_duplicate,corpus,"same paper as Human Labelled Set 2RDD8DGI, which already carries a human label",matched on DOI,rule,,results/review/02_removed_us_duplicates.csv,Efficacy of Mobile Phone-Delivered Smoking Cessation Interventions for Socioeconomically Disadvantaged Individuals: A Randomized Clinical Trial.
9KXCEXY4,unlabelled,cross_set_duplicate,corpus,"same paper as Human Labelled Set 8R8U6VMX, which already carries a human label",matched on DOI,rule,,results/review/02_removed_us_duplicates.csv,Cluster Randomized Trial for Hypertension Control: Effect on Lifestyles and Body Weight.
HPMCVUYQ,unlabelled,cross_set_duplicate,corpus,"same paper as Human Labelled Set FZB8IQSZ, which already carries a human label",matched on DOI,rule,,results/review/02_removed_us_duplicates.csv,Cost-Effectiveness of a Comprehensive Approach for Hypertension Control in Low-Income Settings in Argentina: Trial-Based Analysis of the Hypertension  Control Program in Argentina.
4IHUVZLN,unlabelled,cross_set_duplicate,corpus,"same paper as Human Labelled Set 6QNQDH2P, which already carries a human label",matched on DOI,rule,,results/review/02_removed_us_duplicates.csv,Early Emotion Knowledge and Later Academic Achievement Among Children of Color in Historically Disinvested Neighborhoods.
5NR7NMK7,unlabelled,cross_set_duplicate,corpus,"same paper as Human Labelled Set ILWWS7LD, which already carries a human label","matched on DOI, PDF bytes identical",rule,,results/review/02_removed_us_duplicates.csv,The Transdiagnostic Intervention for Sleep and Circadian Dysfunction (TranS-C) for serious mental illness in community mental health part 3: study protocol to  evaluate sustainment in a hybrid type 2 effectiveness-implementation  cluster-randomized trial.
XLJ8EEGM,unlabelled,cross_set_duplicate,corpus,"same paper as Human Labelled Set C9P63S2B, which already carries a human label","matched on DOI, PDF bytes identical",rule,,results/review/02_removed_us_duplicates.csv,Team-focused implementation strategies to improve implementation of mental health screening and referral in rural Children's Advocacy Centers: study protocol for a  pilot cluster randomized hybrid type 2 trial.
CDNDDFVP,unlabelled,cross_set_duplicate,corpus,"same paper as Human Labelled Set B9YG8GYQ, which already carries a human label","matched on DOI, PDF bytes identical",rule,,results/review/02_removed_us_duplicates.csv,Sustainability via Active Garden Education: The Sustainability Action Plan Model and Process.
LNHMBK89,unlabelled,cross_set_duplicate,corpus,"same paper as Human Labelled Set 677HVIFJ, which already carries a human label",matched on DOI,rule,,results/review/02_removed_us_duplicates.csv,Decision aids for localized prostate cancer in diverse minority men: Primary outcome results from a multicenter cancer care delivery trial (Alliance  A191402CD).
2SH9H8T4,unlabelled,cross_set_duplicate,corpus,"same paper as Human Labelled Set K8TKE6RJ, which already carries a human label","matched on DOI, PDF bytes identical",rule,,results/review/02_removed_us_duplicates.csv,"Longitudinal Changes in Allostatic Load during a Randomized Church-based, Lifestyle Intervention in African American Women."
ABTDMI8L,unlabelled,cross_set_duplicate,corpus,"same paper as Human Labelled Set ASUUZY3Z, which already carries a human label","matched on DOI, PDF bytes identical",rule,,results/review/02_removed_us_duplicates.csv,"HPV vaccine uptake among daughters of Latinx immigrant mothers: Findings from a cluster randomized controlled trial of a community-based, culturally relevant  intervention."
2RSZ96NM,unlabelled,cross_set_duplicate,corpus,"same paper as Human Labelled Set CN8B23MZ, which already carries a human label",matched on DOI,rule,,results/review/02_removed_us_duplicates.csv,Effects of a Faith-Based Obesity Intervention on African American and Latino Adults' Children.
C69ZCY8Y,unlabelled,cross_set_duplicate,corpus,"same paper as Human Labelled Set FCXQJYSP, which already carries a human label",matched on DOI,rule,,results/review/02_removed_us_duplicates.csv,Lessons learned from conducting the first cancer care delivery trial in the Alliance for Clinical Trials in Oncology (Alliance A191402CD).
I7LYX39I,unlabelled,cross_set_duplicate,corpus,"same paper as Human Labelled Set EH85EJ36, which already carries a human label","matched on DOI, PDF bytes identical",rule,,results/review/02_removed_us_duplicates.csv,Reducing metabolic syndrome through a community-based lifestyle intervention in African American women.
ENWUMAJ6,unlabelled,cross_set_duplicate,corpus,"same paper as Human Labelled Set Y9EY4XQ8, which already carries a human label",matched on DOI,rule,,results/review/02_removed_us_duplicates.csv,"Reducing ethnic and racial disparities by improving undertreatment, control, and engagement in blood pressure management with health information technology  (REDUCE-BP) hybrid effectiveness-implementation pragmatic trial: Rationale and  design."
4NCCEB97,unlabelled,cross_set_duplicate,corpus,"same paper as Human Labelled Set RKXS5GKB, which already carries a human label","matched on DOI, PDF bytes identical",rule,,results/review/02_removed_us_duplicates.csv,Social Determinants of Health as Potential Influencers of a Collaborative Care Intervention for Patients with Hypertension.
PIQT5A3I,unlabelled,cross_set_duplicate,corpus,"same paper as Human Labelled Set TEXLFQSL, which already carries a human label",matched on DOI,rule,,results/review/02_removed_us_duplicates.csv,Mobile Application-Based Communication Facilitation Platform for Family Members of Critically Ill Patients: A Randomized Clinical Trial.
JSTTSB8E,unlabelled,cross_set_duplicate,corpus,"same paper as Human Labelled Set DFJE8ALD, which already carries a human label","matched on DOI, PDF bytes identical",rule,,results/review/02_removed_us_duplicates.csv,Two-year outcomes of Faith in Action/Fe en Acción: a randomized controlled trial of physical activity promotion in Latinas.
CEC5MDFZ,unlabelled,cross_set_duplicate,corpus,"same paper as Human Labelled Set J4BU3EEE, which already carries a human label",matched on DOI,rule,,results/review/02_removed_us_duplicates.csv,Leisure-Time Physical Activity and Characteristics of Social Network Support for Exercise Among Latinas.
D8CQJP9V,human_labelled,validation_internal_duplicate,corpus,"same paper as HPIL7WVW, fetched from both the NCI and NHLBI Zotero groups; merged into one row","matched on doi/pmid, different PDF bytes",rule,2026-08-14T16:03:21+00:00,results/review/06_merged_hls_duplicates.csv,Effect of an Oncology Nurse-Led Primary Palliative Care Intervention on Patients With Advanced Cancer: The CONNECT Cluster Randomized Clinical Trial
UAZFWMQ5,human_labelled,validation_internal_duplicate,corpus,"same paper as VKY7UK64, fetched from both the NCI and NHLBI Zotero groups; merged into one row","matched on doi/pmid, different PDF bytes",rule,2026-08-14T16:03:21+00:00,results/review/06_merged_hls_duplicates.csv,A practical decision tree to support editorial adjudication of submitted parallel cluster randomized controlled trials
QQ3EW96Q,human_labelled,validation_internal_duplicate,corpus,"same paper as HLQA5RI6, fetched from both the NCI and NHLBI Zotero groups; merged into one row","matched on doi/pmid, PDF bytes identical",rule,2026-08-14T16:03:21+00:00,results/review/06_merged_hls_duplicates.csv,Teaching Medical Students to Help Patients Manage Their Weight: Outcomes of an Eight-School Randomized Controlled Trial
6EI22ZER,human_labelled,validation_internal_duplicate,corpus,"same paper as DPPC94XT, fetched from both the NCI and NHLBI Zotero groups; merged into one row","matched on doi/pmid, different PDF bytes",rule,2026-08-14T16:03:21+00:00,results/review/06_merged_hls_duplicates.csv,"Testing the effectiveness of community-engaged citizen science to promote physical activity, foster healthier neighborhood environments, and advance health equity in vulnerable communities: The Steps for Change randomized controlled trial design and methods"
FUSDUXRL,human_labelled,validation_internal_duplicate,corpus,"same paper as NCY67FZ9, fetched from both the NCI and NHLBI Zotero groups; merged into one row","matched on doi/pmid, PDF bytes identical",rule,2026-08-14T16:03:21+00:00,results/review/06_merged_hls_duplicates.csv,Changes in Moderate Intensity Physical Activity Are Associated With Better Cognition in the Multilevel Intervention for Physical Activity in Retirement Communities (MIPARC) Study
Y3Z3PR9V,human_labelled,validation_internal_duplicate,corpus,"same paper as XYJLRGVC, fetched from both the NCI and NHLBI Zotero groups; merged into one row","matched on doi/pmid, PDF bytes identical",rule,2026-08-14T16:03:21+00:00,results/review/06_merged_hls_duplicates.csv,"Quality of Communication and Trust in Patients With Serious Illness: An Exploratory Study of the Relationships of Race/Ethnicity, Socioeconomic Status, and Religiosity"
6ZR6F8KG,human_labelled,validation_internal_duplicate,corpus,"same paper as 62TBCTHX, fetched from both the NCI and NHLBI Zotero groups; merged into one row","matched on doi/pmid, different PDF bytes",rule,2026-08-14T16:03:21+00:00,results/review/06_merged_hls_duplicates.csv,Examining Caregiver Outcomes in the CONNECT Intervention for Patients With Advanced Cancer
BMCWCLQH,human_labelled,validation_internal_duplicate,corpus,"same paper as Z7NF2G6Q, fetched from both the NCI and NHLBI Zotero groups; merged into one row","matched on doi/pmid, different PDF bytes",rule,2026-08-14T16:03:21+00:00,results/review/06_merged_hls_duplicates.csv,Objective Measures of Physical Activity in Rural Communities: Factors Associated With a Valid Wear and Lessons Learned
GIHWCXEH,human_labelled,validation_internal_duplicate,corpus,"same paper as B6VJ22FA, fetched from both the NCI and NHLBI Zotero groups; merged into one row","matched on doi/pmid, different PDF bytes",rule,2026-08-14T16:03:21+00:00,results/review/06_merged_hls_duplicates.csv,Hope and illness expectations: A cross-sectional study in patients with advanced cancer
9G7ZMMY3,human_labelled,validation_internal_duplicate,corpus,"same paper as RJD9XX6D, fetched from both the NCI and NHLBI Zotero groups; merged into one row","matched on doi/pmid, PDF bytes identical",rule,2026-08-14T16:03:21+00:00,results/review/06_merged_hls_duplicates.csv,A multilevel approach for promoting physical activity in rural communities: a cluster randomized controlled trial
W5Z7K27W,human_labelled,validation_internal_duplicate,corpus,"same paper as SH5J2R2J, fetched from both the NCI and NHLBI Zotero groups; merged into one row","matched on doi/pmid, PDF bytes identical",rule,2026-08-14T16:03:21+00:00,results/review/06_merged_hls_duplicates.csv,Evaluation of a walking school bus program: a cluster randomized controlled trial
TCF92VSK,human_labelled,validation_internal_duplicate,corpus,"same paper as VGG3KIMT, fetched from both the NCI and NHLBI Zotero groups; merged into one row","matched on doi/pmid, PDF bytes identical",rule,2026-08-14T16:03:21+00:00,results/review/06_merged_hls_duplicates.csv,"Scaling up a brief alcohol intervention to prevent HIV infection in Vietnam: a cluster randomized, implementation trial"
ASTFEXJ3,human_labelled,validation_internal_duplicate,corpus,"same paper as E92KWK4B, fetched from both the NCI and NHLBI Zotero groups; merged into one row","matched on doi/pmid, PDF bytes identical",rule,2026-08-14T16:03:21+00:00,results/review/06_merged_hls_duplicates.csv,Process of Engaging Community and Scientific Partners in the Development of the CIRCL-Chicago Study Protocol
I842F22F,human_labelled,validation_internal_duplicate,corpus,"same paper as BCPZNXV7, fetched from both the NCI and NHLBI Zotero groups; merged into one row","matched on doi/pmid, PDF bytes identical",rule,2026-08-14T16:03:21+00:00,results/review/06_merged_hls_duplicates.csv,"Eating Occasions, Obesity and Related Behaviors in Working Adults: Does it Matter When You Snack?"
JNJYCIH8,human_labelled,validation_internal_duplicate,corpus,"same paper as Y65DB7TT, fetched from both the NCI and NHLBI Zotero groups; merged into one row","matched on doi/pmid, PDF bytes identical",rule,2026-08-14T16:03:21+00:00,results/review/06_merged_hls_duplicates.csv,Primary Palliative Care Improves Uptake of Advance Care Planning Among Patients With Advanced Cancers
A3H3NDHF,unlabelled,correction_notice,corpus,"title announces a correction/erratum/retraction, not a study",flagged as THIN_TEXT; verdict_reason=MANUAL_DROPPED,human,2026-08-13T19:53:11+00:00,results/review/04_papers_reviewed_results.csv,Erratum to: Culturally adaptive storytelling intervention versus didactic intervention to improve hypertension control in Vietnam: a cluster randomized  controlled feasibility trial.
J2RUD3YQ,unlabelled,manual_drop,corpus,"No full text exists: DOI resolves to an Annals of Family Medicine conference-abstract supplement (afm.20.s1.2679), not a full article. Every download attempt returned the same 2-page abstract-only document. Found by results/review/11_text_integrity_flagged.csv (F3_NO_REFERENCES, F4_THIN_PER_PAGE, F5_SHORT_VS_ABSTRACT); confirmed by hand.",flagged as n/a; verdict_reason=MANUAL_DROPPED,human,2026-08-26T17:00:19+00:00,results/review/04_papers_reviewed_results.csv,Integrating behavioral health & primary care for multiple chronic diseases: Clinical trial of a practice redesign toolkit.
NBBD4EVE,unlabelled,correction_notice,corpus,"title announces a correction/erratum/retraction, not a study",flagged as THIN_TEXT; verdict_reason=MANUAL_DROPPED,human,2026-08-13T21:02:39+00:00,results/review/04_papers_reviewed_results.csv,Corrigendum: Analysis of cluster-randomized test-negative designs: cluster-level methods.
AT7F9XWR,unlabelled,correction_notice,corpus,"This is a correction, not a full-text PDF",flagged as CORRECTION_NOTICE; verdict_reason=MANUAL_DROPPED,human,2026-08-13T23:43:59+00:00,results/review/04_papers_reviewed_results.csv,Correction: Assessing COVID-19 testing strategies in K-12 schools in underserved populations: study protocol for a cluster-randomized trial.
JBUFJCLU,human_labelled,correction_notice,corpus,"This is a correction, not a full-text PDF",flagged as CORRECTION_NOTICE; verdict_reason=MANUAL_DROPPED,human,2026-08-13T23:44:35+00:00,results/review/04_papers_reviewed_results.csv,"Correction to: A cluster randomized controlled trial for a multi-level, clinic-based smoking cessation program with women in Appalachian communities: study protocol for the ""Break Free"" program"
PQNBSQLX,human_labelled,nhlbi_unreviewed,corpus,cited in the NHLBI extraction table but never reviewed; the institute's review will not resume for outstanding papers,cited as entry 105 ('Mukhopadhyay et al.') in crt_review_table_112.tex with every field blank,human,2026-08-17T16:56:32+00:00,results/review/09_nhlbi_unreviewed_dropped.csv,Cluster-Randomized Trial Comparing Ambulatory Decision Support Tools to Improve Heart Failure Care
8EIXU8CQ,human_labelled,nhlbi_unreviewed,corpus,cited in the NHLBI extraction table but never reviewed; the institute's review will not resume for outstanding papers,cited as entry 135 ('Seguin-Fowler et al.') in crt_review_table_112.tex with every field blank,human,2026-08-17T16:56:32+00:00,results/review/09_nhlbi_unreviewed_dropped.csv,"Improvements and Maintenance of Clinical and Functional Measures Among Rural Women: Strong Hearts, Healthy Communities-2. 0 Cluster Randomized Trial"
9QH3NF2M,human_labelled,nhlbi_unreviewed,corpus,cited in the NHLBI extraction table but never reviewed; the institute's review will not resume for outstanding papers,cited as entry 136 ('Semitala et al.') in crt_review_table_112.tex with every field blank,human,2026-08-17T16:56:32+00:00,results/review/09_nhlbi_unreviewed_dropped.csv,Comparison of 3 optimized delivery strategies for completion of isoniazid-rifapentine (3HP) for tuberculosis prevention among people living with HIV in Uganda: A single-center randomized trial
YHKIB4RS,human_labelled,nhlbi_unreviewed,corpus,cited in the NHLBI extraction table but never reviewed; the institute's review will not resume for outstanding papers,cited as entry 137 ('Semler et al.') in crt_review_table_112.tex with every field blank,human,2026-08-17T16:56:32+00:00,results/review/09_nhlbi_unreviewed_dropped.csv,Oxygen-Saturation Targets for Critically Ill Adults Receiving Mechanical Ventilation
XW5VH2RS,human_labelled,nhlbi_unreviewed,corpus,cited in the NHLBI extraction table but never reviewed; the institute's review will not resume for outstanding papers,cited as entry 138 ('Shi et al.') in crt_review_table_112.tex with every field blank,human,2026-08-17T16:56:32+00:00,results/review/09_nhlbi_unreviewed_dropped.csv,Solving insomnia electronically: Sleep treatment for asthma (SIESTA): A study protocol for a randomized controlled trial
GZ8L53HZ,human_labelled,nhlbi_unreviewed,corpus,cited in the NHLBI extraction table but never reviewed; the institute's review will not resume for outstanding papers,cited as entry 139 ('Silber et al.') in crt_review_table_112.tex with every field blank,human,2026-08-17T16:56:32+00:00,results/review/09_nhlbi_unreviewed_dropped.csv,Patient Safety Outcomes under Flexible and Standard Resident Duty-Hour Rules
ML5BF6U5,human_labelled,nhlbi_unreviewed,corpus,cited in the NHLBI extraction table but never reviewed; the institute's review will not resume for outstanding papers,cited as entry 140 ('Smith et al.') in crt_review_table_112.tex with every field blank,human,2026-08-17T16:56:32+00:00,results/review/09_nhlbi_unreviewed_dropped.csv,Community intervention to reduce cardiovascular disease in Chicago (CIRCL-Chicago): protocol for a type 3 hybrid effectiveness-implementation study using a parallel cluster-randomized trial design
VUUKHBPX,human_labelled,nhlbi_unreviewed,corpus,cited in the NHLBI extraction table but never reviewed; the institute's review will not resume for outstanding papers,cited as entry 141 ('Sobers et al.') in crt_review_table_112.tex with every field blank,human,2026-08-17T16:56:32+00:00,results/review/09_nhlbi_unreviewed_dropped.csv,Assessing the effectiveness and implementation of a chronic disease self-management programme in faith-based organisations in Barbados: protocol for a cluster randomised parallel trial
67EE29T7,human_labelled,nhlbi_unreviewed,corpus,cited in the NHLBI extraction table but never reviewed; the institute's review will not resume for outstanding papers,cited as entry 142 ('Sperl-Hillen et al.') in crt_review_table_112.tex with every field blank,human,2026-08-17T16:56:32+00:00,results/review/09_nhlbi_unreviewed_dropped.csv,Protocol of a patient randomized clinical trial to improve medication adherence in primary care
HMVQGBWN,human_labelled,nhlbi_unreviewed,corpus,cited in the NHLBI extraction table but never reviewed; the institute's review will not resume for outstanding papers,cited as entry 143 ('Stefan et al.') in crt_review_table_112.tex with every field blank,human,2026-08-17T16:56:32+00:00,results/review/09_nhlbi_unreviewed_dropped.csv,Update to the study protocol for an implementation-effectiveness trial comparing two education strategies for improving the uptake of noninvasive ventilation in patients with severe COPD exacerbation
G78NBYUH,human_labelled,nhlbi_unreviewed,corpus,cited in the NHLBI extraction table but never reviewed; the institute's review will not resume for outstanding papers,cited as entry 144 ('Tabak et al.') in crt_review_table_112.tex with every field blank,human,2026-08-17T16:56:32+00:00,results/review/09_nhlbi_unreviewed_dropped.csv,Disseminating and implementing a lifestyle-based healthy weight program for mothers in a national organization: a study protocol for a cluster randomized trial
Y526PL9L,human_labelled,nhlbi_unreviewed,corpus,cited in the NHLBI extraction table but never reviewed; the institute's review will not resume for outstanding papers,cited as entry 145 ('Takada et al.') in crt_review_table_112.tex with every field blank,human,2026-08-17T16:56:32+00:00,results/review/09_nhlbi_unreviewed_dropped.csv,"Protocol for a Type 3 hybrid effectiveness-implementation cluster randomized trial to evaluate multi-ethnic, multilevel strategies and community engagement to eliminate hypertension disparities in Los Angeles County"
NPK22LGL,human_labelled,nhlbi_unreviewed,corpus,cited in the NHLBI extraction table but never reviewed; the institute's review will not resume for outstanding papers,cited as entry 146 ('Tan et al.') in crt_review_table_112.tex with every field blank,human,2026-08-17T16:56:32+00:00,results/review/09_nhlbi_unreviewed_dropped.csv,The TELEhealth Shared decision-making COaching and navigation in Primary carE (TELESCOPE) intervention: a study protocol for delivering shared decision-making for lung cancer screening by patient navigators
HKJXZKTF,human_labelled,nhlbi_unreviewed,corpus,cited in the NHLBI extraction table but never reviewed; the institute's review will not resume for outstanding papers,cited as entry 148 ('Victor et al.') in crt_review_table_112.tex with every field blank,human,2026-08-17T16:56:32+00:00,results/review/09_nhlbi_unreviewed_dropped.csv,A Cluster-Randomized Trial of Blood-Pressure Reduction in Black Barbershops
RZ7YH2DN,human_labelled,nhlbi_unreviewed,corpus,cited in the NHLBI extraction table but never reviewed; the institute's review will not resume for outstanding papers,cited as entry 149 ('Vinson et al.') in crt_review_table_112.tex with every field blank,human,2026-08-17T16:56:32+00:00,results/review/09_nhlbi_unreviewed_dropped.csv,Decision Support Intervention and Anticoagulation for Emergency Department Atrial Fibrillation: The O'CAFÉ Stepped-Wedge Cluster Randomized Clinical Trial
TVL564PH,human_labelled,nhlbi_unreviewed,corpus,cited in the NHLBI extraction table but never reviewed; the institute's review will not resume for outstanding papers,cited as entry 151 ('Ward et al.') in crt_review_table_112.tex with every field blank,human,2026-08-17T16:56:32+00:00,results/review/09_nhlbi_unreviewed_dropped.csv,Keys to healthy family child care homes: Results from a cluster randomized trial
MQ5HUF7T,human_labelled,nhlbi_unreviewed,corpus,cited in the NHLBI extraction table but never reviewed; the institute's review will not resume for outstanding papers,cited as entry 152 ('Warner et al.') in crt_review_table_112.tex with every field blank,human,2026-08-17T16:56:32+00:00,results/review/09_nhlbi_unreviewed_dropped.csv,Practical Anemia Bundle and Hemoglobin Recovery in Critical Illness: A Randomized Clinical Trial
KQHQ9KMW,human_labelled,nhlbi_unreviewed,corpus,cited in the NHLBI extraction table but never reviewed; the institute's review will not resume for outstanding papers,cited as entry 153 ('Wilfley et al.') in crt_review_table_112.tex with every field blank,human,2026-08-17T16:56:32+00:00,results/review/09_nhlbi_unreviewed_dropped.csv,Training Models for Implementing Evidence-Based Psychological Treatment: A Cluster-Randomized Trial in College Counseling Centers
7UB2532H,human_labelled,nhlbi_unreviewed,corpus,cited in the NHLBI extraction table but never reviewed; the institute's review will not resume for outstanding papers,cited as entry 154 ('Williams et al.') in crt_review_table_112.tex with every field blank,human,2026-08-17T16:56:32+00:00,results/review/09_nhlbi_unreviewed_dropped.csv,Protocol paper: Stepped wedge cluster randomized trial translating the ABCS into optimizing cardiovascular care for people living with HIV
2MCVHA74,human_labelled,nhlbi_unreviewed,corpus,cited in the NHLBI extraction table but never reviewed; the institute's review will not resume for outstanding papers,cited as entry 155 ('Wright et al.') in crt_review_table_112.tex with every field blank,human,2026-08-17T16:56:32+00:00,results/review/09_nhlbi_unreviewed_dropped.csv,"Community mobilisation for adoption of clean cookstoves and clean fuel to reduce household air pollution and blood pressure in Lagos, Nigeria: protocol for a cluster-randomised trial"
IKEB2FHD,human_labelled,nhlbi_unreviewed,corpus,cited in the NHLBI extraction table but never reviewed; the institute's review will not resume for outstanding papers,cited as entry 156 ('Wright et al.') in crt_review_table_112.tex with every field blank,human,2026-08-17T16:56:32+00:00,results/review/09_nhlbi_unreviewed_dropped.csv,Reducing paediatric overweight and obesity through motivational interviewing: study protocol for a randomised controlled trial in the AAP PROS research network
TZF282NC,human_labelled,nhlbi_unreviewed,corpus,cited in the NHLBI extraction table but never reviewed; the institute's review will not resume for outstanding papers,cited as entry 157 ('Yawn et al.') in crt_review_table_112.tex with every field blank,human,2026-08-17T16:56:32+00:00,results/review/09_nhlbi_unreviewed_dropped.csv,Use of Asthma APGAR Tools in Primary Care Practices: A Cluster-Randomized Controlled Trial
QQRYLPB6,human_labelled,nhlbi_unreviewed,corpus,cited in the NHLBI extraction table but never reviewed; the institute's review will not resume for outstanding papers,cited as entry 159 ('Yuan et al.') in crt_review_table_112.tex with every field blank,human,2026-08-17T16:56:32+00:00,results/review/09_nhlbi_unreviewed_dropped.csv,Achieving cardiovascular health equity in community mental health: study protocol for a cluster-randomized hybrid Type 3 effectiveness-implementation trial
QHUGZ86T,human_labelled,nonjudgeable_exclusion,corpus,excluded by a random coin flip among same-first-author papers (Ignore02 `randuni`) -- unreproducible from text; promptbook E17 forbids it,human exclusion_reason='duplicate_group_random_drop' (NCI),human,2026-08-26T02:10:10+00:00,results/review/10_nonjudgeable_exclusions_dropped.csv,Implementing a Novel Workplace Smoking Cessation Intervention Targeting Hispanic/Latino Construction Workers: A Pilot Cluster Randomized Trial
LCAG76F4,human_labelled,nonjudgeable_exclusion,corpus,excluded by a random coin flip among same-first-author papers (Ignore02 `randuni`) -- unreproducible from text; promptbook E17 forbids it,human exclusion_reason='duplicate_group_random_drop' (NCI),human,2026-08-26T02:10:10+00:00,results/review/10_nonjudgeable_exclusions_dropped.csv,The Optimizing Lung Screening Trial (WF-20817CD): Multicenter Randomized Effectiveness Implementation Trial to Increase Tobacco Use Cessation for Individuals Undergoing Lung Screening
I47BDCKU,human_labelled,nonjudgeable_exclusion,corpus,excluded by a random coin flip among same-first-author papers (Ignore02 `randuni`) -- unreproducible from text; promptbook E17 forbids it,human exclusion_reason='duplicate_group_random_drop' (NCI),human,2026-08-26T02:10:10+00:00,results/review/10_nonjudgeable_exclusions_dropped.csv,Coaching and Communication Training for HPV Vaccination: A Cluster Randomized Trial
DPPC94XT,human_labelled,nonjudgeable_exclusion,corpus,excluded by a random coin flip among same-first-author papers (Ignore02 `randuni`) -- unreproducible from text; promptbook E17 forbids it,human exclusion_reason='duplicate_group_random_drop' (NCI),human,2026-08-26T02:10:10+00:00,results/review/10_nonjudgeable_exclusions_dropped.csv,"Testing the effectiveness of community-engaged citizen science to promote physical activity, foster healthier neighborhood environments, and advance health equity in vulnerable communities: The Steps for Change randomized controlled trial design and methods"
JMLTZFI8,human_labelled,nonjudgeable_exclusion,corpus,excluded by a random coin flip among same-first-author papers (Ignore02 `randuni`) -- unreproducible from text; promptbook E17 forbids it,human exclusion_reason='duplicate_group_random_drop' (NCI),human,2026-08-26T02:10:10+00:00,results/review/10_nonjudgeable_exclusions_dropped.csv,"A Cluster-Randomized Trial of a Mobile Produce Market Program in 12 Communities in North Carolina: Program Development, Methods, and Baseline Characteristics"
QGRTXZZH,human_labelled,nonjudgeable_exclusion,corpus,excluded by a random coin flip among same-first-author papers (Ignore02 `randuni`) -- unreproducible from text; promptbook E17 forbids it,human exclusion_reason='duplicate_group_random_drop' (NCI),human,2026-08-26T02:10:10+00:00,results/review/10_nonjudgeable_exclusions_dropped.csv,Efficacy of a community-based participatory and multilevel intervention to enhance hepatitis B virus screening and vaccination in underserved Korean Americans
DEKG3YAI,human_labelled,nonjudgeable_exclusion,corpus,excluded by a random coin flip among same-first-author papers (Ignore02 `randuni`) -- unreproducible from text; promptbook E17 forbids it,human exclusion_reason='duplicate_group_random_drop' (NCI),human,2026-08-26T02:10:10+00:00,results/review/10_nonjudgeable_exclusions_dropped.csv,A Group Randomized Trial to Reduce Obesity among Appalachian Church Members: The Walk by Faith Study
URKTMCIE,human_labelled,nonjudgeable_exclusion,corpus,excluded by a random coin flip among same-first-author papers (Ignore02 `randuni`) -- unreproducible from text; promptbook E17 forbids it,human exclusion_reason='duplicate_group_random_drop' (NCI),human,2026-08-26T02:10:10+00:00,results/review/10_nonjudgeable_exclusions_dropped.csv,"Accelerating Colorectal Cancer Screening and Follow-up through Implementation Science (ACCSIS) in Appalachia: protocol for a group randomized, delayed intervention trial"
DJE2PNQA,human_labelled,nonjudgeable_exclusion,corpus,excluded by a random coin flip among same-first-author papers (Ignore02 `randuni`) -- unreproducible from text; promptbook E17 forbids it,human exclusion_reason='duplicate_group_random_drop' (NCI),human,2026-08-26T02:10:10+00:00,results/review/10_nonjudgeable_exclusions_dropped.csv,A randomized study to prevent lymphedema in women treated for breast cancer: CALGB 70305 (Alliance)
NQZZPYI4,human_labelled,nonjudgeable_exclusion,corpus,excluded by a random coin flip among same-first-author papers (Ignore02 `randuni`) -- unreproducible from text; promptbook E17 forbids it,human exclusion_reason='duplicate_group_random_drop' (NCI),human,2026-08-26T02:10:10+00:00,results/review/10_nonjudgeable_exclusions_dropped.csv,"Association of Tobacco Use During Pregnancy, Perceived Stress, and Depression Among Alaska Native Women Participants in the Healthy Pregnancies Project"
Z236TJTT,human_labelled,nonjudgeable_exclusion,corpus,excluded by a random coin flip among same-first-author papers (Ignore02 `randuni`) -- unreproducible from text; promptbook E17 forbids it,human exclusion_reason='duplicate_group_random_drop' (NCI),human,2026-08-26T02:10:10+00:00,results/review/10_nonjudgeable_exclusions_dropped.csv,Healthy Pregnancies Project: Cluster Randomized Controlled Trial of a Community Intervention to Reduce Tobacco Use among Alaska Native Women
GISQ3U2U,human_labelled,nonjudgeable_exclusion,corpus,excluded by a random coin flip among same-first-author papers (Ignore02 `randuni`) -- unreproducible from text; promptbook E17 forbids it,human exclusion_reason='duplicate_group_random_drop' (NCI),human,2026-08-26T02:10:10+00:00,results/review/10_nonjudgeable_exclusions_dropped.csv,"A multi-level intervention in worksites to increase fruit and vegetable access and intake: Rationale, design and methods of the 'Good to Go' cluster randomized trial"
9JP85XCL,human_labelled,nonjudgeable_exclusion,corpus,excluded by a random coin flip among same-first-author papers (Ignore02 `randuni`) -- unreproducible from text; promptbook E17 forbids it,human exclusion_reason='duplicate_group_random_drop' (NCI),human,2026-08-26T02:10:10+00:00,results/review/10_nonjudgeable_exclusions_dropped.csv,The Development and Testing of a Point-of-Sale E-Cigarette Health Communication Campaign
J72RMLRJ,human_labelled,nonjudgeable_exclusion,corpus,excluded by a random coin flip among same-first-author papers (Ignore02 `randuni`) -- unreproducible from text; promptbook E17 forbids it,human exclusion_reason='duplicate_group_random_drop' (NHLBI),human,2026-08-26T02:10:10+00:00,results/review/10_nonjudgeable_exclusions_dropped.csv,Study design and protocol of a stepped wedge cluster randomized trial using a practical implementation strategy as a model for hypertension-HIV integration - the MAP-IT trial
FUCS56UM,human_labelled,nonjudgeable_exclusion,corpus,excluded by a random coin flip among same-first-author papers (Ignore02 `randuni`) -- unreproducible from text; promptbook E17 forbids it,human exclusion_reason='duplicate_group_random_drop' (NHLBI),human,2026-08-26T02:10:10+00:00,results/review/10_nonjudgeable_exclusions_dropped.csv,Mobile App-Facilitated Collaborative Palliative Care Intervention for Critically Ill Older Adults: A Randomized Clinical Trial
4NV8FP3G,human_labelled,nonjudgeable_exclusion,corpus,excluded by a random coin flip among same-first-author papers (Ignore02 `randuni`) -- unreproducible from text; promptbook E17 forbids it,human exclusion_reason='duplicate_group_random_drop' (NHLBI),human,2026-08-26T02:10:10+00:00,results/review/10_nonjudgeable_exclusions_dropped.csv,"Design and participant characteristics of TX sprouts: A school-based cluster randomized gardening, nutrition, and cooking intervention"
R4ZI2TKH,human_labelled,nonjudgeable_exclusion,corpus,excluded by a random coin flip among same-first-author papers (Ignore02 `randuni`) -- unreproducible from text; promptbook E17 forbids it,human exclusion_reason='duplicate_group_random_drop' (NHLBI),human,2026-08-26T02:10:10+00:00,results/review/10_nonjudgeable_exclusions_dropped.csv,"A cluster-randomized controlled trial of an elementary school drinking water access and promotion intervention: Rationale, study design, and protocol"
L3XSIHDW,human_labelled,nonjudgeable_exclusion,corpus,excluded by a random coin flip among same-first-author papers (Ignore02 `randuni`) -- unreproducible from text; promptbook E17 forbids it,human exclusion_reason='duplicate_group_random_drop' (NHLBI),human,2026-08-26T02:10:10+00:00,results/review/10_nonjudgeable_exclusions_dropped.csv,Design and pilot implementation for the BETTER CARE-HF trial: A pragmatic cluster-randomized controlled trial comparing two targeted approaches to ambulatory clinical decision support for cardiologists
NBAQH3Y3,human_labelled,nonjudgeable_exclusion,corpus,excluded by a random coin flip among same-first-author papers (Ignore02 `randuni`) -- unreproducible from text; promptbook E17 forbids it,human exclusion_reason='duplicate_group_random_drop' (NHLBI),human,2026-08-26T02:10:10+00:00,results/review/10_nonjudgeable_exclusions_dropped.csv,"Protocol for a cluster randomized clinical trial of a mastery-climate motor skills intervention, Children's Health Activity and Motor Program (CHAMP), on self-regulation in preschoolers"
GV6RHLHV,human_labelled,nonjudgeable_exclusion,corpus,excluded by a random coin flip among same-first-author papers (Ignore02 `randuni`) -- unreproducible from text; promptbook E17 forbids it,human exclusion_reason='duplicate_group_random_drop' (NHLBI),human,2026-08-26T02:10:10+00:00,results/review/10_nonjudgeable_exclusions_dropped.csv,Meta Salud Diabetes study protocol: a cluster-randomised trial to reduce cardiovascular risk among a diabetic population of Mexico
X7YLMXWH,human_labelled,nonjudgeable_exclusion,corpus,"excluded because the trial's outcomes paper exists elsewhere in the set -- a cross-paper judgment; promptbook E12 forbids it, the model judges the paper alone",human exclusion_reason='protocol_paper' (NHLBI),human,2026-08-26T02:10:10+00:00,results/review/10_nonjudgeable_exclusions_dropped.csv,Design and rationale for evaluating salad bars and students' fruit and vegetable consumption: A cluster randomized factorial trial with objective assessments
EBNIKQJT,human_labelled,nonjudgeable_exclusion,corpus,"excluded because the trial's outcomes paper exists elsewhere in the set -- a cross-paper judgment; promptbook E12 forbids it, the model judges the paper alone",human exclusion_reason='protocol_paper' (NHLBI),human,2026-08-26T02:10:10+00:00,results/review/10_nonjudgeable_exclusions_dropped.csv,Adapting the Diabetes Prevention Program for low and middle-income countries: protocol for a cluster randomised trial to evaluate 'Lifestyle Africa'
G53UN529,human_labelled,nonjudgeable_exclusion,corpus,"excluded because the trial's outcomes paper exists elsewhere in the set -- a cross-paper judgment; promptbook E12 forbids it, the model judges the paper alone",human exclusion_reason='protocol_paper' (NHLBI),human,2026-08-26T02:10:10+00:00,results/review/10_nonjudgeable_exclusions_dropped.csv,The RICH LIFE Project: A cluster randomized pragmatic trial comparing the effectiveness of health system only vs. health system Plus a collaborative/stepped care intervention to reduce hypertension disparities
HQYY8IVG,human_labelled,nonjudgeable_exclusion,corpus,"excluded because the trial's outcomes paper exists elsewhere in the set -- a cross-paper judgment; promptbook E12 forbids it, the model judges the paper alone",human exclusion_reason='protocol_paper' (NHLBI),human,2026-08-26T02:10:10+00:00,results/review/10_nonjudgeable_exclusions_dropped.csv,"Parent and child care provider partnerships: Protocol for the Healthy Me, Healthy We (HMHW) cluster randomized control trial"
9G96XQ7M,human_labelled,nonjudgeable_exclusion,corpus,"excluded because the trial's outcomes paper exists elsewhere in the set -- a cross-paper judgment; promptbook E12 forbids it, the model judges the paper alone",human exclusion_reason='protocol_paper' (NHLBI),human,2026-08-26T02:10:10+00:00,results/review/10_nonjudgeable_exclusions_dropped.csv,"Efficacy of a family-based cardiovascular risk reduction intervention in individuals with a family history of premature coronary heart disease in India (PROLIFIC): an open-label, single-centre, cluster randomised controlled trial"
8JZS4D8F,human_labelled,nonjudgeable_exclusion,corpus,"excluded because the trial's outcomes paper exists elsewhere in the set -- a cross-paper judgment; promptbook E12 forbids it, the model judges the paper alone",human exclusion_reason='protocol_paper' (NHLBI),human,2026-08-26T02:10:10+00:00,results/review/10_nonjudgeable_exclusions_dropped.csv,Supporting families of children with overweight and obesity to live healthy lifestyles: Design and rationale for the Fitline cluster randomized controlled pediatric practice-based trial
YKCJ78UM,human_labelled,nonjudgeable_exclusion,corpus,"excluded because the trial's outcomes paper exists elsewhere in the set -- a cross-paper judgment; promptbook E12 forbids it, the model judges the paper alone",human exclusion_reason='protocol_paper' (NHLBI),human,2026-08-26T02:10:10+00:00,results/review/10_nonjudgeable_exclusions_dropped.csv,Study protocol: a cluster randomized trial to evaluate the effectiveness and implementation of onsite GeneXpert testing at community health centers in Uganda (XPEL-TB)
5XNKT7KH,human_labelled,nonjudgeable_exclusion,corpus,"excluded because the trial's outcomes paper exists elsewhere in the set -- a cross-paper judgment; promptbook E12 forbids it, the model judges the paper alone",human exclusion_reason='protocol_paper' (NHLBI),human,2026-08-26T02:10:10+00:00,results/review/10_nonjudgeable_exclusions_dropped.csv,"Improving nutrition and physical activity environments of family child care homes: the rationale, design and study protocol of the 'Healthy Start/Comienzos Sanos' cluster randomized trial"
TY62B2MZ,human_labelled,nonjudgeable_exclusion,corpus,"excluded because the trial's outcomes paper exists elsewhere in the set -- a cross-paper judgment; promptbook E12 forbids it, the model judges the paper alone",human exclusion_reason='protocol_paper' (NHLBI),human,2026-08-26T02:10:10+00:00,results/review/10_nonjudgeable_exclusions_dropped.csv,Development of the individualised Comparative Effectiveness of Models Optimizing Patient Safety and Resident Education (iCOMPARE) trial: a protocol summary of a national cluster-randomised trial of resident duty hour policies in internal medicine
5LPG6NIV,human_labelled,nonjudgeable_exclusion,corpus,excluded by a random coin flip among same-first-author papers (Ignore02 `randuni`) -- unreproducible from text; promptbook E17 forbids it,human exclusion_reason='duplicate_group_random_drop' (NHLBI),human,2026-08-26T02:10:10+00:00,results/review/10_nonjudgeable_exclusions_dropped.csv,"Effect of a Remotely Delivered Tailored Multicomponent Approach to Enhance Medication Taking for Patients With Hyperlipidemia, Hypertension, and Diabetes: The STIC2IT Cluster Randomized Clinical Trial"
PZYLIX7V,human_labelled,nonjudgeable_exclusion,corpus,excluded by a random coin flip among same-first-author papers (Ignore02 `randuni`) -- unreproducible from text; promptbook E17 forbids it,human exclusion_reason='duplicate_group_random_drop' (NHLBI),human,2026-08-26T02:10:10+00:00,results/review/10_nonjudgeable_exclusions_dropped.csv,Effect of a Biopsychosocial Intervention or Postural Therapy on Disability and Health Care Spending Among Patients With Acute and Subacute Spine Pain: The SPINE CARE Randomized Clinical Trial
LTKDUUD2,human_labelled,nonjudgeable_exclusion,corpus,excluded by a random coin flip among same-first-author papers (Ignore02 `randuni`) -- unreproducible from text; promptbook E17 forbids it,human exclusion_reason='duplicate_group_random_drop' (NHLBI),human,2026-08-26T02:10:10+00:00,results/review/10_nonjudgeable_exclusions_dropped.csv,Targeted Normoxemia and Supplemental Oxygen-Free Days in Critically Injured Adults: A Stepped-Wedge Cluster Randomized Clinical Trial
ZYMG88D6,human_labelled,nonjudgeable_exclusion,corpus,excluded by a random coin flip among same-first-author papers (Ignore02 `randuni`) -- unreproducible from text; promptbook E17 forbids it,human exclusion_reason='duplicate_group_random_drop' (NHLBI),human,2026-08-26T02:10:10+00:00,results/review/10_nonjudgeable_exclusions_dropped.csv,Structured Lifestyle Modification Interventions Involving Frontline Health Workers for Population-Level Blood Pressure Reduction: Results of a Cluster Randomized Controlled Trial in India (DISHA Study)
G32FILRQ,human_labelled,nonjudgeable_exclusion,corpus,excluded by a random coin flip among same-first-author papers (Ignore02 `randuni`) -- unreproducible from text; promptbook E17 forbids it,human exclusion_reason='duplicate_group_random_drop' (NHLBI),human,2026-08-26T02:10:10+00:00,results/review/10_nonjudgeable_exclusions_dropped.csv,Cognitive Outcomes in the Pragmatic Investigation of optimaL Oxygen Targets (CO-PILOT) trial: protocol and statistical analysis plan
NESLQUNP,human_labelled,nonjudgeable_exclusion,corpus,excluded by a random coin flip among same-first-author papers (Ignore02 `randuni`) -- unreproducible from text; promptbook E17 forbids it,human exclusion_reason='duplicate_group_random_drop' (NHLBI),human,2026-08-26T02:10:10+00:00,results/review/10_nonjudgeable_exclusions_dropped.csv,Balanced Crystalloids versus Saline in Critically Ill Adults
H9URCYAK,human_labelled,nonjudgeable_exclusion,corpus,excluded by a random coin flip among same-first-author papers (Ignore02 `randuni`) -- unreproducible from text; promptbook E17 forbids it,human exclusion_reason='duplicate_group_random_drop' (NHLBI),human,2026-08-26T02:10:10+00:00,results/review/10_nonjudgeable_exclusions_dropped.csv,Reducing cardiovascular risk among people living with HIV: Rationale and design of the INcreasing Statin Prescribing in HIV Behavioral Economics REsearch (INSPIRE) randomized controlled trial
BNPVWAIY,human_labelled,nonjudgeable_exclusion,corpus,excluded by a random coin flip among same-first-author papers (Ignore02 `randuni`) -- unreproducible from text; promptbook E17 forbids it,human exclusion_reason='duplicate_group_random_drop' (NHLBI),human,2026-08-26T02:10:10+00:00,results/review/10_nonjudgeable_exclusions_dropped.csv,The impact of basic vs. enhanced Go NAPSACC on child care centers' healthy eating and physical activity practices: protocol for a type 3 hybrid effectiveness-implementation cluster-randomized trial
J2XGTHGE,human_labelled,nonjudgeable_exclusion,corpus,excluded by a random coin flip among same-first-author papers (Ignore02 `randuni`) -- unreproducible from text; promptbook E17 forbids it,human exclusion_reason='duplicate_group_random_drop' (NHLBI),human,2026-08-26T02:10:10+00:00,results/review/10_nonjudgeable_exclusions_dropped.csv,"Evaluating a child care-based social marketing approach for improving children's diet and physical activity: results from the Healthy Me, Healthy We cluster-randomized controlled trial"
CWWSSM8V,human_labelled,nonjudgeable_exclusion,corpus,excluded by a random coin flip among same-first-author papers (Ignore02 `randuni`) -- unreproducible from text; promptbook E17 forbids it,human exclusion_reason='duplicate_group_random_drop' (NHLBI),human,2026-08-26T02:10:10+00:00,results/review/10_nonjudgeable_exclusions_dropped.csv,Community Health Workers Improve Linkage to Hypertension Care in Western Kenya
TT59I4HB,human_labelled,nonjudgeable_exclusion,corpus,excluded by a random coin flip among same-first-author papers (Ignore02 `randuni`) -- unreproducible from text; promptbook E17 forbids it,human exclusion_reason='duplicate_group_random_drop' (NHLBI),human,2026-08-26T02:10:10+00:00,results/review/10_nonjudgeable_exclusions_dropped.csv,Group Medical Visit and Microfinance Intervention for Patients With Diabetes or Hypertension in Kenya
2QQAF298,human_labelled,nonjudgeable_exclusion,corpus,excluded by a random coin flip among same-first-author papers (Ignore02 `randuni`) -- unreproducible from text; promptbook E17 forbids it,human exclusion_reason='duplicate_group_random_drop' (NHLBI),human,2026-08-26T02:10:10+00:00,results/review/10_nonjudgeable_exclusions_dropped.csv,"Workplace health and safety intervention for child care staff: Rationale, design, and baseline results from the CARE cluster randomized control trial"
IT2B87LL,human_labelled,nonjudgeable_exclusion,corpus,excluded by a random coin flip among same-first-author papers (Ignore02 `randuni`) -- unreproducible from text; promptbook E17 forbids it,human exclusion_reason='duplicate_group_random_drop' (NCI),human,2026-08-26T02:31:36+00:00,results/review/10_nonjudgeable_exclusions_dropped.csv,"A cluster randomized controlled trial for a multi-level, clinic-based smoking cessation program with women in Appalachian communities: study protocol for the ""Break Free"" program"
VGG3KIMT,human_labelled,institutional_disagreement,corpus,NCI and NHLBI reviewed this paper independently and reached different answers; assumed unresolved (2026-08-26) rather than picking a side. May be restored if adjudicated later.,"NCI: excluded (baseline_only); NHLBI: kept, power=no data=no",human,2026-08-26T16:47:56+00:00,results/review/12_institutional_disagreements_dropped.csv,"Scaling up a brief alcohol intervention to prevent HIV infection in Vietnam: a cluster randomized, implementation trial"
RJD9XX6D,human_labelled,institutional_disagreement,corpus,NCI and NHLBI reviewed this paper independently and reached different answers; assumed unresolved (2026-08-26) rather than picking a side. May be restored if adjudicated later.,"NCI: kept, power=yes data=yes category=A; NHLBI: kept, power=no data=no",human,2026-08-26T16:47:56+00:00,results/review/12_institutional_disagreements_dropped.csv,A multilevel approach for promoting physical activity in rural communities: a cluster randomized controlled trial
Z7NF2G6Q,human_labelled,institutional_disagreement,corpus,NCI and NHLBI reviewed this paper independently and reached different answers; assumed unresolved (2026-08-26) rather than picking a side. May be restored if adjudicated later.,NCI: excluded (baseline_only); NHLBI: excluded (implementation_study),human,2026-08-26T16:47:56+00:00,results/review/12_institutional_disagreements_dropped.csv,Objective Measures of Physical Activity in Rural Communities: Factors Associated With a Valid Wear and Lessons Learned
HLQA5RI6,human_labelled,institutional_disagreement,corpus,NCI and NHLBI reviewed this paper independently and reached different answers; assumed unresolved (2026-08-26) rather than picking a side. May be restored if adjudicated later.,"NCI: excluded (secondary_analysis); NHLBI: kept, power=no data=no",human,2026-08-26T16:47:56+00:00,results/review/12_institutional_disagreements_dropped.csv,Teaching Medical Students to Help Patients Manage Their Weight: Outcomes of an Eight-School Randomized Controlled Trial
E92KWK4B,human_labelled,institutional_disagreement,corpus,NCI and NHLBI reviewed this paper independently and reached different answers; assumed unresolved (2026-08-26) rather than picking a side. May be restored if adjudicated later.,NCI: excluded (implementation_study); NHLBI: excluded (methods_paper),human,2026-08-26T16:47:56+00:00,results/review/12_institutional_disagreements_dropped.csv,Process of Engaging Community and Scientific Partners in the Development of the CIRCL-Chicago Study Protocol
