paper_id,set,folder,method,page_count,char_count,chars_per_page,flagged,flag_reason,errors,title
YLS5U33Y,testing,CC / CLC; NIDA,pymupdf,19,47332,2491,,,,Design of a pragmatic clinical trial to improve screening and treatment for opioid use disorder in primary care.
MQC52PL5,testing,FIC; NCATS,pymupdf,11,63494,5772,,,,Effectiveness of a psychological intervention delivered by general nurses for alcohol use disorders in people living with HIV in Zimbabwe: a cluster randomized  controlled trial.
P83JNYPT,testing,FIC; NIMH,pymupdf,9,56168,6241,,,,Household Water and Food Insecurity Are Positively Associated with Poor Mental and Physical Health among Adults Living with HIV in Western Kenya.
E2YTTWU3,testing,FIC; NIMH,pymupdf,13,67045,5157,,,,The Video intervention to Inspire Treatment Adherence for Life (VITAL Start): protocol for a multisite randomized controlled trial of a brief video-based  intervention to improve antiretroviral adherence and retention among HIV-infected  pregnant women in Malawi.
GFTRM6AK,testing,FIC; NIMH,pymupdf,13,40028,3079,,,,Implementation Science Using Proctor's Framework and an Adaptation of the Multiphase Optimization Strategy: Optimizing a Financial Incentive Intervention  for HIV Treatment Adherence in Tanzania.
MX4V3BA2,testing,FIC; NIMH,pymupdf,17,44928,2643,,,,Comparing the effect of a multisectoral agricultural intervention on HIV-related health outcomes between widowed and married women.
GXBYKEDE,testing,FIC; NIMH,pymupdf,24,92953,3873,,,,"Improving HIV testing, linkage, and retention in care among South African men through U = U messaging: A study protocol for two sequential hybrid type 1  effectiveness-implementation randomized controlled trials."
44WLSHDT,testing,FIC; NIMH,pymupdf,7,34632,4947,,,,Water Insecurity is Associated with Lack of Viral Suppression and Greater Odds of AIDS-Defining Illnesses Among Adults with HIV in Western Kenya.
KS6PKN99,testing,FIC; NIMH,pymupdf,18,47439,2636,,,,Technology-Assisted Teachers' Training to Promote Socioemotional Well-Being of Children in Public Schools in Rural Pakistan.
TCYY9IAN,testing,FIC; NIMH,pymupdf,17,50213,2954,,,,The longitudinal impact of an evidence-based multiple family group intervention (Amaka Amasanyufu) on oppositional defiant disorder and impaired functioning  among children in Uganda: analysis of a cluster randomized trial from the SMART  Africa-Uganda scale-up study (2016-2022).
DAHVXML2,testing,FIC; NIMH,pymupdf,16,66046,4128,,,,Effect of a Multisectoral Agricultural Intervention on HIV Health Outcomes Among Adults in Kenya: A Cluster Randomized Clinical Trial.
DYBSQUK6,testing,FIC; NIMH,pymupdf,15,67871,4525,,,,Integrating community-based HIV and non-communicable disease care with microfinance groups: a feasibility study in Western Kenya.
QRUEDYP9,testing,FIC; NIMH,pymupdf,8,35080,4385,,,,"Relationship Power, Antiretroviral Adherence, and Physical and Mental Health Among Women Living with HIV in Rural Kenya."
C5BF9JWU,testing,FIC; NIMH,pymupdf,16,46625,2914,,,,Impact of a livelihood intervention on gender roles and relationship power among people with HIV.
XGC9TCX5,testing,FIC; NIMH,pymupdf,12,52941,4412,,,,Prevalence and correlates of internalized stigma among adults with HIV and major depressive disorder in rural Malawi.
8FUCYVJQ,testing,FIC; NIEHS; NIMH,pymupdf,13,57435,4418,,,,"""If you have light, your heart will be at peace"": A qualitative study of household lighting and social integration in southwestern Uganda."
ANIN6LRK,testing,FIC; NIDA; NIMH,pymupdf,16,41369,2586,,,,A community approach to promote healthcare services for people living with HIV who use drugs in Vietnam.
PU3W7CKM,testing,FIC; NCATS; NIDA,pymupdf,8,47529,5941,,,,Integrating methadone into primary care settings in Ukraine: effects on provider stigma and knowledge.
TKCQ9UIA,testing,FIC; NIDDK,pymupdf,23,83906,3648,,,,A peer-support lifestyle intervention for preventing type 2 diabetes in India: A cluster-randomized controlled trial of the Kerala Diabetes Prevention Program.
YWLVFMNJ,testing,FIC; NCATS; NIDDK; NINDS,pymupdf,8,39127,4891,,,,Underweight children older than 5 years with sickle cell anemia are at risk for early mortality in a low-resource setting.
YRGUW8FA,testing,FIC; NICHD,pymupdf,10,43846,4385,,,,A Qualitative Assessment of Provider and Client Experiences With 3- and 6-Month Dispensing Intervals of Antiretroviral Therapy in Malawi.
LU2WMVMD,testing,FIC; NICHD,pymupdf,16,48731,3046,,,,Criterion-related validity and reliability of the Urdu version of the patient health questionnaire in a sample of community-based pregnant women in Pakistan.
ZRSEM79M,testing,FIC; NICHD; NIMH,pymupdf,9,55955,6217,,,,Socioeconomic status indicators and common mental disorders: Evidence from a study of prenatal depression in Pakistan.
LNPUWIK5,testing,FIC; NCATS; NICHD,pymupdf,14,71053,5075,,,,"The ""Family Health = Family Wealth"" intervention: study protocol for a pilot quasi-experimental controlled trial of a multi-level, community-based family  planning intervention for couples in rural Uganda."
C29IZV8T,testing,FIC; NICHD,pymupdf,15,64690,4313,,,,Characterizing provider-led adaptations to mobile phone delivery of the Adolescent Transition Package (ATP) in Kenya using the Framework for Reporting  Adaptations and Modifications to Evidence-based Implementation Strategies  (FRAME-IS): a mixed methods approach.
7DGXAJHT,testing,FIC; NICHD,pymupdf,11,43036,3912,,,,"Improving uptake of prevention of mother-to-child HIV transmission services in Benue State, Nigeria through a faith-based congregational strategy."
H7JAZNJ5,testing,FIC; NICHD,pymupdf,14,60034,4288,,,,Group Antenatal Care in Ghana: Protocol for a Cluster Randomized Controlled Trial.
7NCQB6VM,testing,FIC; NIAID,pymupdf,7,39701,5672,,,,Factors Associated With Poor Linkage to Human Immunodeficiency Virus Care Among Index Clients and Sex Partners Receiving Human Immunodeficiency Virus Assisted  Partner Services in Kenya.
5LE3ZJDV,testing,FIC; NIAID; NIMH,pymupdf,11,50049,4550,,,,Using Assisted Partner Services for HIV Testing and the Treatment of Males and Their Female Sexual Partners: Protocol for an Implementation Science Study.
RFLPDXC9,testing,FIC; NIAID; NIMH,pymupdf,8,49550,6194,,,,"""When I Eat Well, I Will Be Healthy, and the Child Will Also Be Healthy"": Maternal Nutrition among HIV-Infected Women Enrolled in a Livelihood Intervention  in Western Kenya."
FR7ETLVC,testing,FIC; NCATS; NIAID; NIMH,pymupdf,9,43424,4825,,,,Evaluating the integration of HIV self-testing into low-resource health systems: study protocol for a cluster-randomized control trial from EQUIP Innovations.
54QV3L64,testing,FIC; NIAID; NICHD,pymupdf,11,48026,4366,,,,Pay-it-forward gonorrhea and chlamydia testing among men who have sex with men in China: a study protocol for a three-arm cluster randomized controlled trial.
VIFXB2GP,testing,FIC; NIAID,pymupdf,17,59111,3477,,,,"The impact of insecticide treated curtains on dengue virus transmission: A cluster randomized trial in Iquitos, Peru."
3L7C4W4M,testing,FIC; NIAID,pymupdf,8,47407,5926,,,,Index participant characteristics and HIV assisted partner services efficacy in Kenya: results of a cluster randomized trial.
V44RWJGQ,testing,FIC; NIAID,pymupdf,16,66792,4174,,,,The effect of community-driven larval source management and house improvement on malaria transmission when added to the standard malaria control strategies in  Malawi: a cluster-randomized controlled trial.
9XNWIRFN,testing,FIC; NIAID,pymupdf,9,25787,2865,,,,Brief Report: HIV Assisted Partner Services Among Those With and Without a History of Intimate Partner Violence in Kenya.
WRX37RXT,testing,FIC; NIAID,pymupdf,15,33177,2212,,,,Closing the gap: A novel metric of change in performance.
D89RHEEM,testing,FIC; NIAID; NIMH,pymupdf,14,40696,2907,,,,Population-level viral suppression among pregnant and postpartum women in a universal test and treat trial.
WE9IZ3BJ,testing,FIC; NCATS; NIAID,pymupdf,10,59685,5968,,,,The impact of a community health worker intervention on uptake of antenatal care: a cluster-randomized pragmatic trial in Dar es Salaam.
A2THBVEB,testing,FIC; NIAID; NIMH,pymupdf,19,74894,3942,,,,Uptake and acceptability of oral HIV self-testing in the context of assisted partner services in Western Kenya: A mixed-methods analysis.
G2HT8C7B,testing,FIC; NIAID,pymupdf,8,39518,4940,,,,Economic evaluation of facility-based HIV self-testing among adult outpatients in Malawi.
975GWKXJ,testing,FIC; NIAID,pymupdf,13,77786,5984,,,,Theory-Informed Design of a Tailored Strategy for Implementing Household TB Contact Investigation in Uganda.
JG2L3WXC,testing,FIC; NIAID; NIMH,pymupdf,15,39428,2629,,,,An agricultural livelihood intervention is associated with reduced HIV stigma among people with HIV.
KAKALPWJ,testing,FIC; NIAID,pymupdf,16,58730,3671,,,,Longitudinal Analysis of the Intestinal Microbiota among a Cohort of Children in Rural and Urban Areas of Pakistan.
AMFFBXEX,testing,FIC; NIAID,pymupdf,7,38134,5448,,,,"Programmatic Effectiveness of a Pediatric Typhoid Conjugate Vaccine Campaign in Navi Mumbai, India."
FKIWIE6C,testing,FIC; NIAID,pymupdf,13,47840,3680,,,,Evaluating the Role of Corrals and Insects in the Transmission of Porcine Cysticercosis: A Cohort Study.
JQEMYPQL,testing,FIC; NIAAA; NIMH,pymupdf,19,56190,2957,,,,Scale-Up Study Protocol of the Implementation of a Mobile Health SBIRT Approach for Alcohol Use Reduction in Mozambique.
JT56SZZ3,testing,FIC; NIAAA; NIMH,pymupdf,21,58730,2797,,,,Partnerships in Research to Implement and Disseminate Sustainable and Scalable Evidence-Based Practices (PRIDE) in Mozambique.
HB3Q87CC,testing,FIC; NIA; NIAID; NICHD,pymupdf,24,89257,3719,,,,"Community delivery of antiretroviral drugs: A non-inferiority cluster-randomized pragmatic trial in Dar es Salaam, Tanzania."
QWFWGIKM,testing,FIC; NEI,pymupdf,17,31077,1828,,,,Diagnostic accuracy of smartphone corneal photography for detection of corneal opacities in a resource-limited setting: a community-based study.
LBP7P8GQ,testing,FIC,pymupdf,11,52669,4788,,,,Acceptability and feasibility of a behavioral and mobile health intervention (COMBIND) shown to increase uptake of prevention of mother to child transmission  (PMTCT) care in India.
XLZZWDJ6,testing,FIC,pymupdf,11,35604,3237,,,,"Unintentional falls among children in rural Ghana and associated factors: a cluster-randomized, population-based household survey."
GRFG8B67,testing,FIC,pymupdf,11,58129,5284,,,,Factors associated with diarrhea and acute respiratory infection in children under two years of age in rural Bangladesh.
5S443YA7,testing,FIC,pymupdf,5,19466,3893,,,,The Livestock for Health Study: A Field Trial on Livestock Interventions to Prevent Acute Malnutrition Among Women and Children in Pastoralist Communities in  Northern Kenya.
G8FV3B49,testing,FIC,pymupdf,12,48415,4035,,,,Menstrual product choice and uptake among young women in Zimbabwe: a pilot study.
UQK87UZH,testing,FIC,pymupdf,9,47751,5306,,,,A mobile health-facilitated behavioural intervention for community health workers improves exclusive breastfeeding and early infant HIV diagnosis in India: a  cluster randomized trial.
DWAYIJCK,testing,FIC,pymupdf,17,84011,4942,,,,"Effects of lipid-based nutrient supplements and infant and young child feeding counseling with or without improved water, sanitation, and hygiene (WASH) on  anemia and micronutrient status: results from 2 cluster-randomized trials in  Kenya and Bangladesh."
G46396XM,testing,FIC,pymupdf,10,40471,4047,,,,"Improved adherence to test, treat, and track (T3) malaria strategy among Over-the-Counter Medicine Sellers (OTCMS) through interventions implemented in  selected rural communities of Fanteakwa North district, Ghana."
5UCUYE7F,testing,FIC,pymupdf,13,63576,4890,,,,Cost-effectiveness of a lifestyle intervention in high-risk individuals for diabetes in a low- and middle-income setting: Trial-based analysis of the Kerala  Diabetes Prevention Program.
6ZBKV6U3,testing,FIC,pymupdf,16,51489,3218,,,,Protocol of a parallel group Randomized Control Trial (RCT) for Mobile-assisted Medication Adherence Support (Ma-MAS) intervention among Tuberculosis patients.
TKKUNEIW,testing,FIC,pymupdf,16,51862,3241,,,,Components of clean delivery kits and newborn mortality in the Zambia Chlorhexidine Application Trial (ZamCAT): An observational study.
R45A8L28,testing,FIC,pymupdf,9,43957,4884,,,,"Isoniazid preventive therapy completion in children under 5 years old who are contacts of tuberculosis cases in Lima, Peru: study protocol for an open-label,  cluster-randomized superiority trial."
3A9HMGYL,testing,FIC,pymupdf,15,70057,4670,,,,"Body, Soul and Spirit, an adaptation of two evidence-based interventions to promote physical activity and healthy eating among adults in churches in Lagos  Nigeria: a three-arm cluster randomized controlled pilot trial."
J9F7U6CX,testing,FIC,pymupdf,13,41373,3183,,,,Culturally adaptive storytelling intervention versus didactic intervention to improve hypertension control in Vietnam- 12 month follow up results: A cluster  randomized controlled feasibility trial.
YB76TMBC,testing,FIC,pymupdf,10,50172,5017,,,,"Asthma, Airflow Obstruction, and Eosinophilic Airway Inflammation Prevalence in Western Kenya: A Population-Based Cross-Sectional Study."
ZEP5L9DW,testing,FIC,pymupdf,16,41995,2625,,,,Effectiveness of intensive adherence counselling in achieving an undetectable viral load among people on antiretroviral therapy with low-level viraemia in  Uganda.
EKIGVQCE,testing,FIC,pymupdf,5,22022,4404,,,,Predictors of High Program Exposure Among Adolescents Participating in a Smoking Prevention Intervention in Romania.
X8XMVS3Q,testing,FIC,pymupdf,11,47468,4315,,,,The Effects of Workplace-Based HIV Self-testing on Uptake of Testing and Linkage to HIV Care or Prevention by Men in Uganda (WISe-Men): Protocol for a Cluster  Randomized Trial.
CNYF84EG,testing,FIC,pymupdf,8,31378,3922,,,,Prevalence and factors associated with neonatal hypoglycemia in Northern Uganda: a community-based cross-sectional study.
XJLRU2YH,testing,FIC,pymupdf,15,41031,2735,,,,Stakeholders' experiences of ethical challenges in cluster randomized trials in a limited resource setting: a qualitative analysis.
73BXTUZD,testing,FIC,pymupdf,10,52833,5283,,,,Factors associated with loss-to-follow-up of HIV-positive mothers and their infants enrolled in HIV care clinic: A qualitative study.
N4NS7WMN,testing,FIC,pymupdf,8,34845,4356,,,,The impact of integrated nutrition-sensitive interventions on nutrition and health of children and women in rural Tanzania: study protocol for a  cluster-randomized controlled trial.
LJSQZ83J,testing,FIC,pymupdf,11,50695,4609,,,,Incidence and risk factors of neonatal infections in a rural Bangladeshi population: a community-based prospective study.
N7Y2WLZH,testing,FIC,pymupdf,16,37981,2374,,,,"Incidence of childhood burn injuries and modifiable household risk factors in rural Ghana: A cluster-randomized, population-based, household survey."
AB6XKNVY,testing,FIC,pymupdf,8,44555,5569,,,,"When healthcare providers are supportive, 'I'd rather not test alone': Exploring uptake and acceptability of HIV self-testing for youth in Zimbabwe - A mixed  method study."
HQUCZ7RF,testing,FIC,pymupdf,12,55525,4627,,,,"'If I had not taken it [HIVST kit] home, my husband would not have come to the facility to test for HIV': HIV self-testing perceptions, delivery strategies, and  post-test experiences among pregnant women and their male partners in Central  Uganda."
APKZZNH8,testing,FIC,pymupdf,21,59858,2850,,,,Nuestras Historias- Designing a novel digital story intervention through participatory methods to improve maternal and child health in the Peruvian  Amazon.
DBT2TU6U,testing,FIC,pymupdf,15,65983,4399,,,,Effectiveness of Cash Transfer Delivered Along With Combination HIV Prevention Interventions in Reducing the Risky Sexual Behavior of Adolescent Girls and Young  Women in Tanzania: Cluster Randomized Controlled Trial.
FRIPQN6I,testing,FIC,pymupdf,50,80786,1616,,,,Tuberculosis Treatment Compliance Under Smartphone-Based Video-Observed Therapy Versus Community-Based Directly Observed Therapy: Protocol for a Cluster  Randomized Controlled Trial.
Y3HRMWYJ,testing,FIC,pymupdf,7,34365,4909,,,,Repeat HIV testing of individuals with discrepant HIV self-test results in Central Uganda.
XNHTV6JK,testing,FIC,pymupdf,15,50614,3374,,,,Personalized Text Messages and Automated Calls for Improving Vaccine Coverage Among Children in Pakistan: Protocol for a Community-Based Cluster Randomized  Clinical Trial.
P9AJZFPI,testing,FIC,pymupdf,10,47151,4715,,,,"Effects of a Community Health Worker-Led Health Literacy Intervention on Lifestyle Modification Among Patients With Hypertension and Diabetes in the City  of Harare, Zimbabwe: Protocol for a Cluster Randomized Controlled Trial."
4M4YTVEM,testing,FIC,pymupdf,7,23180,3311,,,,Effect of a Peer-led Lifestyle Intervention on Individuals With Normal Weight Obesity: Insights From the Kerala Diabetes Prevention Program.
TC6MJCXW,testing,FIC,pymupdf,11,52353,4759,,,,"""I desire to have an HIV-free baby"": pregnant and breastfeeding mothers' perceptions of Viral load testing and suppression in HIV care in southwestern  Uganda."
VD8ITJG2,testing,FIC,pymupdf,16,55129,3446,,,,"Determinants of primary healthcare providers' readiness for integration of ART services at departmental levels: A case study of Lira City and District, Uganda."
2YE5BGIJ,testing,FIC,pymupdf,14,37372,2669,,,,First Aid Practices for Injured Children in Rural Ghana: A Cluster-Random Population-Based Survey.
RRW7B69V,testing,FIC,pymupdf,20,78815,3941,,,,Evaluation of an integrated intervention to reduce psychological distress and intimate partner violence in refugees: Results from the Nguvu cluster randomized  feasibility trial.
ZB7AARX9,testing,FIC,pymupdf,16,69527,4345,,,,Organizational contextual factors that predict success of a quality improvement collaborative approach to enhance integrated HIV-tuberculosis services: a  sub-study of the Scaling up TB/HIV Integration trial.
558WILRC,testing,FIC,pymupdf,12,53018,4418,,,,A cluster-randomized controlled trial to improve the quality of integrated HIV-tuberculosis services in primary healthcareclinics in South Africa.
66PR49YS,testing,FIC,pymupdf,21,71335,3397,,,,Adherence clubs and decentralized medication delivery to support patient retention and sustained viral suppression in care: Results from a  cluster-randomized evaluation of differentiated ART delivery models in South  Africa.
84YFKR8U,testing,FIC,pymupdf,9,46030,5114,,,,Using Targeted mHealth Messages to Address Hypertension and Diabetes Self-Management in Cambodia: Protocol for a Clustered Randomized Controlled  Trial.
HFN3I83D,testing,FIC,pymupdf,12,87814,7318,,,,Improving mental health in low-resource settings: A feasibility randomized controlled trial of a transdiagnostic psychological intervention among Burundian  refugee adolescents and their caregivers.
2YGU8BKG,testing,FIC,pymupdf,11,44079,4007,,,,Evaluation of video-assisted HPV education in government-supported clinics in Western Kenya.
HDRNZ2A2,testing,FIC,pymupdf,11,63797,5800,,,,A behaviour change intervention with lipid-based nutrient supplements had little impact on young child feeding indicators in rural Kenya.
VWCF744D,testing,FIC,pymupdf,31,79343,2559,,,,"Are home gardening programs a sustainable way to improve nutrition? Lessons from a cluster-randomized controlled trial in Rufiji, Tanzania."
8FFEB5GP,testing,FIC,pymupdf,12,59981,4998,,,,"Home gardening improves dietary diversity, a cluster-randomized controlled trial among Tanzanian women."
LGQ7G4GV,testing,FIC,pymupdf,24,53561,2232,,,,Using mH ealth Tools to Improve Access and Coverage of People With Public Health Insurance and High Cardiovascular Disease Risk in Argentina: A Pragmatic Cluster  Randomized Trial.
YX4B4THY,testing,FIC,pymupdf,11,36538,3322,,,,The Relationship Between Dietary Diversity Among Women of Reproductive Age and Agricultural Diversity in Rural Tanzania.
PKIU84XT,testing,FIC,pymupdf,7,32164,4595,,,,A situation analysis of competences of research ethics committee members regarding review of research protocols with complex and emerging study designs in  Uganda.
SBLQLVS7,testing,FIC,pymupdf,13,63327,4871,,,,Implementing the WHO Safe Childbirth Checklist modified for preterm birth: lessons learned and experiences from Kenya and Uganda.
56N7V4MC,testing,NCATS; NCCIH,pymupdf,9,63541,7060,,,,Imagine HEALTH: Changes in diurnal salivary cortisol patterns following a 12-week guided imagery RCT lifestyle intervention in predominantly Latino adolescents.
5RGZSZ2C,testing,NCATS; NCCIH,pymupdf,8,37766,4721,,,,Veteran Response to Dosage in Chiropractic Therapy (VERDICT): Study Protocol of a Pragmatic Randomized Trial for Chronic Low Back Pain.
LAN3S567,testing,NCATS; NCCIH,pymupdf,17,78361,4609,,,,Multidisciplinary integrative care versus chiropractic care for low back pain: a randomized clinical trial.
FRHW5NA2,testing,NCATS; NCCIH,pymupdf,30,101111,3370,,,,Parent-focused prevention of adolescent health risk behavior: Study protocol for a multisite cluster-randomized trial implemented in pediatric primary care.
QV7GH729,testing,NCATS; NINR,pymupdf,25,75608,3024,,,,Testing the evidence integration triangle for implementation of interventions to manage behavioral and psychological symptoms associated with dementia: Protocol  for a pragmatic trial.
64RUSWF7,testing,NCATS; NINR,pymupdf,20,57217,2861,,,,Shared decision-making in the BREATHE asthma intervention trial: A research protocol.
HX89FGUG,testing,NCATS; NCCIH; NINR,pymupdf,19,55193,2905,,,,Baseline higher hair cortisol moderated some effects in a healthy lifestyle intervention.
EGIAHKR4,testing,NCATS; NINR,pymupdf,27,69124,2560,,,,Group-randomized trial of tailored brief shared decision-making to improve asthma control in urban black adults.
QP3BKY2S,testing,NCATS; NINR,pymupdf,12,29461,2455,,,,Life-Space of Older Adults after Discharge from Skilled Nursing Facilities.
F7Z94FSR,testing,NCATS; NINDS,pymupdf,16,42203,2638,,,,Process Evaluation of a Faith-Based Multicomponent Behavioral Intervention to Reduce Stroke Risk in Mexican Americans in a Catholic Church Setting: The SHARE  (Stroke Health and Risk Education) Project.
4MLYCF5B,testing,NCATS; NIMHD,pymupdf,10,49728,4973,,,,Effect of the ASCENT Intervention to Increase Knowledge of Kidney Allocation Policy Changes Among Dialysis Providers.
RN6B54TP,testing,NCATS; NIMHD,pymupdf,5,17574,3515,,,,"Factors Facilitating Academic-Community Research Partnerships With African American Churches: Recruitment Process for a Community-Based, Cluster Randomized  Controlled Trial During the COVID-19 Pandemic."
69EXRVY7,testing,NCATS; NIMHD,pymupdf,16,86471,5404,,,,"Community-Based, Cluster-Randomized Pilot Trial of a Cardiovascular Mobile Health Intervention: Preliminary Findings of the FAITH! Trial."
MQ2YYVPU,testing,NCATS; NIMH,pymupdf,13,72620,5586,,,,The effect of caregiver key opinion leaders on increasing caregiver demand for evidence-based practices to treat youth anxiety: protocol for a randomized  control trial.
ZWVHDKR2,testing,NCATS; NIMH; NLM,pymupdf,8,40470,5059,,,,"12-Month Cost Outcomes of Community Engagement Versus Technical Assistance for Depression Quality Improvement: A Partnered, Cluster Randomized,  Comparative-Effectiveness Trial."
Q8L336CD,testing,NCATS; NIMH; NIMHD; NLM,pymupdf,14,66120,4723,,,,Comparative Effectiveness of Coalitions Versus Technical Assistance for Depression Quality Improvement in Persons with Multiple Chronic Conditions.
S9ID8NQK,testing,NCATS; NIMH; NIMHD; NLM,pymupdf,13,58975,4537,,,,Engaging Community Networks to Improve Depression Services: A Cluster-Randomized Trial of a Community Engagement and Planning Intervention.
XY3WZ8AL,testing,NCATS; NIMH,pymupdf,22,52890,2404,,,,Accounting for group differences in study retention in a randomized trial of specialized treatment for first episode psychosis.
BRWIFV6N,testing,NCATS; NIMH; NIMHD; NLM,pymupdf,10,50598,5060,,,,Community Partners in Care: 6- and 12-month Outcomes of Community Engagement versus Technical Assistance to Implement Depression Collaborative Care among  Depressed Older Adults.
UFWNSS3G,testing,NCATS; NCCIH; NIMH,pymupdf,16,58943,3684,,,,Classroom-Based Mindfulness Training Reduces Anxiety in Adolescents: Acceptability and Effectiveness of a Cluster-Randomized Pilot Study.
HB3YQNY5,testing,NCATS; NIMH,pymupdf,19,77114,4059,,,,"Implementation fidelity, student outcomes, and cost-effectiveness of train-the-trainer strategies for Masters-level therapists in urban schools:  results from a cluster randomized trial."
5TB6X4ZN,testing,NCATS; NIMH; NIMHD; NLM,pymupdf,23,59545,2589,,,,A Comparative Effectiveness Trial of Depression Collaborative Care: Subanalysis of Comorbid Anxiety.
4K27S6DD,testing,NCATS; NIMH,pymupdf,17,40728,2396,,,,Gender differences in outcomes of early intervention services for first episode psychosis.
89SN754M,testing,NCATS; NIGMS; NIMH,pymupdf,12,31445,2620,,,,Effects of Primary Care Provider Characteristics on Changes in Behavioral Health Delivery During a Collaborative Care Trial.
QKGFUW4N,testing,NCATS; NIGMS,pymupdf,13,37192,2861,,,,Mentoring as a Buffer for the Impact of Social Unrest due to Systemic Racism and Ambient Discrimination.
RNRTZY8B,testing,NCATS; NIGMS,pymupdf,11,48012,4365,,,,Efficacy of a group-based brief tobacco intervention among young adults aged 18-20 years in the US Air Force.
FD6892P3,testing,NCATS; NIGMS,pymupdf,21,51860,2470,,,,Evaluation of a Virtual Culturally Aware Mentoring Workshop for Biomedical Faculty.
JDWVCU3N,testing,NCATS; NIGMS,pymupdf,7,29357,4194,,,,The role of clinician assistants in addressing perinatal depression.
5ILMUZDM,testing,NCATS; NCCIH; NIDA; NLM,pymupdf,17,46325,2725,,,,Progress Report on EMBED: A Pragmatic Trial of User-Centered Clinical Decision Support to Implement EMergency Department-Initiated BuprenorphinE for Opioid Use  Disorder.
TZCEGIPS,testing,NCATS; NIDA,pymupdf,4,21732,5433,,,,Does Medication Sampling Improve Compliance with Brief Advice? Results from a Pragmatic Randomized Clinical Trial.
LEJSIRL3,testing,NCATS; NIDA,pymupdf,16,47648,2978,,,,Nicotine replacement therapy sampling for smoking cessation within primary care: results from a pragmatic cluster randomized clinical trial.
ELFE9TR6,testing,NCATS; NIDA,pymupdf,14,62357,4454,,,,Feasibility of a Smartphone App with Mindfulness Training for Adolescent Smoking Cessation: Craving to Quit (C2Q)-Teen.
ZGY5R8VA,testing,NCATS; NIDA; NIMH,pymupdf,26,62621,2408,,,,Adolescents Treated for Attention-Deficit/Hyperactivity Disorder in Pediatric Primary Care: Characterizing Risk for Stimulant Diversion.
CZAJS6JZ,testing,NCATS; NIDA,pymupdf,20,54247,2712,,,,"Assessment of an electronic and clinician-delivered brief intervention on cigarette, alcohol and illicit drug use among women in a reproductive healthcare  clinic."
BHPICT8X,testing,NCATS; NIDA,pymupdf,12,72304,6025,,,,The HEALing (Helping to End Addiction Long-term (SM)) Communities Study: Protocol for a cluster randomized trial at the community level to reduce opioid overdose  deaths through implementation of an integrated set of evidence-based practices.
92AATY27,testing,NCATS; NIDA,pymupdf,7,33468,4781,,,,Effect of Electronic Nicotine Delivery Systems on Cigarette Abstinence in Smokers With No Plans to Quit: Exploratory Analysis of a Randomized Placebo-Controlled  Trial.
DWDRZGCT,testing,NCATS; NCCIH; NIDA,pymupdf,12,72665,6055,,,,User centered clinical decision support to implement initiation of buprenorphine for opioid use disorder in the emergency department: EMBED pragmatic cluster  randomized controlled trial.
LLVSFTB7,testing,NCATS; NIDA,pymupdf,8,47252,5906,,,,Substance Use Disorder Detection Rates Among Providers of General Medical Inpatients.
JCG8XFCD,testing,NCATS; NIDA,pymupdf,24,69403,2892,,,,"Design, implementation and preliminary results of a type-2 hybrid cluster-randomized trial of integrating screening and treatment for major  depressive disorder into specialty clinics providing opioid agonist therapies in  Ukraine."
6RK86SSU,testing,NCATS; NIDA; NIMH,pymupdf,9,43950,4883,,,,Effects of Training on Use of Stimulant Diversion Prevention Strategies by Pediatric Primary Care Providers: Results from a Cluster-Randomized Trial.
WD5UD68X,testing,NCATS; NIDA; NIMH,pymupdf,18,62832,3491,,,,Multi-Sector Assessment and Client-Perception of Social Need at Long-Term Follow-Up of a Group-Randomized Trial of Community-Engaged Collaborative Care for  Adults with Depression.
6ZNEXP5Y,testing,NCATS; NIDA,pymupdf,10,71654,7165,,,,Model and approach for assessing implementation context and fidelity in the HEALing Communities Study.
PTVTLVQU,testing,NCATS; NIDA,pymupdf,17,55560,3268,,,,"Rationale, design, and methods for the development of a youth adapted Brief Tobacco Intervention plus automated text messaging for high school students."
4B9B4HMN,testing,NCATS; NIDA,pymupdf,10,52544,5254,,,,Naloxone Co-Dispensing with Opioids: a Cluster Randomized Pragmatic Trial.
ERDDSWEX,testing,NCATS; NIDDK,pymupdf,13,38409,2955,,,,Factors associated with antidepressant use among low-income racially and ethnically diverse patients with type 2 diabetes.
JXRWVN3I,testing,NCATS; NIDDK,pymupdf,22,73385,3336,,,,Physical activity across the curriculum (PAAC3): Testing the application of technology delivered classroom physical activity breaks.
652BDZUA,testing,NCATS; NIDDK,pymupdf,8,40125,5016,,,,The Partnership to Improve Diabetes Education Trial: a Cluster Randomized Trial Addressing Health Communication in Diabetes Care.
JMZEVPCJ,testing,NCATS; NIDDK,pymupdf,22,53358,2425,,,,The Influence of Classroom Physical Activity Participation and Time on Task on Academic Achievement.
94R66Z42,testing,NCATS; NIDDK,pymupdf,20,66924,3346,,,,Protocol for a cluster-randomized controlled trial of a technology-assisted health coaching intervention for weight management in primary care: The GEM  (goals for eating and moving) study.
KSEJHAZU,testing,NCATS; NIDDK; NIGMS,pymupdf,19,99715,5248,,,,Stakeholder selected strategies for obesity prevention in childcare: results from a small-scale cluster randomized hybrid type III trial.
PGHBUF4L,testing,NCATS; NIDDK,pymupdf,17,62707,3689,,,,Effects of a large-scale social media advertising campaign on holiday travel and COVID-19 infections: a cluster randomized controlled trial.
YWEDBWJW,testing,NCATS; NIDDK,pymupdf,10,48061,4806,,,,Peer mentorship to improve outcomes in patients on hemodialysis (PEER-HD): a randomized controlled trial protocol.
IC894FGJ,testing,NCATS; NIDDK,pymupdf,13,66036,5080,,,,Enhancing Mental and Physical Health of Women through Engagement and Retention (EMPOWER) 2.0 QUERI: study protocol for a cluster-randomized hybrid type 3  effectiveness-implementation trial.
X7T22IIR,testing,NCATS; NIDDK,pymupdf,19,88286,4647,,,,Impact of Sit-to-Stand and Treadmill Desks on Patterns of Daily Waking Physical Behaviors Among Overweight and Obese Seated Office Workers: Cluster Randomized  Controlled Trial.
23XRI9U5,testing,NCATS; NIDDK,pymupdf,13,59340,4565,,,,The 6-Month Efficacy of an Intensive Lifestyle Modification Program on Type 2 Diabetes Risk Among Rural Women with Prior Gestational Diabetes Mellitus: a  Cluster Randomized Controlled Trial.
K9SBFA78,testing,NCATS; NIDDK,pymupdf,14,67457,4818,,,,"Padres Preparados, Jóvenes Saludables: intervention impact of a randomized controlled trial on Latino father and adolescent energy balance-related  behaviors."
5ZUAHHB6,testing,NCATS; NIDDK,pymupdf,18,61817,3434,,,,Care for patients living with chronic conditions using the ICAN Discussion Aid: A mixed methods cluster-randomized trial.
2M5S9SWT,testing,NCATS; NIDDK,pymupdf,18,40894,2272,,,,Rationale and design of a pragmatic trial aimed at improving treatment of hyperlipidemia in outpatients with very high risk atherosclerotic cardiovascular  disease: A pragmatic trial of messaging to providers about treatment of  hyperlipidemia (PROMPT-LIPID).
ICIRX3RH,testing,NCATS; NIDDK,pymupdf,15,62911,4194,,,,The 18-month efficacy of an Intensive LifeStyle Modification Program (ILSM) to reduce type 2 diabetes risk among rural women: a cluster randomized controlled  trial.
H96RAF69,testing,NCATS; NIDDK,pymupdf,10,46945,4694,,,,Baseline Characteristics of Randomized Participants in the Glycemia Reduction Approaches in Diabetes: A Comparative Effectiveness Study (GRADE).
TNXFU98A,testing,NCATS; NCCIH; NIDDK,pymupdf,17,99408,5848,,,,Dietary alteration of n-3 and n-6 fatty acids for headache reduction in adults with migraine: randomized controlled trial.
D9ARK62W,testing,NCATS; NICHD,pymupdf,14,77700,5550,,,,Testing the effects of a prenatal depression preventive intervention on parenting and young children's self-regulation and functioning (EPIC): protocol for a  longitudinal observational study.
78TKPTQL,testing,NCATS; NICHD; NIDDK,pymupdf,11,51183,4653,,,,A Health-Literacy Intervention for Early Childhood Obesity Prevention: A Cluster-Randomized Controlled Trial.
389ZASKJ,testing,NCATS; NICHD,pymupdf,8,59063,7383,,,,Designing a virtual mental health consultation program to support and strengthen childcare centers impacted by COVID-19: A randomized controlled trial protocol.
C2DVEERC,testing,NCATS; NICHD,pymupdf,11,49101,4464,,,,The Injury Prevention Program to Reduce Early Childhood Injuries: A Cluster Randomized Trial.
RKJANY3I,testing,NCATS; NICHD; NIDDK,pymupdf,15,43446,2896,,,,Infant Television Watching Predicts Toddler Television Watching in a Low-Income Population.
6VF8JJ2X,testing,NCATS; NICHD,pymupdf,15,45536,3036,,,,"Reopening schools safely and educating youth (ROSSEY) study: Protocol for a community-based, cluster randomized controlled trial."
KXCHSFHC,testing,NCATS; NICHD; NIDDK; NIMHD,pymupdf,15,41753,2784,,,,Early Sweet Tooth: Juice Introduction During Early Infancy is Related to Toddler Juice Intake.
6JHI58QA,testing,NCATS; NICHD; NIEHS,pymupdf,20,52924,2646,,,,Helping individuals with firearm injuries: A cluster randomized trial.
I5M96653,testing,NCATS; NICHD; NINR,pymupdf,18,59077,3282,,,,Study protocol for the Mindful Moms Study: A randomized controlled trial evaluating a mindful movement intervention for marginalized pregnant people  experiencing depression.
PE7QLEQX,testing,NCATS; NICHD; NIDA,pymupdf,12,64811,5401,,,,Parent-Focused Sexual Abuse Prevention: Results From a Cluster Randomized Trial.
L7TKTSW2,testing,NCATS; NICHD,pymupdf,12,47755,3980,,,,Reading Aloud and Child Development: A Cluster-Randomized Trial in Brazil.
5NL55D4T,testing,NCATS; NICHD,pymupdf,24,60583,2524,,,,Umbilical cord milking in nonvigorous infants: a cluster-randomized crossover trial.
2WCBD5J7,testing,NCATS; NICHD,pymupdf,20,53416,2671,,,,"Eat, Sleep, Console Approach or Usual Care for Neonatal Opioid Withdrawal."
C374RXQG,testing,NCATS; NIAMS,pymupdf,6,27169,4528,,,,Adverse Events and Resource Use Before and After Treat-to-Target in Rheumatoid Arthritis: A Post Hoc Analysis of a Randomized Controlled Trial.
NXXPM842,testing,NCATS; NIAMS,pymupdf,10,58070,5807,,,,Evaluating a web-based personalized decision report for total knee or hip replacement: Lessons learned from patients.
WAJQFQ3Z,testing,NCATS; NIAMS,pymupdf,11,50287,4572,,,,Promoting physical activity via physical therapist following knee replacement: A pilot randomized controlled trial.
Z4NURJHV,testing,NCATS; NIAMS; NIDA; NIMH; NIMHD,pymupdf,12,60523,5044,,,,Accounting for Context in Randomized Trials after Assignment.
NRWI3Y77,testing,NCATS; NIAID; NICHD,pymupdf,8,36147,4518,,,,Improving Tuberculosis Preventive Therapy Uptake: A Cluster-randomized Trial of Symptom-based Versus Tuberculin Skin Test-based Screening of Household  Tuberculosis Contacts Less Than 5 Years of Age.
H77NRAZS,testing,NCATS; NIAID,pymupdf,12,31367,2614,,,,Implementation Lessons Learned From the Benefits of Enhanced Terminal Room (BETR) Disinfection Study: Process and Perceptions of Enhanced Disinfection with  Ultraviolet Disinfection Devices.
BCB3DW2H,testing,NCATS; NIAID; NIDA,pymupdf,12,46826,3902,,,,Effect of Changing Electronic Health Record Opioid Analgesic Dispense Quantity Defaults on the Quantity Prescribed: A Cluster Randomized Clinical Trial.
BKS28DP7,testing,NCATS; NIAID; NIGMS; NIMH,pymupdf,10,42075,4208,,,,"Correlated depressive symptoms within seroconcordant, expectant partners living with HIV in Zambézia Province, Mozambique: a cross-sectional study."
47K5IY6H,testing,NCATS; NIAID,pymupdf,12,42653,3554,,,,Relationship between HIV viral suppression and multidrug resistant tuberculosis treatment outcomes.
KKDPLVEE,testing,NCATS; NIAID; NIDA; NIMH,pymupdf,17,45664,2686,,,,Integrating HCV testing with HIV programs improves hepatitis C outcomes in people who inject drugs: A cluster-randomized trial.
893TLJGV,testing,NCATS; NIAID; NIDA; NIMH,pymupdf,10,48234,4823,,,,Who can we reach and who can we keep? Predictors of intervention engagement and adherence in a cluster randomized controlled trial in South Africa.
F6FWX8KR,testing,NCATS; NIAID,pymupdf,10,51958,5196,,,,Design of the Intervention to Reduce Early Peanut Allergy in Children (iREACH): A practice-based clinical trial.
EIAXJXEU,testing,NCATS; NIAID,pymupdf,7,40216,5745,,,,Stopping Hospital Infections With Environmental Services (SHINE): A Cluster-randomized Trial of Intensive Monitoring Methods for Terminal Room  Cleaning on Rates of Multidrug-resistant Organisms in the Intensive Care Unit.
DBJHG8ID,testing,NCATS; NIAID,pymupdf,19,77273,4067,,,,Drinking water chlorination has minor effects on the intestinal flora and resistomes of Bangladeshi children.
7LYGSSK9,testing,NCATS; NIAID; NIMH,pymupdf,18,68738,3819,,,,The effect of supervision on community health workers' effectiveness with households in rural South Africa: A cluster randomized controlled trial.
GW43X77W,testing,NCATS; NIAID; NINR,pymupdf,16,42339,2646,,,,Exploring HIV disease indicators at MDR-TB treatment initiation in South Africa.
YEGAVXIH,testing,NCATS; NIAID; NIDA,pymupdf,10,42495,4250,,,,Reducing Opioid Analgesic Prescribing in Dentistry Through Prescribing Defaults: A Cluster-Randomized Controlled Trial.
5VTZH4XF,testing,NCATS; NIAAA; NIAID; NIMH,pymupdf,22,59065,2685,,,,Maternal HIV does not affect resiliency among uninfected/HIV exposed South African children from birth to 5 years of age.
DHM24KUP,testing,NCATS; NIAAA; NIAID; NIMH,pymupdf,11,49678,4516,,,,Intimate Partner Violence and Food Insecurity Predict Early Behavior Problems Among South African Children over 5-years Post-Birth.
E6UBBT62,testing,NCATS; NIAAA,pymupdf,8,31946,3993,,,,"Implementing an EMR-Based Referral for Smoking Quitline Services with Additional Provider Education, a Cluster-Randomized Trial."
DPWU5QBU,testing,NCATS; NIAAA; NIDA,pymupdf,13,60127,4625,,,,Utilizing Soccer for Delivery of HIV and Substance Use Prevention for Young South African Men: 6-Month Outcomes of a Cluster Randomized Controlled Trial.
U2EYTRVS,testing,NCATS; NIAAA; NIAID; NIMH,pymupdf,24,70154,2923,,,,"Maternal depression, alcohol use, and transient effects of perinatal paraprofessional home visiting in South Africa: Eight-year follow-up of a cluster  randomized controlled trial."
XWGJZU3Y,testing,NCATS; NIAAA; NICHD; NIMHD,pymupdf,12,52446,4370,,,,"Reproductive coercion in college health clinic patients: Risk factors, care seeking and perpetration."
3BDHTNBA,testing,NCATS; NIAAA; NIMHD,pymupdf,25,56671,2267,,,,Universal Sexual Violence Intervention Effects in a Cluster-Randomized Trial: Moderation by Sexual Orientation.
XW7ZSTNI,testing,NCATS; NIAAA; NICHD,pymupdf,19,53646,2823,,,,Cluster Randomized Trial of a College Health Center Sexual Violence Intervention.
DMXVVNZX,testing,NCATS; NIA,pymupdf,8,41078,5135,,,,Effectiveness of Shared Decision-making for Diabetes Prevention: 12-Month Results from the Prediabetes Informed Decision and Education (PRIDE) Trial.
L2WZF7QK,testing,NCATS; NIA,pymupdf,11,60406,5491,,,,A Community Choir Intervention to Promote Well-Being Among Diverse Older Adults: Results From the Community of Voices Trial.
4BMKXSKL,testing,NCATS; NIA,pymupdf,8,38531,4816,,,,Protocol for serious fall injury adjudication in the Strategies to Reduce Injuries and Develop Confidence in Elders (STRIDE) study.
VVLUK58Q,testing,NCATS; NIA,pymupdf,9,54724,6080,,,,Strategies to Reduce Injuries and Develop Confidence in Elders (STRIDE): A Cluster-Randomized Pragmatic Trial of a Multifactorial Fall Injury Prevention  Strategy: Design and Methods.
7JLBGBF2,testing,NCATS; NIA,pymupdf,13,35451,2727,,,,Perceptions of Family Decision-makers of Nursing Home Residents With Advanced Dementia Regarding the Quality of Communication Around End-of-Life Care.
ZY3258YS,testing,NCATS; NIA,pymupdf,7,40498,5785,,,,"Screening, Recruitment, and Baseline Characteristics for the Strategies to Reduce Injuries and Develop Confidence in Elders (STRIDE) Study."
4D23WKWV,testing,NCATS; NIA; NIDDK; NIMHD,pymupdf,7,25116,3588,,,,Choice of Intensive Lifestyle Change and/or Metformin after Shared Decision Making for Diabetes Prevention: Results from the Prediabetes Informed Decisions  and Education (PRIDE) Study.
9U3H73WR,testing,NCATS; NIA,pymupdf,8,35822,4478,,,,A case study of ascertainment bias for the primary outcome in the Strategies to Reduce Injuries and Develop Confidence in Elders (STRIDE) trial.
ZHYY3GB4,testing,NCATS; NIA,pymupdf,7,33755,4822,,,,Effect of a Multifactorial Fall Injury Prevention Intervention on Patient Well-Being: The STRIDE Study.
Z3Y2YRT7,testing,NCATS; NIA; NICHD; NIMH; NIMHD; NLM,pymupdf,10,48344,4834,,,,Whole Person Care in Under-resourced Communities: Stakeholder Priorities at Long-Term Follow-Up in Community Partners in Care.
4LKPGHIV,testing,NCATS; NIA,pymupdf,11,57069,5188,,,,Advancing Rehabilitation Paradigms for Older Adults in Skilled Nursing Facilities: An Effectiveness-Implementation Hybrid Type 1 Clinical Trial  Protocol.
VLRW8X99,testing,NCATS; NIA,pymupdf,13,56808,4370,,,,Resources for Enhancing Alzheimer's Caregiver Health in Vietnam (REACH VN): study protocol for a cluster randomized controlled trial to test the efficacy of a  family dementia caregiver intervention in Vietnam.
6WVELNZV,testing,NCATS; NIA; NIBIB,pymupdf,23,88992,3869,,,,Bayesian semi-parametric inference for clustered recurrent events with zero inflation and a terminal event.
YVUSKD47,testing,NCATS; NIA,pymupdf,10,49468,4947,,,,Costs of fall injuries in the STRIDE study: an economic evaluation of healthcare system heterogeneity and heterogeneity of treatment effect.
TFNCGZP2,testing,NCATS; NIA,pymupdf,10,41740,4174,,,,Advance Care Planning for African American Caregivers of Relatives With Dementias: Cluster Randomized Controlled Trial.
JN7ZXMS6,testing,NCATS; NIA,pymupdf,9,38676,4297,,,,"Effect of the STRIDE fall injury prevention intervention on falls, fall injuries, and health-related quality of life."
CD7WJ33Z,testing,NCATS; NIA; NIDDK; NIMHD,pymupdf,7,23219,3317,,,,The Effectiveness of Shared Decision-making for Diabetes Prevention: 24- and 36-Month Results From the Prediabetes Informed Decision and Education (PRIDE)  Trial.
8EQ6XLKC,testing,NCATS; NIA,pymupdf,19,48339,2544,,,,Design of Behavioral Economic Applications to Geriatrics Leveraging Electronic Health Records (BEAGLE): A pragmatic cluster randomized controlled trial.
ZHZ7QTSV,testing,NCATS; NIA; NIDDK; NIMHD,pymupdf,8,42970,5371,,,,Differences in Weight Loss by Race and Ethnicity in the PRIDE Trial: a Qualitative Analysis of Participant Perspectives.
G9KMBJ6B,testing,NCATS; NIA,pymupdf,8,41156,5144,,,,Optimizing Retention in a Pragmatic Trial of Community-Living Older Persons: The STRIDE Study.
N2CPTK4J,testing,NCATS; NIA; NINR,pymupdf,5,25956,5191,,,,Feasibility of Delivering a Tailored Intervention for Advance Care Planning in Primary Care Practice.
ICUMIHA8,testing,NCATS; NIA,pymupdf,9,43728,4859,,,,Implementation Challenges for a Multisite Advance Care Planning Pragmatic Trial: Lessons Learned.
R5QCW95B,testing,NCATS; NIA,pymupdf,11,53215,4838,,,,Health equity considerations in pragmatic trials in Alzheimer's and dementia disease: Results from a methodological review.
JIKRKTAR,testing,NCATS; NIA,pymupdf,17,53110,3124,,,,Multi-cultural perspectives on group singing among diverse older adults.
6BN6G6DB,testing,NCATS; NIA,pymupdf,11,51087,4644,,,,Methodological challenges in pragmatic trials in Alzheimer's disease and related dementias: Opportunities for improvement.
KE4VC9TP,testing,NCATS; NIA,pymupdf,11,28313,2574,,,,Mindfulness in Motion and Dietary Approaches to Stop Hypertension (DASH) in Hypertensive African Americans.
NCAJCSS6,testing,NCATS; NIA,pymupdf,12,53434,4453,,,,A Randomized Trial of a Multifactorial Strategy to Prevent Serious Fall Injuries.
UW9KRXLA,testing,NCATS,pymupdf,8,35571,4446,,,,Ketamine for acute pain after trauma: the KAPT randomized controlled trial.
JJY2QERA,testing,NCATS,pymupdf,12,49224,4102,,,,Effectiveness of a Mouth Care Program Provided by Nursing Home Staff vs Standard Care on Reducing Pneumonia Incidence: A Cluster Randomized Trial.
8B8JBF2G,testing,NCATS,pymupdf,12,43259,3605,,,,"Bright light shows promise in improving sleep, depression, and quality of life in women with breast cancer during chemotherapy: findings of a pilot study."
DIM4NXHD,testing,NCATS,pymupdf,12,55388,4616,,,,Patient and provider perspectives on uptake of a shared decision making intervention for asthma in primary care practices.
6IKCQB6I,testing,NCATS,pymupdf,10,46941,4694,,,,Direct Delivery of Kidney Transplant Education to Black and Low-Income Patients Receiving Dialysis: A Randomized Controlled Trial.
HWIHW46R,testing,NCATS,pymupdf,20,56006,2800,,,,Home-based records and vaccination appointment stickers as parental reminders to reduce vaccination dropout in Indonesia: A cluster-randomized controlled trial.
89GDG8X4,testing,NCATS,pymupdf,10,41542,4154,,,,Socio-demographic predictors of gender inequality among heterosexual couples expecting a child in south-central Uganda.
HVQZM447,testing,NCATS,pymupdf,12,57887,4824,,,,UVR-sensor wearable device intervention to improve sun behaviors and reduce sunburns in melanoma survivors: study protocol of a parallel-group randomized  controlled trial.
LN9XGGNE,testing,NCATS,pymupdf,15,48255,3217,,,,An ADaptivE PrenaTal (ADEPT) intervention to increase childhood vaccinations: Protocol for a cluster randomized trial and nested mixed methods evaluation.
ZFIWZ2T8,testing,NCATS,pymupdf,14,38244,2732,,,,Can educational videos reduce opioid consumption in trauma inpatients? A cluster-randomized pilot study.
NEFAHCCF,testing,NCATS,pymupdf,14,57119,4080,,,,Applying Clinical Decision Support Design Best Practices With the Practical Robust Implementation and Sustainability Model Versus Reliance on Commercially  Available Clinical Decision Support Tools: Randomized Controlled Trial.
ZZBZ73CA,testing,NCATS,pymupdf,8,45214,5652,,,,Protocol for a Cluster Randomized Trial Comparing Team-Based to Clinician-Focused Implementation of Advance Care Planning in Primary Care.
KHXDLKXP,testing,NCATS,pymupdf,17,79969,4704,,,,Protocol for a parallel cluster randomized trial of a participatory tailored approach to reduce overuse of antibiotics at hospital discharge: the ROAD home  trial.
GK5PNH95,testing,NCATS,pymupdf,16,62798,3925,,,,Protocol for two-arm pragmatic cluster randomized hybrid implementation-effectiveness trial comparing two education strategies for  improving the uptake of noninvasive ventilation in patients with severe COPD  exacerbation.
PF926P8I,testing,NCATS,pymupdf,12,39885,3324,,,,"Cluster identification, selection, and description in cluster randomized crossover trials: the PREP-IT trials."
NBXU2V3D,testing,NCATS,pymupdf,11,51536,4685,,,,A Randomized Clinical Trial Testing Hydroxychloroquine for Reduction of SARS-CoV-2 Viral Shedding and Hospitalization in Early Outpatient COVID-19  Infection.
TKJKYTEA,testing,NCATS,pymupdf,29,64518,2225,,,,Effectiveness and cost-effectiveness of online recorded recovery narratives in improving quality of life for people with non-psychotic mental health problems: a  pragmatic randomized controlled trial.
IRZK5FR3,testing,NCATS,pymupdf,22,83634,3802,,,,"Implementation of guppy fish (Poecilia reticulata), and a novel larvicide (Pyriproxyfen) product (Sumilarv 2MR) for dengue control in Cambodia: A  qualitative study of acceptability, sustainability and community engagement."
AASG5VBF,testing,NCATS,pymupdf,8,42263,5283,,,,Protocol and Statistical Analysis Plan for the Mode of Ventilation During Critical Illness (MODE) Trial.
PNP8QPID,testing,NCATS,pymupdf,25,72065,2883,,,,"Adjunctive dietary intervention for bipolar disorder: a randomized, controlled, parallel-group, modified double-blinded trial of a high n-3 plus low n-6 diet."
89W3LEVE,testing,NCATS,pymupdf,5,27288,5458,,,,N-of-1 trials: The epitome of personalized medicine?
W5SJQNSX,testing,NCATS,pymupdf,13,41576,3198,,,,Did awarding badges increase data sharing in BMJ Open? A randomized controlled trial.
4BDJUXEZ,testing,NCATS,pymupdf,7,49311,7044,,,,Design of the Reducing Diagnostic Error to Improve Patient Safety (REDEfINE) in COPD and asthma study: A cluster randomized comparative effectiveness trial.
MX3VF3WN,testing,NCATS,pymupdf,10,49639,4964,,,,"Effectiveness of a community-based education and peer support led by women's self-help groups in improving the control of hypertension in urban slums of  Kerala, India: a cluster randomised controlled pragmatic trial."
BF5KCURR,testing,NCATS,pymupdf,7,39885,5698,,,,Evaluating performance of covariate-constrained randomization (CCR) techniques under misspecification of cluster-level variables in cluster-randomized trials.
QZDGZRAB,testing,NCATS,pymupdf,2,10349,5174,,,,Knowledge of Norovirus and Attitudes toward a Potential Norovirus Vaccine in Rural Guatemala: A Cross-Sectional Exploratory Survey.
7SKQM2BG,testing,NCATS,pymupdf,10,52251,5225,,,,"Effects of NGM282, an FGF19 variant, on colonic transit and bowel function in functional constipation: a randomized phase 2 trial."
33G3JZ96,testing,NCATS,pymupdf,9,48230,5359,,,,The Coordination Toolkit and Coaching Project: Cluster-Randomized Quality Improvement Initiative to Improve Patient Experience of Care Coordination.
DS3N5HLD,testing,NCATS,pymupdf,10,56870,5687,,,,"Study protocol testing toolkit versus usual care for implementation of screening, brief intervention, referral to treatment in hospitals: a phased cluster  randomized approach."
E6V7F5MM,testing,NCATS,pymupdf,13,76499,5885,,,,The PRogram In Support of Moms (PRISM): study protocol for a cluster randomized controlled trial of two active interventions addressing perinatal depression in  obstetric settings.
ZM7AIX3U,testing,NCATS,pymupdf,3,18143,6048,,,,"Drinking Water Chlorination Impact on Fecal Carriage of Extended-Spectrum Beta-Lactamase-Producing Enterobacteriaceae in Bangladeshi Children in a  Double-Blind, Cluster-Randomized Controlled Trial."
Q9GGM5MW,testing,NCATS,pymupdf,12,46970,3914,,,,Saline versus Balanced Crystalloids for Adults with Aneurysmal Subarachnoid Hemorrhage: A Subgroup Analysis of the SMART Trial.
9PCK7ZJR,testing,NCATS,pymupdf,11,49405,4491,,,,Implementing stratified care for acute low back pain in primary care using the STarT Back instrument: a process evaluation within the context of a large  pragmatic cluster randomized trial.
FNXTTHPU,testing,NCATS,pymupdf,9,47668,5296,,,,Understanding Perinatal Depression Care Gaps by Examining Care Access and Barriers in Perinatal Individuals With and Without Psychiatric History.
ILM7XYYC,testing,NCATS,pymupdf,14,60549,4325,,,,A Cluster Randomized Controlled Trial Comparing Diabetes Prevention Program Interventions for Overweight/Obese Marshallese Adults.
SUMBGHKJ,testing,NCATS,pymupdf,5,24279,4856,,,,Continued impact of COVID-19 pandemic on clinical and translational science early-career researchers.
C4LPB4UC,testing,NCATS,pymupdf,13,54892,4222,,,,Effect of a Co-Located Bridging Recovery Initiative on Hospital Length of Stay Among Patients With Opioid Use Disorder: The BRIDGE Randomized Clinical Trial.
UI69ZQS2,testing,NCATS,pymupdf,6,33285,5548,,,,Payment strategies for behavioral health integration in hospital-affiliated and non-hospital-affiliated primary care practices.
UFUT48WX,testing,NCATS,pymupdf,17,48732,2867,,,,Early Palliative Care Consultation in the Medical ICU: A Cluster Randomized Crossover Trial.
TTDNBXDB,testing,NCATS,pymupdf,14,70948,5068,,,,"Implementation of a Transitional Care Model for Stroke: Perspectives From Frontline Clinicians, Administrators, and COMPASS-TC Implementation Staff."
H68FRUQK,testing,NCATS,pymupdf,13,49889,3838,,,,Asthma dissemination around patient-centered treatments in North Carolina (ADAPT-NC): a cluster randomized control trial evaluating dissemination of an  evidence-based shared decision-making intervention for asthma management.
J2RUD3YQ,testing,NCATS,pymupdf,2,3531,1766,,,,Integrating behavioral health & primary care for multiple chronic diseases: Clinical trial of a practice redesign toolkit.
HP652Y5Y,testing,NCATS,pymupdf,13,59902,4608,,,,A Cluster Randomized Trial of Primary Care Practice Redesign to Integrate Behavioral Health for Those Who Need It Most: Patients With Multiple Chronic  Conditions.
C58EBKSW,testing,NCATS,pymupdf,31,85625,2762,,,,Sample size and power considerations for cluster randomized trials with count outcomes subject to right truncation.
2BU5VVAS,testing,NCATS,pymupdf,19,53171,2798,,,,Effectiveness of training physical therapists in pain neuroscience education for patients with chronic spine pain: a cluster-randomized trial.
JK3IKY2R,testing,NCATS,pymupdf,8,40197,5025,,,,The effectiveness of training physical therapists in pain neuroscience education on patient reported outcomes for patients with chronic spinal pain: a study  protocol for a cluster randomized controlled trial.
NG593I6Q,testing,NCATS,pymupdf,21,55578,2647,,,,Research and Scholarly Methods: Implementation Science Studies.
6RHP4S6L,testing,NCATS,pymupdf,8,41072,5134,,,,Accelerating guideline dissemination in nursing homes during the COVID-19 pandemic: A patient-centered randomized controlled trial.
U8P5HEK7,testing,NCATS,pymupdf,16,52798,3300,,,,"The Effects of Multiple Micronutrient Fortified Beverage and Responsive Caregiving Interventions on Early Childhood Development, Hemoglobin, and Ferritin  among Infants in Rural Guatemala."
T9H8ETCZ,testing,NCATS,pymupdf,9,45625,5069,,,,HIV Oral Self-Testing for Male Partners of Women Attending Antenatal Care in Central Uganda: Uptake of Testing and Linkage to Care in a Randomized Trial.
CGS6PQM6,testing,NCATS,pymupdf,7,43923,6275,,,,Embedded emergency department physical therapy versus usual care for acute low back pain: a protocol for the NEED-PT randomised trial.
7DY25RVX,testing,NCATS,pymupdf,11,53770,4888,,,,Effect of a Community Health Worker-Based Approach to Integrated Cardiovascular Risk Factor Control in India: A Cluster Randomized Controlled Trial.
6H5A9EG9,testing,NCATS,pymupdf,8,32560,4070,,,,Preprocedural Ultrasound for Infant Lumbar Puncture: A Randomized Clinical Trial.
JFH6M24C,testing,NCATS,pymupdf,15,42426,2828,,,,Primary Care Cluster RCT to Increase Diabetes Prevention Program Referrals.
JYDPXACQ,testing,NCATS,pymupdf,9,52593,5844,,,,Contribution of Relapse-Independent Progression vs Relapse-Associated Worsening to Overall Confirmed Disability Accumulation in Typical Relapsing Multiple  Sclerosis in a Pooled Analysis of 2 Randomized Clinical Trials.
NV98K9JW,testing,NCATS,pymupdf,11,56360,5124,,,,"A randomized, controlled study to evaluate the efficacy of intra-articular, autologous adipose tissue injections for the treatment of mild-to-moderate knee  osteoarthritis compared to hyaluronic acid: a study protocol."
2BYWH8DR,testing,NCATS,pymupdf,10,42551,4255,,,,Examining Participant Dosage and Skill Utilization Associated with Receipt of a Perinatal Depression Preventive Intervention.
NIHKDG2K,testing,NCATS,pymupdf,9,42421,4713,,,,Hospital recruitment for a pragmatic cluster-randomized clinical trial: Lessons learned from the COMPASS study.
92NWTTEZ,testing,NCATS,pymupdf,13,65662,5051,,,,Comparing the Effectiveness of Clinicians and Paraprofessionals to Reduce Disparities in Perinatal Depression via the Mothers and Babies Course: Protocol  for a Cluster-Randomized Controlled Trial.
GFHZTEPC,testing,NCATS,pymupdf,8,46018,5752,,,,"Spatial Effects of Permethrin-Impregnated Bed Nets on Child Mortality: 26 Years on, a Spatial Reanalysis of a Cluster Randomized Trial."
45RMDS7F,testing,NCATS,pymupdf,4,25426,6356,,,,Multi-modal Analgesic Strategies for Trauma (MAST): protocol for a pragmatic randomized trial.
95N9H87Y,testing,NCATS,pymupdf,9,38067,4230,,,,Conflict resolution styles and skills and variation among medical students.
BXN9HH4S,testing,NCATS,pymupdf,7,40939,5848,,,,Using REDCap to track stakeholder engagement: A time-saving tool for PCORI-funded studies.
6FAWJ6K8,testing,NCATS,pymupdf,18,68245,3791,,,,Support Models for Addiction Related Treatment (SMART) for pregnant women: Study protocol of a cluster randomized trial of two treatment models for opioid use  disorder in prenatal clinics.
WR2FBC89,testing,NCATS,pymupdf,9,43888,4876,,,,Comparing Fidelity Outcomes of Paraprofessional and Professional Delivery of a Perinatal Depression Preventive Intervention.
U6N5AUAQ,testing,NCATS,pymupdf,15,61782,4119,,,,Co-occurrence of Violence-Related Risk and Protective Behaviors and Adult Support Among Male Youth in Urban Neighborhoods.
CPDK8SQ9,testing,NCATS,pymupdf,18,85876,4771,,,,EVITA Dengue: a cluster-randomized controlled trial to EValuate the efficacy of Wolbachia-InfecTed Aedes aegypti mosquitoes in reducing the incidence of  Arboviral infection in Brazil.
ES7QU8W6,testing,NCATS,pymupdf,7,39945,5706,,,,The Transforming Outcomes for Patients Through Medical Home Evaluation and reDesign (TOPMED) Cluster Randomized Controlled Trial: Cost and Utilization  Results.
7E4I8VGZ,testing,NCATS,pymupdf,10,62117,6212,,,,Impact of the Change Starts at Home Trial on Women's experience of intimate partner violence in Nepal.
V7CK5P6B,testing,NCATS,pymupdf,10,45089,4509,,,,Choosing an imbalance metric for covariate-constrained randomization in multiple-arm cluster-randomized trials.
3KWKT9FQ,testing,NCATS,pymupdf,15,69171,4611,,,,"Toward Safer Opioid Prescribing in HIV care (TOWER): a mixed-methods, cluster-randomized trial."
EDZ3NUR6,testing,NCATS,pymupdf,15,71208,4747,,,,"Use of mobile technology by frontline health workers to promote reproductive, maternal, newborn and child health and nutrition: a cluster randomized controlled  Trial in Bihar, India."
J4ALUY7U,testing,NCATS,pymupdf,8,23758,2970,,,,The Cluster Randomized Trial Study Design.
3XXFLIAY,testing,NCATS,pymupdf,11,45733,4158,,,,Implementing Infection Control and Quality of Life Best Practices in Nursing Homes With Project ECHO: Protocol for a Patient-Centered Randomized Controlled  Trial.
PJD4859F,testing,NCATS,pymupdf,11,45248,4113,,,,PRogram In Support of Moms (PRISM): a pilot group randomized controlled trial of two approaches to improving depression among perinatal women.
EYQGV4I5,testing,NCATS,pymupdf,13,36488,2807,,,,A Person-Centered Approach to Poststroke Care: The COMprehensive Post-Acute Stroke Services Model.
HN6XI3DU,testing,NCATS,pymupdf,2,11902,5951,,,,Reduction in antimicrobial use among medical intensive care unit patients during a cluster randomized crossover trial of palliative care consultation.
HX5GV9AS,testing,NCATS,pymupdf,11,54962,4997,,,,Optimizing individual nutrition in preterm very low birth weight infants: double-blinded randomized controlled trial.
4ZNM6VQE,testing,NCATS,pymupdf,7,45463,6495,,,,Examining racial/ethnic inequities in treatment participation among perinatal individuals with depression.
IL7BHWT6,testing,NCATS,pymupdf,37,64980,1756,,,,"Effect of a mindfulness training app on a cigarette quit attempt: an investigator-blinded, 58-county randomized controlled trial."
VQLL43FQ,testing,NCATS,pymupdf,7,43550,6221,,,,A cross-sectional study of cardiovascular disease risk clustering at different socio-geographic levels in India.
4GSI4FAA,testing,NCATS,pymupdf,25,71083,2843,,,,"Effects of an ""Active-Workstation"" Cluster RCT on Daily Waking Physical Behaviors."
HKEUETZX,testing,NCATS,pymupdf,20,74084,3704,,,,Intervening on Trust in Science to Reduce Belief in COVID-19 Misinformation and Increase COVID-19 Preventive Behavioral Intentions: Randomized Controlled Trial.
Y2SLUV8T,testing,NCATS,pymupdf,58,101544,1751,,,,Testing Digital Methods of Patient-Reported Outcomes Data Collection: Prospective Cluster Randomized Trial to Test SMS Text Messaging and Mobile Surveys.
TSGYGKYM,testing,NCCIH; NINDS,pymupdf,22,61362,2789,,,,Interdisciplinary team-based care for patients with chronic pain on long-term opioid treatment in primary care (PPACT) - Protocol for a pragmatic cluster  randomized trial.
XZ6Q2C96,testing,NCCIH; NINDS,pymupdf,16,70997,4437,,,,A Primary Care-Based Cognitive Behavioral Therapy Intervention for Long-Term Opioid Users With Chronic Pain : A Randomized Pragmatic Trial.
2UMNRGCW,testing,NCCIH; NINDS,pymupdf,20,54683,2734,,,,Economic Evaluation: A Randomized Pragmatic Trial of a Primary Care-based Cognitive Behavioral Intervention for Adults Receiving Long-term Opioids for  Chronic Pain.
8V7C4LYG,testing,NCCIH; NIDA,pymupdf,19,48134,2533,,,,Effects of Bundling Medication for Opioid Use Disorder With an mHealth Intervention Targeting Addiction: A Randomized Clinical Trial.
5JW6ZLVT,testing,NCCIH; NIDDK,pymupdf,11,48718,4429,,,,Pilot Cluster Randomized Controlled Trial of Integrative Nutritional Counseling Versus Standard Diabetes Self-Management Education for Chinese Americans with  Type 2 Diabetes.
U4TKV94S,testing,NCCIH; NIDDK,pymupdf,12,48592,4049,,,,"Design and Rationale of HiLo: A Pragmatic, Randomized Trial of Phosphate Management for Patients Receiving Maintenance Hemodialysis."
3N5XV697,testing,NCCIH; NIDDK,pymupdf,14,68363,4883,,,,"The TiME Trial: A Fully Embedded, Cluster-Randomized, Pragmatic Trial of Hemodialysis Session Duration."
BVWKLVHG,testing,NCCIH; NIDDK,pymupdf,8,42428,5304,,,,Ethical Issues in Pragmatic Cluster-Randomized Trials in Dialysis Facilities.
4L2VVRAS,testing,NCCIH; NIDDK,pymupdf,18,45326,2518,,,,Pragmatic Trial of Hospitalization Rate in Chronic Kidney Disease.
67AFTHV2,testing,NCCIH; NIAMS,pymupdf,7,33845,4835,,,,Effects of Including Epidemiologic Data in Lumbar Spine Imaging Reports on Prescribing Non-Opioid Medications for Pain.
SJVR4TTN,testing,NCCIH; NIA,pymupdf,11,55885,5080,,,,"If You Build It, Will They Come? Patient and Provider Use of a Novel Hybrid Telehealth Care Pathway for Low Back Pain."
M4TNHMYH,testing,NCCIH; NIA,pymupdf,11,51985,4726,,,,Improving Veteran Access to Integrated Management of Back Pain (AIM-Back): Protocol for an Embedded Pragmatic Cluster-Randomized Trial.
PQB2RMMU,testing,NCCIH; NIA,pymupdf,9,56954,6328,,,,Advance Care Planning Video Intervention Among Long-Stay Nursing Home Residents: A Pragmatic Cluster Randomized Clinical Trial.
NDBCX4DU,testing,NCCIH; NIA,pymupdf,16,42529,2658,,,,A Cluster Randomized Trial of Tai Chi vs Health Education in Subsidized Housing: The MI-WiSH Study.
HX2ZB2VD,testing,NCCIH; NIA,pymupdf,10,54842,5484,,,,In the Eyes of Those Who Were Randomized: Perceptions of Disadvantaged Older Adults in a Tai Chi Trial.
7Q8HUC5P,testing,NCCIH; NIA,pymupdf,18,48938,2719,,,,Impact of an Advance Care Planning Video Intervention on Care of Short-Stay Nursing Home Patients.
KXK8TLEV,testing,NCCIH,pymupdf,32,105841,3308,,,,Protocol for the Imagine HEALTH Study: Guided imagery lifestyle intervention to improve obesity-related behaviors and salivary cortisol patterns in predominantly  Latino adolescents.
M5CER7F5,testing,NCCIH,pymupdf,12,52106,4342,,,,Imagine HEALTH: Randomized Controlled Trial of a Guided Imagery Lifestyle Intervention to Improve Obesity-Related Lifestyle Behaviors in Predominantly  Latinx Adolescents.
Q4Y3ER3R,testing,NCCIH,pymupdf,9,43264,4807,,,,Prospective Cohort study of Predictors of Follow-Up Diagnostic Colonoscopy from a Pragmatic Trial of FIT Screening.
ZKUB7Y5L,testing,NCCIH,pymupdf,12,57129,4761,,,,Analysis of multiple-period group randomized trials: random coefficients model or repeated measures ANOVA?
5QJIFBRP,testing,NEI; NIMH,pymupdf,12,27709,2309,,,,Annual Versus Biannual Mass Azithromycin Distribution and Malaria Parasitemia During the Peak Transmission Season Among Children in Niger.
ZQYES9Q5,testing,NEI; NIMH,pymupdf,6,29016,4836,,,,Comparison of anthropometric indicators to predict mortality in a population-based prospective study of children under 5 years in Niger.
3V4I9246,testing,NEI; NIMH,pymupdf,17,53768,3163,,,,Mass azithromycin distribution for hyperendemic trachoma following a cluster-randomized trial: A continuation study of randomly reassigned subclusters  (TANA II).
VH5MJZ7U,testing,NEI; NIMH,pymupdf,8,32724,4090,,,,Frequency of Mass Azithromycin Distribution for Ocular Chlamydia in a Trachoma Endemic Region of Ethiopia: A Cluster Randomized Trial.
NMYAF58A,testing,NEI; NIGMS,pymupdf,6,26651,4442,,,,Temporal Trends in Phenotypic Macrolide and Nonmacrolide Resistance for Streptococcus pneumoniae Nasopharyngeal Samples Up to 36 Months after Mass  Azithromycin Administration in a Cluster-Randomized Trial in Niger.
UYKSA3BR,testing,NEI; NIMH,pymupdf,2,7148,3574,,,,Comparison of Mass Azithromycin Coverage Targets of Children in Niger: A Cluster-Randomized Trachoma Trial.
N8SBUY24,testing,NEI; NIMH,pymupdf,9,34884,3876,,,,A Longitudinal Analysis of Chlamydial Infection and Trachomatous Inflammation Following Mass Azithromycin Distribution.
WWKDJQ4L,testing,NEI; NIMH,pymupdf,5,24306,4861,,,,Mass Azithromycin Distribution and Community Microbiome: A Cluster-Randomized Trial.
Y3IVUL24,testing,NEI; NIMH,pymupdf,2,13621,6810,,,,Anthropometry and Malaria among Children in Niger: A Cross-Sectional Study.
XPFDUAYQ,testing,NEI,pymupdf,14,34947,2496,,,,Community Health Workers for Prevention of Corneal Ulcers in South India: A Cluster-Randomized Trial.
392RTAL7,testing,NEI,pymupdf,46,170753,3712,,,,Vitamin A and fish oils for preventing the progression of retinitis pigmentosa.
KFD9XVKA,testing,NEI,pymupdf,8,38534,4817,,,,Targeted Antibiotics for Trachoma: A Cluster-Randomized Trial.
VN2Z3GMG,testing,NEI,pymupdf,9,35187,3910,,,,Targeted Mass Azithromycin Distribution for Trachoma: A Community-Randomized Trial (TANA II).
38R9U3WA,testing,NEI,pymupdf,12,39943,3329,,,,Linear growth in preschool children treated with mass azithromycin distributions for trachoma: A cluster-randomized trial.
AULRV66J,testing,NEI,pymupdf,4,15561,3890,,,,Post-antibiotic Ocular Surface Microbiome in Children: A Cluster-Randomized Trial.
Y4PYDT6J,testing,NEI,pymupdf,10,20245,2024,,,,Effect of Azithromycin on the Ocular Surface Microbiome of Children in a High Prevalence Trachoma Area.
36HV682B,testing,NEI,pymupdf,7,28737,4105,,,,Risk factors for corneal abrasions in Nepal: a community-based study.
X3CRX49A,testing,NEI,pymupdf,4,17242,4310,,,,Gut Resistome of Preschool Children After Prolonged Mass Azithromycin Distribution: A Cluster-randomized Trial.
M33HNRXE,testing,NEI,pymupdf,12,57022,4752,,,,"Changing hygiene behaviours: a cluster-randomized trial, Ethiopia."
JH6JQDBD,testing,NEI,pymupdf,2,13747,6874,,,,Community Hand-Dug Wells for Trachoma: A Cluster-Randomized Trial.
AEKPMZDH,testing,NEI,pymupdf,6,30487,5081,,,,Azithromycin Reduction to Reach Elimination of Trachoma (ARRET): study protocol for a cluster randomized trial of stopping mass azithromycin distribution for  trachoma.
KG6HCUIJ,testing,NHGRI,pymupdf,11,51504,4682,,,,Reducing decisional conflict in decisions about prenatal genetic testing: the impact of a dyadic intervention at the start of prenatal care.
4347I8U7,testing,NIA; NIGMS; NLM,pymupdf,16,75870,4742,,,,A Scalable Service to Improve Health Care Quality Through Precision Audit and Feedback: Proposal for a Randomized Controlled Trial.
FV293MF3,testing,NIA; NIMH,pymupdf,7,35093,5013,,,,Caregiver Speaks Study Protocol: A Technologically-Mediated Storytelling Intervention for Hospice Family Caregivers of Persons Living With Dementia.
SBVY3TGC,testing,NIA; NIGMS,pymupdf,10,42965,4296,,,,An mHealth Diabetes Intervention for Glucose Control: Health Care Utilization Analysis.
4UQJBDTF,testing,NIA; NIAMS,pymupdf,9,49927,5547,,,,"The Contribution of Patient, Primary Care Physician, and Primary Care Clinic Factors to Good Bone Health Care."
RYA7FGYI,testing,NIA; NIMHD,pymupdf,11,86693,7881,,,,"The Church Challenge: A community-based multilevel cluster randomized controlled trial to improve blood pressure and wellness in African American churches in  Flint, Michigan."
NYT8TV5W,testing,NIA; NIDDK,pymupdf,10,47090,4709,,,,A Behavioral Economics-Electronic Health Record Module to Promote Appropriate Diabetes Management in Older Adults: Protocol for a Pragmatic Cluster Randomized  Controlled Trial.
7NHDV3J9,testing,NIA; NICHD; NIDDK,pymupdf,11,65084,5917,,,,Effect of a Multicomponent Home-Based Physical Therapy Intervention on Ambulation After Hip Fracture in Older Adults: The CAP Randomized Clinical Trial.
UUU3B93D,testing,NIA; NINR,pymupdf,15,65629,4375,,,,TEAM-UP for quality: a cluster randomized controlled trial protocol focused on preventing pressure ulcers through repositioning frequency and precipitating  factors.
TA793S87,testing,NIA; NINR,pymupdf,10,50794,5079,,,,Effect of the STAMP (Sharing and Talking About My Preferences) Intervention on Completing Multiple Advance Care Planning Activities in Ambulatory Care : A  Cluster Randomized Controlled Trial.
ZNV4MKDT,testing,NIA; NICHD,pymupdf,18,56544,3141,,,,The effects of a workplace intervention on employees' cortisol awakening response.
5KN7Q7SX,testing,NIA; NIAID; NICHD,pymupdf,25,86740,3470,,,,"Evaluation of a community-based mobile video breastfeeding intervention in Khayelitsha, South Africa: The Philani MOVIE cluster-randomized controlled trial."
WKXCBGM3,testing,NIA; NIAID; NIGMS,pymupdf,10,49200,4920,,,,Architecting Process of Care: A randomized controlled study evaluating the impact of providing nonadherence information and pharmacist assistance to physicians.
HY5KNXPB,testing,NIA; NINR,pymupdf,17,43366,2551,,,,"Change in Depression, Confidence, and Physical Function Among Older Adults With Mild Cognitive Impairment."
BB5EFB7Y,testing,NIA; NINR,pymupdf,15,36188,2413,,,,Resident Vignettes for Assessing Care Quality in Nursing Homes.
S2ZQHQ7S,testing,NIA; NIMH,pymupdf,20,97025,4851,,,,"Study protocol for comparing Screening, Brief Intervention, and Referral to Treatment (SBIRT) to referral as usual for depression in African American  churches."
CQWMFUI8,testing,NIA; NIMHD,pymupdf,12,30710,2559,,,,Nursing home staff perspectives on adoption of an innovation in goals of care communication.
CWS9XSIY,testing,NIA; NIMH,pymupdf,18,47603,2645,,,,The Female Athlete Body project study: 18-month outcomes in eating disorder symptoms and risk factors.
WZHWKDU4,testing,NIA; NIGMS,pymupdf,10,47114,4711,,,,"Impact of the iWHELD digital person-centered care program on quality of life, agitation and psychotropic medications in people with dementia living in nursing  homes during the COVID-19 pandemic: A randomized controlled trial."
83RPH6BD,testing,NIA; NIDDK,pymupdf,2,8062,4031,,,,"Only one cluster per condition is an invalid design for a cluster randomized trial and should be re-labeled a quasi-experimental study. Response to: ""Effect  of behavioral activation on time and frequency domain heart rate variability in  older adults with subthreshold depression: a cluster randomized controlled trial  in Thailand""."
9X4PEVBD,testing,NIA; NINDS,pymupdf,15,72712,4847,,,,"Mixed-Method, Multilevel Clustered-Randomized Control Trial for Menstrual Health Disparities."
MRAHGVSS,testing,NIA; NINDS,pymupdf,2,13300,6650,,,,Physical Activity in Hospitalized Persons With Dementia: Feasibility and Validity of the MotionWatch 8.
2MWISP7C,testing,NIA; NIDDK,pymupdf,9,42819,4758,,,,Electronic Decision Support for Management of CKD in Primary Care: A Pragmatic Randomized Trial.
XGDEQSIC,testing,NIA; NINDS,pymupdf,20,51425,2571,,,,Delirium and Behavioral Symptoms in Persons With Dementia at Hospital Admission: Mediating Factors.
9I6YTA9P,testing,NIA; NIDDK,pymupdf,23,75419,3279,,,,"Randomization, design and analysis for interdependency in aging research: no person or mouse is an island."
6NZ2X7WN,testing,NIA; NIDDK; NIGMS,pymupdf,19,52407,2758,,,,Predictors of racial differences in weight loss: the PROPEL trial.
M9BWEQ9C,testing,NIA; NIDDK,pymupdf,9,45557,5062,,,,Geriatric Syndromes and Health-Related Quality of Life in Older Adults with Chronic Kidney Disease.
6SAHHJTI,testing,NIA; NIDDK,pymupdf,8,40509,5064,,,,Effect of Long-term Exercise Training on Physical Performance and Cardiorespiratory Function in Adults With CKD: A Randomized Controlled Trial.
M7LQMW8H,testing,NIA,pymupdf,10,24330,2433,,,,Agreement of Antipsychotic Use between Nursing Home Electronic Records and Minimum Data Set.
VJETY9NK,testing,NIA,pymupdf,14,82762,5912,,,,Vestibular therapy to reduce falls in people with Alzheimer's disease: study protocol for a pilot randomized controlled trial.
SAGEATPB,testing,NIA,pymupdf,14,60300,4307,,,,A Multifaceted Intervention Improves Prescribing for Acute Respiratory Infection for Adults and Children in Emergency Department and Urgent Care Settings.
4NA6ICX5,testing,NIA,pymupdf,9,54073,6008,,,,"Effect of the Tailored, Family-Involved Hospital Elder Life Program on Postoperative Delirium and Function in Older Adults: A Randomized Clinical Trial."
NCZHFUG6,testing,NIA,pymupdf,8,37586,4698,,,,LungCARE: Encouraging Shared Decision-Making in Lung Cancer Screening-a Randomized Trial.
DGN43CXD,testing,NIA,pymupdf,10,44569,4457,,,,Population-Based Pragmatic Trial of Advance Care Planning in Primary Care in the University of California Health System.
SCVW75H8,testing,NIA,pymupdf,12,55033,4586,,,,Patient and public involvement in pragmatic trials: online survey of corresponding authors of published trials.
FGKYM2SH,testing,NIA,pymupdf,5,19603,3921,,,,Resources for Enhancing Alzheimer's Caregiver Health in Vietnam (REACH VN): Exploratory Analyses of Outcomes of a Cluster Randomized Controlled Trial to Test  the Feasibility and Preliminary Efficacy of a Family Dementia Caregiver  Intervention in Vietnam.
56IHXJJI,testing,NIA,pymupdf,18,49035,2724,,,,Resident-to-Resident Mistreatment: Evaluation of a Staff Training Program in the Reduction of Falls and Injuries.
BK76F4GJ,testing,NIA,pymupdf,16,80953,5060,,,,Resident-to-resident elder mistreatment (R-REM) intervention for direct care staff in assisted living residences: study protocol for a cluster randomized  controlled trial.
GDJ4LD32,testing,NIA,pymupdf,14,59558,4254,,,,Personalized Disease Prevention (PDP): study protocol for a cluster-randomized clinical trial.
PMAXGL5B,testing,NIA,pymupdf,16,63369,3961,,,,Risk Factors Associated With Transition From Acute to Chronic Low Back Pain in US Patients Seeking Primary Care.
WT4FKUEX,testing,NIA,pymupdf,12,51768,4314,,,,Results of a multi-site pragmatic hybrid type 3 cluster randomized trial comparing level of facilitation while implementing an intervention in  community-dwelling disabled and older adults in a Medicaid waiver.
SX22ZM82,testing,NIA,pymupdf,19,54019,2843,,,,"Using Structured Observations to Evaluate the Effects of a Personalized Music Intervention on Agitated Behaviors and Mood in Nursing Home Residents With  Dementia: Results From an Embedded, Pragmatic Randomized Controlled Trial."
VK6ISFI7,testing,NIA,pymupdf,6,35200,5867,,,,Association Between Improved Mobility and Distal Health Outcomes.
S7WLRJUA,testing,NIA,pymupdf,20,75807,3790,,,,The effects of a physical and cognitive training intervention vs. physical training alone on older adults' physical activity: A randomized controlled trial  with extended follow-up during COVID-19.
7FV77GHR,testing,NIA,pymupdf,25,74233,2969,,,,MIND at Home-Streamlined: Study protocol for a randomized trial of home-based care coordination for persons with dementia and their caregivers.
QRNNZKQD,testing,NIA,pymupdf,7,34278,4897,,,,Effect of Social Comparison Feedback on Laboratory Test Ordering for Hospitalized Patients: A Randomized Controlled Trial.
G3V64L83,testing,NIA,pymupdf,7,40620,5803,,,,Application of randomization techniques for balancing site covariates in the adult day service plus pragmatic cluster-randomized trial.
DSCI2YQI,testing,NIA,pymupdf,21,69882,3328,,,,Testing Function Focused Care for Acute Care using the Evidence Integration Triangle: Protocol description.
RC54XH99,testing,NIA,pymupdf,18,52407,2912,,,,Reliability and Validity of the Neuropsychiatric Inventory-Questionnaire Using a Rasch Analysis.
QDC744HA,testing,NIA,pymupdf,12,62212,5184,,,,Reducing Care Overuse in Older Patients Using Professional Norms and Accountability : A Cluster Randomized Controlled Trial.
XSBXXCT3,testing,NIA,pymupdf,19,46568,2451,,,,Assessing gait efficacy in older adults: An analysis using item response theory.
VXSX55VK,testing,NIA,pymupdf,12,34064,2839,,,,Intraclass Correlation Coefficients for Planning Cluster Randomized Trials in Community-Dwelling Older Adults.
JNNSEAAG,testing,NIA,pymupdf,9,44205,4912,,,,Can clinician champions reduce potentially inappropriate medications in people living with dementia? Study protocol for a cluster randomized trial.
NVKKCW4E,testing,NIA,pymupdf,10,49690,4969,,,,"A dynamic application of PRECIS-2 to evaluate implementation in a pragmatic, cluster randomized clinical trial in two nursing home systems."
RP5TMMXH,testing,NIA,pymupdf,12,58868,4906,,,,Measuring implementation fidelity in a cluster-randomized pragmatic trial: development and use of a quantitative multi-component approach.
AVNZGS8L,testing,NIA,pymupdf,18,54090,3005,,,,Ethical analysis of vulnerabilities in cluster randomized trials involving people living with dementia in long-term care homes.
8X8VAVS2,testing,NIA,pymupdf,5,31091,6218,,,,A cluster randomized controlled trial to test the feasibility and preliminary effectiveness of a family dementia caregiver intervention in Vietnam: The REACH  VN study protocol.
668LFLRC,testing,NIA,pymupdf,5,27947,5589,,,,Hospital-Associated Complications of Older People: A Proposed Multicomponent Outcome for Acute Care.
7JHMUXBM,testing,NIA,pymupdf,9,54067,6007,,,,Effect of a Ward-Based Program on Hospital-Associated Complications and Length of Stay for Older Inpatients: The Cluster Randomized CHERISH Trial.
N644CX8B,testing,NIA,pymupdf,11,30279,2753,,,,Effect of a Video-Assisted Advance Care Planning Intervention on End-of-Life Health Care Transitions Among Long-Stay Nursing Home Residents.
GSZMCC5S,testing,NIA,pymupdf,14,57754,4125,,,,Effectiveness of a Multicomponent Intervention to Reduce Multidrug-Resistant Organisms in Nursing Homes: A Cluster Randomized Clinical Trial.
K7VA9ZA6,testing,NIA,pymupdf,17,45818,2695,,,,An Advance Care Planning Video Decision Support Tool for Nursing Home Residents With Advanced Dementia: A Cluster Randomized Clinical Trial.
7EUMUR7L,testing,NIA,pymupdf,8,39081,4885,,,,Effect of Peer Benchmarking on Specialist Electronic Consult Performance in a Los Angeles Safety-Net: a Cluster Randomized Trial.
W7JB8WJ4,testing,NIA,pymupdf,8,41480,5185,,,,Effect of advance care planning video on do-not-hospitalize orders for nursing home residents with advanced illness.
WKF8PMVN,testing,NIA,pymupdf,17,47432,2790,,,,Pragmatic Trial of Personalized Music for Agitation and Antipsychotic Use in Nursing Home Residents With Dementia.
HHV9UIL8,testing,NIA,pymupdf,12,62834,5236,,,,Measuring the effects of a personalized music intervention on agitated behaviors among nursing home residents with dementia: design features for  cluster-randomized adaptive trial.
AUPMUZSK,testing,NIA,pymupdf,15,33945,2263,,,,Representation in the Care Planning Process for Nursing Home Residents With Dementia.
4G67IF2E,testing,NIA,pymupdf,14,65692,4692,,,,The trial to reduce antimicrobial use in nursing home residents with Alzheimer's disease and other dementias: study protocol for a cluster randomized controlled  trial.
ENRGULMN,testing,NIA,pymupdf,11,58131,5285,,,,Clinical Effectiveness of Cognitively Enhanced Tai Ji Quan Training on Global Cognition and Dual-Task Performance During Walking in Older Adults With Mild  Cognitive Impairment or Self-Reported Memory Concerns : A Randomized Controlled  Trial.
UKWR9HXN,testing,NIA,pymupdf,12,45721,3810,,,,The Modified Caregiver Strain Index in Black and White Dementia Caregivers at Hospital Discharge.
CM3N743Z,testing,NIA,pymupdf,14,35593,2542,,,,Factors Associated With Sleep Quality in Hospitalized Persons With Dementia.
P5ASMXQM,testing,NIA,pymupdf,9,44787,4976,,,,Caregiver preparedness is associated with desire to seek long-term care admission of hospitalized persons with dementia.
A3DS3XMT,testing,NIA,pymupdf,8,41768,5221,,,,Digital detection of dementia (D(3)): a study protocol for a pragmatic cluster-randomized trial examining the application of patient-reported outcomes  and passive clinical decision support systems.
9YDDGPRA,testing,NIA,pymupdf,21,51789,2466,,,,Effect of menopausal hormone therapy on arterial wall echomorphology: Results from the Early versus Late Intervention Trial with Estradiol (ELITE).
2W2VMC7U,testing,NIA,pymupdf,16,69640,4352,,,,Developing and Testing Remote Implementation for the Changing Talk Online (CHATO) Communication Intervention for Nursing Home Staff: A Pilot Pragmatic Randomized  Controlled Trial.
YY2Y4J6Y,testing,NIA,pymupdf,8,35831,4479,,,,Advancing family dementia caregiver interventions in low- and middle-income countries: A pilot cluster randomized controlled trial of Resources for Advancing  Alzheimer's Caregiver Health in Vietnam (REACH VN).
27HHPVDB,testing,NIA,pymupdf,13,48963,3766,,,,The design and conduct of a pragmatic cluster randomized trial of an advance care planning program for nursing home residents with dementia.
GCNXXHDX,testing,NIA,pymupdf,15,33956,2264,,,,Medication use quality and safety in older adults: 2022 update.
G5AIEDKN,testing,NIA,pymupdf,11,59922,5447,,,,Embedding Caregiver Support Within Adult Day Services: Outcomes of a Multisite Trial.
9QV6LKJA,testing,NIA,pymupdf,17,50984,2999,,,,A Cluster Randomized Controlled Trial Testing the Impact of Function and Behavior Focused Care for Nursing Home Residents With Dementia.
8NRL8T54,testing,NIA,pymupdf,8,44411,5551,,,,Perceptions of event notification following discharge to improve geriatric care: qualitative interviews of care team members from a 2-site cluster randomized  trial.
RMZNQIE9,testing,NIA,pymupdf,8,38423,4803,,,,Sustained impact of community-based interventions on contraceptive use among married adolescent girls in rural Niger: Results from a cluster randomized  controlled trial.
XVZRE9CR,testing,NIA,pymupdf,22,63381,2881,,,,SHARING Choices: Design and rationale for a pragmatic trial of an advance care planning intervention for older adults with and without dementia in primary care.
DLPYKKUZ,testing,NIA,pymupdf,11,59018,5365,,,,Recruitment of older adults from long-term care settings for a longitudinal clinical trial.
4AY2WR3U,testing,NIA,pymupdf,10,43348,4335,,,,SHARING Choices: Lessons Learned from a Primary-Care Focused Advance Care Planning Intervention.
KV28CSXV,testing,NIA,pymupdf,11,44129,4012,,,,Concordance Between Proxy Level of Care Preference and Advance Directives Among Nursing Home Residents With Advanced Dementia: A Cluster Randomized Clinical  Trial.
H8U7KRVH,testing,NIA,pymupdf,9,25938,2882,,,,Strategies to Prevent Serious Fall Injuries: A Commentary on Bhasin et al. A Randomized Trial of a Multifactorial Strategy to Prevent Serious Fall Injuries. N  Engl J Med. 2020;383(2):129-140.
4JDNFZC7,testing,NIA,pymupdf,13,37029,2848,,,,Three Nurse-administered Protocols Reduce Nutritional Decline and Frailty in Older Gastrointestinal Surgery Patients: A Cluster Randomized Trial.
3IGYKNGH,testing,NIA,pymupdf,13,37760,2905,,,,Role of Hand Hygiene Ambassador and Implementation of Directly Observed Hand Hygiene Among Residents in Residential Care Homes for the Elderly in Hong Kong.
9A76VE5R,testing,NIA,pymupdf,9,55231,6137,,,,Interventions to Reduce Ageism Against Older Adults: A Systematic Review and Meta-Analysis.
KGR36X85,testing,NIA,pymupdf,14,46109,3294,,,,Protocol for an embedded pragmatic clinical trial to test the effectiveness of Aliviado Dementia Care in improving quality of life for persons living with  dementia and their informal caregivers.
HZH7VKVP,testing,NIA,pymupdf,20,49933,2497,,,,Evaluating the Safety of an Educational Deprescribing Intervention: Lessons from the Optimize Trial.
GI62Z9QD,testing,NIA,pymupdf,15,41595,2773,,,,Hospital Elder Life Program in Long-Term Care (HELP-LTC): A Cluster Randomized Controlled Trial.
HMITKU4R,testing,NIA,pymupdf,15,37032,2469,,,,A behavioral intervention to promote use of multimodal pain medication for hospitalized patients: A randomized controlled trial.
YGT6CCGT,testing,NIA,pymupdf,17,46831,2755,,,,"Pain Incidence, Treatment, and Associated Symptoms in Hospitalized Persons with Dementia."
BBXP6ADJ,testing,NIA,pymupdf,11,56513,5138,,,,Testing an Intervention to Improve Posthospital Outcomes in Persons Living With Dementia and Their Family Care Partners.
V75G53SK,testing,NIA,pymupdf,9,49489,5499,,,,Recruiting and Retaining Dyads of Hospitalized Persons with Dementia and Family Caregivers.
XLBLVF4U,testing,NIA,pymupdf,15,81200,5413,,,,Reducing disability via a family centered intervention for acutely ill persons with Alzheimer's disease and related dementias: protocol of a cluster-randomized  controlled trial (Fam-FFC study).
XZSSRCQQ,testing,NIA,pymupdf,6,30874,5146,,,,"Enhancing Palliative Care for Patients With Advanced Heart Failure Through Simple Prognostication Tools: A Comparison of the Surprise Question, the Number of  Previous Heart Failure Hospitalizations, and the Seattle Heart Failure Model for  Predicting 1-Year Survival."
D5MT9R7C,testing,NIA,pymupdf,8,46211,5776,,,,Evaluating the Findings of the IMPACT-C Randomized Clinical Trial to Improve COVID-19 Vaccine Coverage in Skilled Nursing Facilities.
Z582MYLU,testing,NIA,pymupdf,9,55956,6217,,,,Deprescribing Education vs Usual Care for Patients With Cognitive Impairment and Primary Care Clinicians: The OPTIMIZE Pragmatic Cluster Randomized Trial.
GP44YDTA,testing,NIA,pymupdf,13,61499,4731,,,,"The OPTIMIZE patient- and family-centered, primary care-based deprescribing intervention for older adults with dementia or mild cognitive impairment and  multiple chronic conditions: study protocol for a pragmatic cluster randomized  controlled trial."
3QQZB4ZH,testing,NIA,pymupdf,10,53693,5369,,,,Effect of Doxycycline on Aneurysm Growth Among Patients With Small Infrarenal Abdominal Aortic Aneurysms: A Randomized Clinical Trial.
VSBNZPUS,testing,NIA,pymupdf,15,78051,5203,,,,Effectiveness of Quality Improvement Coaching on Process Outcomes in Health Care Settings: A Systematic Review.
ZKK4BKTQ,testing,NIA,pymupdf,14,48203,3443,,,,Multicrossover Randomized Controlled Trial Designs in Alzheimer Disease.
V6W2HD3R,testing,NIA,pymupdf,17,45812,2695,,,,Effect of Community-Based Group Exercise Interventions on Standing Balance and Strength in Independent Living Older Adults.
93FNETVQ,testing,NIA,pymupdf,12,33998,2833,,,,Medication Use Quality and Safety in Older Adults: 2019 Update.
QNXF4WMN,testing,NIA,pymupdf,9,31120,3458,,,,Medication Use Quality and Safety in Older Adults: 2018 Update.
IGQ8WSPJ,testing,NIA,pymupdf,22,62047,2820,,,,"Supplemental income program design: A cluster-randomized controlled trial to examine the health and wellbeing effects on older adults by gender, duration, and  payment frequency."
52R34RAC,testing,NIA,pymupdf,8,46284,5786,,,,"Effect of Nudges to Clinicians, Patients, or Both to Increase Statin Prescribing: A Cluster Randomized Clinical Trial."
SPGKN8GS,testing,NIAAA; NIMHD,pymupdf,9,55198,6133,,,,25 Years of Complex Intervention Trials: Reflections on Lived and Scientific Experiences.
4LJNP9IY,testing,NIAAA; NIAID,pymupdf,9,61197,6800,,,,"Design of a randomized controlled trial of smoking cessation medications for alcohol reduction among HIV-positive heavy drinkers and daily smokers in St.  Petersburg, Russia."
B5PSHGJ9,testing,NIAAA; NIMH,pymupdf,19,49915,2627,,,,Implementing Illness Management and Recovery Within Assertive Community Treatment: A Pilot Trial of Feasibility and Effectiveness.
HA7NFJKF,testing,NIAAA; NICHD,pymupdf,31,92331,2978,,,,"A cluster-randomized trial of a college health center-based alcohol and sexual violence intervention (GIFTSS): Design, rationale, and baseline sample."
EZVDX7EV,testing,NIAAA; NIMH,pymupdf,12,63268,5272,,,,The association of maternal alcohol use and paraprofessional home visiting with children's health: A randomized controlled trial.
WJAFVFA8,testing,NIAAA; NIDA; NIMHD,pymupdf,5,30722,6144,,,,Persons from racial and ethnic minority groups receiving medication for opioid use disorder experienced increased difficulty accessing harm reduction services  during COVID-19.
3LHY56PV,testing,NIAAA; NIDDK,pymupdf,9,43388,4821,,,,Health Within Reach-a Patient-Centered Intervention to Increase Hepatitis B Screening Among Asian Americans: a Randomized Clinical Trial.
ZJKQ8F5L,testing,NIAAA; NIDA,pymupdf,10,37814,3781,,,,Gender Differences in Impacts of Place-Based Neighborhood Greening Interventions on Fear of Violence Based on a Cluster-Randomized Controlled ﻿Trial.
FJXKFL9F,testing,NIAAA; NIAID; NIMH,pymupdf,18,53957,2998,,,,Home Visiting and Antenatal Depression Affect the Quality of Mother and Child Interactions in South Africa.
PSM5JQ3Y,testing,NIAAA; NIDA,pymupdf,14,53557,3826,,,,Effect of Greening Vacant Land on Mental Health of Community-Dwelling Adults: A Cluster Randomized Trial.
QN49II8P,testing,NIAAA; NIDA,pymupdf,6,44252,7375,,,,"Citywide cluster randomized trial to restore blighted vacant land and its effects on violence, crime, and fear."
FDPS9FE9,testing,NIAAA; NIDA,pymupdf,15,85029,5669,,,,"Study protocol for a factorial-randomized controlled trial evaluating the implementation, costs, effectiveness, and sustainment of digital therapeutics for  substance use disorder in primary care (DIGITS Trial)."
3WNQ9RHH,testing,NIAAA; NIAID; NIMH,pymupdf,18,46782,2599,,,,Universal HIV Testing and Treatment With Patient-Centered Care Improves ART Uptake and Viral Suppression Among Adults Reporting Hazardous Alcohol Use in  Uganda and Kenya.
T47RKM5B,testing,NIAAA; NICHD,pymupdf,18,48460,2692,,,,Sexual Communication and Sexual Consent Self-Efficacy Among College Students: Implications for Sexually Transmitted Infection Prevention.
QEFC624Z,testing,NIAAA; NIAID,pymupdf,15,65084,4339,,,,Effectiveness of Varenicline and Cytisine for Alcohol Use Reduction Among People With HIV and Substance Use: A Randomized Clinical Trial.
9K6L8NPX,testing,NIAAA; NIDA; NIMH,pymupdf,17,42339,2491,,,,Standardized Versus Tailored Implementation of Measurement-Based Care for Depression in Community Mental Health Clinics.
MEKD4KMW,testing,NIAAA; NIDA,pymupdf,12,61282,5107,,,,Addressing identification bias in the design and analysis of cluster-randomized pragmatic trials: a case study.
ZSZEJEG4,testing,NIAAA; NICHD,pymupdf,9,46156,5128,,,,College students' experiences of sexual violence and reasons for seeking care in campus health and counseling centers.
RB9I4EW6,testing,NIAAA; NICHD; NIDA,pymupdf,8,46617,5827,,,,Efficacy and Safety of Varenicline for Adolescent Smoking Cessation: A Randomized Clinical Trial.
RWMD4Q74,testing,NIAAA,pymupdf,10,50391,5039,,,,"The Effects of Cooperative Learning on Peer Relations, Academic Support, and Engagement in Learning Among Students of Color."
KMVAL9WZ,testing,NIAAA,pymupdf,13,49747,3827,,,,Reciprocated Friendship as a Mediator of the Effects of Cooperative Learning on Peer Victimization in Middle School.
VTXUDLKI,testing,NIAAA,pymupdf,18,53384,2966,,,,Mediators of Effects of Cooperative Learning on Prosocial Behavior in Middle School.
DCPKMZRA,testing,NIAAA,pymupdf,19,45519,2396,,,,The Longitudinal Relationship Between Peer Relations and Empathy and their Joint Contribution to Reducing Bullying in Middle School: Findings from a Randomized  Trial of Cooperative Learning.
VASRLIV9,testing,NIAAA,pymupdf,25,59777,2391,,,,The Cascading Effects of Reducing Student Stress: Cooperative Learning as a Means to Reduce Emotional Problems and Promote Academic Engagement.
W5M3P4MY,testing,NIAAA,pymupdf,17,49561,2915,,,,"Effects of cooperative learning on peer relations, empathy, and bullying in middle school."
QRJXSLKY,testing,NIAAA,pymupdf,16,39103,2444,,,,Enlisting Peer Cooperation in the Service of Alcohol Use Prevention in Middle School.
BWCFXZ8L,testing,NIAAA,pymupdf,18,45697,2539,,,,Cooperative Learning Effects on Peer Relations and Alcohol Use in Middle School.
XQWL3HY9,testing,NIAAA,pymupdf,10,59741,5974,,,,"Cooperative Learning in Middle School: A Means to Improve Peer Relations and Reduce Victimization, Bullying, and Related Outcomes."
LZE9T854,testing,NIAAA,pymupdf,16,39430,2464,,,,Peer influence processes as mediators of effects of a middle school substance use prevention program.
2CRQDIHN,testing,NIAAA,pymupdf,11,60151,5468,,,,"The effects of cooperative learning on self-reported peer relations, peer support, and classroom engagement among students with disabilities."
TJY49I4I,testing,NIAAA,pymupdf,22,52430,2383,,,,Costs and benefits of cooperative learning as a universal school-based approach to adolescent substance use prevention.
IYS5C8L6,testing,NIAAA,pymupdf,12,62465,5205,,,,"A Longitudinal Process Model Evaluating the Effects of Cooperative Learning on Victimization, Stress, Mental Health, and Academic Engagement in Middle School."
RT77AMLV,testing,NIAAA,pymupdf,16,65197,4075,,,,Use of an Automated Bilingual Digital Health Tool to Reduce Unhealthy Alcohol Use Among Latino Emergency Department Patients: A Randomized Clinical Trial.
C5JXLSUM,testing,NIAAA,pymupdf,8,42806,5351,,,,A randomized controlled trial of a brief motivational interviewing-based group intervention for emerging adults experiencing homelessness: 24-month effects on  alcohol use.
XMMCNU97,testing,NIAAA,pymupdf,22,69624,3165,,,,A randomized controlled trial of a brief motivational interviewing-based group intervention for emerging adults experiencing homelessness: 12-Month effects on  substance use and sexual risk behavior.
5KSENBRK,testing,NIAAA,pymupdf,17,83140,4891,,,,Computer-Facilitated Screening and Brief Intervention for Alcohol Use Risk in Adolescent Patients of Pediatric Primary Care Offices: Protocol for a Cluster  Randomized Controlled Trial.
A9YFYUW7,testing,NIAAA,pymupdf,16,49506,3094,,,,Randomized Trial to Reduce Risky Sexual Behavior Among Justice-Involved Adolescents.
CUM3GQXP,testing,NIAAA,pymupdf,19,44986,2368,,,,Effects of the Universal Prevention Curriculum for Schools on Substance Use Among Peruvian Adolescents: A Randomized Trial.
7RHBB6YS,testing,NIAAA,pymupdf,10,40192,4019,,,,Three-Year Outcomes After Brief Treatment of Substance Use and Mood Symptoms.
EQFXGLNL,testing,NIAAA,pymupdf,5,25566,5113,,,,Effect of Remediating Blighted Vacant Land on Shootings: A Citywide Cluster Randomized Trial.
AFCWE9KZ,testing,NIAAA,pymupdf,19,54731,2881,,,,Effectiveness of a pharmacist-delivered primary care telemedicine intervention to increase access to pharmacotherapy and specialty treatment for alcohol use  problems: Protocol for the alcohol telemedicine consult cluster-randomized  pragmatic trial.
8EZG7HP9,testing,NIAAA,pymupdf,10,61344,6134,,,,Student-centered instruction can build social-emotional skills and peer relations: Findings from a cluster-randomized trial of technology-supported  cooperative learning.
RC3NW9E4,testing,NIAAA,pymupdf,9,50217,5580,,,,A Group Randomized Trial of the Stop Service to Obviously-Impaired Patrons (S-STOP) Program to Prevent Overservice in Bars and Restaurants in College  Communities.
U8ZJRIVR,testing,NIAAA,pymupdf,13,40107,3085,,,,Safer Bars: A cluster-randomized effectiveness evaluation of alcohol-related sexual violence prevention through bar staff bystander training.
RCY3W772,testing,NIAAA,pymupdf,11,57943,5268,,,,Delivery of a Prevention Program in Large College Classes: Effectiveness of the Expectancy Challenge Alcohol Literacy Curriculum.
BE2FKCXY,testing,NIAAA,pymupdf,12,39748,3312,,,,A behavioral activation intervention administered in a 16-week freshman orientation course: Study protocol.
9FHCNQLX,testing,NIAAA,pymupdf,14,42133,3010,,,,Effective prevention programming for reducing alcohol-related harms experienced by first year college students: Evaluation of the expectancy challenge alcohol  literacy curriculum (ECALC).
4GTAWDKF,testing,NIAAA,pymupdf,21,61254,2917,,,,A randomized controlled trial comparing a manual and computer version of CALM in VA community-based outpatient clinics.
7BKPCXSF,testing,NIAAA,pymupdf,10,47589,4759,,,,Universal School-Based Substance Use Prevention Using Technology-Supported Cooperative Learning.
GVP28VW6,testing,NIAAA,pymupdf,11,57274,5207,,,,Influence of an Implementation Support Intervention on Barriers and Facilitators to Delivery of a Substance Use Prevention Program.
C5YKG5KJ,testing,NIAAA,pymupdf,7,38275,5468,,,,Effect of Including Alcohol and Cannabis Content in a Sexual Risk-Reduction Intervention on the Incidence of Sexually Transmitted Infections in Adolescents:  A Cluster Randomized Clinical Trial.
KJUJ8Q7N,testing,NIAAA,pymupdf,16,81403,5088,,,,Professional Development to Improve Responsible Beverage Service Training: Formative Research Results and Protocol for a Randomized Controlled Trial.
LLZYSRKB,testing,NIAAA,pymupdf,13,66182,5091,,,,Cross-Tailoring Integrative Alcohol and Risky Sexual Behavior Feedback for College Students: Protocol for a Hybrid Type 1 Effectiveness-Implementation  Trial.
AWT9EB5R,testing,NIAAA,pymupdf,11,62297,5663,,,,Implementing a text-messaging intervention for unhealthy alcohol use in emergency departments: protocol for implementation strategy development and a pilot cluster  randomized implementation trial.
P3ZJYJ5P,testing,NIAAA,pymupdf,12,63091,5258,,,,Technology-Based Methods for Training Counseling Skills in Behavioral Health: a Scoping Review.
BAQ99QW8,testing,NIAAA,pymupdf,11,57808,5255,,,,Pay-for-performance as a cost-effective implementation strategy: results from a cluster randomized trial.
2RZV777D,testing,NIAAA,pymupdf,13,61822,4756,,,,"Providing Lesbian, Gay, Bisexual, Transgender, Nonbinary, and Queer Adolescents With Nurturance, Trustworthiness, and Safety: Protocol for Pilot Cluster  Randomized Controlled Trial Design."
Y5I3JNXM,testing,NIAAA,pymupdf,16,81267,5079,,,,Testing implementation support for evidence-based programs in community settings: a replication cluster-randomized trial of Getting To Outcomes®.
9732B3QR,testing,NIAAA,pymupdf,10,46216,4622,,,,A case series measuring campus and clinic level factors during implementation of a sexual violence prevention intervention in campus health and counseling  centers: does environment matter?
2RJUK6SQ,testing,NIAID; NICHD,pymupdf,18,64513,3584,,,,High CD4 counts associated with better economic outcomes for HIV-positive adults and their HIV-negative household members in the SEARCH Trial.
IGR3XGVP,testing,NIAID; NIMH,pymupdf,8,45585,5698,,,,Intervention Increases Physical Activity and Healthful Diet Among South African Adolescents Over 54 Months: A Randomized Controlled Trial.
WD63V6VJ,testing,NIAID; NICHD; NIMH,pymupdf,10,43230,4323,,,,Does Economic Strengthening Improve Viral Suppression Among Adolescents Living with HIV? Results From a Cluster Randomized Trial in Uganda.
XEW934XP,testing,NIAID; NIMH,pymupdf,19,91832,4833,,,,Physician-delivered motivational interviewing to improve adherence and retention in care among challenging HIV-infected patients in Argentina (COPA2): study  protocol for a cluster randomized controlled trial.
NVP5Q3EY,testing,NIAID; NIDA; NIMH; NIMHD,pymupdf,18,77195,4289,,,,"Empowering With PrEP (E-PrEP), a Peer-Led Social Media-Based Intervention to Facilitate HIV Preexposure Prophylaxis Adoption Among Young Black and Latinx Gay  and Bisexual Men: Protocol for a Cluster Randomized Controlled Trial."
4CNKNNSR,testing,NIAID; NINR,pymupdf,7,38184,5455,,,,Prevalence of Pre-Existing Hearing Loss Among Patients With Drug-Resistant Tuberculosis in South Africa.
R7UFE2HF,testing,NIAID; NIMH,pymupdf,9,40289,4477,,,,Sexual and Social Network Correlates of Willingness to Self-Test for HIV Among Ever-Tested and Never-Tested Men: Implications for the Tanzania STEP Project.
YXC5JXVA,testing,NIAID; NIMH,pymupdf,14,39155,2797,,,,"Engaging Young Men as Community Health Leaders in an STI and Intimate Partner Violence Prevention Trial in Dar es Salaam, Tanzania."
YZ5R9VRE,testing,NIAID; NICHD; NIDA; NIMH,pymupdf,11,54074,4916,,,,Structural Network Position and Performance of Health Leaders Within an HIV Prevention Trial.
TUPAJP4G,testing,NIAID; NIMH,pymupdf,14,57391,4099,,,,Bayesian method for inferring the impact of geographical distance on intensity of communication.
EGBS5UQ9,testing,NIAID; NINR,pymupdf,17,74138,4361,,,,Effect of FAmily CEntered (FACE®) Advance Care Planning on Longitudinal Congruence in End-of-Life Treatment Preferences: A Randomized Clinical Trial.
MGQIXSEX,testing,NIAID; NIGMS,pymupdf,19,89028,4686,,,,"The TIRS trial: protocol for a cluster randomized controlled trial assessing the efficacy of preventive targeted indoor residual spraying to reduce Aedes-borne  viral illnesses in Merida, Mexico."
7IP6HGIW,testing,NIAID; NICHD; NIMH,pymupdf,10,47770,4777,,,,Associations Between Peer Network Gender Norms and the Perpetration of Intimate Partner Violence Among Urban Tanzanian Men: a Multilevel Analysis.
FAGZB7EH,testing,NIAID; NIDA,pymupdf,26,68713,2643,,,,"Addressing the nexus of risk: Biobehavioral outcomes from a cluster randomized trial of the Women's Health CoOp Plus in Pretoria, South Africa."
7E6RC38B,testing,NIAID; NICHD,pymupdf,10,40804,4080,,,,Implementation of Steps 1-9 to Successful Breastfeeding Reduces the Frequency of Mild and Severe Episodes of Diarrhea and Respiratory Tract Infection Among  0-6 Month Infants in Democratic Republic of Congo.
H8AUCYE9,testing,NIAID; NICHD,pymupdf,11,47991,4363,,,,Influence of Male Partners on HIV Disclosure Among South African Women in a Cluster Randomized PMTCT Intervention.
EYKT5EJ4,testing,NIAID; NICHD,pymupdf,9,37742,4194,,,,Prevalence of prenatal and postpartum depression and associated factors among HIV-infected women in public primary care in rural South Africa: a longitudinal  study.
EXYJ3P6Y,testing,NIAID; NICHD,pymupdf,16,66705,4169,,,,Human-Centered Design for Public Health Innovation: Codesigning a Multicomponent Intervention to Support Youth Across the HIV Care Continuum in Mozambique.
L8AIQUDW,testing,NIAID; NIMH,pymupdf,9,38341,4260,,,,Digital crowdsourced intervention to promote HIV testing among MSM in China: study protocol for a cluster randomized controlled trial.
SW9N3V2K,testing,NIAID; NIMH,pymupdf,11,45488,4135,,,,Age-Related Differences in Socio-demographic and Behavioral Determinants of HIV Testing and Counseling in HPTN 043/NIMH Project Accept.
PQQGXWXV,testing,NIAID; NIDA,pymupdf,18,68721,3818,,,,Study protocol for the targeting effective analgesia in clinics for HIV (TEACH) study - a cluster randomized controlled trial and parallel cohort to increase  guideline concordant care for long-term opioid therapy among people living with  HIV.
GCZCGQ9M,testing,NIAID; NIMH,pymupdf,10,56148,5615,,,,Healthy Options: study protocol and baseline characteristics for a cluster randomized controlled trial of group psychotherapy for perinatal women living  with HIV and depression in Tanzania.
U4QPJ56S,testing,NIAID; NIMH,pymupdf,8,50579,6322,,,,Urine tenofovir testing for real-time PrEP adherence feedback: a qualitative study involving transgender women in Uganda.
W2DYSIWU,testing,NIAID; NIDA,pymupdf,14,37417,2673,,,,"A collaborative care intervention to improve opioid prescribing among providers caring for persons with HIV: Impact on satisfaction, confidence, and trust."
GEQ6WUAX,testing,NIAID; NICHD; NIMH,pymupdf,9,49054,5450,,,,Post-trial perceptions of a symptom-based TB screening intervention in South Africa: implementation insights and future directions for TB preventive  healthcare services.
HEEDECA8,testing,NIAID; NIDA,pymupdf,7,41194,5885,,,,Improving the Delivery of Chronic Opioid Therapy Among People Living With Human Immunodeficiency Virus: A Cluster Randomized Clinical Trial.
LD9H9BAM,testing,NIAID; NIDA,pymupdf,15,79168,5278,,,,"PRimary Care Opioid Use Disorders treatment (PROUD) trial protocol: a pragmatic, cluster-randomized implementation trial in primary care for opioid use disorder  treatment."
7WY36RXR,testing,NIAID; NIDA,pymupdf,15,59167,3944,,,,Effect of 2 Integrated Interventions on Alcohol Abstinence and Viral Suppression Among Vietnamese Adults With Hazardous Alcohol Use and HIV: A Randomized Clinical  Trial.
Z97CGZK3,testing,NIAID; NICHD,pymupdf,9,50495,5611,,,,Home-Based Intervention to Test and Start (HITS): a community-randomized controlled trial to increase HIV testing uptake among men in rural South Africa.
44B5KKXT,testing,NIAID; NIMH,pymupdf,16,57978,3624,,,,Results from a cluster-randomized trial to evaluate a microfinance and peer health leadership intervention to prevent HIV and intimate partner violence among  social networks of Tanzanian men.
7UP2FMMR,testing,NIAID; NICHD; NIMH,pymupdf,9,44116,4902,,,,"Effects of Depression, Stigma and Intimate Partner Violence on Postpartum Women's Adherence and Engagement in HIV Care in Kenya."
EAK3A5Y3,testing,NIAID; NINR,pymupdf,15,31863,2124,,,,Risk of hearing loss among multidrug-resistant tuberculosis patients according to cumulative aminoglycoside dose.
VLXNFLT2,testing,NIAID; NIDA; NIMH,pymupdf,9,36594,4066,,,,Effect of HIV self-testing on the number of sexual partners among female sex workers in Zambia.
IYANX6R2,testing,NIAID; NICHD; NIGMS,pymupdf,7,44458,6351,,,,"Enteropathogens and Rotavirus Vaccine Immunogenicity in a Cluster Randomized Trial of Improved Water, Sanitation and Hygiene in Rural Zimbabwe."
RJV3GKY7,testing,NIAID; NIMH,pymupdf,10,38505,3850,,,,"Client-Perpetrated Violence Experience Among Female Sex Worker in Guangdong, South China: Results from a Cross-Sectional Study."
7EYVXCRP,testing,NIAID; NICHD,pymupdf,18,46910,2606,,,,Stigma interdependence among pregnant HIV-infected couples in a cluster randomized controlled trial from rural South Africa.
B8KQBT87,testing,NIAID; NIDDK; NIMH,pymupdf,11,50928,4630,,,,Preliminary Effects of an Urban Gardens and Peer Nutritional Counseling Intervention on HIV Treatment Adherence and Detectable Viral Load Among People  with HIV and Food Insecurity: Evidence from a Pilot Cluster Randomized Controlled  Trial in the Dominican Republic.
DQ4NTQ8G,testing,NIAID; NINR,pymupdf,8,36244,4530,,,,Cardiovascular risk prevalence in South Africans with drug-resistant tuberculosis: a cross-sectional study.
BXNQ7D5H,testing,NIAID; NICHD,pymupdf,18,58749,3264,,,,Mobile solutions to Empower reproductive life planning for women living with HIV in Kenya (MWACh EMPOWER): Protocol for a cluster randomized controlled trial.
HKIUYRQT,testing,NIAID; NIMH,pymupdf,12,39591,3299,,,,Improving child tuberculosis contact identification and screening in Lesotho: Results from a mixed-methods cluster-randomized implementation science study.
YHPPC627,testing,NIAID; NICHD,pymupdf,11,44065,4006,,,,The effect of male involvement and a prevention of mother-to-child transmission (PMTCT) intervention on depressive symptoms in perinatal HIV-infected rural South  African women.
AVXCCBPP,testing,NIAID; NIEHS,pymupdf,18,83786,4655,,,,"The effects of cool roofs on health, environmental, and economic outcomes in rural Africa: study protocol for a community-based cluster randomized controlled  trial."
H2ZDWR59,testing,NIAID; NIGMS,pymupdf,18,49078,2727,,,,DESIGN OF VACCINE TRIALS DURING OUTBREAKS WITH AND WITHOUT A DELAYED VACCINATION COMPARATOR.
IU3XWCTM,testing,NIAID; NIMH,pymupdf,10,50706,5071,,,,Testing a social network approach to promote HIV self-testing and linkage to care among fishermen at Lake Victoria: study protocol for the Owete cluster randomized  controlled trial.
GY63DGR9,testing,NIAID; NIMH,pymupdf,54,88060,1631,,,,"Evaluation of the Implementation and Effectiveness of a Mobile Health Intervention to Improve Outcomes for People With HIV in the Washington, DC  Cohort: Study Protocol for a Cluster Randomized Controlled Trial."
7B9CVL8W,testing,NIAID; NIMH,pymupdf,8,45383,5673,,,,Understanding factors influencing home pregnancy test use among women in western Kenya: A qualitative analysis.
QDI75V3P,testing,NIAID; NICHD,pymupdf,10,50885,5088,,,,Effects of behavioural interventions on postpartum retention and adherence among women with HIV on lifelong ART: the results of a cluster randomized trial in  Kenya (the MOTIVATE trial).
U9W4GJY9,testing,NIAID; NICHD; NIMH,pymupdf,9,49645,5516,,,,Population impacts of conditional financial incentives and a male-targeted digital decision support application on the HIV treatment cascade in rural  KwaZulu Natal: findings from the HITS cluster randomized clinical trial.
6XK6CMCE,testing,NIAID; NICHD,pymupdf,12,46258,3855,,,,A quasi-experimental study estimating the impact of long-lasting insecticidal nets with and without piperonyl butoxide on pregnancy outcomes.
A285SV9J,testing,NIAID; NIMH,pymupdf,19,73705,3879,,,,"An mHealth Platform for People With HIV Receiving Care in Washington, District of Columbia: Qualitative Analysis of Stakeholder Feedback."
QICUHUID,testing,NIAID; NIMH,pymupdf,12,47965,3997,,,,A Pay-It-Forward Approach to Improve Chlamydia and Gonorrhea Testing Uptake Among Female Sex Workers in China: Venue-Based Superiority Cluster Randomized  Controlled Trial.
LSWMZLTI,testing,NIAID; NIMH,pymupdf,13,66166,5090,,,,"Pay-it-forward gonorrhea and chlamydia testing among men who have sex with men and male STD patients in China: the PIONEER pragmatic, cluster randomized  controlled trial protocol."
LCZW6RBC,testing,NIAID; NIDA; NINR,pymupdf,11,47690,4335,,,,An Analysis of Social Determinants of Health and Their Implications for Hepatitis C Virus Treatment in People Who Inject Drugs: The Case of Baltimore.
537XY6CJ,testing,NIAID; NIGMS,pymupdf,31,48770,1573,,,,Competing Effects of Indirect Protection and Clustering on the Power of Cluster-Randomized Controlled Vaccine Trials.
H8TVF5FE,testing,NIAID; NIMH,pymupdf,10,48968,4897,,,,Motivational interviewing experiences from a community health worker-led HIV prevention and care intervention in rural Uganda: a qualitative study.
3MPI8AD8,testing,NIAID; NIDA,pymupdf,10,45209,4521,,,,Reducing Partner Violence Against Women who Exchange Sex and use Drugs through a Combination Microfinance and HIV Risk Reduction Intervention: A Cluster  Randomized Trial.
9I377UY5,testing,NIAID; NICHD,pymupdf,19,47348,2492,,,,"Comparing depression screening tools (CESD-10, EPDS, PHQ-9, and PHQ-2) for diagnostic performance and epidemiologic associations among postpartum Kenyan  women: Implications for research and practice."
R7TMEQLY,testing,NIAID; NIDA; NIMH,pymupdf,5,22529,4506,,,,Role of geospatial mapping in the planning of HIV programs: A case study from Southern India.
2X4CB7R3,testing,NIAID; NICHD; NIMH,pymupdf,11,54895,4990,,,,Risk-based versus universal PrEP delivery during pregnancy: a cluster randomized trial in Western Kenya from 2018 to 2019.
GST6ZG9J,testing,NIAID; NIMH,pymupdf,7,30531,4362,,,,Comparison of Self and Caregiver Reports of Antiretroviral Treatment Adherence among Children and Adolescents Living with HIV in Western Kenya.
V7NL6N4P,testing,NIAID; NIMH,pymupdf,13,38612,2970,,,,Economic evaluation of improving HIV self-testing among MSM in China using a crowdsourced intervention: a cost-effectiveness analysis.
M5Z4NRYX,testing,NIAID; NIMH,pymupdf,27,58535,2168,,,,Pay-it-forward incentives for hepatitis virus testing in men who have sex with men: a cluster randomized trial.
WLX8RYDW,testing,NIAID; NIDA; NINR,pymupdf,9,64782,7198,,,,"Health economic design for cost, cost-effectiveness and simulation analyses in the HEALing Communities Study."
K5J22MLQ,testing,NIAID; NICHD,pymupdf,12,59996,5000,,,,Opportunities and Challenges in HIV Treatment as Prevention Research: Results from the ANRS 12249 Cluster-Randomized Trial and Associated Population Cohort.
EICZYW8V,testing,NIAID; NIDA; NINR,pymupdf,21,54119,2577,,,,Integrated care van delivery of evidence-based services for people who inject drugs: A cluster-randomized trial.
GSTMJS9Q,testing,NIAID; NIMH,pymupdf,21,60387,2876,,,,The arc of HIV epidemics in sub-Saharan Africa: new challenges with concentrating epidemics in the era of 90-90-90.
NGGBZIRD,testing,NIAID; NIMH,pymupdf,9,30296,3366,,,,Adoption of HIV pre-exposure prophylaxis among women at high risk of HIV infection in Kenya.
XDE6GNXA,testing,NIAID; NIEHS,pymupdf,16,46491,2906,,,,Estimands and inference in cluster-randomized vaccine trials.
QD4CGKG2,testing,NIAID,pymupdf,16,68314,4270,,,,"Attractive targeted sugar bait phase III trials in Kenya, Mali, and Zambia."
8LUVFBZQ,testing,NIAID,pymupdf,15,76158,5077,,,,"Adaptive interventions for optimizing malaria control: an implementation study protocol for a block-cluster randomized, sequential multiple assignment trial."
YHNLFDNU,testing,NIAID,pymupdf,12,35160,2930,,,,"Uptake of medical male circumcision with household-based testing, and the association of traditional male circumcision and HIV infection."
7WFZEPV4,testing,NIAID,pymupdf,12,51734,4311,,,,A randomized evaluation of on-site monitoring nested in a multinational randomized trial.
N284SIAR,testing,NIAID,pymupdf,11,48608,4419,,,,"Incentivizing appropriate malaria case management in the private sector: a study protocol for two linked cluster randomized controlled trials to evaluate  provider- and client-focused interventions in western Kenya and Lagos, Nigeria."
5M3W8KDN,testing,NIAID,pymupdf,20,66724,3336,,,,"The safety of double- and triple-drug community mass drug administration for lymphatic filariasis: A multicenter, open-label, cluster-randomized study."
CQCCTAR8,testing,NIAID,pymupdf,14,81571,5826,,,,Model-robust and efficient covariate adjustment for cluster-randomized experiments.
2T5PZEAW,testing,NIAID,pymupdf,9,46144,5127,,,,Evaluating a patient-centred intervention to increase disclosure and promote resilience for children living with HIV in Kenya.
3U39FM4S,testing,NIAID,pymupdf,18,57208,3178,,,,"A cluster-randomized trial of client and provider directed financial interventions to align incentives with appropriate case management in private  medicine retailers: Results of the TESTsmART trial in Lagos, Nigeria."
PLBLWLKR,testing,NIAID,pymupdf,11,50181,4562,,,,"Preventive residual insecticide applications successfully controlled Aedes aegypti in Yucatan, Mexico."
A7JWJW43,testing,NIAID,pymupdf,28,36713,1311,,,,Efficacy of Wolbachia-Infected Mosquito Deployments for the Control of Dengue.
WY8Y3TRN,testing,NIAID,pymupdf,14,46904,3350,,,,Assessment of a viral load result-triggered automated differentiated service delivery model for people taking ART in Lesotho (the VITAL study): Study protocol  of a cluster-randomized trial.
EYG252Z5,testing,NIAID,pymupdf,9,34389,3821,,,,Seasonal Malaria Chemoprevention Therapy in Children Up To 9 Years of Age: Protocol for a Cluster-Randomized Trial Study.
GDGSLXJ9,testing,NIAID,pymupdf,16,84619,5289,,,,"Development of parallel measures to assess HIV stigma and discrimination among people living with HIV, community members and health workers in the HPTN 071  (PopART) trial in Zambia and South Africa."
HY4A7RP8,testing,NIAID,pymupdf,10,50626,5063,,,,Community- and individual-level correlates of HIV incidence in HPTN 071 (PopART).
WJ95LIDE,testing,NIAID,pymupdf,18,60507,3362,,,,The impact of a combined TB/HIV intervention on the incidence of TB infection among adolescents and young adults in the HPTN 071 (PopART) trial communities in  Zambia and South Africa.
BEQ38Q4E,testing,NIAID,pymupdf,11,40354,3669,,,,Impact of a community-wide combination HIV prevention intervention on knowledge of HIV status among adolescents.
FPA2W97J,testing,NIAID,pymupdf,16,59534,3721,,,,"Attrition in serum anti-DENV antibodies correlates with high anti-SARS-CoV-2 IgG levels and low DENV positivity in mosquito vectors-Findings from a state-wide  cluster-randomized community-based study in Tamil Nadu, India."
SGE9SXHK,testing,NIAID,pymupdf,12,43820,3652,,,,"Impact of Rotavirus Vaccine Introduction in Children Less Than 2 Years of Age Presenting for Medical Care With Diarrhea in Rural Matlab, Bangladesh."
LS2A7DHW,testing,NIAID,pymupdf,8,40145,5018,,,,Comparison of 3 Days Amoxicillin Versus 5 Days Co-Trimoxazole for Treatment of Fast-breathing Pneumonia by Community Health Workers in Children Aged 2-59 Months  in Pakistan: A Cluster-randomized Trial.
2YZJN5IB,testing,NIAID,pymupdf,19,61526,3238,,,,Participation in adherence clubs and on-time drug pickup among HIV-infected adults in Zambia: A matched-pair cluster randomized trial.
WLTXN9WI,testing,NIAID,pymupdf,10,50277,5028,,,,PROmotion of COvid-19 VA(X)ccination in the Emergency Department-PROCOVAXED: study protocol for a cluster randomized controlled trial.
YRLFNSIU,testing,NIAID,pymupdf,9,47065,5229,,,,Effect of COVID-19 Vaccine Messaging Platforms in Emergency Departments on Vaccine Acceptance and Uptake: A Cluster Randomized Clinical Trial.
4KHXZDRI,testing,NIAID,pymupdf,15,54030,3602,,,,Randomization-based confidence intervals for cluster randomized trials.
9UV44WUN,testing,NIAID,pymupdf,24,80234,3343,,,,Improving rational use of ACTs through diagnosis-dependent subsidies: Evidence from a cluster-randomized controlled trial in western Kenya.
42WCIVYS,testing,NIAID,pymupdf,17,82908,4877,,,,Cost of community-led larval source management and house improvement for malaria control: a cost analysis within a cluster-randomized trial in a rural district in  Malawi.
MTDQCBD8,testing,NIAID,pymupdf,15,36225,2415,,,,"Design, implementation, and analysis considerations for cluster-randomized trials in infection control and hospital epidemiology: A systematic review."
VAP7UDPH,testing,NIAID,pymupdf,19,45467,2393,,,,Immunogenicity of seasonal inactivated influenza and inactivated polio vaccines among children in Senegal: Results from a cluster-randomized trial.
AV72WSNF,testing,NIAID,pymupdf,8,39192,4899,,,,Screening for Tuberculosis With Xpert MTB/RIF Assay Versus Fluorescent Microscopy Among Adults Newly Diagnosed With Human Immunodeficiency Virus in Rural Malawi: A  Cluster Randomized Trial (Chepetsa).
XJK5Y6HN,testing,NIAID,pymupdf,10,50622,5062,,,,"Efficacy of a spatial repellent for control of Aedes-borne virus transmission: A cluster-randomized trial in Iquitos, Peru."
7J243NU9,testing,NIAID,pymupdf,15,34348,2290,,,,Time to care-seeking for TB symptoms.
BPBIGTHF,testing,NIAID,pymupdf,9,54664,6074,,,,The Trial to Reduce Antimicrobial Use in Nursing Home Residents With Alzheimer Disease and Other Dementias (TRAIN-AD): A Cluster Randomized Clinical Trial.
LW6HXNMV,testing,NIAID,pymupdf,10,44018,4402,,,,Home-based intervention to test and start (HITS) protocol: a cluster-randomized controlled trial to reduce HIV-related mortality in men and HIV incidence in  women through increased coverage of HIV treatment.
E8TA87P4,testing,NIAID,pymupdf,13,66409,5108,,,,Cluster-randomized trial of monthly malaria prophylaxis versus focused screening and treatment: a study protocol to define malaria elimination strategies in  Cambodia.
3LBN72KK,testing,NIAID,pymupdf,14,67151,4796,,,,Pragmatic cluster-randomized trial of home-based preventive treatment for TB in Ethiopia and South Africa (CHIP-TB).
6JFXBMVH,testing,NIAID,pymupdf,8,34729,4341,,,,A platform trial design for preventive vaccines against Marburg virus and other emerging infectious disease threats.
VIWU5HNY,testing,NIAID,pymupdf,8,37195,4649,,,,"Advanced HIV disease in the Botswana combination prevention project: prevalence, risk factors, and outcomes."
K2BMQ78U,testing,NIAID,pymupdf,11,53817,4892,,,,"Acceptability and Preferences of Two Different Community Models of ART Delivery in a High Prevalence Urban Setting in Zambia: Cluster-Randomized Trial, Nested in  the HPTN 071 (PopART) Study."
NML3VQY6,testing,NIAID,pymupdf,12,63189,5266,,,,"A comparison of different community models of antiretroviral therapy delivery with the standard of care among stable HIV+ patients: rationale and design of a  non-inferiority cluster randomized trial, nested in the HPTN 071 (PopART) study."
D2AHL2JJ,testing,NIAID,pymupdf,10,47234,4723,,,,Treating high-risk moderate acute malnutrition using therapeutic food compared with nutrition counseling (Hi-MAM Study): a cluster-randomized controlled trial.
VST48IDP,testing,NIAID,pymupdf,10,49700,4970,,,,Did a quality improvement intervention improve quality of maternal health care? Implementation evaluation from a cluster-randomized controlled study.
SARRUGNG,testing,NIAID,pymupdf,21,69242,3297,,,,A cluster-randomized trial of client and provider-directed financial interventions to align incentives with appropriate case management in retail  medicine outlets: Results of the TESTsmART Trial in western Kenya.
VQYIB59P,testing,NIAID,pymupdf,8,47471,5934,,,,"Post-exposure Lopinavir-Ritonavir Prophylaxis versus Surveillance for Individuals Exposed to SARS-CoV-2: The COPEP Pragmatic Open-Label, Cluster Randomized Trial."
NYX258BS,testing,NIAID,pymupdf,13,60454,4650,,,,Stigma and Judgment Toward People Living with HIV and Key Population Groups Among Three Cadres of Health Workers in South Africa and Zambia: Analysis of Data from  the HPTN 071 (PopART) Trial.
CCE83GDA,testing,NIAID,pymupdf,12,51791,4316,,,,Targeted indoor residual insecticide applications shift Aedes aegypti age structure and arbovirus transmission potential.
AL494NXV,testing,NIAID,pymupdf,12,56320,4693,,,,Variable coverage in an Autocidal Gravid Ovitrap intervention impacts efficacy of Aedes aegypti control.
NIDPDKFT,testing,NIAID,pymupdf,17,38417,2260,,,,Trial of Three Rounds of Mass Azithromycin Administration for Yaws Eradication.
XG2URWAA,testing,NIAID,pymupdf,8,54166,6771,,,,"Households, fluidity, and HIV service delivery in Zambia and South Africa - an exploratory analysis of longitudinal qualitative data from the HPTN 071 (PopART)  trial."
F7KNRNCZ,testing,NIAID,pymupdf,7,50444,7206,,,,Provider adherence to training components from the Trial to Reduce Antimicrobial use In Nursing home residents with Alzheimer's disease and other Dementias  (TRAIN-AD) intervention.
ZCQWSNNG,testing,NIAID,pymupdf,20,70303,3515,,,,"Extending the I-squared statistic to describe treatment effect heterogeneity in cluster, multi-centre randomized trials and individual patient data  meta-analysis."
SSATX3WX,testing,NIAID,pymupdf,10,52108,5211,,,,The association between HIV stigma and HIV incidence in the context of universal testing and treatment: analysis of data from the HPTN 071 (PopART) trial in  Zambia and South Africa.
G95B3HHC,testing,NIAID,pymupdf,11,49887,4535,,,,Individual and community-level risk factors for HIV stigma in 21 Zambian and South African communities: analysis of data from the HPTN071 (PopART) study.
MXKWYL3P,testing,NIAID,pymupdf,14,42749,3054,,,,Contact tracing versus facility-based screening for active TB case finding in rural South Africa: A pragmatic cluster-randomized trial (Kharitode TB).
AJ2JFE48,testing,NIAID,pymupdf,14,53783,3842,,,,Effect of the Friendship Bench Intervention on Antiretroviral Therapy Outcomes and Mental Health Symptoms in Rural Zimbabwe: A Cluster Randomized Trial.
BI3UII4S,testing,NIAID,pymupdf,10,44021,4402,,,,Partnering faith leaders with community health workers increases utilization of antenatal care and facility delivery services in Ethiopia: A cluster randomized  trial.
KZ792YKP,testing,NIAID,pymupdf,14,62599,4471,,,,"Effect of water, sanitation, handwashing and nutrition interventions on enteropathogens in children 14 months old: a cluster-randomized controlled trial  in rural Bangladesh."
LFJVWISZ,testing,NIAID,pymupdf,26,114381,4399,,,,Hyperhydration to Improve Kidney Outcomes in Children with Shiga Toxin-Producing E. coli Infection: a multinational embedded cluster crossover randomized trial  (the HIKO STEC trial).
T9W9DAV6,testing,NIAID,pymupdf,13,69455,5343,,,,"Repeat Ivermectin Mass Drug Administrations for Malaria Control II: Protocol for a Double-blind, Cluster-Randomized, Placebo-Controlled Trial for the Integrated  Control of Malaria."
BDD2KZD6,testing,NIAID,pymupdf,8,35756,4470,,,,Efficacy of a bivalent killed whole-cell cholera vaccine over five years: a re-analysis of a cluster-randomized trial.
CYV862M8,testing,NIAID,pymupdf,22,71780,3263,,,,Towards 90-90: Findings after two years of the HPTN 071 (PopART) cluster-randomized trial of a universal testing-and-treatment intervention in  Zambia.
G9HEQGLU,testing,NIAID,pymupdf,9,39993,4444,,,,Practical issues in operationalizing the design and outcome evaluation of cluster randomized trials.
S7TM7MCE,testing,NIAID,pymupdf,9,43798,4866,,,,Effectiveness of Seasonal Influenza Vaccination in Children in Senegal During a Year of Vaccine Mismatch: A Cluster-randomized Trial.
DJXA99RG,testing,NIAID,pymupdf,12,58638,4886,,,,Network methods and design of randomized trials: Application to investigation of COVID-19 vaccination boosters.
EMIFV3K7,testing,NIAID,pymupdf,5,25806,5161,,,,The ring vaccination trial design for the estimation of vaccine efficacy and effectiveness during infectious disease outbreaks.
MW55PRG6,testing,NIAID,pymupdf,24,136255,5677,,,,Considerations for first field trials of low-threshold gene drive for malaria vector control.
K65U39GR,testing,NIAID,pymupdf,10,50315,5032,,,,Mid-level managers' perspectives on implementing isoniazid preventive therapy for people living with HIV in Ugandan health districts: a qualitative study.
C7QFVRM7,testing,NIAID,pymupdf,10,60464,6046,,,,Pathways for reduction of HIV-related stigma: a model derived from longitudinal qualitative research in Kenya and Uganda.
RQFM7VM8,testing,NIAID,pymupdf,26,95597,3677,,,,A Review of the Ring Trial Design for Evaluating Ring Interventions for Infectious Diseases.
67P4RDC7,testing,NIAID,pymupdf,13,72128,5548,,,,"Spinning plates: livelihood mobility, household responsibility and anti-retroviral treatment in an urban Zambian community during the HPTN 071  (PopART) study."
WKFM2BUS,testing,NIAID,pymupdf,39,106083,2720,,,,A new approach to hierarchical data analysis: Targeted maximum likelihood estimation for the causal effect of a cluster-level exposure.
P8WBH993,testing,NIAID,pymupdf,15,84827,5655,,,,Geographic pair matching in large-scale cluster randomized trials.
MLS3VVRS,testing,NIAID,pymupdf,16,52625,3289,,,,Increasing knowledge of HIV status in a country with high HIV testing coverage: Results from the Botswana Combination Prevention Project.
AWRICXTL,testing,NIAID,pymupdf,12,28430,2369,,,,Brief Report: Proportion and Predictors of Adult TB Contacts Accepting HIV Testing During an Active TB Case Finding Intervention in South Africa.
EL68RXI7,testing,NIAID,pymupdf,14,114782,8199,,,,Impact of community masking on COVID-19: A cluster-randomized trial in Bangladesh.
5EGYIWZA,testing,NIAMS; NICHD,pymupdf,9,37366,4152,,,,Higher compliance to a neuromuscular injury prevention program improves overall injury rate in male football players.
PSPTLUIM,testing,NIAMS,pymupdf,12,30495,2541,,,,Benefits and Sustainability of a Learning Collaborative for Implementation of Treat-to-Target in Rheumatoid Arthritis: Results of a Cluster-Randomized  Controlled Phase II Clinical Trial.
L32XUKZ8,testing,NIAMS,pymupdf,19,82675,4351,,,,Virtual Reality-Augmented Physiotherapy for Chronic Pain in Youth: Protocol for a Randomized Controlled Trial Enhanced With a Single-Case Experimental Design.
HHY6EJQG,testing,NIAMS,pymupdf,8,44306,5538,,,,"Cost-Utility Analysis of Routine Anxiety and Depression Screening in Patients Consulting for Osteoarthritis: Results From a Clinical, Randomized Controlled  Trial."
8A8JT5TV,testing,NIAMS,pymupdf,9,38055,4228,,,,"Satisfaction with modes of telemedicine delivery during COVID-19: A randomized, single-blind, parallel group, noninferiority trial."
K72YHXJV,testing,NIAMS,pymupdf,19,51326,2701,,,,The impact of heterotopic ossification prophylaxis after surgical fixation of acetabular fractures: national treatment patterns and related outcomes.
64LN27S7,testing,NICHD; NIMH,pymupdf,12,44282,3690,,,,Adherence to Combination Antiretroviral Therapy among Pregnant Women Enrolled in a HIV Prevention Program in Rural North-central Nigeria.
MSMKSVSG,testing,NICHD; NIDA; NIMH,pymupdf,20,48911,2446,,,,The effect of a behavioral activation treatment for substance use on post-treatment abstinence: a randomized controlled trial.
KZ6I2GMV,testing,NICHD; NIMH,pymupdf,10,64922,6492,,,,Suubi+Adherence study protocol: A family economic empowerment intervention addressing HIV treatment adherence for perinatally infected adolescents.
US8CIH33,testing,NICHD; NIDA,pymupdf,20,56020,2801,,,,Can a Gender Equity and Family Planning Intervention for Men Change Their Gender Ideology? Results from the CHARM Intervention in Rural India.
DZZM2YID,testing,NICHD; NIDDK,pymupdf,13,56967,4382,,,,'Ripple' effect on infant zBMI trajectory of an internet-based weight loss program for low-income postpartum women.
3SZRVFPC,testing,NICHD; NIMH,pymupdf,21,113646,5412,,,,A combination intervention addressing sexual risk-taking behaviors among vulnerable women in Uganda: study protocol for a cluster randomized clinical  trial.
MYASS2HR,testing,NICHD; NIMH,pymupdf,12,65478,5456,,,,Community mobilization to modify harmful gender norms and reduce HIV risk: results from a community cluster randomized trial in South Africa.
GKAKJGI4,testing,NICHD; NIGMS,pymupdf,8,41429,5179,,,,"The Impact of Improved Water, Sanitation, and Hygiene on Oral Rotavirus Vaccine Immunogenicity in Zimbabwean Infants: Substudy of a Cluster-randomized Trial."
AX6KKX59,testing,NICHD; NIDA; NIEHS,pymupdf,6,28509,4752,,,,Nicotine on Children's Hands: Limited Protection of Smoking Bans and Initial Clinical Findings.
6BGC43UM,testing,NICHD; NIDDK,pymupdf,41,61164,1492,,,,"Effect of an Intervention to Promote Breastfeeding on Asthma, Lung Function, and Atopic Eczema at Age 16 Years: Follow-up of the PROBIT Randomized Trial."
B4WIN2WY,testing,NICHD; NIMH,pymupdf,13,61053,4696,,,,"The CombinADO study to assess the impact of a combination intervention strategy on viral suppression, antiretroviral therapy adherence, and retention in HIV care  among adolescents and young people living with HIV: protocol for a  cluster-randomized controlled trial."
YNFC4GFU,testing,NICHD; NIEHS,pymupdf,19,68935,3628,,,,Effect of sanitation improvements on soil-transmitted helminth eggs in courtyard soil from rural Bangladesh: Evidence from a cluster-randomized controlled trial.
NBEZRCXR,testing,NICHD; NIMH; NIMHD,pymupdf,18,49440,2747,,,,"Family Economic Empowerment, Family Social Support, and Sexual Risk-Taking Behaviors Among Adolescents Living With HIV in Uganda: The Suubi+Adherence Study."
CY8JBG64,testing,NICHD; NIDDK,pymupdf,8,41114,5139,,,,A Tailored Letter Based on Electronic Health Record Data Improves Gestational Weight Gain Among Women With Gestational Diabetes Mellitus: The Gestational  Diabetes' Effects on Moms (GEM) Cluster-Randomized Controlled Trial.
VG586LG9,testing,NICHD; NIMH,pymupdf,10,49148,4915,,,,Impact of a Family Economic Intervention (Bridges) on Health Functioning of Adolescents Orphaned by HIV/AIDS: A 5-Year (2012-2017) Cluster Randomized  Controlled Trial in Uganda.
3KYGTLUB,testing,NICHD; NIMH,pymupdf,13,50358,3874,,,,Relationship Between Mental Health and HIV Transmission Knowledge and Prevention Attitudes Among Adolescents Living with HIV: Lessons from Suubi + Adherence  Cluster Randomized Study in Southern Uganda.
C34DF68E,testing,NICHD; NIMH,pymupdf,19,62435,3286,,,,Examining the nonkin support networks of orphaned adolescents participating in a family-based economic-strengthening intervention in Uganda.
2EUBGI6V,testing,NICHD; NIMH,pymupdf,13,48146,3704,,,,The long-term effects of a family based economic empowerment intervention (Suubi+Adherence) on suppression of HIV viral loads among adolescents living with  HIV in southern Uganda: Findings from 5-year cluster randomized trial.
3QSZDDKM,testing,NICHD; NIMH,pymupdf,7,45658,6523,,,,The efficacy and cost-effectiveness of a family-based economic empowerment intervention (Suubi + Adherence) on suppression of HIV viral loads among  adolescents living with HIV: results from a Cluster Randomized Controlled Trial  in southern Uganda.
TNRY4AWD,testing,NICHD; NIEHS,pymupdf,11,54465,4951,,,,Longitudinal Effects of a Sanitation Intervention on Environmental Fecal Contamination in a Cluster-Randomized Controlled Trial in Rural Bangladesh.
YP9UIW27,testing,NICHD; NIMH,pymupdf,8,48435,6054,,,,Using Hierarchical Regression to Examine the Predictors of Sexual Risk-Taking Attitudes among Adolescents Living with Human Immunodeficiency Virus in Uganda.
2LQ9IQJP,testing,NICHD; NIMH,pymupdf,19,49214,2590,,,,"Poverty, economic strengthening, and mental health among AIDS orphaned children in Uganda: Mediation model in a randomized clinical trial."
MUYY6VBN,testing,NICHD; NIEHS,pymupdf,11,43556,3960,,,,Impact of Improved Biomass and Liquid Petroleum Gas Stoves on Birth Outcomes in Rural Nepal: Results of 2 Randomized Trials.
GMPZN8V7,testing,NICHD; NIMH,pymupdf,10,44350,4435,,,,"Gender, HIV knowledge and prevention attitudes among adolescents living with HIV participating in an economic empowerment intervention in Uganda."
FSRS8FVB,testing,NICHD; NIMHD,pymupdf,9,40442,4494,,,,Mediators of Improved Adherence to Infant Safe Sleep Using a Mobile Health Intervention.
6PBVUYNN,testing,NICHD; NIDA; NIMH,pymupdf,9,44224,4914,,,,Influence of provider openness and leadership behaviors on adherence to motivational interviewing training implementation strategies: Considerations for  evidence-based practice delivery.
9NTCFVUF,testing,NICHD; NIMH,pymupdf,12,55175,4598,,,,How Can Programs Better Support Female Sex Workers to Avoid HIV Infection in Zimbabwe? A Prevention Cascade Analysis.
P6Z2Z86T,testing,NICHD; NINDS,pymupdf,15,54546,3636,,,,Estimating the association between being seropositive for cysticercosis and the prevalence of epilepsy and severe chronic headaches in 60 villages of rural  Burkina Faso.
8Q7AB3YY,testing,NICHD; NIMH; NIMHD,pymupdf,8,38872,4859,,,,The Long-term (5-year) Impact of a Family Economic Empowerment Intervention on Adolescents Living with HIV in Uganda: Analysis of Longitudinal Data from a  Cluster Randomized Controlled Trial from the Suubi+Adherence Study (2012-2018).
J5L2LUM7,testing,NICHD; NIEHS,pymupdf,10,62350,6235,,,,Assessing sustained uptake of latrine and child feces management interventions: Extended follow-up of a cluster-randomized controlled trial in rural Bangladesh  1-3.5 years after intervention initiation.
XQ95HYJB,testing,NICHD; NIDDK,pymupdf,15,63556,4237,,,,A Web-Based mHealth Intervention With Telephone Support to Increase Physical Activity Among Pregnant Patients With Overweight or Obesity: Feasibility  Randomized Controlled Trial.
42EQYZHC,testing,NICHD; NINR,pymupdf,15,68439,4563,,,,Virtual family-centered hospital rounds in the neonatal intensive care unit: protocol for a cluster randomized controlled trial.
TC2FHAH5,testing,NICHD; NIEHS,pymupdf,14,68866,4919,,,,Improved Child Feces Management Mediates Reductions in Childhood Diarrhea from an On-Site Sanitation Intervention: Causal Mediation Analysis of a  Cluster-Randomized Trial in Rural Bangladesh.
NPL23U9B,testing,NICHD; NIMH,pymupdf,10,43320,4332,,,,A Structural Equation Model of the Impact of a Family-Based Economic Intervention on Antiretroviral Therapy Adherence Among Adolescents Living With HIV in Uganda.
KWP6MN8U,testing,NICHD; NIMH,pymupdf,11,46144,4195,,,,The Impact of an Economic Strengthening Intervention on Academic Achievement Among Adolescents Living with HIV: Findings from the Suubi + Adherence  Cluster-Randomized Trial in Uganda (2012-2018).
5M2K2D2U,testing,NICHD; NIEHS,pymupdf,18,61393,3411,,,,Evaluation of an on-site sanitation intervention against childhood diarrhea and acute respiratory infection 1 to 3.5 years after implementation: Extended  follow-up of a cluster-randomized controlled trial in rural Bangladesh.
ETDH7GPM,testing,NICHD; NIMH,pymupdf,11,50336,4576,,,,Unconditional cash transfers and maternal substance use: findings from a randomized control trial of low-income mothers with infants in the U.S.
WMQ8HAXX,testing,NICHD; NIMH,pymupdf,12,49381,4115,,,,Monitoring adherence to antiretroviral therapy among adolescents in Southern Uganda: comparing Wisepill to Self-report in predicting viral suppression in a  cluster-randomized trial.
HNZ4TWSX,testing,NICHD; NIDDK,pymupdf,28,45476,1624,,,,Mental Health Distress and Delayed Contraception Among Older Adolescents and Young Adults.
I83PU28U,testing,NICHD; NIDDK,pymupdf,9,36777,4086,,,,The Effect of an Obesity Prevention Intervention Among Specific Subpopulations: A Heterogeneity of Treatment Effect Analysis of the Greenlight Trial.
ZRSMSXIP,testing,NICHD; NIMH,pymupdf,11,56105,5100,,,,"Factors associated with caregiver compliance to an HIV disclosure intervention and its effect on HIV and mental health outcomes among children living with HIV:  post-hoc instrumental variable-based analysis of a cluster randomized trial in  Eldoret, Kenya."
4KPD94UD,testing,NICHD; NIMH,pymupdf,22,60831,2765,,,,The impact of poverty-reduction intervention on child mental health mediated by family relations: Findings from a cluster-randomized trial in Uganda.
B2XHWRIN,testing,NICHD; NIGMS,pymupdf,10,50593,5059,,,,The fecal microbiome and rotavirus vaccine immunogenicity in rural Zimbabwean infants.
GIT8FJVZ,testing,NICHD; NIDDK,pymupdf,12,42867,3572,,,,Use of preferred contraceptive method among young adults in Texas and California: A comparison by state and insurance coverage.
H74HCP9P,testing,NICHD; NIDA,pymupdf,12,46523,3877,,,,Effect of the Communities That Care Prevention System on Adolescent Handgun Carrying: A Cluster-Randomized Clinical Trial.
PQ27VEZT,testing,NICHD; NINR,pymupdf,17,54702,3218,,,,An overview of the Connect through PLAY trial to increase physical activity in underserved adolescents.
NTMJV7AY,testing,NICHD; NIMH,pymupdf,12,56222,4685,,,,Impact of short message service and peer navigation on linkage to care and antiretroviral therapy initiation in South Africa.
JUUD3HHC,testing,NICHD; NIMH,pymupdf,12,39027,3252,,,,"Self-efficacy, academic performance and school transition among orphaned adolescents in southern Uganda."
2QQF68M7,testing,NICHD; NIGMS,pymupdf,9,48224,5358,,,,Predictors of oral rotavirus vaccine immunogenicity in rural Zimbabwean infants.
FZ5BAWMJ,testing,NICHD; NIEHS; NIGMS,pymupdf,8,45851,5731,,,,Social capital and changes of psychologic distress during early stage of COVID-19 in New orleans.
NDIKHK78,testing,NICHD; NIMH,pymupdf,11,45211,4110,,,,A Cluster-Randomized Controlled Trial of an Economic Strengthening Intervention to Enhance Antiretroviral Therapy Adherence among Adolescents Living with HIV.
A7CYSY54,testing,NICHD; NIDA,pymupdf,14,84879,6063,,,,Incentive programmes for smoking cessation: cluster randomized trial in workplaces in Thailand.
5JHWBSSM,testing,NICHD; NIMHD,pymupdf,17,45413,2671,,,,The Impact of Breastfeeding and Safe Sleep Mobile Health Messaging on Breastfeeding and Bedsharing.
7RCBALCA,testing,NICHD,pymupdf,8,48912,6114,,,,The Pathways from a Behavior Change Communication Intervention to Infant and Young Child Feeding in Bangladesh Are Mediated and Potentiated by Maternal  Self-Efficacy.
4BGJM745,testing,NICHD,pymupdf,8,37312,4664,,,,Analysis of 'sensitive' periods of fetal and child growth.
5UKFSQDX,testing,NICHD,pymupdf,8,36973,4622,,,,Growth During Infancy and Early Childhood and Its Association With Metabolic Risk Biomarkers at 11.5 Years of Age.
IQTTD2YI,testing,NICHD,pymupdf,7,37662,5380,,,,Perceived Access to Contraception via Telemedicine Among Young Adults: Inequities by Food and Housing Insecurity.
4Y2UKP4Y,testing,NICHD,pymupdf,16,54595,3412,,,,Breastfeeding during infancy and neurocognitive function in adolescence: 16-year follow-up of the PROBIT cluster-randomized trial.
G9FYDK5D,testing,NICHD,pymupdf,14,74741,5339,,,,"The PrEPARE Pretoria Project: protocol for a cluster-randomized factorial-design trial to prevent HIV with PrEP among adolescent girls and young women in Tshwane,  South Africa."
KM89CUBZ,testing,NICHD,pymupdf,9,55396,6155,,,,Childhood obesity prevention through a community-based cluster randomized controlled physical activity intervention among schools in china: the health  legacy project of the 2nd world summer youth olympic Games (YOG-Obesity study).
AFXL27TZ,testing,NICHD,pymupdf,13,62124,4779,,,,"""Our Choice"" improves use of safer conception methods among HIV serodiscordant couples in Uganda: a cluster randomized controlled trial evaluating two  implementation approaches."
9RTBX6PJ,testing,NICHD,pymupdf,14,67376,4813,,,,Leveraging Community Health Workers and a Responsive Digital Health System to Improve Vaccination Coverage and Timeliness in Resource-Limited Settings:  Protocol for a Cluster Randomized Type 1 Effectiveness-Implementation Hybrid  Study.
HAF73Q82,testing,NICHD,pymupdf,16,76314,4770,,,,"The impact of a multilevel childhood obesity prevention intervention on healthful food acquisition, preparation, and fruit and vegetable consumption on  African-American adult caregivers."
DL7D6CSW,testing,NICHD,pymupdf,15,72782,4852,,,,"A multilevel, multicomponent childhood obesity prevention group-randomized controlled trial improves healthier food purchasing and reduces sweet-snack  consumption among low-income African-American youth."
JNCT34KA,testing,NICHD,pymupdf,7,38837,5548,,,,Training contraceptive providers to offer intrauterine devices and implants in contraceptive care: a cluster randomized trial.
YLAIH7M3,testing,NICHD,pymupdf,9,40463,4496,,,,A Dating Violence Prevention Program for Middle School Youth: A Cluster Randomized Trial.
FTZX4NKI,testing,NICHD,pymupdf,14,91248,6518,,,,Passive versus active service delivery: Comparing the effects of two parenting interventions on early cognitive development in rural China.
KG7K5MJP,testing,NICHD,pymupdf,12,46207,3851,,,,"Impact of sunflower seed oil versus mustard seed oil on skin barrier function in newborns: a community-based, cluster-randomized trial."
8YD6VXVA,testing,NICHD,pymupdf,13,56700,4362,,,,Integrated Care Delivery for HIV Prevention and Treatment in Adolescent Girls and Young Women in Zambia: Protocol for a Cluster-Randomized Controlled Trial.
P2HZSA46,testing,NICHD,pymupdf,9,51730,5748,,,,Lipid-Based Nutrient Supplementation Reduces Child Anemia and Increases Micronutrient Status in Madagascar: A Multiarm Cluster-Randomized Controlled  Trial.
J3J3LTI7,testing,NICHD,pymupdf,7,35239,5034,,,,Efficacy of a Web-Based Oral Case Presentation Instruction Module: Multicenter Randomized Controlled Trial.
X9UGXDZL,testing,NICHD,pymupdf,10,39102,3910,,,,Effect of a Novel Transition Program on Disability After Stroke: A Trial Protocol.
FUZ4IACA,testing,NICHD,pymupdf,19,51194,2694,,,,"Efficacy of ""Mentoring to Be Active"" on Weight Loss, Body Mass Index, and Body Fat among Obese and Extremely Obese Youth in Rural Appalachia."
J5I9KCXF,testing,NICHD,pymupdf,14,72629,5188,,,,Peer mentor versus teacher delivery of a physical activity program on the effects of BMI and daily activity: protocol of a school-based group randomized controlled  trial in Appalachia.
HXF5LXAQ,testing,NICHD,pymupdf,4,20885,5221,,,,Text message alerts to emergency physicians identifying potential study candidates increase clinical trial enrollment.
GQ95B5YM,testing,NICHD,pymupdf,9,49615,5513,,,,"Feasibility, acceptability, and initial efficacy of a wheelchair exercise training program in persons with multiple sclerosis: study protocol for a  parallel group randomized controlled trial."
SVUMLSFU,testing,NICHD,pymupdf,11,53270,4843,,,,Efficacy of a virtual reality-based cognitive interactive training program for children with traumatic brain injuries: study protocol for a parallel-group  randomized controlled trial.
VGHM75AE,testing,NICHD,pymupdf,16,87139,5446,,,,Power and resistance in schools: Implementing institutional change to promote health equity for sexual and gender minority youth.
DET6F793,testing,NICHD,pymupdf,15,77901,5193,,,,Outer-context determinants on the implementation of school-based interventions for LGBTQ+ adolescents.
JYHWEYTI,testing,NICHD,pymupdf,16,39569,2473,,,,Prevalence of NAFLD in Guatemala following exposure to a protein-energy nutrition intervention in early life.
UWBLHHP7,testing,NICHD,pymupdf,8,42940,5368,,,,Injury characteristics and hemodynamics associated with guideline-compliant CPR in a pediatric porcine cardiac arrest model.
2MUC87T4,testing,NICHD,pymupdf,9,34334,3815,,,,Can a Clinic-Based Community Health Worker Intervention Buffer the Negative Impact of the COVID-19 Pandemic on Health and Well-Being of Low-Income Families  during Early Childhood.
K3TFJ2BC,testing,NICHD,pymupdf,17,49819,2931,,,,The Fueling Learning Through Exercise Study Cluster RCT: Impact on Children's Moderate-to-Vigorous Physical Activity.
6RHL77XN,testing,NICHD,pymupdf,16,43013,2688,,,,Contraception after medication abortion in the United States: results from a cluster randomized trial.
82MXIXU5,testing,NICHD,pymupdf,23,64283,2795,,,,Cluster randomized control trial promoting child self-regulation around energy-dense food.
W5JU6S4L,testing,NICHD,pymupdf,16,72334,4521,,,,Evaluation of a gender synchronized family planning intervention for married couples in rural India: The CHARM2 cluster randomized control trial.
IUD3958X,testing,NICHD,pymupdf,13,70538,5426,,,,"A holistic approach to promoting early child development: a cluster randomised trial of a group-based, multicomponent intervention in rural Bangladesh."
R7A9Q3GV,testing,NICHD,pymupdf,8,34150,4269,,,,Provider experiences with three- and six-month antiretroviral therapy dispensing for stable clients in Zambia.
48LLFXMC,testing,NICHD,pymupdf,19,53185,2799,,,,iCanCope with Sickle Cell Pain: Design of a randomized controlled trial of a smartphone and web-based pain self-management program for youth with sickle cell  disease.
6ZB536GP,testing,NICHD,pymupdf,10,47443,4744,,,,The Effect of Longer-Term and Exclusive Breastfeeding Promotion on Visual Outcome in Adolescence.
JYXGKCBF,testing,NICHD,pymupdf,16,38321,2395,,,,Associations Between Food Insecurity and Parental Feeding Behaviors of Toddlers.
JTME3IFQ,testing,NICHD,pymupdf,8,36105,4513,,,,Previsit Screening for Parental Vaccine Hesitancy: A Cluster Randomized Trial.
SAR7XR63,testing,NICHD,pymupdf,10,48908,4891,,,,Maximizing adherence and retention for women living with HIV and their infants in Kenya (MOTIVATE! study): study protocol for a randomized controlled trial.
QBBH86HG,testing,NICHD,pymupdf,15,39266,2618,,,,Development of PIVOT with MI: A motivational Interviewing-Based vaccine communication training for pediatric clinicians.
HRENXTRC,testing,NICHD,pymupdf,10,57129,5713,,,,Early child development in children who are HIV-exposed uninfected compared to children who are HIV-unexposed: observational sub-study of a cluster-randomized  trial in rural Zimbabwe.
MU556XRC,testing,NICHD,pymupdf,11,67060,6096,,,,Does money buy happiness? Evidence from an unconditional cash transfer in Zambia.
3D94JQV3,testing,NICHD,pymupdf,23,81506,3544,,,,"Health care providers' perspectives on delivering gender equity focused family planning program for young married couples in a cluster randomized controlled  trial in rural Maharashtra, India."
U76H4DGQ,testing,NICHD,pymupdf,12,56579,4715,,,,"Determinants of Urogenital Schistosomiasis Among Pregnant Women and its Association With Pregnancy Outcomes, Neonatal Deaths, and Child Growth."
F68HJV2Q,testing,NICHD,pymupdf,11,56369,5124,,,,"A Hybrid Pragmatic and Factorial Cluster Randomized Controlled Trial for an Anti-racist, Multilevel Intervention to Improve Mental Health Equity in High  Schools."
62ZSZPVQ,testing,NICHD,pymupdf,15,73953,4930,,,,Evaluation of a Circadian Rhythm and Sleep-Focused Mobile Health Intervention for the Prevention of Accelerated Summer Weight Gain Among Elementary School-Age  Children: Protocol for a Randomized Controlled Feasibility Study.
8T4JJQJ3,testing,NICHD,pymupdf,13,62537,4811,,,,"Positive attitudes toward adoption of a multi-component intervention strategy aimed at improving HIV outcomes among adolescents and young people in Nampula,  Mozambique: perspectives of HIV care providers."
FBHYH7B5,testing,NICHD,pymupdf,18,60855,3381,,,,"Analysis of bacterial vaginosis, the vaginal microbiome, and sexually transmitted infections following the provision of menstrual cups in Kenyan schools: Results  of a nested study within a cluster randomized controlled trial."
C899TGUB,testing,NICHD,pymupdf,21,64354,3064,,,,Father involvement is a protective factor for maternal mental health in Western Kenya.
7YEVYBVX,testing,NICHD,pymupdf,17,82070,4828,,,,An Implementation Evaluation of A Group-Based Parenting Intervention to Promote Early Childhood Development in Rural Kenya.
Q9RJZIWK,testing,NICHD,pymupdf,15,78887,5259,,,,Testing means to scale early childhood development interventions in rural Kenya: the Msingi Bora cluster randomized controlled trial study design and protocol.
584R6WDS,testing,NICHD,pymupdf,20,61918,3096,,,,Using community health workers to deliver a scalable integrated parenting program in rural China: A cluster-randomized controlled trial.
X59TDBE4,testing,NICHD,pymupdf,9,45163,5018,,,,Improving health literacy through group antenatal care: results from a cluster randomized controlled trial in Ghana.
JTH78MGD,testing,NICHD,pymupdf,10,44952,4495,,,,"iCOPE, a multi-level, cluster randomized, 36-month, parallel-group study to assess the efficacy of HIV disclosure intervention in HIV parental disclosure  among parents living with HIV in China."
JAC9BM6H,testing,NICHD,pymupdf,14,56148,4011,,,,Improved nutrition in early life and pulse wave velocity and augmentation index in mid-adulthood: Follow-up of the INCAP Nutrition Supplementation Trial  Longitudinal Study.
YEXMPZHP,testing,NICHD,pymupdf,11,51522,4684,,,,Effectiveness of the baby-friendly community initiative on exclusive breastfeeding in Kenya.
A2IG2LVP,testing,NICHD,pymupdf,34,119513,3515,,,,Paying for Happiness: Experimental Results from a Large Cash Transfer Program in Malawi.
987UU9R7,testing,NICHD,pymupdf,13,59455,4573,,,,"Impact of topical applications of sunflower seed oil on neonatal mortality and morbidity in southern Nepal: a community-based, cluster-randomised trial."
7DTYVILP,testing,NICHD,pymupdf,21,57931,2759,,,,Referral to Community-Based Rehabilitation Following Acute Stroke: Findings From the COMPASS Pragmatic Trial.
WSZNXDF3,testing,NICHD,pymupdf,10,46792,4679,,,,Effects of a Parenting and Nutrition Intervention on Siblings: A Cluster-RCT.
UQAHNYE6,testing,NICHD,pymupdf,8,42280,5285,,,,Barber-Led HIV/Sexually Transmitted Infection Risk Reduction for Young African-American Men: Efficacy and Mediation in a Cluster Randomized Controlled  Trial.
B7CXJE8G,testing,NICHD,pymupdf,17,52434,3084,,,,Implementing School-Based Policies to Prevent Obesity: Cluster Randomized Trial.
CV5NMINV,testing,NICHD,pymupdf,10,49441,4944,,,,A Parent Coach-Led Model of Well-Child Care for Young Children in Low-Income Communities: Protocol for a Cluster Randomized Controlled Trial.
MPSTWIIE,testing,NICHD,pymupdf,8,38464,4808,,,,Assessing COVID-19 testing strategies in K-12 schools in underserved populations: study protocol for a cluster-randomized trial.
IT6PBHMH,testing,NICHD,pymupdf,18,44061,2448,,,,"Delivery of home-based postpartum contraception in Southwest Trifinio, Guatemala: Reach, adoption, and implementation in a cluster-randomized trial."
T23NIRNS,testing,NICHD,pymupdf,3,11492,3831,,,,"Delivery of home-based post-partum contraception in rural Guatemalan women: feasibility, recruitment and retention in a cluster-randomized trial."
ZXM9U5IL,testing,NICHD,pymupdf,9,36243,4027,,,,"Initial Contraceptive Choices of Women Enrolled in a Cluster-Randomized Trial in Southwest Trifinio, Guatemala."
MEWFJM3S,testing,NICHD,pymupdf,9,23799,2644,,,,"Twelve-Month outcomes of a Cluster-Randomized Trial of Home-Based Postpartum Contraceptive Delivery in Southwest Trifinio, Guatemala."
XRI47MRG,testing,NICHD,pymupdf,10,38501,3850,,,,Delivery of home-based postpartum contraception in rural Guatemalan women: a cluster-randomized trial protocol.
PKC5FBL6,testing,NICHD,pymupdf,12,58705,4892,,,,Effects of a multipronged beverage intervention on young children's beverage intake and weight: a cluster-randomized pilot study.
VTYAUJX8,testing,NICHD,pymupdf,29,102463,3533,,,,"Effects of improved water, sanitation, and hygiene and improved complementary feeding on environmental enteric dysfunction in children in rural Zimbabwe:  A cluster-randomized controlled trial."
SKPC6J6Z,testing,NICHD,pymupdf,12,34602,2884,,,,The intrauterine device as emergency contraception: how much do young women know?
424P5WIT,testing,NICHD,pymupdf,12,59829,4986,,,,"Study protocol of ""Our Choice"": a randomized controlled trial of the integration of safer conception counseling to transform HIV family planning services in  Uganda."
SDG6XWS5,testing,NICHD,pymupdf,10,48143,4814,,,,Inconsistencies in Adolescent Self-Reported Sexual Behavior: Experience from Four Randomized Controlled Trials.
ZZT32XJE,testing,NICHD,pymupdf,25,94061,3762,,,,"Independent and combined effects of improved water, sanitation, and hygiene (WASH) and improved complementary feeding on early neurodevelopment among  children born to HIV-negative mothers in rural Zimbabwe: Substudy of a  cluster-randomized trial."
389YZXVK,testing,NICHD,pymupdf,24,67782,2824,,,,Father involvement and early child development in a low-resource setting.
LKSTDI4X,testing,NICHD,pymupdf,22,57524,2615,,,,cvcrand and cptest: Commands for efficient design and analysis of cluster randomized trials using constrained randomization and permutation tests.
P657AIST,testing,NICHD,pymupdf,13,60825,4679,,,,"Integrating early stimulation and play at scale: study protocol for ""MAHAY Mikolo"", a multi-arm cluster-randomized controlled trial."
9KP9QJHL,testing,NICHD,pymupdf,9,42716,4746,,,,Factors influencing referrals for ultrasound-diagnosed complications during prenatal care in five low and middle income countries.
C6AQU6JK,testing,NICHD,pymupdf,18,52088,2894,,,,The influence of racial violence in neighborhoods and schools on the psycho-behavioral outcomes in adolescence.
U4Y6PM48,testing,NICHD,pymupdf,12,62011,5168,,,,A complementary feeding and play intervention improves the home environment and mental development among toddlers in rural India.
5HAM77TE,testing,NICHD,pymupdf,16,40367,2523,,,,Intrauterine Devices and Sexually Transmitted Infection among Older Adolescents and Young Adults in a Cluster Randomized Trial.
GZY8FTLP,testing,NICHD,pymupdf,9,39135,4348,,,,Development of a Clinical Decision Support System for Pediatric Abdominal Pain in Emergency Department Settings Across Two Health Systems Within the HCSRN.
NCXFTDSE,testing,NICHD,pymupdf,14,66439,4746,,,,Beat osteoporosis - nourish and exercise skeletons (BONES): a group randomized controlled trial in children.
QUKVYUVE,testing,NICHD,pymupdf,11,56836,5167,,,,The impact and implementation of an mHealth intervention to improve infant and young child feeding in Senegal: IIMAANJE protocol for a cluster randomized  control trial.
8IPVL2E6,testing,NICHD,pymupdf,9,46607,5179,,,,"Qualitative Examination of the Role and Influence of Mothers-in-Law on Young Married Couples' Family Planning in Rural Maharashtra, India."
JI6N7NLI,testing,NICHD,pymupdf,17,86134,5067,,,,A gender synchronized family planning intervention for married couples in rural India: study protocol for the CHARM2 cluster randomized controlled trial  evaluation.
GGWLA8CQ,testing,NICHD,pymupdf,35,114922,3283,,,,"Cash Transfers, Microentrepreneurial Activity, and Child Work: Evidence from Malawi and Zambia."
ATUXMR2R,testing,NICHD,pymupdf,11,57565,5233,,,,Community Health Workers in Early Childhood Well-Child Care for Medicaid-Insured Children: A Randomized Clinical Trial.
F2XIYWBC,testing,NICHD,pymupdf,24,57230,2385,,,,How Does Green Dot Bystander Training in High School and Beyond Impact Attitudes Toward Violence and Sexism in a Prospective Cohort?
XRU8G8A8,testing,NICHD,pymupdf,29,76216,2628,,,,A Methodology Report for the Life's Snapshot Cohort Study to Investigate the Long-Term Efficacy of a Violence Intervention.
EIPAKG3X,testing,NICHD,pymupdf,8,53332,6666,,,,"Parenting, mental health and economic pathways to prevention of violence against children in South Africa."
PWIYEX26,testing,NICHD,pymupdf,12,55207,4601,,,,A Cluster-Randomized Trial of Getting To Outcomes' Impact on Sexual Health Outcomes in Community-Based Settings.
3UVLBHAP,testing,NICHD,pymupdf,7,36290,5184,,,,Development of a Randomized Trial Comparing ICP-Monitor-Based Management of Severe Pediatric Traumatic Brain Injury to Management Based on Imaging and  Clinical Examination Without ICP Monitoring-Study Protocol.
YEV6RFDP,testing,NICHD,pymupdf,12,57054,4754,,,,Protocol for cluster randomized evaluation of reaching married adolescents - a gender-synchronized intervention to increase modern contraceptive use among  married adolescent girls and young women and their husbands in Niger.
VNG9LQ74,testing,NICHD,pymupdf,10,40256,4026,,,,mHealth Phone Intervention to Reduce Maternal Deaths and Morbidity in Cameroon: Protocol for Translational Adaptation.
4FL6J5P5,testing,NICHD,pymupdf,10,51144,5114,,,,eHealth Interventions for Early Infant Diagnosis: Mothers' Satisfaction with the HIV Infant Tracking System in Kenya.
8R3JFVUF,testing,NICHD,pymupdf,7,34130,4876,,,,Safety Huddle Intervention for Reducing Physiologic Monitor Alarms: A Hybrid Effectiveness-Implementation Cluster Randomized Trial.
RK8ZWWNV,testing,NICHD,pymupdf,12,63434,5286,,,,Processed and Packed: How Refined Are the Foods That Children Bring to School for Snack and Lunch?
ASKKVVKB,testing,NICHD,pymupdf,14,70501,5036,,,,A Randomized Multiple Micronutrient Powder Point-of-Use Fortification Trial Implemented in Indian Preschools Increases Expressive Language and Reduces Anemia  and Iron Deficiency.
4TDB7ESX,testing,NICHD,pymupdf,12,47815,3985,,,,"A Randomized Controlled Trial to Measure Spillover Effects of a Combined Water, Sanitation, and Handwashing Intervention in Rural Bangladesh."
UUDU4DNS,testing,NICHD,pymupdf,10,54642,5464,,,,Community level interventions for pre-eclampsia (CLIP) in India: A cluster randomised controlled trial.
6CGYTE67,testing,NICHD,pymupdf,13,73172,5629,,,,"Design and rationale for evaluating the impact of salad bars on elementary school students' fruit, vegetable, and energy intake: a wait list control, cluster  randomized controlled trial."
IF6WVFIU,testing,NICHD,pymupdf,15,40299,2687,,,,Active learning improves on-task behaviors in 4th grade children.
9VR3RMAR,testing,NICHD,pymupdf,11,50052,4550,,,,Prevalence of and risk factors for abnormal vaginal flora and its association with adverse pregnancy outcomes in a rural district in north-east Bangladesh.
EA86FRVU,testing,NICHD,pymupdf,8,37097,4637,,,,Protocol adherence rates in superiority and noninferiority randomized clinical trials published in high impact medical journals.
IFNK5UIA,testing,NICHD,pymupdf,6,34216,5703,,,,Understanding quality of contraceptive counseling in the CHARM2 gender-equity focused family planning intervention: Findings from a cluster randomized  controlled trial among couples in rural India.
NTWDE6C4,testing,NICHD,pymupdf,15,76414,5094,,,,Evaluation of a Whole-School Change Intervention: Findings from a Two-Year Cluster-Randomized Trial of the Restorative Practices Intervention.
36XA3V3Y,testing,NIDA; NIMH,pymupdf,17,65026,3825,,,,Factors associated with program effectiveness in the implementation of a sexual risk reduction intervention for female sex workers across Mexico: Results from a  randomized trial.
PRALKUIM,testing,NIDA; NIMH,pymupdf,10,42896,4290,,,,"Effects of the ""Circle of Life"" HIV-prevention program on marijuana use among American Indian middle school youths: a group randomized trial in a Northern  Plains tribe."
QLIMJPK7,testing,NIDA; NIMH,pymupdf,8,41009,5126,,,,Efficacy of Communication Training of Community Health Workers on Service Delivery to People Who Inject Drugs in Vietnam: A Clustered Randomized Trial.
SAXIWEGE,testing,NIDA; NIMH,pymupdf,10,50337,5034,,,,Barriers to Implementing Motivational Interviewing in Addiction Treatment: A Nominal Group Technique Process Evaluation.
LBWBM3QI,testing,NIDA; NIMH,pymupdf,16,79262,4954,,,,Comparing a standard and tailored approach to scaling up an evidence-based intervention for antiretroviral therapy for people who inject drugs in Vietnam:  study protocol for a cluster randomized hybrid type III trial.
P6KHNMXR,testing,NIDA; NIMH,pymupdf,18,49627,2757,,,,Change in Patient Outcomes After Augmenting a Low-level Implementation Strategy in Community Practices That Are Slow to Adopt a Collaborative Chronic Care Model:  A Cluster Randomized Implementation Trial.
R8Q9IC7L,testing,NIDA; NIEHS,pymupdf,11,54426,4948,,,,Exemplar Hospital initiation trial to Enhance Treatment Engagement (EXHIT ENTRE): protocol for CTN-0098B a randomized implementation study to support hospitals in  caring for patients with opioid use disorder.
7LMAP35D,testing,NIDA; NIMH,pymupdf,16,57005,3563,,,,Leveraging family-based assets for Black men who have sex with men in House Ball Communities: Protocol for a cluster randomized controlled trial.
DB7RLSI3,testing,NIDA; NIMH,pymupdf,8,35003,4375,,,,Strengthening Addiction Care Continuum Through Community Consortium in Vietnam: Protocol for a Cluster-Randomized Controlled Trial.
ZS32FFTG,testing,NIDA; NIMH,pymupdf,13,54695,4207,,,,Childhood Factors Associated With Unnatural Death Through Midadulthood.
GRJMUSBP,testing,NIDA; NIDDK,pymupdf,16,86599,5412,,,,Project MIMIC (Maximizing Implementation of Motivational Incentives in Clinics): A cluster-randomized type 3 hybrid effectiveness-implementation trial.
T6E33ANN,testing,NIDA; NIDCD,pymupdf,5,22505,4501,,,,Effects of a Health Education Intervention for COVID-19 Prevention in Latinx Communities: A Cluster-Randomized Controlled Trial.
UQJ2NCVC,testing,NIDA; NIDCD,pymupdf,12,46568,3881,,,,Effectiveness of a COVID-19 Testing Outreach Intervention for Latinx Communities: A Cluster Randomized Trial.
B3UVYJDJ,testing,NIDA,pymupdf,12,50036,4170,,,,The Financial Lives and Capabilities of Women Engaged in Sex Work: Can Paradoxical Autonomy Inform Intervention Strategies?
4A7J7XUT,testing,NIDA,pymupdf,12,59876,4990,,,,NIATx-TI versus typical product training on e-health technology implementation: a clustered randomized controlled trial study protocol.
DQG9L8F9,testing,NIDA,pymupdf,12,72486,6040,,,,Nurse Care Management for Opioid Use Disorder Treatment: The PROUD Cluster Randomized Clinical Trial.
PJFZQC88,testing,NIDA,pymupdf,14,56800,4057,,,,Peer Comparison or Guideline-Based Feedback and Postsurgery Opioid Prescriptions: A Randomized Clinical Trial.
HM2J3JE3,testing,NIDA,pymupdf,17,42776,2516,,,,PRescribing Interventions for Chronic pain using the Electronic health record (PRINCE): Study protocol.
2RCCARWL,testing,NIDA,pymupdf,15,53033,3536,,,,'I never hoped for anything … now I have other plans': The role of microfinance in HIV intervention for women who use drugs and engage in sex work in Kazakhstan.
T9WES4J6,testing,NIDA,pymupdf,18,61049,3392,,,,Suicidal ideation among women who engage in sex work and have a history of drug use in Kazakhstan.
4MQ6MTCP,testing,NIDA,pymupdf,10,54043,5404,,,,A qualitative assessment of factors influencing implementation and sustainability of evidence-based tobacco use treatment in Vietnam health centers.
CR28AVZ3,testing,NIDA,pymupdf,25,90302,3612,,,,Cognitive Decline as a Result of Incarceration and the Effects of a CBT/MT Intervention: A Cluster-Randomized Controlled Trial.
R28V6KHD,testing,NIDA,pymupdf,9,51869,5763,,,,Facilitating treatment initiation and reproductive care postpartum to prevent substance-exposed pregnancies: A randomized bayesian pilot trial.
N2QZPD9W,testing,NIDA,pymupdf,12,68813,5734,,,,Implementation Strategy Fidelity and Organizational Outcomes in a Randomized Trial: Implications for Reentry from Corrections to Community Treatment.
VW5JPFPD,testing,NIDA,pymupdf,10,78929,7893,,,,The impact of co-occurring mental health problems on referral to and initiation of treatment among youth under probation supervision: Findings from a cluster  randomized trial.
SDFD7EM2,testing,NIDA,pymupdf,10,46753,4675,,,,Trauma-Integrated Mindfulness-Based Relapse Prevention for Women with Comorbid Post-Traumatic Stress Disorder and Substance Use Disorder: A Cluster Randomized  Controlled Feasibility and Acceptability Trial.
3Q2CRGE2,testing,NIDA,pymupdf,15,75384,5026,,,,Organizational culture and climate as moderators of enhanced outreach for persons with serious mental illness: results from a cluster-randomized trial of adaptive  implementation strategies.
H9P7B7GU,testing,NIDA,pymupdf,15,83862,5591,,,,"The ""Haves, Have Some, and Have Nots:"" a Latent Profile Analysis of Capacity, Quality, and Implementation in Community-Based Afterschool Programs."
HXE2S4AP,testing,NIDA,pymupdf,15,79756,5317,,,,Promoting Afterschool Quality and Positive Youth Development: Cluster Randomized Trial of the Pax Good Behavior Game.
W65U65NV,testing,NIDA,pymupdf,12,82257,6855,,,,Operationalizing and selecting outcome measures for the HEALing Communities Study.
VDRMHBWA,testing,NIDA,pymupdf,18,67892,3772,,,,"Randomized controlled trial to test the efficacy of a brief, communication-based, substance use preventive intervention for parents of adolescents: Protocol for  the SUPPER Project (Substance Use Prevention Promoted by Eating family meals  Regularly)."
LPGMZZ5G,testing,NIDA,pymupdf,7,33145,4735,,,,Integrated Smoking Cessation for Smokers With Serious Mental Illness: Protocol for a Convergent Mixed Methods Implementation Evaluation Study.
BEQARD7N,testing,NIDA,pymupdf,8,45514,5689,,,,"Aerosol, vapor, or chemicals? College student perceptions of harm from electronic cigarettes and support for a tobacco-free campus policy."
WW6ZMVMC,testing,NIDA,pymupdf,19,48334,2544,,,,Best Practice Alerts Informed by Inpatient Opioid Intake to Reduce Opioid Prescribing after Surgery (PRIOR): A Cluster Randomized Multiple Crossover Trial.
TR4G9SM7,testing,NIDA,pymupdf,10,46782,4678,,,,A behavioral economic intervention to increase psychiatrist adherence to tobacco treatment guidelines: a provider-randomized study protocol.
MA8B7BQH,testing,NIDA,pymupdf,10,57405,5740,,,,Impact of implementation interventions to improve substance use service delivery on recidivism among justice-involved youth.
MB2VXL8B,testing,NIDA,pymupdf,6,43262,7210,,,,Equity of overdose education and naloxone distribution provided in the Kentucky HEALing Communities Study.
V8JID29X,testing,NIDA,pymupdf,11,41830,3803,,,,Effect of Integrating Access to a Prescription Drug Monitoring Program Within the Electronic Health Record on the Frequency of Queries by Primary Care Clinicians:  A Cluster Randomized Clinical Trial.
2NT7ULNN,testing,NIDA,pymupdf,13,53601,4123,,,,"The Association of Recurrent and Multiple Types of Abuse with Adverse Mental Health, Substance Use, and Sexual Health Outcomes among Out-of-School Adolescent  Girls and Young Women in Cape Town, South Africa."
DWQ7WBBU,testing,NIDA,pymupdf,8,45141,5643,,,,Organizational Acceptability of Implementing SBIRT for Adolescents in Primary Care.
FWVBXVTT,testing,NIDA,pymupdf,6,44390,7398,,,,Adolescent SBIRT implementation: Generalist vs. Specialist models of service delivery in primary care.
BPHT6HTT,testing,NIDA,pymupdf,14,73883,5277,,,,Project Nova: A Combination HIV Prevention and Microfinance Intervention for Women Who Engage in Sex Work and Use Drugs in Kazakhstan.
53JMSN6N,testing,NIDA,pymupdf,14,70999,5071,,,,Microfinance for women at high risk for HIV in Kazakhstan: study protocol for a cluster-randomized controlled trial.
Y4TUSWXX,testing,NIDA,pymupdf,9,46987,5221,,,,Evaluating the Effects of a Brief Tobacco Intervention in the US Air Force.
ECSSDXZJ,testing,NIDA,pymupdf,15,46058,3071,,,,Application of System Dynamics to Inform a Model of Adolescent SBIRT Implementation in Primary Care Settings.
3NFJBP2C,testing,NIDA,pymupdf,13,56476,4344,,,,"Theory, Measurement, and Psychometric Properties of Risk and Protective Factors for Drug Misuse Among Adolescents Living on or near the Cherokee Nation  Reservation."
8U42N73M,testing,NIDA,pymupdf,17,92393,5435,,,,Subthreshold opioid use disorder prevention (STOP) trial: a cluster randomized clinical trial: study design and methods.
CHZCXVDR,testing,NIDA,pymupdf,8,52922,6615,,,,StaySafe: A self-administered android tablet application for helping individuals on probation make better decisions pertaining to health risk behaviors.
QSBC7SYW,testing,NIDA,pymupdf,13,62433,4803,,,,Keepin' It REAL-Mantente REAL in Mexico: a Cluster Randomized Controlled Trial of a Culturally Adapted Substance Use Prevention Curriculum for Early Adolescents.
XN4FZUHH,testing,NIDA,pymupdf,13,63583,4891,,,,"Study protocol for a cluster randomized trial of a school, family, and community intervention for preventing drug misuse among older adolescents in the Cherokee  Nation."
3UEX8VI8,testing,NIDA,pymupdf,8,43253,5407,,,,Prescribers' satisfaction with delivering medications for opioid use disorder.
IIVEWCX5,testing,NIDA,pymupdf,7,35398,5057,,,,Physicians' satisfaction with providing buprenorphine treatment.
NIK4YS4I,testing,NIDA,pymupdf,16,76266,4767,,,,The comparative effectiveness of Core versus Core+Enhanced implementation strategies in a randomized controlled trial to improve substance use treatment  receipt among justice-involved youth.
6J9D36EE,testing,NIDA,pymupdf,15,66744,4450,,,,Randomized Trial of Academic Training and Medication Decision-Making for Adolescents with ADHD in Usual Care.
NYA6E7TI,testing,NIDA,pymupdf,12,57064,4755,,,,Measurement Training and Feedback System for Implementation of family-based services for adolescent substance use: protocol for a cluster randomized trial of  two implementation strategies.
6MW7LBJK,testing,NIDA,pymupdf,10,51689,5169,,,,Virtual Training Is More Cost-Effective Than In-Person Training for Preparing Staff to Implement Contingency Management.
JZZT4K5G,testing,NIDA,pymupdf,11,64694,5881,,,,To be mindful of the breath or pain: Comparing two brief preoperative mindfulness techniques for total joint arthroplasty patients.
9CML7LKG,testing,NIDA,pymupdf,19,53221,2801,,,,Brief preoperative mind-body therapies for total joint arthroplasty patients: a randomized controlled trial.
SUPN2UW2,testing,NIDA,pymupdf,11,55015,5001,,,,A cluster-randomized trial of a brief multi-component intervention to improve tobacco outcomes in substance use treatment.
5G2P944R,testing,NIDA,pymupdf,13,64712,4978,,,,Application of a Heuristic Framework for Multilevel Interventions to Eliminate the Impact of Unjust Social Processes and Other Harmful Social Determinants of  Health.
YDATJERL,testing,NIDA,pymupdf,12,56846,4737,,,,Braiding Two Evidence-based Programs for Families at-risk: Results of a Cluster Randomized Trial.
TMXPKXL6,testing,NIDA,pymupdf,18,54688,3038,,,,Effect of the Communities that HEAL intervention on receipt of behavioral therapies for opioid use disorder: A cluster randomized wait-list controlled  trial.
BNNWNRQ5,testing,NIDA,pymupdf,23,104953,4563,,,,"The implementation and sustainment facilitation strategy improved implementation effectiveness and intervention effectiveness: Results from a cluster-randomized,  type 2 hybrid trial."
YZYIJZ2N,testing,NIDA,pymupdf,16,78638,4915,,,,A study protocol for Project I-Test: a cluster randomized controlled trial of a practice coaching intervention to increase HIV testing in substance use treatment  programs.
Q78QP2KE,testing,NIDA,pymupdf,11,50721,4611,,,,Wait No Longer: Reducing Medication Wait-Times for Individuals with Co-Occurring Disorders.
JBZEMH8T,testing,NIDA,pymupdf,11,60535,5503,,,,Using NIATx strategies to implement integrated services in routine care: a study protocol.
NWJSBE2M,testing,NIDA,pymupdf,31,108785,3509,,,,Improving Medication Access within Integrated Treatment for Individuals with Co-Occurring Disorders in Substance Use Treatment Agencies.
F4X8P769,testing,NIDA,pymupdf,11,49888,4535,,,,A cluster-randomized controlled trial of a combination HIV risk reduction and microfinance intervention for female sex workers who use drugs in Kazakhstan.
K8CZS3YU,testing,NIDA,pymupdf,19,89932,4733,,,,A mixed methods partner-focused cost and budget impact analysis to deploy implementation strategies for school-based prevention.
CM8Z2WWM,testing,NIDA,pymupdf,29,93241,3215,,,,Community coalition and key stakeholder perceptions of the community opioid epidemic before an intensive community-level intervention.
2DMZ4K8H,testing,NIDA,pymupdf,13,66791,5138,,,,"Effects of the Communities that Heal (CTH) intervention on perceived opioid-related community stigma in the HEALing Communities Study: results of a  multi-site, community-level, cluster-randomized trial."
M5CUWAT7,testing,NIDA,pymupdf,6,26709,4452,,,,Family Support and Readiness to Consider Smoking Cessation among Chinese and Vietnamese American Male Smokers.
7HEUDQUK,testing,NIDA,pymupdf,14,48332,3452,,,,Nicotine replacement therapy sampling via primary care: Methods from a pragmatic cluster randomized clinical trial.
TIEFYVIG,testing,NIDA,pymupdf,19,55342,2913,,,,A community pharmacy intervention for opioid medication misuse: A pilot randomized clinical trial.
WZR7FWST,testing,NIDA,pymupdf,13,38742,2980,,,,Sustainment of Integrated Care in Addiction Treatment Settings: Primary Outcomes From a Cluster-Randomized Controlled Trial.
GRGRMNH4,testing,NIDA,pymupdf,14,48886,3492,,,,"Relationship Between Criminal and Status Offense Behaviors, Substance Use, and HIV Risk Among Adolescent Girls and Young Women in Cape Town, South Africa."
YDVPVZF8,testing,NIDA,pymupdf,13,67070,5159,,,,Protocol for a hybrid type 3 cluster randomized trial of a technical assistance system supporting coalitions and evidence-based drug prevention programs.
CDQZ4VZK,testing,NIDA,pymupdf,25,75055,3002,,,,Moment-by-Moment in Women's Recovery (MMWR): Mindfulness-based intervention effects on residential substance use disorder treatment retention in a randomized  controlled trial.
6QKZB5JR,testing,NIDA,pymupdf,36,115869,3219,,,,Using structured implementation interventions to improve referral to substance use treatment among justice-involved youth: Findings from a multisite cluster  randomized trial.
XXRDWFES,testing,NIDA,pymupdf,2,14273,7136,,,,Is necessity also the mother of implementation? COVID-19 and the implementation of evidence-based treatments for opioid use disorders.
MJNWAQHW,testing,NIDA,pymupdf,8,58685,7336,,,,Sustainment of Contingency Management within Opioid Treatment Programs: COVID-Related Barriers and Innovative Workflow Adaptations.
UG6ITRC3,testing,NIDA,pymupdf,8,46783,5848,,,,Start-Up Costs of SBIRT Implementation for Adolescents in Urban U.S. Federally Qualified Health Centers.
JMHPDI2R,testing,NIDA,pymupdf,8,39997,5000,,,,Costs and Implementation Effectiveness of Generalist Versus Specialist Models for Adolescent Screening and Brief Intervention in Primary Care.
4IVIRBZF,testing,NIDA,pymupdf,13,53657,4127,,,,Implementing integrated services in routine behavioral health care: primary outcomes from a cluster randomized controlled trial.
3LMFCU9V,testing,NIDA,pymupdf,14,74958,5354,,,,The Feasibility of Using the National PulsePoint Cardiopulmonary Resuscitation Responder Network to Facilitate Overdose Education and Naloxone Distribution:  Protocol for a Randomized Controlled Trial.
QX9WUKX6,testing,NIDCD,pymupdf,11,62062,5642,,,,Telemedicine Referral to Improve Access to Specialty Care for Preschool Children in Rural Alaska: A Cluster-Randomized Controlled Trial.
2W5BZWB2,testing,NIDCD,pymupdf,10,48172,4817,,,,Community-based program to increase use of hearing conservation practices among farm and rural youth: a cluster randomized trial of effectiveness.
TKX48PPJ,testing,NIDCD,pymupdf,10,40626,4063,,,,Hearing-related quality of life in children and adolescents in rural Alaska.
QRWCUEJB,testing,NIDCD,pymupdf,18,49451,2747,,,,Environmental Factors for Hearing Loss and Middle Ear Disease in Alaska Native Children and Adolescents: A Cross-Sectional Analysis from a Cluster Randomized  Trial.
5A9WH3WK,testing,NIDCD,pymupdf,11,58080,5280,,,,Prevalence of Childhood Hearing Loss in Rural Alaska.
Q8KJFTBR,testing,NIDCR; NIGMS,pymupdf,19,44883,2362,,,,A power approximation for the Kenward and Roger Wald test in the linear mixed model.
RBW24G9W,testing,NIDCR; NIMHD,pymupdf,7,17615,2516,,,,Total observed caries experience: assessing the effectiveness of community-based caries prevention.
BN94WEGC,testing,NIDCR,pymupdf,11,51590,4690,,,,"Development and Feasibility Testing of CATCH Healthy Smiles, an Oral Health Promotion Intervention for Prevention of Dental Caries Among Elementary School  Children."
L24CZE46,testing,NIDCR,pymupdf,9,44416,4935,,,,Barriers to dental utilization among Medicaid-enrolled young children from primary care practices in Northeast Ohio.
PUE5DHA2,testing,NIDCR,pymupdf,11,45377,4125,,,,Dental Caries in Medicaid-Insured Preschool Children With or Without Special Health Care Needs in Northeast Ohio.
QITZ472M,testing,NIDCR,pymupdf,9,42351,4706,,,,De-Implementing Opioid Use and Implementing Optimal Pain Management Following Dental Extractions (DIODE): Protocol for a Cluster Randomized Trial.
WLQMK68W,testing,NIDCR,pymupdf,16,58557,3660,,,,Formative and Pilot Study for an Effectiveness-Implementation Hybrid Cluster Randomized Trial to Incorporate Oral Health Activities into Pediatric Well-Child  Visits.
VBI7A53P,testing,NIDCR,pymupdf,29,85776,2958,,,,Design and sample characteristics of COordinated Oral health Promotion (CO-OP) Chicago: A cluster-randomized controlled trial.
2WCRQ479,testing,NIDCR,pymupdf,10,46046,4605,,,,Formative research implications on design of a randomized controlled trial for oral health promotion in children.
4PU2K5XJ,testing,NIDCR,pymupdf,9,43928,4881,,,,Community health worker intervention to improve tooth brushing in young children: Results from a cluster randomized controlled trial.
3HNEWU2Y,testing,NIDCR,pymupdf,13,48275,3713,,,,Randomized Trial of Motivational Interviewing to Prevent Early Childhood Caries in Public Housing.
NRHYD9J5,testing,NIDCR,pymupdf,10,46004,4600,,,,"De-Implementing Opioids for Dental Extractions (DIODE): a multi-clinic, cluster-randomized trial of clinical decision support strategies in dentistry."
S55P2WES,testing,NIDDK; NIGMS,pymupdf,4,14541,3635,,,,Food Insecurity and Weight Loss in an Underserved Primary Care Population: A Post Hoc Analysis of a Cluster Randomized Trial.
U9HFRTLS,testing,NIDDK; NIMHD,pymupdf,12,65502,5458,,,,Integrating Community Health Workers into Safety-Net Primary Care for Diabetes Prevention: Qualitative Analysis of Clinicians' Perspectives.
K9WF5ZZ3,testing,NIDDK; NINR,pymupdf,9,47840,5316,,,,Effect of Electronic Health Record-Based Medication Support and Nurse-Led Medication Therapy Management on Hypertension and Medication Self-management: A  Randomized Clinical Trial.
XS3FUSUV,testing,NIDDK; NIMHD,pymupdf,6,34605,5768,,,,"Impact of Navigators on First Visit to a Transplant Center, Waitlisting, and Kidney Transplantation: A Randomized, Controlled Trial."
F4R8FANF,testing,NIDDK; NIMHD,pymupdf,8,45619,5702,,,,Integrating Community Health Workers' Dual Clinic-Community Role in Safety-Net Primary Care: Implementation Lessons from a Pragmatic Diabetes-Prevention Trial.
I86X9LFA,testing,NIDDK; NIEHS,pymupdf,9,55097,6122,,,,Destination Transplant: Protocol for a Parallel-group Randomized Trial of an Educational Intervention to Increase Kidney Transplant Among Black People on the  Transplant Waiting List.
VY5CJIS9,testing,NIDDK; NIGMS,pymupdf,13,49556,3812,,,,The Families and Schools for Health Project: A Longitudinal Cluster Randomized Controlled Trial Targeting Children with Overweight and Obesity.
JE4PYC4G,testing,NIDDK; NIGMS; NIMHD,pymupdf,11,61197,5563,,,,Mediators of weight change in underserved patients with obesity: exploratory analyses from the Promoting Successful Weight Loss in Primary Care in Louisiana  (PROPEL) cluster-randomized trial.
KGUIQV5I,testing,NIDDK; NIGMS,pymupdf,26,71948,2767,,,,Effects of a 2-Year Primary Care Lifestyle Intervention on Cardiometabolic Risk Factors: A Cluster-Randomized Trial.
XTDW973M,testing,NIDDK; NIGMS,pymupdf,19,56039,2949,,,,Weight loss in primary care: A pooled analysis of two pragmatic cluster-randomized trials.
LY6ZS5D5,testing,NIDDK; NIMHD,pymupdf,9,39655,4406,,,,Racial and Ethnic Disparities in Diabetes Prevention Outcomes: Insights from the Prediabetes Informed Decisions and Education Study.
I4X29GS5,testing,NIDDK; NIGMS,pymupdf,13,55964,4305,,,,Dietary intake during a pragmatic cluster-randomized weight loss trial in an underserved population in primary care.
E59V2UET,testing,NIDDK; NIGMS,pymupdf,5,21220,4244,,,,Physical activity and weight loss in a pragmatic weight loss trial.
2MX6BZR5,testing,NIDDK; NIGMS,pymupdf,16,45185,2824,,,,Weight Loss in Underserved Patients - A Cluster-Randomized Trial.
6YWKB4HM,testing,NIDDK,pymupdf,17,83956,4939,,,,"Study protocol for a cluster randomized controlled trial to test ""¡Míranos! Look at Us, We Are Healthy!"" - an early childhood obesity prevention program."
PVTH3F4Y,testing,NIDDK,pymupdf,7,40253,5750,,,,In the Know: A Cluster Randomized Trial of an In-person Sexual Health Education Program Integrating Digital Technologies for Adolescents.
2QNELAPY,testing,NIDDK,pymupdf,18,72013,4001,,,,"""My wellbeing-their wellbeing ""- An eHealth intervention for managing obesity in early care and education: Protocol for the Go NAPSACC Cares cluster randomized  control trial."
9XYZI3GY,testing,NIDDK,pymupdf,17,49761,2927,,,,Reaching high-risk Black adults for diabetes prevention programming during a pandemic: The design of Fit & Faithful a randomized controlled community trial.
IYEXMNQX,testing,NIDDK,pymupdf,13,56369,4336,,,,Once-Weekly Semaglutide in Adolescents with Obesity.
3GD35SCN,testing,NIDDK,pymupdf,10,51622,5162,,,,A youth empowerment intervention to prevent childhood obesity: design and methods for a cluster randomized trial of the H(2)GO! program.
23BCYRBE,testing,NIDDK,pymupdf,12,59800,4983,,,,Reducing sugary drink intake through youth empowerment: results from a pilot-site randomized study.
VKBHPHBC,testing,NIDDK,pymupdf,9,44563,4951,,,,The cost-effectiveness of community health workers delivering free diarrhoea treatment: evidence from Uganda.
UVAC9R9W,testing,NIDDK,pymupdf,8,37368,4671,,,,Prompting Patients with Poorly Controlled Diabetes to Identify Visit Priorities Before Primary Care Visits: a Pragmatic Cluster Randomized Trial.
CLPMXINX,testing,NIDDK,pymupdf,22,105586,4799,,,,Enhancing the Cardiovascular Safety of Hemodialysis Care Using Multimodal Provider Education and Patient Activation Interventions: Protocol for a Cluster  Randomized Controlled Trial.
XXBP4QEU,testing,NIDDK,pymupdf,10,43779,4378,,,,A randomized double-blind trial of clonidine and colesevelam for women with fecal incontinence.
6T44GULY,testing,NIDDK,pymupdf,20,57107,2855,,,,"Design and rationale of behavioral nudges for diabetes prevention (BEGIN): A pragmatic, cluster randomized trial of text messaging and a decision aid  intervention for primary care patients with prediabetes."
ZG7UY28U,testing,NIDDK,pymupdf,13,58703,4516,,,,A cluster-randomized controlled trial of automated internet weight-loss programs in primary care: Role of automated provider feedback.
H2Q26QRZ,testing,NIDDK,pymupdf,9,39626,4403,,,,Social Determinants of Health Discussed with Mothers During Personal Visits Before and During the COVID-19 Pandemic.
RU6SUGKN,testing,NIDDK,pymupdf,10,51915,5192,,,,Use of a Decision Aid for Patients Considering Peritoneal Dialysis and In-Center Hemodialysis: A Randomized Controlled Trial.
8AYDILPI,testing,NIDDK,pymupdf,21,67212,3201,,,,Design of a randomized trial testing a multi-level weight-control intervention to reduce obesity and related health conditions in low-income workers.
IAR8JTC6,testing,NIDDK,pymupdf,11,47667,4333,,,,A CKD Clinical Decision Support System: A Cluster Randomized Clinical Trial in Primary Care Clinics.
24NP2GPC,testing,NIDDK,pymupdf,17,43701,2571,,,,Building Blocks for Healthy Children: Evaluation of a Child Care Center-Based Obesity Prevention Pilot Among Low-Income Children.
Y9GMXF6J,testing,NIDDK,pymupdf,6,30942,5157,,,,"Are evidence-based, community-engaged energy balance interventions enough for extremely vulnerable populations?"
DFCSUHLD,testing,NIDDK,pymupdf,8,34308,4288,,,,Low-Intensity Intervention Supports Diabetes Registry Implementation: A Cluster-Randomized Trial in the Ambulatory Care Outcomes Research Network  (ACORN).
6Q72BSA3,testing,NIDDK,pymupdf,12,67518,5626,,,,Portion size can be used strategically to increase intake of vegetables and fruits in young children over multiple days: a cluster-randomized crossover  trial.
EJBEAXBJ,testing,NIDDK,pymupdf,32,91302,2853,,,,Design of a cluster-randomized trial of the effectiveness and cost-effectiveness of metformin on prevention of type 2 diabetes among prediabetic Mexican adults  (the PRuDENTE initiative of Mexico City).
CM3NFQQ4,testing,NIDDK,pymupdf,10,47584,4758,,,,Engagement and Weight Loss in a Web and Mobile Program for Low-Income Postpartum Women: Fit Moms/Mamás Activas.
3UHZZJXT,testing,NIDDK,pymupdf,8,42853,5357,,,,Screening for CKD To Improve Processes of Care among Nondiabetic Veterans with Hypertension: A Pragmatic Cluster-Randomized Trial.
RCP7XSIQ,testing,NIDDK,pymupdf,13,49492,3807,,,,Effect of Time-Restricted Eating on Weight Loss in Adults With Type 2 Diabetes: A Randomized Clinical Trial.
N3LGTHJT,testing,NIDDK,pymupdf,10,57926,5793,,,,Coordinated Care to Optimize Cardiovascular Preventive Therapies in Type 2 Diabetes: A Randomized Clinical Trial.
8D9X8CKG,testing,NIDDK,pymupdf,14,65625,4688,,,,Adapting in-person diabetes group visits to a virtual setting across federally qualified health centers.
MIT4U4YT,testing,NIDDK,pymupdf,21,60340,2873,,,,An Implementation Approach Comparison of a Child Care Center-Based Obesity Prevention Program.
49U4IZAV,testing,NIDDK,pymupdf,12,55255,4605,,,,Factors related to recruitment and retention of patients into diabetes group visits in Federally Qualified Health Centers.
Y4TIZ5PA,testing,NIDDK,pymupdf,8,47272,5909,,,,"Percent Fat Mass Increases with Recovery, But Does Not Vary According to Dietary Therapy in Young Malian Children Treated for Moderate Acute Malnutrition."
N8PF2TXU,testing,NIDDK,pymupdf,9,46467,5163,,,,Rationale and design of a type 2 diabetes prevention intervention for at-risk mothers and children at a Federally Qualified Healthcare Center: EPIC El Rio  Families Study Protocol.
VPQSSR4T,testing,NIDDK,pymupdf,6,29118,4853,,,,Recruiting primary care practices for practice-based research: a case study of a group-randomized study (TRANSLATE CKD) recruitment process.
9YMKFR95,testing,NIDDK,pymupdf,9,42512,4724,,,,Translating CKD Research into Primary Care Practice: a Group-Randomized Study.
3TX27AJH,testing,NIDDK,pymupdf,12,61598,5133,,,,Cultivating Innovative Pragmatic Cluster-Randomized Registry Trials Embedded in Hemodialysis Care: Workshop Proceedings From 2018.
LUEAN8WC,testing,NIDDK,pymupdf,16,53125,3320,,,,A randomized trial of a multi-level intervention to increase water access and appeal in community recreation centers.
CYS4GPW2,testing,NIDDK,pymupdf,28,76187,2721,,,,"""Wellness Champions for Change,"" a multi-level intervention to improve school-level implementation of local wellness policies: Study protocol for a  cluster randomized trial."
8HDDNJTI,testing,NIDDK,pymupdf,17,63778,3752,,,,"A Pragmatic Cluster Randomized Trial of an Electronic Clinical Decision Support System to Improve Chronic Kidney Disease Management in Primary Care: Design,  Rationale, and Implementation Experience."
PNLNIYEE,testing,NIDDK,pymupdf,18,50818,2823,,,,Peer Support Intervention Improves Pain-Related Outcomes Among Rural Adults With Diabetes and Chronic Pain at 12-Month Follow-Up.
B57IHJD4,testing,NIDDK,pymupdf,19,56870,2993,,,,Electronic health record based population health management to optimize care in CKD: Design of the Kidney Coordinated HeAlth Management Partnership (K-CHAMP)  trial.
TJZUG3NE,testing,NIDDK,pymupdf,11,51956,4723,,,,Protocol for the CHORD project (community health outreach to reduce diabetes): a cluster-randomized community health worker trial to prevent diabetes.
CMPRYFNK,testing,NIDDK,pymupdf,9,47796,5311,,,,"Cost-effectiveness analysis of a cluster-randomized, culturally tailored, community health worker home-visiting diabetes intervention versus standard care  in American Samoa."
ZHDC4FUP,testing,NIDDK,pymupdf,14,60580,4327,,,,Modeling approaches for assessing device-based measures of energy expenditure in school-based studies of body weight status.
LEKWLCQE,testing,NIDDK,pymupdf,12,63731,5311,,,,"A Randomized, Controlled Trial of the Impact of the Couple CARE for Parents of Newborns Program on the Prevention of Intimate Partner Violence and Relationship  Problems."
QL8RC7HH,testing,NIDDK,pymupdf,10,46279,4628,,,,The impact of enhancing self-management support for diabetes in Community Health Centers through patient engagement and relationship building: a primary care  pragmatic cluster-randomized trial.
CZNL5N7R,testing,NIDDK,pymupdf,8,41125,5141,,,,Evaluating the Effectiveness of Diabetes Shared Medical Appointments (SMAs) as Implemented in Five Veterans Affairs Health Systems: a Multi-site Cluster  Randomized Pragmatic Trial.
RBYXCK48,testing,NIDDK,pymupdf,11,54043,4913,,,,Implementation fidelity to a behavioral diabetes prevention intervention in two New York City safety net primary care practices.
9CXFBLKJ,testing,NIDDK,pymupdf,11,52152,4741,,,,Indirect Effects of a Cognitive-Behavioral Intervention on Adolescent Weight and Insulin Resistance Through Decreasing Depression in a Randomized Controlled  Trial.
P5P4GMBD,testing,NIDDK,pymupdf,11,40774,3707,,,,Electronic Alerts to Improve Heart Failure Therapy in Outpatient Practice: A Cluster Randomized Trial.
Q7A5MBGH,testing,NIDDK,pymupdf,9,30120,3347,,,,Rationale and design of a cluster-randomized pragmatic trial aimed at improving use of guideline directed medical therapy in outpatients with heart failure:  PRagmatic trial of messaging to providers about treatment of heart failure  (PROMPT-HF).
WKZ2QZP5,testing,NIDDK,pymupdf,8,38094,4762,,,,Oral curcumin in elective abdominal aortic aneurysm repair: a multicentre randomized controlled trial.
Q7BSRAF6,testing,NIDDK,pymupdf,5,23095,4619,,,,Recruiting Primary Care Practices for Research: Reflections and Reminders.
QR97G752,testing,NIDDK,pymupdf,16,48940,3059,,,,Parent Website Engagement and Health Equity Implications in a Child Care-Based Wellness Intervention.
2B5I3A2Q,testing,NIDDK,pymupdf,12,48439,4037,,,,A Cluster Randomized Trial Comparing Strategies for Translating Self-Management Support into Primary Care Practices.
IPW66SFP,testing,NIDDK,pymupdf,10,55050,5505,,,,A protocol for a cluster randomized trial comparing strategies for translating self-management support into primary care practices.
N38GNG6A,testing,NIDDK,pymupdf,11,52546,4777,,,,The effects of financial incentives on diabetes prevention program attendance and weight loss among low-income patients: the We Can Prevent Diabetes  cluster-randomized controlled trial.
FDERHRUY,testing,NIDDK,pymupdf,19,48762,2566,,,,Economic Evaluation of the Home Blood Pressure Telemonitoring and Pharmacist Case Management to Control Hypertension (Hyperlink) Trial.
4C9928PM,testing,NIDDK,pymupdf,18,83047,4614,,,,Integrating Behavioral Health and Primary Care (IBH-PC) to improve patient-centered outcomes in adults with multiple chronic medical and behavioral  health conditions: study protocol for a pragmatic cluster-randomized control  trial.
9P27ITQQ,testing,NIDDK,pymupdf,11,46809,4255,,,,"Rationale, Design, and Patient Characteristics of a Cluster-Randomized Pragmatic Trial to Improve Mineralocorticoid Antagonist Use."
NCSL8C84,testing,NIDDK,pymupdf,8,41136,5142,,,,Impact of Peer Support on Acute Care Visits and Hospitalizations for Individuals With Diabetes and Depressive Symptoms: A Cluster-Randomized Controlled Trial.
YKJX8VZA,testing,NIDDK,pymupdf,9,53437,5937,,,,Examining individual- versus population-level social determinants of health in a cluster randomized trial of health coaches for patients with multiple chronic  conditions.
6RMHFT6B,testing,NIDDK,pymupdf,13,55689,4284,,,,Effect of 2 Clinical Decision Support Strategies on Chronic Kidney Disease Outcomes in Primary Care: A Cluster Randomized Trial.
EZHK73GW,testing,NIDDK,pymupdf,28,78173,2792,,,,Confirmatory factor analysis of the infant feeding styles questionnaire in infant and toddler child care teachers.
3LREUQU9,testing,NIDDK,pymupdf,7,44983,6426,,,,Uptake of guideline-recommended postpartum diabetes screening among diverse women with gestational diabetes: associations with patient factors in an integrated  health system in USA.
27K2Z9XE,testing,NIDDK,pymupdf,7,29283,4183,,,,"Reach, acceptability, and perceived success of a telehealth diabetes prevention program among racially and ethnically diverse patients with gestational diabetes:  the GEM cluster-randomized trial."
QSVB2Y46,testing,NIDDK,pymupdf,11,48796,4436,,,,Protocol for a cluster randomized controlled trial to study the effectiveness of an obesity and diabetes intervention (PASOS) in an immigrant farmworker  population.
EK2IWQ2R,testing,NIDDK,pymupdf,17,43916,2583,,,,Impact of an Internet-Based Lifestyle Intervention on Behavioral and Psychosocial Factors During Postpartum Weight Loss.
KC34I434,testing,NIDDK,pymupdf,12,48122,4010,,,,"Padres Preparados, Jóvenes Saludables: A Randomized Controlled Trial to Test Effects of a Community-Based Intervention on Latino Father's Parenting Practices."
F49CI9Q2,testing,NIDDK,pymupdf,33,98023,2970,,,,CHAMP: A cluster randomized-control trial to prevent obesity in child care centers.
QRKHJWUI,testing,NIDDK,pymupdf,19,61345,3229,,,,CHECK: A randomized trial evaluating the efficacy and cost-effectiveness of home visitation in pediatric weight loss treatment.
RWIH5PP3,testing,NIDDK,pymupdf,9,44503,4945,,,,Peer-Delivered Cognitive Behavioral Training to Improve Functioning in Patients With Diabetes: A Cluster-Randomized Trial.
WLI582D9,testing,NIDDK,pymupdf,8,50399,6300,,,,A randomized controlled trial to test the effectiveness of two technology-enhanced diabetes prevention programs in primary care: The DiaBEAT-it  study.
9DAQ4H3E,testing,NIDDK,pymupdf,12,84824,7069,,,,Comparing delivery channels to promote nutrition-sensitive agriculture: A cluster-randomized controlled trial in Bangladesh.
PGKHSQLK,testing,NIDDK,pymupdf,21,48916,2329,,,,Cluster Randomized Trial of Diabetes Group Visits in Community Health Centers across the Midwest.
E3NVEV6Y,testing,NIEHS,pymupdf,12,67900,5658,,,,"Innovative, enhanced community management of non-hypoxaemic chest-indrawing pneumonia in 2-59-month-old children: a cluster-randomised trial in Africa and  Asia."
6X9HP9JN,testing,NIEHS,pymupdf,11,50018,4547,,,,Community case management of chest indrawing pneumonia in children aged 2 to 59 months by community health workers: study protocol for a multi-country cluster  randomized open label non-inferiority trial.
WBET9YVP,testing,NIEHS,pymupdf,7,31479,4497,,,,Effects of Chinese medicine on patients with acute exacerbations of COPD: study protocol for a randomized controlled trial.
RMR5CZYM,testing,NIEHS,pymupdf,18,65795,3655,,,,PRECIS-2 used as an implementation science tool for global environmental health: A cross-sectional evaluation of the Ecolectivos study protocol to reduce burning  of household plastic waste in rural Guatemala.
UD3BQIU5,testing,NIEHS,pymupdf,29,114625,3953,,,,"Demand for Information on Environmental Health Risk, Mode of Delivery, and Behavioral Change: Evidence from Sonargaon, Bangladesh."
3QM2PHF7,testing,NIEHS,pymupdf,12,67330,5611,,,,"Study design and rationale for a cluster randomized trial of a safe child feces management intervention in rural Odisha, India."
8H7EQYY7,testing,NIEHS,pymupdf,15,54674,3645,,,,Long-term Effectiveness of a Peer-Led Asthma Self-management Program on Asthma Outcomes in Adolescents Living in Urban Areas: A Randomized Clinical Trial.
4D7XKSMF,testing,NIEHS,pymupdf,11,61199,5564,,,,"Community-based amoxicillin treatment for fast breathing pneumonia in young infants 7-59 days old: a cluster randomised trial in rural Bangladesh, Ethiopia,  India and Malawi."
LKKP65K5,testing,NIEHS,pymupdf,11,51194,4654,,,,Management of fast breathing pneumonia in young infants aged 7 to 59 days by community level health workers: protocol for a multi-centre cluster randomized  controlled trial.
YG3TKRBY,testing,NIEHS,pymupdf,15,52968,3531,,,,A cluster-randomized crossover trial of organic diet impact on biomarkers of exposure to pesticides and biomarkers of oxidative stress/inflammation in primary  school children.
I6NDY4D8,testing,NIEHS,pymupdf,11,64479,5862,,,,Effects of adding household water filters to Rwanda's Community-Based Environmental Health Promotion Programme: a cluster-randomized controlled trial  in Rwamagana district.
53VFQLPA,testing,NIEHS,pymupdf,11,74188,6744,,,,Effect of an Arsenic Mitigation Program on Arsenic Exposure in American Indian Communities: A Cluster Randomized Controlled Trial of the Community-Led Strong  Heart Water Study Program.
5DU9HPJJ,testing,NIEHS,pymupdf,16,75207,4700,,,,"The effect of the participatory heat education and awareness tools (HEAT) intervention on agricultural worker physiological heat strain: results from a  parallel, comparison, group randomized study."
CQQWVX9F,testing,NIEHS,pymupdf,17,65191,3835,,,,"Design, Intervention Fidelity, and Behavioral Outcomes of a School-Based Water, Sanitation, and Hygiene Cluster-Randomized Trial in Laos."
MA7BGE8D,testing,NIEHS,pymupdf,14,58496,4178,,,,"Impact of a school-based water, sanitation, and hygiene intervention on school absence, diarrhea, respiratory infection, and soil-transmitted helminths: results  from the WASH HELPS cluster-randomized trial."
IKAD8XE2,testing,NIEHS,pymupdf,18,47045,2614,,,,Enhancing LPG Adoption in Ghana (ELAG): A Trial Testing Policy-Relevant Interventions to Increase Sustained Use of Clean Fuels.
59PWGT7I,testing,NIEHS,pymupdf,11,51987,4726,,,,Enhancing LPG adoption in Ghana (ELAG): a factorial cluster-randomized controlled trial to Enhance LPG Adoption & Sustained use.
ZQ5VGJ9X,testing,NIEHS,pymupdf,13,70944,5457,,,,Optimizing the development and evaluation of complex interventions: lessons learned from the BetterBirth Program and associated trial.
EFECK83H,testing,NIEHS,pymupdf,20,54342,2717,,,,Adapting a safe water storage container to improve household stored water quality in rural Burkina Faso: a cluster randomized trial.
T87B8LMM,testing,NIGMS; NIMH,pymupdf,12,59183,4932,,,,"Interpersonal reactivity index adaptation among expectant seroconcordant couples with HIV in Zambézia Province, Mozambique."
DIJHZ9NB,testing,NIGMS; NIMHD,pymupdf,21,67858,3231,,,,"Intervention to promote physical activation and improve sleep and response feeding in infants for preventing obesity early in life, the baby-act trial:  Rationale and design."
B9DLSRRG,testing,NIGMS; NIMHD,pymupdf,24,73563,3065,,,,"Improving Chronic Illness Self-Management with the Apsáalooke Nation: The Báa nnilah Project, a cluster randomized trial protocol."
KSU9AFL8,testing,NIGMS; NIMHD,pymupdf,21,90948,4331,,,,The Báa nnilah Program: Results of a Chronic-Illness Self-Management Cluster Randomized Trial with the Apsáalooke Nation.
NAYAQYLG,testing,NIGMS; NIMHD,pymupdf,12,48296,4025,,,,Improving the Adoption of Advance Directives in Primary Care Practices.
KDPERZJS,testing,NIGMS,pymupdf,7,35500,5071,,,,Recruiting underrepresented individuals in a double pandemic: Lessons learned in a randomized control trial.
CB4MA4SC,testing,NIGMS,pymupdf,16,79224,4952,,,,"Variations of a group coaching intervention to support early-career biomedical researchers in Grant proposal development: a pragmatic, four-arm,  group-randomized trial."
PYNT6GFJ,testing,NIGMS,pymupdf,11,49301,4482,,,,Randomized double-masked controlled trial of cognitive training in breast cancer survivors: a preliminary study.
LGS462BR,testing,NIGMS,pymupdf,13,67029,5156,,,,A randomized controlled trial to reduce sedentary time in rheumatoid arthritis: protocol and rationale of the Take a STAND for Health study.
U6MGL9L3,testing,NIGMS,pymupdf,14,58526,4180,,,,A Church-Based Weight Loss Intervention in African American Adults using Text Messages (LEAN Study): Cluster Randomized Controlled Trial.
H3SS35PJ,testing,NIGMS,pymupdf,23,59289,2578,,,,"The effect of increased inoculum on oral rotavirus vaccine take among infants in Dhaka, Bangladesh: A double-blind, parallel group, randomized, controlled trial."
ZR84RXRM,testing,NIGMS,pymupdf,14,64413,4601,,,,Effects of Collaborative Care for Comorbid Attention Deficit Hyperactivity Disorder Among Children With Behavior Problems in Pediatric Primary Care.
JJG7EP6G,testing,NIGMS,pymupdf,9,43455,4828,,,,A Hybrid Deep Learning Approach to Identify Preventable Childhood Hearing Loss.
YWC8L4RQ,testing,NIGMS,pymupdf,12,59865,4989,,,,Delivery of Pharmacogenetic Testing with or without Medication Therapy Management in a Community Pharmacy Setting.
TY3QXSVL,testing,NIGMS,pymupdf,10,50754,5075,,,,Independent Community Pharmacists' Experience in Offering Pharmacogenetic Testing.
RJUV655F,testing,NIGMS,pymupdf,18,65953,3664,,,,Development of the ADFICE_IT clinical decision support system to assist deprescribing of fall-risk increasing drugs: A user-centered design approach.
ZIU96DGY,testing,NIGMS,pymupdf,11,59374,5398,,,,Amplifying similarity to promote college STEM instructor-student mentoring relationship quality: a cluster randomized trial.
Q2QTV5U4,testing,NIGMS,pymupdf,10,47103,4710,,,,Care Optimization Through Patient and Hospital Engagement Clinical Trial for Heart Failure: Rationale and design of CONNECT-HF.
IGQLG7J3,testing,NIGMS,pymupdf,26,80127,3082,,,,The Green Light for Green Dot: A Qualitative Study of Factors Influencing Adoption of an Efficacious Violence Prevention Program in High School Settings.
AK5NKRHE,testing,NIGMS,pymupdf,19,55053,2898,,,,Effect of a Workshop to Break the Bias Habit for Internal Medicine Faculty: A Multisite Cluster Randomized Controlled Study.
5SZNV9V4,testing,NIGMS,pymupdf,9,34566,3841,,,,"Influencing cardiovascular health habits in the rural, deep south: results of a cluster randomized trial."
IH66JC4H,testing,NIGMS,pymupdf,10,40766,4077,,,,A Structural Equation Modeling Analysis to Explore Diabetes Self-Care Factors in a Rural Sample.
JQGC593U,testing,NIMH; NINR,pymupdf,20,80475,4024,,,,Multi-level intersectional stigma reduction intervention to increase HIV testing among men who have sex with men in Ghana: Protocol for a cluster randomized  controlled trial.
IIMQ4MDE,testing,NIMH; NINR,pymupdf,20,57711,2886,,,,Long-term effects of a resilience-based intervention on mental health of children affected by parental HIV in China: Testing the mediation effects of emotion  regulation and coping.
A4N5QPP2,testing,NIMH; NINR,pymupdf,21,59182,2818,,,,A cluster randomized controlled trial to evaluate a resilience-based intervention for caregivers of HIV-affected children in China.
TEXI6CQZ,testing,NIMH; NINR,pymupdf,12,58313,4859,,,,Effects of a Multilevel Resilience-Based Intervention on Mental Health for Children Affected by Parental HIV: A Cluster Randomized Controlled Trial.
ZTWB7VJ7,testing,NIMH; NIMHD,pymupdf,8,42003,5250,,,,Effects of a Combination Economic Empowerment and Family Strengthening Intervention on Psychosocial Well-being Among Ugandan Adolescent Girls and Young  Women: Analysis of a Cluster Randomized Controlled Trial (Suubi4Her).
3GS3B7XP,testing,NIMH; NIMHD,pymupdf,8,43086,5386,,,,The Impact of Family Economic Empowerment Intervention on Psychological Difficulties and Prosocial Behavior Among AIDS-Orphaned Children in Southern  Uganda.
P5BTK8QW,testing,NIMH,pymupdf,22,103763,4716,,,,"Testing the Efficacy of a Brief, Self-Guided Mindfulness Ecological Momentary Intervention on Emotion Regulation and Self-Compassion in Social Anxiety  Disorder: Randomized Controlled Trial."
WFRF68H3,testing,NIMH,pymupdf,12,67476,5623,,,,A hybrid effectiveness/implementation trial of an evidence-based intervention for HIV-serodiscordant African American couples.
L7B87JQG,testing,NIMH,pymupdf,23,70059,3046,,,,Economic outcomes among microfinance group members receiving community-based chronic disease care: Cluster randomized trial evidence from Kenya.
9Z97DMSM,testing,NIMH,pymupdf,14,68536,4895,,,,Randomized Trial of an Organizational Implementation Strategy to Improve Measurement-Based Care Fidelity and Youth Outcomes in Community Mental Health.
F6AB7ECH,testing,NIMH,pymupdf,13,62065,4774,,,,"""They call me the 'Great Queen'"": implementing the Malkia Klabu program to improve access to HIV self-testing and contraception for adolescent girls and  young women in Tanzania."
5S8U6UT3,testing,NIMH,pymupdf,20,64042,3202,,,,Training models for implementing evidence-based psychological treatment for college mental health: A cluster randomized trial study protocol.
GFWG7NK7,testing,NIMH,pymupdf,12,53215,4435,,,,Behavioral Modeling and its Association with PrEP and ART Use in Ugandan HIV-Serodifferent Couples.
V7G5UCMA,testing,NIMH,pymupdf,12,60510,5042,,,,Peer PrEP referral + HIV self-test delivery for PrEP initiation among young Kenyan women: study protocol for a hybrid cluster-randomized controlled trial.
NCCK268D,testing,NIMH,pymupdf,9,52662,5851,,,,Maternal depression treatment in HIV (M-DEPTH): Study protocol for a cluster randomized controlled trial.
G54PEV8R,testing,NIMH,pymupdf,13,60092,4622,,,,Effects of M-DEPTH Model of Depression Care on Maternal HIV Viral Suppression and Adherence to the PMTCT Care Continuum Among HIV-Infected Pregnant Women in  Uganda: Results from a Cluster Randomized Controlled Trial at Pregnancy  Completion.
JFWNYRTX,testing,NIMH,pymupdf,17,51258,3015,,,,Stressors and Maladaptive Coping Mechanisms Associated with Elevated Perinatal Depressive Symptoms and Suicidality Among Women Living with HIV in Uganda.
RJUQYEF7,testing,NIMH,pymupdf,17,54961,3233,,,,Effects of M-DEPTH Model of Depression Care on Maternal Functioning and Infant Developmental Outcomes in the Six Months Post Delivery: Results from a Cluster  Randomized Controlled Trial.
9RXB85CP,testing,NIMH,pymupdf,10,47552,4755,,,,Social network-based group intervention to promote HIV prevention in Uganda: study protocol for a cluster randomized controlled trial of Game Changers.
A32AJY6H,testing,NIMH,pymupdf,14,74709,5336,,,,"Zwakala Ndoda: a cluster and individually randomized trial aimed at improving testing, linkage, and adherence to treatment for hard-to reach men in  KwaZulu-Natal, South Africa."
FI55Z89V,testing,NIMH,pymupdf,17,60245,3544,,,,ESSENCE: An Implementation Research Program to Scale Up Depression Care in Rural Communities.
45BQ2AIY,testing,NIMH,pymupdf,9,36348,4039,,,,"Improving risk perception and uptake of pre-exposure prophylaxis (PrEP) through interactive feedback-based counselling with and without community engagement in  young women in Manicaland, East Zimbabwe: study protocol for a pilot randomized  trial."
2NUR4ISP,testing,NIMH,pymupdf,16,78953,4935,,,,Adaptation of the World Health Organization Electronic Mental Health Gap Action Programme Intervention Guide App for Mobile Devices in Nepal and Nigeria:  Protocol for a Feasibility Cluster Randomized Controlled Trial.
J8ITKETE,testing,NIMH,pymupdf,9,45741,5082,,,,The Influence of Transmission-Based and Moral-Based HIV Stigma Beliefs on Intentions to Discriminate Among Ward Staff in South Indian Health Care Settings.
8WAJWQ7J,testing,NIMH,pymupdf,9,50771,5641,,,,Impact of SMS and peer navigation on retention in HIV care among adults in South Africa: results of a three-arm cluster randomized controlled trial.
QMY8W9P2,testing,NIMH,pymupdf,13,33695,2592,,,,Implementing Person-Centered Care Planning: A Randomized Controlled Trial.
SE8HVMYY,testing,NIMH,pymupdf,17,101358,5962,,,,Suubi4StrongerFamilies: A study protocol for a clustered randomized clinical trial addressing child behavioral health by strengthening financial stability and  parenting among families in Uganda.
249KKB72,testing,NIMH,pymupdf,10,49518,4952,,,,"Economic Empowerment, HIV Risk Behavior, and Mental Health Among School-Going Adolescent Girls in Uganda: Longitudinal Cluster-Randomized Controlled Trial,  2017‒2022."
EVFQV9SP,testing,NIMH,pymupdf,8,39987,4998,,,,The Post-intervention Impact of Amaka Amasanyufu on Behavioral and Mental Health Functioning of Children and Adolescents in Low-Resource Communities in Uganda:  Analysis of a Cluster-Randomized Trial From the SMART Africa-Uganda Study  (2016-2022).
VPBGKIZV,testing,NIMH,pymupdf,11,55008,5001,,,,Suubi4Her: a study protocol to examine the impact and cost associated with a combination intervention to prevent HIV risk behavior and improve mental health  functioning among adolescent girls in Uganda.
WBW3Y66W,testing,NIMH,pymupdf,12,67799,5650,,,,Improving mental health through integration with primary care in rural Karnataka: study protocol of a cluster randomized control trial.
GFMDVS2Q,testing,NIMH,pymupdf,12,55856,4655,,,,Collaborative care compared to enhanced standard treatment of depression with co-morbid medical conditions among patients from rural South India: a cluster  randomized controlled trial (HOPE Study).
2SRFPGLT,testing,NIMH,pymupdf,16,44029,2752,,,,Reduction in Stigma Drivers Partially Mediates the Effect of a Stigma Reduction Intervention Among Nursing Students in India: The DriSti Cluster Randomized  Controlled Trial.
IJE2H7PN,testing,NIMH,pymupdf,15,62333,4156,,,,Implementation leadership and implementation climate in context: A single organization intrinsic case study for implementation of digital measurement-based  care.
55ZNUP4N,testing,NIMH,pymupdf,16,104624,6539,,,,"A cluster randomized trial to reduce HIV risk from outside partnerships in Zambian HIV-Negative couples using a novel behavioral intervention,  ""Strengthening Our Vows"": Study protocol and baseline data."
T7UCH86L,testing,NIMH,pymupdf,9,51128,5681,,,,Effect of General Practitioner Training in a Collaborative Child Mental Health Care Program on Children's Mental Health Outcomes in a Low-Resource Setting: A  Cluster Randomized Trial.
KTSBA77P,testing,NIMH,pymupdf,14,71284,5092,,,,Collaborative care for child and youth mental health problems in a middle-income country: study protocol for a randomized controlled trial training general  practitioners.
UZF834L9,testing,NIMH,pymupdf,11,61489,5590,,,,"Effect of peer-distributed HIV self-test kits on demand for biomedical HIV prevention in rural KwaZulu-Natal, South Africa: a three-armed cluster-randomised  trial comparing social networks versus direct delivery."
BFGHJKXT,testing,NIMH,pymupdf,7,36684,5241,,,,Cost Analysis of Short Messaging Service and Peer Navigator Interventions for Linking and Retaining Adults Recently Diagnosed With HIV in Care in South Africa.
5N7AUT4I,testing,NIMH,pymupdf,18,99757,5542,,,,The Transdiagnostic Intervention for Sleep and Circadian Dysfunction (TranS-C) for serious mental illness in community mental health part 1: study protocol for  a hybrid type 2 effectiveness-implementation cluster-randomized trial.
6KTQZ8MF,testing,NIMH,pymupdf,12,66430,5536,,,,A Nutrition-Sensitive Agroecology Intervention in Rural Tanzania Increases Children's Dietary Diversity and Household Food Security But Does Not Change  Child Anthropometry: Results from a Cluster-Randomized Trial.
TIM5M67F,testing,NIMH,pymupdf,8,44989,5624,,,,Correlates for the severity of suicidal risk in participants with common mental disorders with comorbid chronic medical conditions in rural primary healthcare  settings in India.
ASVT83G6,testing,NIMH,pymupdf,15,42799,2853,,,,Pragmatic trial design of an intervention to reduce cardiovascular risk in people with serious mental illness.
MRT24INS,testing,NIMH,pymupdf,22,51633,2347,,,,"Differential Effects of an Intervention to Reduce Cardiovascular Risk for Patients With Bipolar Disorder, Schizoaffective Disorder, or Schizophrenia: A  Randomized Clinical Trial."
3E6TGDWS,testing,NIMH,pymupdf,15,60158,4011,,,,"Effect of Clinical Decision Support on Cardiovascular Risk Among Adults With Bipolar Disorder, Schizoaffective Disorder, or Schizophrenia: A Cluster  Randomized Clinical Trial."
BAXIEMAV,testing,NIMH,pymupdf,26,83200,3200,,,,Do differentiated service delivery models for HIV treatment in sub-Saharan Africa save money? Synthesis of evidence from field studies conducted in sub-Saharan  Africa in 2017-2019.
QT8FHYS8,testing,NIMH,pymupdf,21,55737,2654,,,,Predictors of Hospitalization of Individuals With First-Episode Psychosis: Data From a 2-Year Follow-Up of the RAISE-ETP.
PZ4KVRPV,testing,NIMH,pymupdf,10,58160,5816,,,,Breaking down relationship barriers to increase PrEP uptake and adherence among adolescent girls and young women in Kenya: safety and preliminary effectiveness  results from a pilot cluster-randomized trial.
R4IBBUV5,testing,NIMH,pymupdf,24,61871,2578,,,,The effect of affordable daycare on women's mental health: Evidence from a cluster randomized trial in rural India.
V66VKLF5,testing,NIMH,pymupdf,13,50826,3910,,,,Attention Test Assessment from a Cluster Randomized Controlled Trial of Caregiver Training for Ugandan Preschool Children Living with Perinatal HIV.
B8SQQBBR,testing,NIMH,pymupdf,13,65923,5071,,,,"Evaluation of the SPIRIT Integrated Suicide Prevention Programme: study protocol for a cluster-randomised controlled trial in rural Gujarat, India."
2SWXRURB,testing,NIMH,pymupdf,11,57216,5201,,,,Optimizing the efficiency and implementation of cash transfers to improve adherence to antiretroviral therapy: study protocol for a cluster randomized  controlled trial.
BFRFSJDD,testing,NIMH,pymupdf,12,58761,4897,,,,Preparing a financial incentive program to improve retention in HIV care and viral suppression for scale: using an implementation science framework to  evaluate an mHealth system in Tanzania.
ZCZHUGFJ,testing,NIMH,pymupdf,11,35541,3231,,,,Safety of azithromycin in infants under six months of age in Niger: A community randomized trial.
GZQ7IRAT,testing,NIMH,pymupdf,9,39099,4344,,,,Biannual versus annual mass azithromycin distribution and malaria seroepidemiology among preschool children in Niger: a sub-study of a cluster  randomized trial.
89DMKZHU,testing,NIMH,pymupdf,18,47057,2614,,,,Randomized controlled trial of a community-based intervention on HIV and nutritional outcomes at 6 months among women living with HIV/AIDS in rural India.
IR5IG53L,testing,NIMH,pymupdf,8,46936,5867,,,,Effect of Technology-Enhanced Screening in Addition to Standard Targeted Clinician Education on the Duration of Untreated Psychosis: A Cluster Randomized  Clinical Trial.
SBYBDZ47,testing,NIMH,pymupdf,13,62894,4838,,,,Study protocol for type II hybrid implementation-effectiveness trial of strategies for depression care task-sharing in community health stations in  Vietnam: DEP Project.
XKJE293I,testing,NIMH,pymupdf,12,83288,6941,,,,Digital training for non-specialist health workers to deliver a brief psychological treatment for depression in India: Protocol for a three-arm  randomized controlled trial.
786UNAU7,testing,NIMH,pymupdf,12,52698,4392,,,,Integration of HIV testing services into family planning services: a systematic review.
2UM5FXLV,testing,NIMH,pymupdf,8,44879,5610,,,,Male partner testing and sexual behaviour following provision of multiple HIV self-tests to Kenyan women at higher risk of HIV infection in a cluster  randomized trial.
VCN8ECH3,testing,NIMH,pymupdf,10,51979,5198,,,,Peer Pressure and Risk-Taking Behaviors Among Adolescent Girls in a Region Impacted by HIV/AIDS in Southwestern Uganda.
I75KHHFP,testing,NIMH,pymupdf,14,75727,5409,,,,Suubi4Stigma study protocol: a pilot cluster randomized controlled trial to address HIV-associated stigma among adolescents living with HIV in Uganda.
BBRJI5EP,testing,NIMH,pymupdf,11,58342,5304,,,,Prevalence and correlates of depressive symptoms among high school adolescent girls in southern Uganda.
8C5FF9VN,testing,NIMH,pymupdf,15,51292,3419,,,,Predictors of Depressive Symptoms and Post Traumatic Stress Disorder Among Women Engaged in Commercial Sex Work in Southern Uganda.
JESKQ7J8,testing,NIMH,pymupdf,17,53011,3118,,,,The impact of an economic empowerment intervention on intimate partner violence among women engaged in sex work in southern Uganda: A cluster randomized control  trial.
H6A7ZU2Q,testing,NIMH,pymupdf,19,110806,5832,,,,A Multilevel Integrated Intervention to Reduce the Impact of HIV Stigma on HIV Treatment Outcomes Among Adolescents Living With HIV in Uganda: Protocol for a  Randomized Controlled Trial.
3I9ZKVDX,testing,NIMH,pymupdf,9,49848,5539,,,,The impact of Cognitive Processing Therapy on stigma among survivors of sexual violence in eastern Democratic Republic of Congo: results from a cluster  randomized controlled trial.
KJ32DPW3,testing,NIMH,pymupdf,19,61858,3256,,,,Impact of a brief intervention to improve engagement in a recovery program for young adults with serious mental illness.
IKBTL3CZ,testing,NIMH,pymupdf,26,58991,2269,,,,"Perpetration and Victimization of Intimate Partner Violence Among Young Men and Women in Dar es Salaam, Tanzania."
NE394TS7,testing,NIMH,pymupdf,15,53509,3567,,,,Evaluating the efficacy of the HITSystem 2.1 to improve PMTCT retention and maternal viral suppression in Kenya: Study protocol of a cluster-randomized  trial.
935WEI86,testing,NIMH,pymupdf,9,55878,6209,,,,"""I felt special!"": a qualitative study of peer-delivered HIV self-tests, STI self-sampling kits and PrEP for transgender women in Uganda."
B9ERTQKG,testing,NIMH,pymupdf,20,59262,2963,,,,The impact of early intervention for first episode psychosis on cognitive functioning.
H5FVRRL2,testing,NIMH,pymupdf,29,82824,2856,,,,Implementation and fidelity assessment of the NAVIGATE treatment program for first episode psychosis in a multi-site study.
H5MG9S64,testing,NIMH,pymupdf,10,45525,4552,,,,Depressive disorder at the household level: prevalence and correlates of depressive symptoms among household members.
KUF4LFG6,testing,NIMH,pymupdf,14,89547,6396,,,,Cluster randomized trial of the classroom SCERTS intervention for elementary students with autism spectrum disorder.
UN9KS5NR,testing,NIMH,pymupdf,19,76923,4049,,,,Matters of Fidelity: School Provider Adherence and Competence in a Clustered Study of Adaptive Implementation Strategies.
SR4PYGAT,testing,NIMH,pymupdf,19,56250,2961,,,,Design of a hybrid implementation effectiveness cluster randomized controlled trial of delivering written exposure therapy for PTSD in underserved primary care  settings.
A6JA4WWM,testing,NIMH,pymupdf,19,46986,2473,,,,Reducing Suicidal Ideation Through Insomnia Treatment (REST-IT): A Randomized Clinical Trial.
GRNHDDJF,testing,NIMH,pymupdf,17,73196,4306,,,,OnTrack Chile for people with early psychosis: a study protocol for a Hybrid Type 1 trial.
BQPB2EEU,testing,NIMH,pymupdf,10,39468,3947,,,,Community-Based Accompaniment with Supervised Antiretrovirals for HIV-Positive Adults in Peru: A Cluster-Randomized Trial.
INK5RFJ6,testing,NIMH,pymupdf,14,63431,4531,,,,Participation in a Community-Based Women's Health Education Program and At-Risk Child Development in Rural Kenya: Developmental Screening Questionnaire Results  Analysis.
986U7HAT,testing,NIMH,pymupdf,13,66272,5098,,,,"Connecting the Dots: a cluster-randomized clinical trial integrating standardized autism spectrum disorders screening, high-quality treatment, and long-term  outcomes."
NKMRWMRF,testing,NIMH,pymupdf,13,54805,4216,,,,A Cluster-Randomized Trial of Traditional Healer-Delivered Counseling and Rapid HIV Testing in Tanzania.
GU7VBP59,testing,NIMH,pymupdf,15,83678,5579,,,,Protocol for a hybrid type 2 cluster randomized trial of trauma-focused cognitive behavioral therapy and a pragmatic individual-level implementation strategy.
5ZYEYEFF,testing,NIMH,pymupdf,10,54006,5401,,,,"Mobile Health-Supported HIV Self-Testing Strategy Among Urban Refugee and Displaced Youth in Kampala, Uganda: Protocol for a Cluster Randomized Trial  (Tushirikiane, Supporting Each Other)."
NH3QXMVU,testing,NIMH,pymupdf,9,37508,4168,,,,A School-Based Intervention for Mental Illness Stigma: A Cluster Randomized Trial.
I5SJ8CG8,testing,NIMH,pymupdf,10,43737,4374,,,,Impact of Community Support Workers in Rural Ethiopia on Emotional and Psychosocial Health of Persons Living with HIV: Results of a Three-Year  Randomized Community Trial.
CT5JHH68,testing,NIMH,pymupdf,6,27365,4561,,,,Implementing measurement based care in community mental health: a description of tailored and standardized methods.
AMT87D3I,testing,NIMH,pymupdf,18,85277,4738,,,,Mediators of measurement-based care implementation in community mental health settings: results from a mixed-methods evaluation.
QCS9WV5U,testing,NIMH,pymupdf,14,61031,4359,,,,Effect of Enhanced Medical Rehabilitation on Functional Recovery in Older Adults Receiving Skilled Nursing Care After Acute Rehabilitation: A Randomized Clinical  Trial.
ETEIYHIC,testing,NIMH,pymupdf,14,68184,4870,,,,Initial adaptation of the OnTrack coordinated specialty care model in Chile: An application of the Dynamic Adaptation Process.
MAFVKW3X,testing,NIMH,pymupdf,10,50914,5091,,,,Implementation resources to support teachers' use of behavioral classroom interventions: protocol of a randomized pilot trial.
ED473NRU,testing,NIMH,pymupdf,14,83045,5932,,,,Care team and practice-level implementation strategies to optimize pediatric collaborative care: study protocol for a cluster-randomized hybrid type III  trial.
X5YDQ9MR,testing,NIMH,pymupdf,16,87301,5456,,,,Implementation strategy in collaboration with people with lived experience of mental illness to reduce stigma among primary care providers in Nepal (RESHAPE):  protocol for a type 3 hybrid implementation effectiveness cluster randomized  controlled trial.
3TAMLPYJ,testing,NIMH,pymupdf,18,75572,4198,,,,Collaboration With People With Lived Experience of Mental Illness to Reduce Stigma and Improve Primary Care Services: A Pilot Cluster Randomized Clinical  Trial.
TR383XSK,testing,NIMH,pymupdf,18,94641,5258,,,,Reducing stigma among healthcare providers to improve mental health services (RESHAPE): protocol for a pilot cluster randomized controlled trial of a stigma  reduction intervention for training primary healthcare workers in Nepal.
BKZA2NYF,testing,NIMH,pymupdf,7,43832,6262,,,,Enhancing Adherence to Antiretroviral Therapy Among Adolescents Living With HIV Through Group-Based Therapeutic Approaches in Uganda: Findings From a Pilot  Cluster-Randomized Controlled Trial.
RACDW842,testing,NIMH,pymupdf,12,80058,6672,,,,Long-term mediation of a sexual risk-reduction intervention for South African adolescents.
Z8C7NKBD,testing,NIMH,pymupdf,12,37812,3151,,,,Community-level chlamydial serology for assessing trachoma elimination in trachoma-endemic Niger.
8TILNXKG,testing,NIMH,pymupdf,11,65688,5972,,,,Combining Asset Accumulation and Multifamily Group Intervention to Improve Mental Health for Adolescent Girls: A Cluster-Randomized Trial in Uganda.
ZLVNAG8L,testing,NIMH,pymupdf,14,66679,4763,,,,"Rudi Kundini, Pamoja Kundini (RKPK): study protocol for a hybrid type 1 randomized effectiveness-implementation trial using data science and economic  incentive strategies to strengthen the continuity of care among people living  with HIV in Tanzania."
PKZFSUXD,testing,NIMH,pymupdf,16,56617,3539,,,,A peer-facilitated psychological group intervention for perinatal women living with HIV and depression in Tanzania-Healthy Options: A cluster-randomized  controlled trial.
3DBTDWCG,testing,NIMH,pymupdf,22,74890,3404,,,,"Effectiveness of Group Problem Management Plus, a brief psychological intervention for adults affected by humanitarian disasters in Nepal: A cluster  randomized controlled trial."
4LRLTKSM,testing,NIMH,pymupdf,14,59841,4274,,,,Comparing Implementation Strategies for an Evidence-Based Weight Management Program Delivered in Community Mental Health Programs: Protocol for a Pilot  Randomized Controlled Trial.
XF5NJ7RH,testing,NIMH,pymupdf,12,76354,6363,,,,An Integrated Approach to Increasing Women's Empowerment and Reducing Domestic Violence: Results of a Cluster-Randomized Controlled Trial in a West African  Country.
9VHHMX8Z,testing,NIMH,pymupdf,14,41665,2976,,,,Attention Test Improvements from a Cluster Randomized Controlled Trial of Caregiver Training for HIV-Exposed/Uninfected Ugandan Preschool Children.
EX9ZTEHA,testing,NIMH,pymupdf,16,82540,5159,,,,Advancing scalability and impacts of a teacher training program for promoting child mental health in Ugandan primary schools: protocol for a hybrid-type II  effectiveness-implementation cluster randomized trial.
YTTNMCKH,testing,NIMH,pymupdf,10,49118,4912,,,,Impact of Stressful Climates on Provider Perceptions of Integrated Behavioral Health Services in Pediatric Primary Care: An Exploratory Study.
UJLD6YLW,testing,NIMH,pymupdf,12,51548,4296,,,,Effectiveness of a community-based intervention to prevent childhood TB in Lesotho.
FE6XSU5E,testing,NIMH,pymupdf,12,61798,5150,,,,Implementing an evidence-based behavioral weight-loss program in community mental health centers: A randomized pilot study.
QGYV7YR8,testing,NIMH,pymupdf,11,51708,4701,,,,A Pilot Study to Evaluate the Impact of the HIV Infant Tracking System (HITSystem 2.0) on Priority Prevention of Mother-to-Child Transmission (PMTCT) Outcomes.
WGVFYM8S,testing,NIMH,pymupdf,12,71661,5972,,,,"Mixed-methods evaluation of a group psychosocial intervention for refugee, migrant and host community women in Ecuador and Panamá: Results from the Entre  Nosotras cluster randomized feasibility trial."
CQ8GJ22F,testing,NIMH,pymupdf,11,67082,6098,,,,Combining a guided self-help and brief alcohol intervention to improve mental health and reduce substance use among refugee men in Uganda: a cluster-randomized  feasibility trial.
SPB7VUWI,testing,NIMH,pymupdf,9,47659,5295,,,,The impact of school support on depression among adolescent orphans: a cluster-randomized trial in Kenya.
L5GW7RPB,testing,NIMH,pymupdf,16,46737,2921,,,,"Adverse childhood experiences, adult anxiety and social capital among women in rural Kenya."
CEW8TCFI,testing,NIMH,pymupdf,15,45083,3006,,,,Practice-based research networks add value to evidence-based quality improvement.
8KXTMJS4,testing,NIMH,pymupdf,21,60101,2862,,,,Pilot randomized controlled trial of a video self-help intervention for depression based on acceptance and commitment therapy: Feasibility and  acceptability.
344WCQ25,testing,NIMH,pymupdf,18,49220,2734,,,,Integrating Youth Readiness Intervention and Entrepreneurship in Sierra Leone: A Hybrid Type II Cluster Randomized Trial.
BA5W46LR,testing,NIMH,pymupdf,22,81657,3712,,,,Autism Caregiver Coaching in Africa (ACACIA): Protocol for a type 1-hybrid effectiveness-implementation trial.
BIDY9IEE,testing,NIMH,pymupdf,9,43520,4836,,,,Treatment of Perinatal Depression and Correlates of Treatment Response Among Pregnant Women Living with HIV in Uganda.
EQTH4X7Z,testing,NIMH,pymupdf,12,77047,6421,,,,A systematic review of the engagement with social media-delivered interventions for improving health outcomes among sexual and gender minorities.
YCBXQNZJ,testing,NIMH,pymupdf,17,77223,4543,,,,"Study protocol: cluster randomized trial of consultation strategies for the sustainment of mental health interventions in under-resourced urban schools:  rationale, design, and methods."
RCH9DS2X,testing,NIMH,pymupdf,18,50777,2821,,,,School Mental Health Curriculum Effects on Peer Violence Victimization and Perpetration: A Cluster-Randomized Trial.
SV3ZMW6V,testing,NIMH,pymupdf,13,58501,4500,,,,Impact of Therapist Training on Parent Attendance in Mental Health Services for Children with ASD.
7U4A7DJX,testing,NIMH,pymupdf,8,36495,4562,,,,Standard Precautions are for everyone: The role of HIV stigma and implications for nursing education in India.
XY8FSK7D,testing,NIMH,pymupdf,11,53995,4909,,,,A Randomized Controlled Trial of the Effects of Early Intervention Services On Insight in First Episode Psychosis.
J3QCNUTC,testing,NIMH,pymupdf,11,56851,5168,,,,Advancing sustainable implementation of an evidence-based mental health intervention in Sierra Leone's schools: protocol for a hybrid type 3  implementation-effectiveness trial.
2FHYXRIS,testing,NIMH,pymupdf,21,132138,6292,,,,Universal Teacher-Child Interaction Training in early childhood special education: A cluster randomized control trial.
DY89L5PP,testing,NIMH,pymupdf,16,86330,5396,,,,Harnessing Innovative Technologies to Train Nurses in Suicide Safety Planning With Hospitalized Patients: Protocol for Formative and Pilot Feasibility  Research.
KLK84DR3,testing,NIMH,pymupdf,18,82934,4607,,,,Systems analysis and improvement approach to optimize outpatient mental health treatment cascades in Mozambique (SAIA-MH): study protocol for a cluster  randomized trial.
FH65QPJH,testing,NIMH,pymupdf,13,41427,3187,,,,"Assessing the efficacy of an integrated intervention to create demand for fishermen's schistosomiasis and HIV services (FISH) in Mangochi, Malawi: Study  protocol for a cluster randomized control trial."
ACF9HMZZ,testing,NIMH,pymupdf,18,62979,3499,,,,Effectiveness of integrated care for older adults with depression and hypertension in rural China: A cluster randomized controlled trial.
EYBLSWJ8,testing,NIMH,pymupdf,9,51864,5763,,,,Protocol of an ongoing randomized controlled trial of care management for comorbid depression and hypertension: the Chinese Older Adult Collaborations in  Health (COACH) study.
VMA794LJ,testing,NIMH,pymupdf,17,47111,2771,,,,Implementation Science in Thailand: Design and Methods of a Geriatric Mental Health Cluster-Randomized Trial.
38YD53KC,testing,NIMH,pymupdf,20,63992,3200,,,,Lean Mass Improvement from Nutrition Education and Protein Supplementation among Rural Indian Women Living with HIV/AIDS: Results from Cluster Randomized  Factorial Trial at 18-Month Follow-Up.
UTCS2UU4,testing,NIMH,pymupdf,13,60573,4659,,,,Violence against children and intimate partner violence against women: overlap and common contributing factors among caregiver-adolescent dyads.
4LCCGNX4,testing,NIMH,pymupdf,21,69732,3321,,,,Training Community Therapists in AIM HI: Individual Family and Neighborhood Factors and Child/Caregiver Outcomes.
G6MQ8LME,testing,NIMH,pymupdf,17,52064,3063,,,,Psychotropic Medication Use by Children with Autism Served in Publicly Funded Mental Health Settings.
ZT7K54TX,testing,NIMH,pymupdf,19,102481,5394,,,,The Transdiagnostic Intervention for Sleep and Circadian Dysfunction (TranS-C) for serious mental illness in community mental health part 2: study protocol for  a hybrid type 2 effectiveness-implementation cluster-randomized trial using  train-the-trainer.
KV2ZVEL8,testing,NIMH,pymupdf,9,51375,5708,,,,Patterns of and Factors Associated With Mental Health Service Utilization Among School-Going Adolescent Girls in Southwestern Uganda: A Latent Class Analysis.
Y2FW4WDH,testing,NIMH,pymupdf,17,49069,2886,,,,The Short-Term Impact of a Combination Intervention on Depressive Symptoms Among School-Going Adolescent Girls in Southwestern Uganda: The Suubi4Her Cluster  Randomized Trial.
FBYWBD43,testing,NIMH,pymupdf,16,66833,4177,,,,The longitudinal impact of an evidence-based multiple family group intervention (Amaka Amasanyufu) on family cohesion among children in Uganda: Analysis of the  cluster randomized SMART Africa-Uganda scale-up study (2016-2022).
BY9EH47B,testing,NIMH,pymupdf,10,52367,5237,,,,Effectiveness of Training Therapists to Deliver An Individualized Mental Health Intervention for Children With ASD in Publicly Funded Mental Health Services: A  Cluster Randomized Clinical Trial.
I56L9JM9,testing,NIMH,pymupdf,22,60720,2760,,,,Training Community Therapists to Deliver an Individualized Mental Health Intervention for Autism Spectrum Disorder: Changes in Caregiver Outcomes and  Mediating Role on Child Outcomes.
LIRRU3J2,testing,NIMH,pymupdf,10,57473,5747,,,,"Impact of Economic and Family Intervention on Adolescent Girls' Education Performance, School Absenteeism, and Behavior in School: The Suubi4Her Study."
3ZIS8AI2,testing,NIMH,pymupdf,24,64943,2706,,,,A Method for Tracking Implementation Strategies: An Exemplar Implementing Measurement-Based Care in Community Behavioral Health Clinics.
3IRBAJ47,testing,NIMH,pymupdf,15,79351,5290,,,,"Remote coaching for supporting the implementation of treatment for depression in primary care in Madhya Pradesh, India: protocol for a cluster randomized  controlled trial."
CGVYF8L3,testing,NIMH,pymupdf,16,75193,4700,,,,Alternate delivery platforms and implementation models for bringing evidence-based behavioral interventions to scale for youth facing adversity: a  case study in West Africa.
EMLJCXF7,testing,NIMH,pymupdf,9,40135,4459,,,,Mobile Mental Health in Women's Community-Based Organizations: Protocol for a Pilot Randomized Controlled Trial.
EJATNCJR,testing,NIMH,pymupdf,9,21334,2370,,,,Longitudinal Remote Coaching for Implementation of Perinatal Collaborative Care: A Mixed-Methods Analysis.
A3E4SB57,testing,NIMH,pymupdf,17,66395,3906,,,,Treatment Preferences for Pharmacological versus Psychological Interventions among Primary Care Providers in Nepal: Mixed Methods Analysis of a Pilot Cluster  Randomized Controlled Trial.
FIFGHE4Y,testing,NIMH,pymupdf,15,45443,3030,,,,Youth Functioning and Organizational Success for West African Regional Development (Youth FORWARD): Study Protocol.
WJ8URXVX,testing,NIMH,pymupdf,22,68854,3130,,,,"A religiously-tailored, multilevel intervention in African American churches to increase HIV testing: Rationale and design of the Taking It to the Pews cluster  randomized trial."
XKA6NEIX,testing,NIMH,pymupdf,9,39862,4429,,,,Socioeconomic status and the effectiveness of treatment for first-episode psychosis.
CZLTLHPV,testing,NIMH,pymupdf,16,87559,5472,,,,Study protocol for a type III hybrid effectiveness-implementation trial of strategies to implement firearm safety promotion as a universal suicide  prevention strategy in pediatric primary care.
YXASMVMY,testing,NIMH,pymupdf,16,70322,4395,,,,Virtual Learning Collaborative Compared to Technical Assistance as a Strategy for Implementing Health Promotion in Routine Mental Health Settings: A Hybrid Type 3  Cluster Randomized Trial.
Z7RGX4NC,testing,NIMH,pymupdf,8,30904,3863,,,,Development and implementation of a process evaluation for intervention quality improvement of a community-based behavioral HIV intervention trial in Tanzania.
H68GJTTC,testing,NIMH,pymupdf,9,59907,6656,,,,"Effectiveness of a family violence prevention program on mental health outcomes for adult men and women in North Kivu, Democratic Republic of Congo: Insights  from a pilot trial."
FAB2W2PG,testing,NIMH,pymupdf,16,49215,3076,,,,Partners-based HIV treatment for seroconcordant couples attending antenatal and postnatal care in rural Mozambique: A cluster randomized trial protocol.
HZLCNBDC,testing,NIMH,pymupdf,21,69875,3327,,,,A virtual learning collaborative to implement health promotion in routine mental health settings: Protocol for a cluster randomized trial.
PS28LFVA,testing,NIMH,pymupdf,4,23117,5779,,,,Malaria Parasitemia and Nutritional Status during the Low Transmission Season in the Presence of Azithromycin Distribution among Preschool Children in Niger.
HZEJSB9F,testing,NIMH,pymupdf,11,58713,5338,,,,Effect of a Digital Intervention on Depressive Symptoms in Patients With Comorbid Hypertension or Diabetes in Brazil and Peru: Two Randomized Clinical Trials.
7YBX6GZ3,testing,NIMH,pymupdf,8,27913,3489,,,,Community-level Association between Clinical Trachoma and Ocular Chlamydia Infection after MASS Azithromycin Distribution in a Mesoendemic Region of Niger.
6ZQ86YFI,testing,NIMH,pymupdf,5,12632,2526,,,,Elevated homocysteine and depression outcomes in patients with comorbid medical conditions in rural primary care.
VCNVZJTG,testing,NIMHD; NINR,pymupdf,23,75602,3287,,,,Design and methodology of a cluster-randomized trial in early care and education centers to meet physical activity guidelines: Sustainability via Active Garden  Education (SAGE).
Y5ENNJAP,testing,NIMHD; NINR,pymupdf,18,45684,2538,,,,Rationale and design of the Heart-to-Heart study: A church-based intervention to reduce blood pressure in African Americans.
7GDPM3GF,testing,NIMHD; NINR,pymupdf,6,30158,5026,,,,Two Questions About the Design of Cluster Randomized Trials: A Tutorial.
JI6JH36Q,testing,NIMHD,pymupdf,18,86398,4800,,,,Kids SIPsmartER reduces sugar-sweetened beverages among Appalachian middle-school students and their caregivers: a cluster randomized controlled trial.
PPBNLKC9,testing,NIMHD,pymupdf,38,121303,3192,,,,"Kids SIPsmartER, a cluster randomized controlled trial and multi-level intervention to improve sugar-sweetened beverages behaviors among Appalachian  middle-school students: Rationale, design & methods."
8J6K7ZKU,testing,NIMHD,pymupdf,9,48315,5368,,,,"Reach and Adoption of a Randomized Weight Loss Maintenance Trial in Rural African Americans of Faith: The WORD (Wholeness, Oneness, Righteousness, Deliverance)."
AB54UAKU,testing,NIMHD,pymupdf,22,54232,2465,,,,The WORD: Outcomes of a Behavioral Weight Loss Maintenance Effectiveness Trial in Rural Black Adults of Faith.
NT6G599L,testing,NIMHD,pymupdf,15,50919,3395,,,,A parish-based multilevel cluster randomized controlled trial to reduce stigma and mental health treatment disparities among Latino communities.
AQB4Z5DG,testing,NIMHD,pymupdf,7,39711,5673,,,,HIV Prevention for Black Heterosexual Men: The Barbershop Talk with Brothers Cluster Randomized Trial.
DIM8AZI8,testing,NIMHD,pymupdf,18,89306,4961,,,,Community Health workers United to Reduce Colorectal cancer and cardiovascular disease among people at Higher risk (CHURCH): study protocol for a randomized  controlled trial.
74QMEVDK,testing,NIMHD,pymupdf,25,89201,3568,,,,Methods and rationale to assess the efficacy of a parenting intervention targeting diet improvement and substance use prevention among Latinx adolescents.
DBDV8T22,testing,NIMHD,pymupdf,24,110400,4600,,,,"Comparing two advance care planning conversation activities to motivate advance directive completion in underserved communities across the USA: The Project Talk  Trial study protocol for a cluster, randomized controlled trial."
S6DL478T,testing,NIMHD,pymupdf,11,48448,4404,,,,A Cluster-Randomized Controlled Trial to Evaluate a Community-Based Healthy Eating and Nutrition Label Interpretation Intervention Among Latinx Immigrant  Mothers and Their Daughters.
NZJ9UL2Y,testing,NIMHD,pymupdf,12,68860,5738,,,,Community Walks: a cluster randomized controlled trial of a multilevel physical activity intervention for low income public housing residents.
GFMDQ3XU,testing,NIMHD,pymupdf,7,55084,7869,,,,Study protocol for family model diabetes self-management education with Marshallese participants in faith-based organizations.
NFB85JUN,testing,NIMHD,pymupdf,12,50785,4232,,,,The Role of Culture of Origin on the Effectiveness of a Parents-Involved Intervention to Prevent Substance Use Among Latino Middle School Youth: Results  of a Cluster Randomized Controlled Trial.
AZPI2DU9,testing,NIMHD,pymupdf,12,49159,4097,,,,Better Me Within Randomized Trial: Faith-Based Diabetes Prevention Program for Weight Loss in African American Women.
BVP23UDL,testing,NIMHD,pymupdf,12,64286,5357,,,,Barriers and facilitators to implementing evidence-based interventions in the context of a randomized clinical trial in the United States: a qualitative study.
4IMAY622,testing,NIMHD,pymupdf,9,60907,6767,,,,"""iAlegrate!""-A culturally adapted positive psychological intervention for Hispanics/Latinos with hypertension: Rationale, design, and methods."
RAKVRPKK,testing,NIMHD,pymupdf,9,44366,4930,,,,The cost-efficacy of a healthy food box for managing hypertension within a native American population: a group randomized controlled trial.
BYSBU4XN,testing,NIMHD,pymupdf,17,77891,4582,,,,"Mighty Men: A Pilot Test of the Feasibility and Acceptability of a Faith-Based, Individually Tailored, Cluster-Randomized Weight Loss Trial for Middle-Aged and  Older African American Men."
LBB9QBKU,testing,NIMHD,pymupdf,16,35497,2219,,,,Lessons Learned from the Implementation of a Shared Community-Academic HIV Prevention Intervention.
INT3B8HW,testing,NIMHD,pymupdf,10,57119,5712,,,,Protocol for a Parallel Group Randomized Clinical Trial Comparing a Culturally Adapted Cognitive Behavioral Telerehabilitation Intervention to Usual Physical  Therapy for Latino Patients With Chronic Spine Pain.
VF6MM34V,testing,NIMHD,pymupdf,8,32883,4110,,,,A Social Care System Implemented in Pediatric Primary Care: A Cluster RCT.
PI6S6RYA,testing,NIMHD,pymupdf,19,51764,2724,,,,Vales+Tú: a cluster-randomized pilot study to reduce workplace injuries among US Latino day laborers.
MCEN2EXE,testing,NIMHD,pymupdf,14,52863,3776,,,,IMARA: A mother-daughter group randomized controlled trial to reduce sexually transmitted infections in Black/African-American adolescents.
WHIB7DT6,testing,NIMHD,pymupdf,11,66164,6015,,,,HIV-risk reduction intervention for juvenile offenders on probation: The PHAT Life group randomized controlled trial.
UTRAIS84,testing,NIMHD,pymupdf,11,55942,5086,,,,"Eat, Pray, Move: A Pilot Cluster Randomized Controlled Trial of a Multilevel Church-Based Intervention to Address Obesity Among African Americans and Latinos."
PDRJNTJE,testing,NIMHD,pymupdf,14,74277,5306,,,,Design of the Focus on Restaurant Engagement to Strengthen Health (FRESH) study: leveraging systems science to work with independently-owned restaurants to  increase access to and promotion of healthful foods.
M5CP2SBY,testing,NIMHD,pymupdf,13,52932,4072,,,,Effect of Telehealth Treatment by Lay Counselors vs by Clinicians on Depressive Symptoms Among Older Adults Who Are Homebound: A Randomized Clinical Trial.
YR2VCQ2C,testing,NIMHD,pymupdf,7,35044,5006,,,,Effectiveness of a Pediatric Primary Care Intervention to Increase Maternal Folate Use: Results from a Cluster Randomized Controlled Trial.
GIBMDRIQ,testing,NIMHD,pymupdf,21,51996,2476,,,,Improving Depression Care for Adults With Serious Mental Illness in Underresourced Areas: Community Coalitions Versus Technical Support.
AUH7K3MQ,testing,NINDS,pymupdf,16,40180,2511,,,,Improving Community Stroke Preparedness in the HHS (Hip-Hop Stroke) Randomized Clinical Trial.
EBH9FCBT,testing,NINDS,pymupdf,9,31007,3445,,,,Phone-based intervention for blood pressure control among Ghanaian stroke survivors: A pilot randomized controlled trial.
QE8MYCPB,testing,NINDS,pymupdf,11,56775,5161,,,,Stroke Minimization through Additive Anti-atherosclerotic Agents in Routine Treatment (SMAART): study protocol for a randomized controlled trial.
CXS3NMGB,testing,NINDS,pymupdf,10,43347,4335,,,,"Geographically Targeted Interventions versus Mass Drug Administration to Control Taenia solium Cysticercosis, Peru."
BRFLDQ65,testing,NINDS,pymupdf,8,51081,6385,,,,Shake Rattle & Roll - Design and rationale for a pragmatic trial to improve blood pressure control among blacks with persistent hypertension.
4XJYKAQB,testing,NINDS,pymupdf,13,81413,6263,,,,Effect of Different Corticosteroid Dosing Regimens on Clinical Outcomes in Boys With Duchenne Muscular Dystrophy: A Randomized Clinical Trial.
ZY8UXIEH,testing,NINR,pymupdf,11,55226,5021,,,,Effect of Varying Repositioning Frequency on Pressure Injury Prevention in Nursing Home Residents: TEAM-UP Trial Results.
NLB56I9J,testing,NINR,pymupdf,8,58759,7345,,,,"Design of Lung Transplant Go (LTGO): A randomized controlled trial evaluating the efficacy of a telerehabilitation behavioral exercise intervention to improve  physical activity, physical function, and blood pressure control after lung  transplantation."
VFVDL8XM,testing,NINR,pymupdf,13,67296,5177,,,,"Promoting Small Business Support of Youth Physical Activity in Low-Income, Minority Neighborhoods: Protocol for a Randomized Controlled Trial."
XXPD75PY,testing,NINR,pymupdf,16,55536,3471,,,,SPIRIT trial: A phase III pragmatic trial of an advance care planning intervention in ESRD.
XUVH4DL3,testing,NINR,pymupdf,14,55261,3947,,,,Effectiveness of an Advance Care Planning Intervention in Adults Receiving Dialysis and Their Families: A Cluster Randomized Clinical Trial.
CZ9NG9YT,testing,NINR,pymupdf,10,25333,2533,,,,Educating Nursing Home Staff in Dementia Sensitive Communication: Impact on Antipsychotic Medication Use.
NY45C2LX,testing,NINR,pymupdf,9,41742,4638,,,,The Communicating Narrative Concerns Entered by Registered Nurses (CONCERN) Clinical Decision Support Early Warning System: Protocol for a Cluster Randomized  Pragmatic Clinical Trial.
VNZDTWPG,testing,NINR,pymupdf,11,59824,5439,,,,Protocol for a multicenter-cluster randomized clinical trial of a motor skills intervention to promote physical activity and health in children: the CHAMP  afterschool program study.
M8JJPHT2,testing,NINR,pymupdf,14,70694,5050,,,,"Efficacy of DigiKnowItNews: Teen, a multimedia educational website for adolescents about pediatric clinical trials: study protocol for a randomized  controlled trial."
F8UC5X6G,testing,NINR,pymupdf,14,46071,3291,,,,Nursing Assessment of Pressure Injury Risk with the Braden Scale Validated against Sensor-Based Measurement of Movement.
PUG2MK24,testing,NINR,pymupdf,25,53013,2121,,,,"Retention, adherence, and acceptability testing of a digital health intervention in a 3-group randomized controlled trial for chronic musculoskeletal pain."
8438VZYD,testing,NINR,pymupdf,10,49837,4984,,,,Online prenatal trial in mindfulness sleep management (OPTIMISM): protocol for a pilot randomized controlled trial.
QDEGQD4A,testing,NINR,pymupdf,10,47393,4739,,,,High-Flow Nasal Cannula Therapy for Exertional Dyspnea in Patients with Cancer: A Pilot Randomized Clinical Trial.
34S5YMAM,testing,NINR,pymupdf,26,86839,3340,,,,Facilitating communication for critically ill patients and their family members: Study protocol for two randomized trials implemented in the U.S. and France.
NK7JI63T,testing,NINR,pymupdf,23,58252,2533,,,,You-Me-Us: Results of a Cluster Randomized Trial of a Healthy Relationships Approach to Sexual Risk Reduction.
BGRBEJDC,testing,NINR,pymupdf,11,75503,6864,,,,Remote Therapy to Improve Outcomes in Lung Transplant Recipients: Design of the INSPIRE-III Randomized Clinical Trial.
NTWRLPLR,testing,NINR,pymupdf,10,61084,6108,,,,Systematic Review of the Evidence for Stroke Family Caregiver and Dyad Interventions.
FJG7PUGY,testing,NINR,pymupdf,9,41029,4559,,,,A cluster randomized controlled trial to assess the efficacy of a telehealth-based train-the-trainer mealtime intervention delivered by respite  care center volunteers to caregivers of persons with dementia to improve  nutritional outcomes and quality of life.
AI6IGYUX,testing,NINR,pymupdf,13,33713,2593,,,,A Health Literacy-Focused Self-Management Intervention for African Americans with High Blood Pressure: A Pilot Randomized Controlled Trial.
YS8G343M,testing,NLM,pymupdf,27,69814,2586,,,,Cluster Randomized Trials Designed to Support Generalizable Inferences.
9GYMMDHS,testing,NLM,pymupdf,10,38548,3855,,,,Using CDS Hooks to increase SMART on FHIR app utilization: a cluster-randomized trial.
4X4LV7H7,validation,FinalCollectionFor Publication,pymupdf,11,44164,4015,,,,Colorectal Cancer Knowledge and Screening Change in African Americans: Implementation Phase Results of the EPICS Cluster RCT
RE9NAY8K,validation,FinalCollectionFor Publication,pymupdf,10,48726,4873,,,,Low-dose versus High-dose Carfilzomib with Dexamethasone (S1304) in Patients with Relapsed-Refractory Multiple Myeloma
767M69JK,validation,FinalCollectionFor Publication,pymupdf,6,37908,6318,,,,Challenges and adaptations for a cluster-randomized control trial targeting parents of pediatric cancer survivors with obesity during the COVID-19 pandemic
X2MP4F7R,validation,FinalCollectionFor Publication,pymupdf,10,53228,5323,,,,"Low-touch, team-based care for co-morbidity management in cancer patients: the ONE TEAM randomized controlled trial"
UMV6NC2L,validation,FinalCollectionFor Publication,pymupdf,16,74924,4683,,,,A cluster randomized controlled trial comparing Virtual Learning Collaborative and Technical Assistance strategies to implement an early palliative care program for patients with advanced cancer and their caregivers: a study protocol
NCY67FZ9,validation,Both NCI and NHLBI,pymupdf,21,53861,2565,,,,Changes in Moderate Intensity Physical Activity Are Associated With Better Cognition in the Multilevel Intervention for Physical Activity in Retirement Communities (MIPARC) Study
7MXH2IXG,validation,FinalCollectionFor Publication,pymupdf,9,47884,5320,,,,The shared uncertainty experience of older adults with advanced cancer and their caregivers
H2GLBZE4,validation,FinalCollectionFor Publication,pymupdf,9,38566,4285,,,,Randomized Controlled Trials
BR4Y6FSS,validation,FinalCollectionFor Publication,pymupdf,10,49294,4929,,,,"Utilization of Mobile Reminders in Improving the Completeness and Timeliness of Routine Childhood Immunization in Kano Metropolis, Nigeria: A Randomized Controlled Trial"
R7T6WKEW,validation,FinalCollectionFor Publication,pymupdf,12,81678,6806,,,,"Protocol paper: Multi-site, cluster-randomized clinical trial for optimizing functional outcomes of older cancer survivors after chemotherapy"
36I94AIH,validation,FinalCollectionFor Publication,pymupdf,17,54639,3214,,,,Protocol for a cluster-randomized trial of a school-based skin cancer preventive intervention for adolescents
BKND5GCR,validation,FinalCollectionFor Publication,pymupdf,9,42415,4713,,,,Successes and challenges of implementing a cancer care delivery intervention in community oncology practices: lessons learned from SWOG S1415CD
JW9782P3,validation,FinalCollectionFor Publication,pymupdf,5,22581,4516,,,,A Comparison of Rural and Urban Hospice Family Caregivers' Cancer Pain Knowledge and Experience
EBWFU9KS,validation,FinalCollectionFor Publication,pymupdf,11,51263,4660,,,,Assessment of COVID-19 Messaging Strategies to Increase Testing for Students With Intellectual and Developmental Disabilities
CMD8N46A,validation,FinalCollectionFor Publication,pymupdf,12,56752,4729,,,,"Developing an evidence-based program sustainability training curriculum: a group randomized, multi-phase approach"
KJSH6EBW,validation,FinalCollectionFor Publication,pymupdf,14,68157,4868,,,,Comparison of an automated smartphone-based smoking cessation intervention versus standard quitline-delivered treatment among underserved smokers: protocol for a randomized controlled trial
IB825UX2,validation,FinalCollectionFor Publication,pymupdf,17,83593,4917,,,,Evaluating the Efficacy of Automated Smoking Treatment for People With HIV: Protocol for a Randomized Controlled Trial
2RDD8DGI,validation,FinalCollectionFor Publication,pymupdf,8,46963,5870,,,,Efficacy of Mobile Phone-Delivered Smoking Cessation Interventions for Socioeconomically Disadvantaged Individuals: A Randomized Clinical Trial
FRK7DQLC,validation,FinalCollectionFor Publication,pymupdf,17,36416,2142,,,,"Knowledge of colorectal cancer screening guidelines and intention to obtain screening among nonadherent Filipino, Hmong, and Korean Americans"
ZKY8XW5M,validation,FinalCollectionFor Publication,pymupdf,8,41193,5149,,,,Factors associated with HPV vaccination decision-making among Korean American women
W75ICDYI,validation,FinalCollectionFor Publication,pymupdf,7,42159,6023,,,,Association between advanced cancer patient-caregiver agreement regarding prognosis and hospice enrollment
CKCARQYN,validation,FinalCollectionFor Publication,pymupdf,9,43636,4848,,,,"Optimizing accrual to a large-scale, clinically integrated randomized trial in anesthesiology: A 2-year analysis of recruitment"
C69UAKKB,validation,FinalCollectionFor Publication,pymupdf,30,83781,2793,,,,Using increased trust in medical researchers to increase minority recruitment: The RECRUIT cluster randomized clinical trial
677HVIFJ,validation,FinalCollectionFor Publication,pymupdf,10,49914,4991,,,,Decision aids for localized prostate cancer in diverse minority men: Primary outcome results from a multicenter cancer care delivery trial (Alliance A191402CD)
WY9D5UIK,validation,FinalCollectionFor Publication,pymupdf,5,26659,5332,,,,"Oral cancer screening using mobile phone-based(mHealth) approach versus conventional oral examination approach, protocol of a cluster randomized study with cost-effectiveness analysis"
PDP273K4,validation,FinalCollectionFor Publication,pymupdf,12,55878,4656,,,,Behavioral economic implementation strategies to improve serious illness communication between clinicians and high-risk patients with cancer: protocol for a cluster randomized pragmatic trial
9LTSBSEE,validation,FinalCollectionFor Publication,pymupdf,10,60323,6032,,,,Effect of Training Pediatric Clinicians in Human Papillomavirus Communication Strategies on Human Papillomavirus Vaccination Rates: A Cluster Randomized Clinical Trial
WZJBF75Y,validation,FinalCollectionFor Publication,pymupdf,14,67438,4817,,,,"Implementation fidelity, attitudes, and influence: a novel approach to classifying implementer behavior"
9JP85XCL,validation,FinalCollectionFor Publication,pymupdf,13,71842,5526,,,,The Development and Testing of a Point-of-Sale E-Cigarette Health Communication Campaign
2NRLZW3M,validation,FinalCollectionFor Publication,pymupdf,13,65609,5047,,,,Point-of-Sale Health Communication Campaigns for Cigarillos and Waterpipe Tobacco: Effects and Lessons Learned from Two Cluster Randomized Trials
IUEMQRU4,validation,FinalCollectionFor Publication,pymupdf,19,63777,3357,,,,A cluster-randomized control trial targeting parents of pediatric cancer survivors with obesity: Rationale and study protocol of NOURISH-T
54ZXRGZ7,validation,FinalCollectionFor Publication,pymupdf,9,36258,4029,,,,Priorities Wizard: Multisite Web-Based Primary Care Clinical Decision Support Improved Chronic Care Outcomes with High Use Rates and High Clinician Satisfaction Rates
J4BU3EEE,validation,FinalCollectionFor Publication,pymupdf,16,40585,2537,,,,Leisure-Time Physical Activity and Characteristics of Social Network Support for Exercise Among Latinas
9DKJKFAS,validation,FinalCollectionFor Publication,pymupdf,18,88330,4907,,,,Effectiveness and implementation of mPATH™-CRC: a mobile health system for colorectal cancer screening
E92KWK4B,validation,Both NCI and NHLBI,pymupdf,9,43541,4838,,,,Process of Engaging Community and Scientific Partners in the Development of the CIRCL-Chicago Study Protocol
4RJRGIRQ,validation,FinalCollectionFor Publication,pymupdf,8,40192,5024,,,,Social support and breast cancer screening in rural Appalachia
46MFLID4,validation,FinalCollectionFor Publication,pymupdf,12,55080,4590,,,,"Nutritional impairment, psychological health and quality of life among older adults with advanced cancer: A secondary analysis of a randomized clinical trial"
SJVU6KJ3,validation,FinalCollectionFor Publication,pymupdf,13,50681,3899,,,,"Effects of an Oncology Nurse-Led, Primary Palliative Care Intervention (CONNECT) on Illness Expectations Among Patients With Advanced Cancer"
PWWEDNNK,validation,FinalCollectionFor Publication,pymupdf,15,39965,2664,,,,"Assessing barriers to providing tobacco use disorder treatment in community mental health settings with a revised version of the Smoking Knowledge, Attitudes, and Practices (S-KAP) instrument"
M7JCMFJ7,validation,FinalCollectionFor Publication,pymupdf,9,37690,4188,,,,Application of an innovative high-throughput liquid chromatography-tandem mass spectrometry method for simultaneous analysis of 18 hazardous drugs to rule out accidental acute chemotherapy exposures in health care workers
ZETJJPRR,validation,FinalCollectionFor Publication,pymupdf,8,46952,5869,,,,Effectiveness of a Multicomponent Strategy for Implementing Guidelines for Treating Tobacco Use in Vietnam Commune Health Centers
R8DWVW84,validation,FinalCollectionFor Publication,pymupdf,7,46064,6581,,,,An analysis of adaptations to multi-level intervention strategies to enhance implementation of clinical practice guidelines for treating tobacco use in dental care settings
62TBCTHX,validation,Both NCI and NHLBI,pymupdf,10,43884,4388,,,,Examining Caregiver Outcomes in the CONNECT Intervention for Patients With Advanced Cancer
G4WN7HVX,validation,FinalCollectionFor Publication,pymupdf,21,51472,2451,,,,Poor patient health is associated with higher caregiver burden for older adults with advanced cancer
PWPJMUUS,validation,FinalCollectionFor Publication,pymupdf,12,53412,4451,,,,"COVID-19 Related Protocol Considerations and Modifications within a Rural, Community-Engaged Health Promotion Randomized Trial"
VWDH6W8E,validation,FinalCollectionFor Publication,pymupdf,17,81974,4822,,,,Evaluation of a civic engagement approach to catalyze built environment change and promote healthy eating and physical activity among rural residents: a cluster (community) randomized controlled trial
EEIQW8EX,validation,FinalCollectionFor Publication,pymupdf,12,62932,5244,,,,Effect of a Mammography Screening Decision Aid for Women 75 Years and Older: A Cluster Randomized Clinical Trial
IWSKLNSK,validation,FinalCollectionFor Publication,pymupdf,30,59580,1986,,,,A randomized clinical trial testing two implementation strategies to promote the treatment of tobacco dependence in community mental healthcare
HJICVPT7,validation,FinalCollectionFor Publication,pymupdf,7,36798,5257,,,,An international randomized phase III trial of pulse actinomycin-D versus multi-day methotrexate for the treatment of low risk gestational trophoblastic neoplasia; NRG/GOG 275
HPIL7WVW,validation,Both NCI and NHLBI,pymupdf,10,56905,5690,,,,Effect of an Oncology Nurse-Led Primary Palliative Care Intervention on Patients With Advanced Cancer: The CONNECT Cluster Randomized Clinical Trial
ASUUZY3Z,validation,FinalCollectionFor Publication,pymupdf,22,57260,2603,,,,"HPV vaccine uptake among daughters of Latinx immigrant mothers: Findings from a cluster randomized controlled trial of a community-based, culturally relevant intervention"
ILWWS7LD,validation,FinalCollectionFor Publication,pymupdf,15,78842,5256,,,,The Transdiagnostic Intervention for Sleep and Circadian Dysfunction (TranS-C) for serious mental illness in community mental health part 3: study protocol to evaluate sustainment in a hybrid type 2 effectiveness-implementation cluster-randomized trial
8NX9CDB5,validation,FinalCollectionFor Publication,pymupdf,30,90082,3003,,,,"The Head and Neck Survivorship Tool (HN-STAR) Trial (WF-1805CD): A protocol for a cluster-randomized, hybrid effectiveness-implementation, pragmatic trial to improve the follow-up care of head and neck cancer survivors"
9U8SD7BK,validation,FinalCollectionFor Publication,pymupdf,12,61552,5129,,,,An effectiveness-implementation hybrid trial of phone-based tobacco cessation interventions in the Lebanese primary healthcare system: protocol for project PHOENICS
CKEF67C5,validation,FinalCollectionFor Publication,pymupdf,9,52817,5869,,,,Personalized Multilevel Intervention for Improving Appropriate Use of Colorectal Cancer Screening in Older Adults: A Cluster Randomized Clinical Trial
Y5J6YZK2,validation,FinalCollectionFor Publication,pymupdf,9,50485,5609,,,,Engaging diverse midlife and older adults in a multilevel participatory physical activity intervention: evaluating impacts using Ripple Effects Mapping
GISQ3U2U,validation,FinalCollectionFor Publication,pymupdf,27,88188,3266,,,,"A multi-level intervention in worksites to increase fruit and vegetable access and intake: Rationale, design and methods of the 'Good to Go' cluster randomized trial"
JM9T8XDZ,validation,FinalCollectionFor Publication,pymupdf,8,43849,5481,,,,A randomized wait-list controlled trial of a social support intervention for caregivers of patients with primary malignant brain tumor
KMRQTRP3,validation,FinalCollectionFor Publication,pymupdf,17,44409,2612,,,,Clinician Prompts for Human Papillomavirus Vaccination: A Cluster Randomized Trial
BWZDZGKD,validation,FinalCollectionFor Publication,pymupdf,13,55294,4253,,,,Effects of a Guideline-Informed Clinical Decision Support System Intervention to Improve Colony-Stimulating Factor Prescribing: A Cluster Randomized Clinical Trial
S7VJ7LXE,validation,FinalCollectionFor Publication,pymupdf,8,54220,6778,,,,Decreasing polypharmacy in older adults with cancer: A pilot cluster-randomized trial protocol
GVSXRYPK,validation,FinalCollectionFor Publication,pymupdf,17,38928,2290,,,,"Geriatric assessment-driven polypharmacy discussions between oncologists, older patients, and their caregivers"
I6GH9T7T,validation,FinalCollectionFor Publication,pymupdf,9,46675,5186,,,,A Geriatric Assessment Intervention to Reduce Treatment Toxicity Among Older Adults With Advanced Lung Cancer: A Subgroup Analysis From a Cluster Randomized Controlled Trial
5KIH2CZ8,validation,FinalCollectionFor Publication,pymupdf,13,77816,5986,,,,Improving the implementation and sustainment of evidence-based practices in community mental health organizations: a study protocol for a matched-pair cluster randomized pilot study of the Collaborative Organizational Approach to Selecting and Tailoring Implementation Strategies (COAST-IS)
CN8B23MZ,validation,FinalCollectionFor Publication,pymupdf,6,28032,4672,,,,Effects of a Faith-Based Obesity Intervention on African American and Latino Adults' Children
I6DQCI97,validation,FinalCollectionFor Publication,pymupdf,11,42365,3851,,,,Efficacy of the 'Stand and Move at Work' multicomponent workplace intervention to reduce sedentary time and improve cardiometabolic risk: a group randomized clinical trial
IT2B87LL,validation,FinalCollectionFor Publication,pymupdf,15,75104,5007,,,,"A cluster randomized controlled trial for a multi-level, clinic-based smoking cessation program with women in Appalachian communities: study protocol for the ""Break Free"" program"
Z236TJTT,validation,FinalCollectionFor Publication,pymupdf,14,52874,3777,,,,Healthy Pregnancies Project: Cluster Randomized Controlled Trial of a Community Intervention to Reduce Tobacco Use among Alaska Native Women
NQZZPYI4,validation,FinalCollectionFor Publication,pymupdf,5,25880,5176,,,,"Association of Tobacco Use During Pregnancy, Perceived Stress, and Depression Among Alaska Native Women Participants in the Healthy Pregnancies Project"
9THPD86J,validation,FinalCollectionFor Publication,pymupdf,24,75858,3161,,,,The Healthy Pregnancies Project: Study protocol and baseline characteristics for a cluster-randomized controlled trial of a community intervention to reduce tobacco use among Alaska Native pregnant women
URKTMCIE,validation,FinalCollectionFor Publication,pymupdf,9,56191,6243,,,,"Accelerating Colorectal Cancer Screening and Follow-up through Implementation Science (ACCSIS) in Appalachia: protocol for a group randomized, delayed intervention trial"
DJE2PNQA,validation,FinalCollectionFor Publication,pymupdf,9,45303,5034,,,,A randomized study to prevent lymphedema in women treated for breast cancer: CALGB 70305 (Alliance)
DEKG3YAI,validation,FinalCollectionFor Publication,pymupdf,9,52939,5882,,,,A Group Randomized Trial to Reduce Obesity among Appalachian Church Members: The Walk by Faith Study
AQVRGUP7,validation,FinalCollectionFor Publication,pymupdf,8,40288,5036,,,,A randomized study to improve care for young women with breast cancer at community and academic medical oncology practices in the United States: The Young and Strong study
LPIT2KM5,validation,FinalCollectionFor Publication,pymupdf,7,35335,5048,,,,Cancer worry and empathy moderate the effect of a survivorship-focused intervention on quality of life
CJ2GF4QD,validation,FinalCollectionFor Publication,pymupdf,10,44779,4478,,,,Efficacy of a survivorship-focused consultation versus a time-controlled rehabilitation consultation in patients with lymphoma: A cluster randomized controlled trial
3I2K6X84,validation,FinalCollectionFor Publication,pymupdf,12,59395,4950,,,,Implementation of an mHealth intervention to increase adherence to triage among HPV positive women with HPV-self-collection (ATICA study): post-implementation evaluation from the women's perspective
DM2HM3XH,validation,FinalCollectionFor Publication,pymupdf,7,36603,5229,,,,Association of Long-term Outcomes With Stereotactic Radiosurgery vs Whole-Brain Radiotherapy for Resected Brain Metastasis: A Secondary Analysis of The N107C/CEC.3 (Alliance for Clinical Trials in Oncology/Canadian Cancer Trials Group) Randomized Clinical Trial
FCXQJYSP,validation,FinalCollectionFor Publication,pymupdf,8,19969,2496,,,,Lessons learned from conducting the first cancer care delivery trial in the Alliance for Clinical Trials in Oncology (Alliance A191402CD)
BAABE7JM,validation,FinalCollectionFor Publication,pymupdf,9,45709,5079,,,,"The comparative effectiveness of decision aids in diverse populations with early stage prostate cancer: a study protocol for a cluster-randomized controlled trial in the NCI Community Oncology Research Program (NCORP), Alliance A191402CD"
IPP52WKG,validation,FinalCollectionFor Publication,pymupdf,10,41467,4147,,,,Comparison of patient flow and provider efficiency of two delivery strategies for HPV-based cervical cancer screening in Western Kenya: a time and motion study
KI6F3YXL,validation,FinalCollectionFor Publication,pymupdf,6,29701,4950,,,,Depressive Symptoms in Caregivers of Hospice Cancer Patients
YQC5A963,validation,FinalCollectionFor Publication,pymupdf,16,68276,4267,,,,Comparative effectiveness of implementation strategies for Accelerating Cervical Cancer Elimination through the integration of Screen-and-treat Services (ACCESS study): protocol for a cluster randomized hybrid type III trial in Nigeria
3YMCRN5A,validation,FinalCollectionFor Publication,pymupdf,10,48483,4848,,,,Perspectives of women participating in a cervical cancer screening campaign with community-based HPV self-sampling in rural western Kenya: a qualitative study
BYJKEDQI,validation,FinalCollectionFor Publication,pymupdf,12,57494,4791,,,,The smoke-free home study: study protocol for a cluster randomized controlled trial of a smoke-free home intervention in permanent supportive housing
HLQA5RI6,validation,Both NCI and NHLBI,pymupdf,8,39141,4893,,,,Teaching Medical Students to Help Patients Manage Their Weight: Outcomes of an Eight-School Randomized Controlled Trial
I4N8RJX7,validation,FinalCollectionFor Publication,pymupdf,23,67756,2946,,,,Design and rationale of the medical students learning weight management counseling skills (MSWeight) group randomized controlled trial
SUANA8ET,validation,FinalCollectionFor Publication,pymupdf,12,45801,3817,,,,Moderators of the effectiveness of an intervention to increase colorectal cancer screening through mailed fecal immunochemical test kits: results from a pragmatic randomized trial
DGEX5HE7,validation,FinalCollectionFor Publication,pymupdf,14,55303,3950,,,,Impact of Vaping Prevention Advertisements on US Adolescents: A Randomized Clinical Trial
93TLFX62,validation,FinalCollectionFor Publication,pymupdf,10,35820,3582,,,,Impact of a tobacco cessation intervention on adherence to tobacco use treatment guidelines among village health workers in Vietnam
BZHD4F63,validation,FinalCollectionFor Publication,pymupdf,10,46903,4690,,,,Health-related quality of life outcomes for the LEAP study-CALGB 70305 (Alliance): A lymphedema prevention intervention trial for newly diagnosed breast cancer patients
XSWEUIXG,validation,FinalCollectionFor Publication,pymupdf,8,40936,5117,,,,Smoking Cessation Treatment for Parents Who Dual Use E-Cigarettes and Traditional Cigarettes
LWBKGLCW,validation,FinalCollectionFor Publication,pymupdf,7,35006,5001,,,,A Cluster Randomized Controlled Trial of a Primary Care Provider-Delivered Social Media Counseling Intervention
LNWR884A,validation,FinalCollectionFor Publication,pymupdf,11,50104,4555,,,,Action planning for building public health program sustainability: results from a group-randomized trial
4HG9V6HL,validation,FinalCollectionFor Publication,pymupdf,11,58664,5333,,,,Psychological and behavioral pathways between perceived stress and weight change in a behavioral weight loss intervention
25SMNHQG,validation,FinalCollectionFor Publication,pymupdf,8,41884,5236,,,,Self-reported cardiovascular disease risk factor screening among people living with HIV vs. members of the general population in Botswana: a community-based study
D7FNGV5H,validation,FinalCollectionFor Publication,pymupdf,9,56768,6308,,,,Communication With Older Patients With Cancer Using Geriatric Assessment: A Cluster-Randomized Clinical Trial From the National Cancer Institute Community Oncology Research Program
GQ47R7MS,validation,FinalCollectionFor Publication,pymupdf,7,36425,5204,,,,Symptom Burden and Shared Care Planning in an Oncology Nurse-Led Primary Palliative Care Intervention (CONNECT) for Patients with Advanced Cancer
SU8TVFGH,validation,FinalCollectionFor Publication,pymupdf,12,59750,4979,,,,Cost and cost-effectiveness of the 'Stand and Move at Work' multicomponent intervention to reduce workplace sedentary time and cardiometabolic risk
X9X3VGJK,validation,FinalCollectionFor Publication,pymupdf,17,46219,2719,,,,A cost-effectiveness analysis of a colorectal cancer screening program in safety net clinics
C9P63S2B,validation,FinalCollectionFor Publication,pymupdf,14,79760,5697,,,,Team-focused implementation strategies to improve implementation of mental health screening and referral in rural Children's Advocacy Centers: study protocol for a pilot cluster randomized hybrid type 2 trial
JJF6XXQG,validation,FinalCollectionFor Publication,pymupdf,21,49895,2376,,,,Community-Clinical Linkage Intervention to Improve Colorectal Cancer Screening Among Underserved Korean Americans
QGRTXZZH,validation,FinalCollectionFor Publication,pymupdf,10,52665,5266,,,,Efficacy of a community-based participatory and multilevel intervention to enhance hepatitis B virus screening and vaccination in underserved Korean Americans
AAZLFUJE,validation,FinalCollectionFor Publication,pymupdf,10,44074,4407,,,,A pragmatic randomized trial of mailed fecal immunochemical testing to increase colorectal cancer screening among low-income and minoritized populations
99MJ924A,validation,FinalCollectionFor Publication,pymupdf,9,45352,5039,,,,"Prognostic accuracy of patients, caregivers, and oncologists in advanced cancer"
GVQJHIGK,validation,FinalCollectionFor Publication,pymupdf,15,59708,3981,,,,Efficacy of an Enhanced Implementation Strategy to Increase Parent Engagement with a Health Promotion Program in Childcare
GX655FV4,validation,FinalCollectionFor Publication,pymupdf,40,53678,1342,,,,A protocol for a cluster randomized trial of care delivery models to improve the quality of smoking cessation and shared decision making for lung cancer screening
B6VJ22FA,validation,Both NCI and NHLBI,pymupdf,9,39817,4424,,,,Hope and illness expectations: A cross-sectional study in patients with advanced cancer
IXGWRWKV,validation,FinalCollectionFor Publication,pymupdf,16,69928,4370,,,,"Assessing the sustainability of the Systems Analysis and Improvement Approach to increase HIV testing in family planning clinics in Mombasa, Kenya: results of a cluster randomized trial"
ALFCPWRB,validation,FinalCollectionFor Publication,pymupdf,8,42364,5296,,,,"Caregiver-Oncologist Prognostic Concordance, Caregiver Mastery, and Caregiver Psychological Health and Quality of Life"
HA9IHJB6,validation,FinalCollectionFor Publication,pymupdf,8,37916,4740,,,,Associations of Caregiver-Oncologist Discordance in Prognostic Understanding With Caregiver-Reported Therapeutic Alliance and Anxiety
HI3CPFP8,validation,FinalCollectionFor Publication,pymupdf,10,26583,2658,,,,Relationships of self-perceived age with geriatric assessment domains in older adults with cancer
7BJRB6LP,validation,FinalCollectionFor Publication,pymupdf,11,59288,5390,,,,"Beliefs About Advanced Cancer Curability in Older Patients, Their Caregivers, and Oncologists"
RHQWSFTR,validation,FinalCollectionFor Publication,pymupdf,22,68486,3113,,,,An overview of optimal designs under a given budget in cluster randomized trials with a binary outcome
4T9MTMMP,validation,FinalCollectionFor Publication,pymupdf,8,43285,5411,,,,Prevention of Alcohol-related Incidents in the U.S. Air Force: Results From a Cluster Randomized Trial
IR9N2LY8,validation,FinalCollectionFor Publication,pymupdf,12,69641,5803,,,,"A cluster-randomized trial of water, sanitation, handwashing and nutritional interventions on stress and epigenetic programming"
ULPYQHXX,validation,FinalCollectionFor Publication,pymupdf,9,39044,4338,,,,Effects of an educational physical activity intervention in young women with newly diagnosed breast cancer: Findings from the Young and Strong Study
JMLTZFI8,validation,FinalCollectionFor Publication,pymupdf,12,64847,5404,,,,"A Cluster-Randomized Trial of a Mobile Produce Market Program in 12 Communities in North Carolina: Program Development, Methods, and Baseline Characteristics"
DKMFB69S,validation,FinalCollectionFor Publication,pymupdf,11,51716,4701,,,,Cluster randomized controlled trial of a mobile market intervention to increase fruit and vegetable intake among adults in lower-income communities in North Carolina
NMNK2UJG,validation,FinalCollectionFor Publication,pymupdf,14,63009,4501,,,,Assessing the effectiveness of training models for national scale-up of an evidence-based nutrition and physical activity intervention: a group randomized trial
ABV8X64G,validation,FinalCollectionFor Publication,pymupdf,23,63210,2748,,,,"Impact of the Out-of-School Nutrition and Physical Activity (OSNAP) Group Randomized Controlled Trial on Children's Food, Beverage, and Calorie Consumption among Snacks Served"
B9YG8GYQ,validation,FinalCollectionFor Publication,pymupdf,16,61184,3824,,,,Sustainability via Active Garden Education: The Sustainability Action Plan Model and Process
2LUUC2WH,validation,FinalCollectionFor Publication,pymupdf,18,43941,2441,,,,The impact of a brief cessation induction intervention for waterpipe tobacco smoking: A pilot randomized clinical trial
VIYWFDG9,validation,FinalCollectionFor Publication,pymupdf,22,59724,2715,,,,Fear of cancer recurrence in lymphoma survivors: A descriptive study
BYZJM332,validation,FinalCollectionFor Publication,pymupdf,15,64991,4333,,,,Patient and Clinician Decision Support to Increase Genetic Counseling for Hereditary Breast and Ovarian Cancer Syndrome in Primary Care: A Cluster Randomized Clinical Trial
6XFGQN39,validation,FinalCollectionFor Publication,pymupdf,14,72091,5149,,,,Enhanced care planning and clinical-community linkages versus usual care to address basic needs of patients with multiple chronic conditions: a clinician-level randomized controlled trial
JCPBMIPX,validation,FinalCollectionFor Publication,pymupdf,10,51103,5110,,,,Cluster-randomized trial comparing organizationally tailored versus standard approach for integrating an evidence-based cancer control intervention into African American churches
VPCPTPZL,validation,FinalCollectionFor Publication,pymupdf,12,44435,3703,,,,Using Geriatric Assessment to Guide Conversations Regarding Comorbidities Among Older Patients With Advanced Cancer
DPPC94XT,validation,Both NCI and NHLBI,pymupdf,31,103016,3323,,,,"Testing the effectiveness of community-engaged citizen science to promote physical activity, foster healthier neighborhood environments, and advance health equity in vulnerable communities: The Steps for Change randomized controlled trial design and methods"
X2MXMQA7,validation,FinalCollectionFor Publication,pymupdf,10,57875,5788,,,,Effects of Counseling by Peer Human Advisors vs Computers to Increase Walking in Underserved Populations: The COMPASS Randomized Clinical Trial
ZXHI8G3B,validation,FinalCollectionFor Publication,pymupdf,13,55788,4291,,,,Impact of a Multidisciplinary Supportive Care Model Using Distress Screening at an Asian Ambulatory Cancer Center: A Cluster Randomized Controlled Trial
EYSSMC5T,validation,FinalCollectionFor Publication,pymupdf,10,50029,5003,,,,"A Middle School Program to Prevent E-Cigarette Use: A Pilot Study of ""CATCH My Breath"""
RM444G67,validation,FinalCollectionFor Publication,pymupdf,8,35390,4424,,,,Assessing Colorectal Cancer Screening Barriers by Two Methods
3NJJIQJQ,validation,FinalCollectionFor Publication,pymupdf,11,56842,5167,,,,Evaluation of the Efficacy of a Smoking Cessation Intervention for Cervical Cancer Survivors and Women With High-Grade Cervical Dysplasia: Protocol for a Randomized Controlled Trial
SH5J2R2J,validation,Both NCI and NHLBI,pymupdf,11,56113,5101,,,,Evaluation of a walking school bus program: a cluster randomized controlled trial
XA8RYYSR,validation,FinalCollectionFor Publication,pymupdf,13,50280,3868,,,,A Cluster Randomized Controlled Trial of a Lay Health Worker Intervention to Increase Healthy Eating and Physical Activity Among Vietnamese Americans
SMQ7NINF,validation,FinalCollectionFor Publication,pymupdf,7,39192,5599,,,,Effectiveness of Village Health Worker-Delivered Smoking Cessation Counseling in Vietnam
F4KF42R4,validation,FinalCollectionFor Publication,pymupdf,12,54845,4570,,,,Cluster Randomized Pragmatic Clinical Trial Testing Behavioral Economic Implementation Strategies to Improve Tobacco Treatment for Patients With Cancer Who Smoke
BLWKH6C8,validation,FinalCollectionFor Publication,pymupdf,12,54159,4513,,,,Rationale and protocol for a cluster randomized pragmatic clinical trial testing behavioral economic implementation strategies to improve tobacco treatment rates for cancer patients who smoke
PV2Z7J77,validation,FinalCollectionFor Publication,pymupdf,18,50037,2780,,,,Modifiable fall risk factors among older adults with advanced cancer: Secondary analysis of a cluster-randomized clinical trial
69KLSK53,validation,FinalCollectionFor Publication,pymupdf,12,50977,4248,,,,Communication About Fall Risk in Community Oncology Practice: The Role of Geriatric Assessment
J7CUNUHF,validation,FinalCollectionFor Publication,pymupdf,14,61259,4376,,,,Association of Oncologist-Patient Communication With Functional Status and Physical Performance in Older Adults: A Secondary Analysis of a Cluster Randomized Clinical Trial
VKY7UK64,validation,Both NCI and NHLBI,pymupdf,6,31529,5255,,,,A practical decision tree to support editorial adjudication of submitted parallel cluster randomized controlled trials
PSCSKNSV,validation,FinalCollectionFor Publication,pymupdf,10,47550,4755,,,,Extensive Molecular and Clinical Heterogeneity in Patients With Histologically Diagnosed CNS-PNET Treated as a Single Entity: A Report From the Children's Oncology Group Randomized ACNS0332 Trial
72N55PAH,validation,FinalCollectionFor Publication,pymupdf,12,49491,4124,,,,Diagnosing Cervical Neoplasia in Rural Brazil Using a Mobile Van Equipped with In Vivo Microscopy: A Cluster-Randomized Community Trial
F4QDRKEG,validation,FinalCollectionFor Publication,pymupdf,20,53665,2683,,,,Physician Intervention and Chinese Americans' Colorectal Cancer Screening
E6B5T4RY,validation,FinalCollectionFor Publication,pymupdf,8,34181,4273,,,,How Providing Cervical Cancer Screening Results via Cell Phone Affects Patient Follow-Up Rates in Western Kenya
HRZIZRJP,validation,FinalCollectionFor Publication,pymupdf,15,36651,2443,,,,Cervical cancer screening through human papillomavirus testing in community health campaigns versus health facilities in rural western Kenya
FMXPAUEI,validation,FinalCollectionFor Publication,pymupdf,10,46327,4633,,,,Web-based versus in-person methods for training lay community health advisors to implement health promotion workshops: participant outcomes from a cluster-randomized trial
A9KIMSNR,validation,FinalCollectionFor Publication,pymupdf,10,44582,4458,,,,Feasibility and Acceptability of a Type 2 Diabetes Prevention Intervention for Mothers and Children at a Federally Qualified Healthcare Center
TIP639KQ,validation,FinalCollectionFor Publication,pymupdf,10,31978,3198,,,,Intervention Nonadherence in the TrACER (S1415CD) Study: A Pragmatic Randomized Trial of a Standardized Order Entry for CSF Prescribing
NZYS3BX2,validation,FinalCollectionFor Publication,pymupdf,14,50403,3600,,,,A Pragmatic Cluster-Randomized Trial of a Standing Order Entry Intervention for Colony-Stimulating Factor Use Among Patients at Intermediate Risk for Febrile Neutropenia
LJW4HEIA,validation,FinalCollectionFor Publication,pymupdf,9,37304,4145,,,,Cost-Effectiveness of Community-to-Clinic Tailored Navigation for Colorectal Cancer Screening in an Underserved Population: Economic Evaluation Alongside a Group-Randomized Trial
XVG5NIVQ,validation,FinalCollectionFor Publication,pymupdf,12,69425,5785,,,,Human Papillomavirus vaccination clinical decision support for young adults in an upper midwestern healthcare system: a clinic cluster-randomized control trial
XPS9DCVL,validation,FinalCollectionFor Publication,pymupdf,14,65004,4643,,,,Primary care clinicians' opinions before and after implementation of cancer screening and prevention clinical decision support in a clinic cluster-randomized control trial: a survey research study
YCYESWU8,validation,FinalCollectionFor Publication,pymupdf,15,67369,4491,,,,Pre-implementation adaptation of primary care cancer prevention clinical decision support in a predominantly rural healthcare system
DXI976EC,validation,FinalCollectionFor Publication,pymupdf,11,49317,4483,,,,Pathways to Employee Outcomes in a Workplace Health Promotion Program
U4A6LS8G,validation,FinalCollectionFor Publication,pymupdf,17,41906,2465,,,,Prostate-Specific Antigen After Neoadjuvant Androgen Suppression in Prostate Cancer Patients Receiving Short-Term Androgen Suppression and External Beam Radiation Therapy: Pooled Analysis of Four NRG Oncology Radiation Therapy Oncology Group Randomized Clinical Trials
R3FT4BF3,validation,FinalCollectionFor Publication,pymupdf,19,46191,2431,,,,Multilevel Follow-up of Cancer Screening (mFOCUS): Protocol for a multilevel intervention to improve the follow-up of abnormal cancer screening test results
TFGQKUCF,validation,FinalCollectionFor Publication,pymupdf,7,39964,5709,,,,Challenges in assessing population reach in a pragmatic trial
BWAGKCVT,validation,FinalCollectionFor Publication,pymupdf,9,48378,5375,,,,Using a continuum of hybrid effectiveness-implementation studies to put research-tested colorectal screening interventions into practice
G75A8PEN,validation,FinalCollectionFor Publication,pymupdf,9,46022,5114,,,,Social Support for Changing Multiple Behaviors: Factors Associated With Seeking Support and the Impact of Offered Support
ZEQRVXQG,validation,FinalCollectionFor Publication,pymupdf,10,56058,5606,,,,Implementation of quality improvement coaching versus physician communication training for improving human papillomavirus vaccination in primary care: a randomized implementation trial
UJB4QA99,validation,FinalCollectionFor Publication,pymupdf,29,50359,1737,,,,The Relationship Between Frailty and Emotional Health in Older Patients with Advanced Cancer
4FJHYJ4R,validation,FinalCollectionFor Publication,pymupdf,6,33597,5600,,,,Impact of Brief Quality Improvement Coaching on Adolescent HPV Vaccination Coverage: A Pragmatic Cluster Randomized Trial
I47BDCKU,validation,FinalCollectionFor Publication,pymupdf,8,36574,4572,,,,Coaching and Communication Training for HPV Vaccination: A Cluster Randomized Trial
Z7NF2G6Q,validation,Both NCI and NHLBI,pymupdf,8,42937,5367,,,,Objective Measures of Physical Activity in Rural Communities: Factors Associated With a Valid Wear and Lessons Learned
SGCHKJTH,validation,FinalCollectionFor Publication,pymupdf,18,78541,4363,,,,"Multilevel approaches to increase fruit and vegetable intake in low-income housing communities: final results of the 'Live Well, Viva Bien' cluster-randomized trial"
D6FQ47HW,validation,FinalCollectionFor Publication,pymupdf,6,24097,4016,,,,Machine Learning-Based Prediction of Hospitalization During Chemoradiotherapy With Daily Step Counts
EAJAKXKC,validation,FinalCollectionFor Publication,pymupdf,15,39654,2644,,,,The ecology of patient and caregiver participation in consultations involving advanced cancer
JSRXWSXE,validation,FinalCollectionFor Publication,pymupdf,6,37692,6282,,,,Addressing cancer survivors' cardiovascular health using the automated heart health assessment (AH-HA) EHR tool: Initial protocol and modifications to address COVID-19 challenges
LCAG76F4,validation,FinalCollectionFor Publication,pymupdf,13,54948,4227,,,,The Optimizing Lung Screening Trial (WF-20817CD): Multicenter Randomized Effectiveness Implementation Trial to Increase Tobacco Use Cessation for Individuals Undergoing Lung Screening
49C5LL2B,validation,FinalCollectionFor Publication,pymupdf,21,62419,2972,,,,"The OaSiS trial: A hybrid type II, national cluster randomized trial to implement smoking cessation during CT screening for lung cancer"
WKMKUPTU,validation,FinalCollectionFor Publication,pymupdf,9,51410,5712,,,,A Cluster-Randomized Clinical Trial Testing the Effectiveness of the Addressing Tobacco Through Organizational Change Model for Improving the Treatment of Tobacco Use in Community Mental Health Care: Preliminary Study Feasibility and Baseline Findings
Z6DJN9CQ,validation,FinalCollectionFor Publication,pymupdf,10,44258,4426,,,,Completion of Patient-Reported Outcome Questionnaires Among Older Adults with Advanced Cancer
WD74R75C,validation,FinalCollectionFor Publication,pymupdf,31,51441,1659,,,,Performance Feedback for Human Papillomavirus Vaccination: A Randomized Trial From the American Academy of Pediatrics Pediatric Research in Office Settings Research Network
F2BPPKMI,validation,FinalCollectionFor Publication,pymupdf,13,63094,4853,,,,"QuitSMART Utah: an implementation study protocol for a cluster-randomized, multi-level Sequential Multiple Assignment Randomized Trial to increase Reach and Impact of tobacco cessation treatment in Community Health Centers"
EJY33FGY,validation,FinalCollectionFor Publication,pymupdf,9,40401,4489,,,,Community-Based Cervical Cancer Education: Changes in Knowledge and Beliefs Among Vietnamese American Women
IASMJG49,validation,FinalCollectionFor Publication,pymupdf,11,56987,5181,,,,Adapting and implementing breast cancer follow-up in primary care: protocol for a mixed methods hybrid type 1 effectiveness-implementation cluster randomized study
CG56AVM4,validation,FinalCollectionFor Publication,pymupdf,18,51058,2837,,,,Scalability of cancer SurvivorLink™: A cluster randomized trial among pediatric cancer clinics
WCA66X4I,validation,FinalCollectionFor Publication,pymupdf,33,89104,2700,,,,Design and rationale of an intervention to improve cancer prevention using clinical decision support and shared decision making: A clinic-randomized trial
E3JZCW7P,validation,FinalCollectionFor Publication,pymupdf,12,29962,2497,,,,"The Duration of Antibiotics Prophylaxis at the Time of Catheter Removal after Radical Prostatectomy: Clinically Integrated, Cluster, Randomized Trial"
26LDPI8G,validation,FinalCollectionFor Publication,pymupdf,11,53389,4854,,,,"Results of a cluster randomized trial testing the Systems Analysis and Improvement Approach to increase cervical cancer screening in family planning clinics in Mombasa County, Kenya"
7EFQI5V4,validation,FinalCollectionFor Publication,pymupdf,12,61318,5110,,,,Qualitative evaluation of the Systems Analysis and Improvement Approach as a strategy to increase HIV testing in family planning clinics using the Consolidated Framework for Implementation Research and the Implementation Outcomes Framework
CVNVFN8Y,validation,FinalCollectionFor Publication,pymupdf,17,45661,2686,,,,Results of a cluster randomized trial testing the systems analysis and improvement approach to increase HIV testing in family planning clinics
32LERLVS,validation,FinalCollectionFor Publication,pymupdf,6,31737,5290,,,,"Performance of family planning clinics in conducting recommended HIV counseling and testing in Mombasa County, Kenya: a cross-sectional study"
7HMIXSV8,validation,FinalCollectionFor Publication,pymupdf,10,42593,4259,,,,Barriers to symptom management care pathway implementation in pediatric Cancer
M7MJVIPL,validation,FinalCollectionFor Publication,pymupdf,18,44833,2491,,,,Smoking Cessation Treatment for Parents Who Are Light or Very Light Smokers in the Pediatric Setting
ECH2D7BJ,validation,FinalCollectionFor Publication,pymupdf,8,44320,5540,,,,Pediatric Office Delivery of Smoking Cessation Assistance for Breast-Feeding Mothers
MDUWF9YP,validation,FinalCollectionFor Publication,pymupdf,18,50385,2799,,,,Characterizing Time to Diagnostic Resolution After an Abnormal Cancer Screening Exam in Older Adult Participants in the Ohio Patient Navigation Research Program
II5PE99X,validation,FinalCollectionFor Publication,pymupdf,20,63488,3174,,,,Linking churches and parks to promote physical activity among Latinos: Rationale and design of the Parishes & Parks cluster randomized trial
73BP3R5F,validation,FinalCollectionFor Publication,pymupdf,10,47712,4771,,,,Fertility concerns and treatment decision-making among national sample of young women with breast cancer
FGGJHPQ8,validation,FinalCollectionFor Publication,pymupdf,18,58012,3223,,,,Effects of a Geriatric Assessment Intervention on Patient-Reported Symptomatic Toxicity in Older Adults With Advanced Cancer
CR7JWN8H,validation,FinalCollectionFor Publication,pymupdf,8,39712,4964,,,,Results of a lay health education intervention to increase colorectal cancer screening among Filipino Americans: A cluster randomized controlled trial
PIZAETCG,validation,FinalCollectionFor Publication,pymupdf,21,51695,2462,,,,"Making Informed Choices On Incorporating Chemoprevention into carE (MiCHOICE, SWOG 1904): Design and methods of a cluster randomized controlled trial"
ERY25CXT,validation,FinalCollectionFor Publication,pymupdf,2,13262,6631,,,,Impact of Walking School Bus Programs on Self-Efficacy and Outcome Expectations
7MHFEUZL,validation,FinalCollectionFor Publication,pymupdf,12,57631,4803,,,,Methods for scaling up an outreach intervention to increase colorectal cancer screening rates in rural areas
TBFRUAMD,validation,FinalCollectionFor Publication,pymupdf,15,74621,4975,,,,Mailed fecal testing and patient navigation versus usual care to improve rates of colorectal cancer screening and follow-up colonoscopy in rural Medicaid enrollees: a cluster-randomized controlled trial
KJQKEW8Y,validation,FinalCollectionFor Publication,pymupdf,8,44236,5530,,,,Effectiveness of a Mailed Colorectal Cancer Screening Outreach Program in Community Health Clinics: The STOP CRC Cluster Randomized Clinical Trial
Y65DB7TT,validation,Both NCI and NHLBI,pymupdf,8,32768,4096,,,,Primary Palliative Care Improves Uptake of Advance Care Planning Among Patients With Advanced Cancers
XYJLRGVC,validation,Both NCI and NHLBI,pymupdf,17,61153,3597,,,,"Quality of Communication and Trust in Patients With Serious Illness: An Exploratory Study of the Relationships of Race/Ethnicity, Socioeconomic Status, and Religiosity"
WTLH8PPX,validation,FinalCollectionFor Publication,pymupdf,20,47938,2397,,,,Implementation of a cluster randomized controlled trial: Identifying student peer leaders to lead E-cigarette interventions
TYUTRABV,validation,FinalCollectionFor Publication,pymupdf,12,59166,4930,,,,The impact of text message reminders on cryotherapy uptake among women testing positive for HPV in western Kenya: a prospective cohort study
6Y7FJ56I,validation,FinalCollectionFor Publication,pymupdf,15,42065,2804,,,,"A Qualitative Exploration of Women's Experiences with a Community Health Volunteer-Led Cervical Cancer Educational Module in Migori County, Kenya"
TGIBPA3M,validation,FinalCollectionFor Publication,pymupdf,30,73827,2461,,,,A stochastic second-order generalized estimating equations approach for estimating association parameters
U7PLGE75,validation,FinalCollectionFor Publication,pymupdf,7,51246,7321,,,,Improving adherence to endocrine hormonal therapy among breast cancer patients: Study protocol for a randomized controlled trial
6UFMVCDF,validation,FinalCollectionFor Publication,pymupdf,20,52961,2648,,,,"Hub-and-Spoke centralized intervention to optimize colorectal cancer screening and follow-up: A pragmatic, cluster-randomized controlled trial protocol"
VD74N4DN,validation,FinalCollectionFor Publication,pymupdf,7,34117,4874,,,,Satisfaction with Care and Attention to Age-Specific Concerns by Race and Ethnicity in a National Sample of Young Women with Breast Cancer
F9X8Z6SZ,validation,FinalCollectionFor Publication,pymupdf,32,54193,1694,,,,Increasing the adoption of evidence-based communication practices for HPV vaccination in primary care clinics: The HPV ECHO study protocol for a cluster randomized controlled trial
NFIAY6NV,validation,FinalCollectionFor Publication,pymupdf,9,45350,5039,,,,Effects by educational attainment of a mammography screening patient decision aid for women aged 75 years and older
LNE655AM,validation,FinalCollectionFor Publication,pymupdf,11,53011,4819,,,,Ending Tobacco Use Through Interactive Tailored Messaging for Cambodian People With HIV (Project EndIT): Protocol for a Randomized Controlled Trial
ZH47UTGY,validation,FinalCollectionFor Publication,pymupdf,15,44046,2936,,,,"Cluster Randomized Trial of Teens Against Tobacco Use: Youth Empowerment for Tobacco Control in El Paso, Texas"
9PGIWTZJ,validation,FinalCollectionFor Publication,pymupdf,8,44328,5541,,,,Twelve-Month Outcomes of a Group-Randomized Community Health Advocate-Led Smoking Cessation Intervention in Public Housing
FHVQQIX3,validation,FinalCollectionFor Publication,pymupdf,27,72859,2698,,,,"Community-based, cluster-randomized pilot trial of a cardiovascular mHealth intervention: Rationale, design, and baseline findings of the FAITH! Trial"
MCKQDWYQ,validation,FinalCollectionFor Publication,pymupdf,14,59600,4257,,,,Racial Differences in Pain Management for Patients Receiving Hospice Care
I6KDJ44E,validation,FinalCollectionFor Publication,pymupdf,13,50591,3892,,,,Financial Toxicity Monitoring in a Randomized Controlled Trial of Patient-Reported Outcomes During Cancer Treatment (Alliance AFT-39)
FPX2G3LA,validation,FinalCollectionFor Publication,pymupdf,10,57988,5799,,,,Examining local smoke-free coalitions in Armenia and Georgia: context and outcomes of a matched-pairs community-randomised controlled trial
6M6JS3W5,validation,FinalCollectionFor Publication,pymupdf,11,50812,4619,,,,Group Randomized Trial of Healthy Eating and Gardening Intervention in Navajo Elementary Schools (Yéego!)
8X3V8X64,validation,FinalCollectionFor Publication,pymupdf,10,43432,4343,,,,An evaluation of stakeholder engagement in comparative effectiveness research: lessons learned from SWOG S1415CD
RJD9XX6D,validation,Both NCI and NHLBI,pymupdf,10,55804,5580,,,,A multilevel approach for promoting physical activity in rural communities: a cluster randomized controlled trial
T46GFUVP,validation,FinalCollectionFor Publication,pymupdf,7,39186,5598,,,,Breakfast in the Classroom Initiative and Students' Breakfast Consumption Behaviors: A Group Randomized Trial
3H4J4BGD,validation,FinalCollectionFor Publication,pymupdf,10,57219,5722,,,,Effect of Electronic Symptom Monitoring on Patient-Reported Outcomes Among Patients With Metastatic Cancer: A Randomized Clinical Trial
VGG3KIMT,validation,Both NCI and NHLBI,pymupdf,14,65963,4712,,,,"Scaling up a brief alcohol intervention to prevent HIV infection in Vietnam: a cluster randomized, implementation trial"
BCPZNXV7,validation,Both NCI and NHLBI,pymupdf,13,41477,3191,,,,"Eating Occasions, Obesity and Related Behaviors in Working Adults: Does it Matter When You Snack?"
4T3I54L2,validation,FinalCollectionFor Publication,pymupdf,8,48320,6040,,,,"Prostate Cancer Screening With PSA, Kallikrein Panel, and MRI: The ProScreen Randomized Trial"
PJ3LJPS4,validation,FinalCollectionFor Publication,pymupdf,11,60660,5515,,,,A Multilevel Primary Care Intervention to Improve Follow-Up of Overdue Abnormal Cancer Screening Test Results: A Cluster Randomized Clinical Trial
QHUGZ86T,validation,FinalCollectionFor Publication,pymupdf,10,47196,4720,,,,Implementing a Novel Workplace Smoking Cessation Intervention Targeting Hispanic/Latino Construction Workers: A Pilot Cluster Randomized Trial
DDKM5E29,validation,FinalCollectionFor Publication,pymupdf,21,60427,2877,,,,A cluster randomized pilot trial of a tailored worksite smoking cessation intervention targeting Hispanic/Latino construction workers: Intervention development and research design
B3KTU9TU,validation,FinalCollectionFor Publication,pymupdf,12,55644,4637,,,,Mixed-methods approach to evaluate an mHealth intervention to increase adherence to triage of human papillomavirus-positive women who have performed self-collection (the ATICA study): study protocol for a hybrid type I cluster randomized effectiveness-implementation trial
DFJE8ALD,validation,FinalCollectionFor Publication,pymupdf,10,49870,4987,,,,Two-year outcomes of Faith in Action/Fe en Acción: a randomized controlled trial of physical activity promotion in Latinas
HBD3Y6S2,validation,FinalCollectionFor Publication,pymupdf,13,56030,4310,,,,Assessment of Financial Toxicity Among Older Adults With Advanced Cancer
QQRYLPB6,validation,Locked_26_01_08_337,pymupdf,16,77792,4862,,,,Achieving cardiovascular health equity in community mental health: study protocol for a cluster-randomized hybrid Type 3 effectiveness-implementation trial
44SJ3WXZ,validation,Locked_26_01_08_337,pymupdf,13,60757,4674,,,,Designing an implementation science clinical trial to integrate hypertension and cardiovascular diseases care into existing HIV services package in Botswana (InterCARE)
TZF282NC,validation,Locked_26_01_08_337,pymupdf,11,51956,4723,,,,Use of Asthma APGAR Tools in Primary Care Practices: A Cluster-Randomized Controlled Trial
2MCVHA74,validation,Locked_26_01_08_337,pymupdf,13,64821,4986,,,,"Community mobilisation for adoption of clean cookstoves and clean fuel to reduce household air pollution and blood pressure in Lagos, Nigeria: protocol for a cluster-randomised trial"
IKEB2FHD,validation,Locked_26_01_08_337,pymupdf,9,53321,5925,,,,Reducing paediatric overweight and obesity through motivational interviewing: study protocol for a randomised controlled trial in the AAP PROS research network
7UB2532H,validation,Locked_26_01_08_337,pymupdf,9,55243,6138,,,,Protocol paper: Stepped wedge cluster randomized trial translating the ABCS into optimizing cardiovascular care for people living with HIV
KQHQ9KMW,validation,Locked_26_01_08_337,pymupdf,9,49831,5537,,,,Training Models for Implementing Evidence-Based Psychological Treatment: A Cluster-Randomized Trial in College Counseling Centers
MQ5HUF7T,validation,Locked_26_01_08_337,pymupdf,14,59542,4253,,,,Practical Anemia Bundle and Hemoglobin Recovery in Critical Illness: A Randomized Clinical Trial
TVL564PH,validation,Locked_26_01_08_337,pymupdf,9,53391,5932,,,,Keys to healthy family child care homes: Results from a cluster randomized trial
3INBZHKN,validation,Locked_26_01_08_337,pymupdf,7,44626,6375,,,,Recruitment and enrollment of participants in an online diabetes self-management intervention in a virtual environment
RZ7YH2DN,validation,Locked_26_01_08_337,pymupdf,13,56299,4331,,,,Decision Support Intervention and Anticoagulation for Emergency Department Atrial Fibrillation: The O'CAFÉ Stepped-Wedge Cluster Randomized Clinical Trial
HKJXZKTF,validation,Locked_26_01_08_337,pymupdf,11,44741,4067,,,,A Cluster-Randomized Trial of Blood-Pressure Reduction in Black Barbershops
SFJI363E,validation,Locked_26_01_08_337,pymupdf,10,50365,5036,,,,The impact of avocado intake on anthropometric measures among Hispanic/Latino children and adolescents: A cluster randomized controlled trial
NPK22LGL,validation,Locked_26_01_08_337,pymupdf,15,67276,4485,,,,The TELEhealth Shared decision-making COaching and navigation in Primary carE (TELESCOPE) intervention: a study protocol for delivering shared decision-making for lung cancer screening by patient navigators
Y526PL9L,validation,Locked_26_01_08_337,pymupdf,19,93135,4902,,,,"Protocol for a Type 3 hybrid effectiveness-implementation cluster randomized trial to evaluate multi-ethnic, multilevel strategies and community engagement to eliminate hypertension disparities in Los Angeles County"
G78NBYUH,validation,Locked_26_01_08_337,pymupdf,14,71984,5142,,,,Disseminating and implementing a lifestyle-based healthy weight program for mothers in a national organization: a study protocol for a cluster randomized trial
HMVQGBWN,validation,Locked_26_01_08_337,pymupdf,5,21228,4246,,,,Update to the study protocol for an implementation-effectiveness trial comparing two education strategies for improving the uptake of noninvasive ventilation in patients with severe COPD exacerbation
67EE29T7,validation,Locked_26_01_08_337,pymupdf,10,62173,6217,,,,Protocol of a patient randomized clinical trial to improve medication adherence in primary care
VUUKHBPX,validation,Locked_26_01_08_337,pymupdf,9,53812,5979,,,,Assessing the effectiveness and implementation of a chronic disease self-management programme in faith-based organisations in Barbados: protocol for a cluster randomised parallel trial
ML5BF6U5,validation,Locked_26_01_08_337,pymupdf,15,75705,5047,,,,Community intervention to reduce cardiovascular disease in Chicago (CIRCL-Chicago): protocol for a type 3 hybrid effectiveness-implementation study using a parallel cluster-randomized trial design
GZ8L53HZ,validation,Locked_26_01_08_337,pymupdf,10,44948,4495,,,,Patient Safety Outcomes under Flexible and Standard Resident Duty-Hour Rules
XW5VH2RS,validation,Locked_26_01_08_337,pymupdf,16,48207,3013,,,,Solving insomnia electronically: Sleep treatment for asthma (SIESTA): A study protocol for a randomized controlled trial
YHKIB4RS,validation,Locked_26_01_08_337,pymupdf,11,51975,4725,,,,Oxygen-Saturation Targets for Critically Ill Adults Receiving Mechanical Ventilation
9QH3NF2M,validation,Locked_26_01_08_337,pymupdf,16,53125,3320,,,,Comparison of 3 optimized delivery strategies for completion of isoniazid-rifapentine (3HP) for tuberculosis prevention among people living with HIV in Uganda: A single-center randomized trial
8EIXU8CQ,validation,Locked_26_01_08_337,pymupdf,13,62133,4779,,,,"Improvements and Maintenance of Clinical and Functional Measures Among Rural Women: Strong Hearts, Healthy Communities-2. 0 Cluster Randomized Trial"
3UETLCGR,validation,Locked_26_01_08_337,pymupdf,17,71518,4207,,,,Successful implementation of stroke risk screening for sickle cell anemia in the DISPLACE study: results of a cluster randomized trial
B34VFBK3,validation,Locked_26_01_08_337,pymupdf,10,47161,4716,,,,Fixed-dose combination therapy-based protocol compared with free pill combination protocol: Results of a cluster randomized trial
GV6RHLHV,validation,Locked_26_01_08_337,pymupdf,10,56454,5645,,,,Meta Salud Diabetes study protocol: a cluster-randomised trial to reduce cardiovascular risk among a diabetic population of Mexico
VFJZH9TR,validation,Locked_26_01_08_337,pymupdf,9,62997,7000,,,,The design and rationale of a multicenter real-world trial: The Southeastern Collaboration to Improve Blood Pressure Control in the US Black Belt - Addressing the Triple Threat
VXZHWRTC,validation,Locked_26_01_08_337,pymupdf,14,56901,4064,,,,Sitting Time Reduction and Blood Pressure in Older Adults: A Randomized Clinical Trial
ZN4GPW43,validation,Locked_26_01_08_337,pymupdf,11,43603,3964,,,,Meta Salud Diabetes for cardiovascular disease prevention in Mexico: a cluster-randomized behavioural clinical trial
BJM4IT6J,validation,Locked_26_01_08_337,pymupdf,28,77825,2779,,,,"A community-based, multi-level, multi-setting, multi-component intervention to reduce weight gain among low socioeconomic status Latinx children with overweight or obesity: The Stanford GOALS randomised controlled trial"
NBAQH3Y3,validation,Locked_26_01_08_337,pymupdf,22,88035,4002,,,,"Protocol for a cluster randomized clinical trial of a mastery-climate motor skills intervention, Children's Health Activity and Motor Program (CHAMP), on self-regulation in preschoolers"
AT7Y2KKR,validation,Locked_26_01_08_337,pymupdf,8,30475,3809,,,,"Intervention Effects of ""Girls on the Move"" on Increasing Physical Activity: A Group Randomized Trial"
WGQGTBTE,validation,Locked_26_01_08_337,pymupdf,20,103965,5198,,,,Dulce Digital-Me: protocol for a randomized controlled trial of an adaptive mHealth intervention for underserved Hispanics with diabetes
2HLT4Y2J,validation,Locked_26_01_08_337,pymupdf,10,45737,4574,,,,Effectiveness of Long-lasting Insecticide-Impregnated Bed Nets in Controlling Phlebotomus argentipes in Sri Lanka: A Cluster Randomized Controlled Trial
LGEECHQM,validation,Locked_26_01_08_337,pymupdf,25,60076,2403,,,,A mHealth intervention to preserve and promote ideal cardiovascular health in college students: Design and protocol of a cluster randomized controlled trial
FTYU2BLT,validation,Locked_26_01_08_337,pymupdf,23,45079,1960,,,,Results of an asthma education program delivered via telemedicine in rural schools
ZPEDLYBK,validation,Locked_26_01_08_337,pymupdf,13,64989,4999,,,,A pediatric primary care practice-based obesity intervention to support families: a cluster-randomized clinical trial
YR23V33N,validation,Locked_26_01_08_337,pymupdf,13,62897,4838,,,,The Emergency Medical Services Sleep Health Study: A cluster-randomized trial
6FZNPBXP,validation,Locked_26_01_08_337,pymupdf,11,50320,4575,,,,Effectiveness of a School Drinking Water Promotion and Access Program for Overweight Prevention
ZQ2U7SAI,validation,Locked_26_01_08_337,pymupdf,11,56735,5158,,,,Optimization of Inspired Oxygen during Mechanical Ventilation (OPTI-OXYGEN): rationale and design of a pragmatic randomised controlled trial
QJRBBVLY,validation,Locked_26_01_08_337,pymupdf,7,34143,4878,,,,Family-Based Interventions to Promote Weight Management in Adults: Results From a Cluster Randomized Controlled Trial in India
H7N83IW2,validation,Locked_26_01_08_337,pymupdf,11,47691,4336,,,,Evaluating a multicomponent program to improve hypertension control in Guatemala: study protocol for an effectiveness-implementation cluster randomized trial
GYRIVJLS,validation,Locked_26_01_08_337,pymupdf,11,53856,4896,,,,Robotic versus Electromagnetic bronchoscopy for pulmonary LesIon AssessmeNT: the RELIANT pragmatic randomized trial
UPVYYFVQ,validation,Locked_26_01_08_337,pymupdf,39,108489,2782,,,,Effects of Different Allotments of Avocados on the Nutritional Status of Families: A Cluster Randomized Controlled Trial
Y7PRFE3Z,validation,Locked_26_01_08_337,pymupdf,8,51080,6385,,,,"Weight loss maintenance among truck drivers in the SHIFT randomised controlled trial, USA"
4TRC3UDD,validation,Locked_26_01_08_337,pymupdf,20,101915,5096,,,,Improving diabetic patients' adherence to treatment and prevention of cardiovascular disease (Office Guidelines Applied to Practice-IMPACT Study)-a cluster randomized controlled effectiveness trial
XFPCQLGP,validation,Locked_26_01_08_337,pymupdf,17,57974,3410,,,,Health insurance coverage with or without a nurse-led task shifting strategy for hypertension control: A pragmatic cluster randomized trial in Ghana
ME2XJGEW,validation,Locked_26_01_08_337,pymupdf,26,40681,1565,,,,Does prior coronary angioplasty affect outcomes of surgical coronary revascularization? Insights from the STICH trial
2BDG7GVP,validation,Locked_26_01_08_337,pymupdf,17,44081,2593,,,,A Group Randomized Intervention Trial Increases Participation in the School Breakfast Program in 16 Rural High Schools in Minnesota
L3XSIHDW,validation,Locked_26_01_08_337,pymupdf,11,42638,3876,,,,Design and pilot implementation for the BETTER CARE-HF trial: A pragmatic cluster-randomized controlled trial comparing two targeted approaches to ambulatory clinical decision support for cardiologists
PQNBSQLX,validation,Locked_26_01_08_337,pymupdf,14,57185,4085,,,,Cluster-Randomized Trial Comparing Ambulatory Decision Support Tools to Improve Heart Failure Care
NT3UR2AB,validation,Locked_26_01_08_337,pymupdf,14,37480,2677,,,,The Impact of a Healthy Weight Intervention Embedded in a Home-Visiting Program on Children's Weight and Mothers' Feeding Practices
R4ZI2TKH,validation,Locked_26_01_08_337,pymupdf,9,65682,7298,,,,"A cluster-randomized controlled trial of an elementary school drinking water access and promotion intervention: Rationale, study design, and protocol"
GMFGJ3S5,validation,Locked_26_01_08_337,pymupdf,11,50302,4573,,,,The Effect of a Priest-Led Intervention on the Choice and Preference of Soda Beverages: A Cluster-Randomized Controlled Trial in Catholic Parishes
9LX3EYI2,validation,Locked_26_01_08_337,pymupdf,12,56182,4682,,,,Mastery-oriented motor competence intervention improves behavioral but not cognitive self-regulation in head start preschoolers: Randomized controlled trial results
7KTF6M73,validation,Locked_26_01_08_337,pymupdf,12,55130,4594,,,,Implementation of Multifaceted Patient-Centered Treatment Strategies for Intensive Blood Pressure Control (IMPACTS): Rationale and design of a cluster-randomized trial
W95M9S6N,validation,Locked_26_01_08_337,pymupdf,13,58662,4512,,,,Strengthening Referral Networks for Management of Hypertension Across the Health System (STRENGTHS) in western Kenya: a study protocol of a cluster randomized trial
PQVNQR33,validation,Locked_26_01_08_337,pymupdf,23,52299,2274,,,,Addressing Pediatric Asthma Disparities through RI-AIR's Community Approach: A Randomized Trial
28SJBT73,validation,Locked_26_01_08_337,pymupdf,15,85968,5731,,,,Using implementation mapping to optimize the impact of Universal School meals: a type III hybrid implementation-effectiveness study protocol
T3W2WZCX,validation,Locked_26_01_08_337,pymupdf,14,75034,5360,,,,Social Mobile Approaches to Reducing Weight (SMART) 2.0: protocol of a randomized controlled trial among young adults in university settings
6PNE2R2W,validation,Locked_26_01_08_337,pymupdf,14,70612,5044,,,,Impact of the CAPTURE Chronic Obstructive Pulmonary Disease Screening Tool in U.S. Primary Care: A Cluster-Randomized Trial
DCYTWR4N,validation,Locked_26_01_08_337,pymupdf,8,33338,4167,,,,Impact of Clinical Decision Support on Antibiotic Prescribing for Acute Respiratory Infections: a Cluster Randomized Implementation Trial
GKVUXT8J,validation,Locked_26_01_08_337,pymupdf,13,70337,5411,,,,Implementation of Coach McLungsSM into primary care using a cluster randomized stepped wedge trial design
S47B3QEJ,validation,Locked_26_01_08_337,pymupdf,13,61716,4747,,,,"Implementation strategies to integrate HIV and hypertension care in Kampala and Wakiso districts, Uganda: study protocol for a stepped wedge cluster randomized trial (PULESA-Uganda)"
52L6RCJY,validation,Locked_26_01_08_337,pymupdf,13,66503,5116,,,,Implementing remote patient monitoring to improve hypertension control in a primary care network: Rationale and design of the monitor-BP Cluster Randomized Trial
FDVX9XTR,validation,Locked_26_01_08_337,pymupdf,11,40974,3725,,,,System Level Informatics to Improve Triage Practices for Sickle Cell Disease Vaso-Occlusive Crisis: A Cluster Randomized Controlled Trial
ER2TALDD,validation,Locked_26_01_08_337,pymupdf,12,67220,5602,,,,Protocol for a randomised trial of an interprofessional team-delivered intervention to support surrogate decision-makers in ICUs
KDH4XJIC,validation,Locked_26_01_08_337,pymupdf,8,37837,4730,,,,"Financial incentives versus standard of care to improve patient compliance with live kidney donor follow-up: protocol for a multi-center, parallel-group randomized controlled trial"
Y9EY4XQ8,validation,Locked_26_01_08_337,pymupdf,10,48788,4879,,,,"Reducing ethnic and racial disparities by improving undertreatment, control, and engagement in blood pressure management with health information technology (REDUCE-BP) hybrid effectiveness-implementation pragmatic trial: Rationale and design"
ZS5WVT7S,validation,Locked_26_01_08_337,pymupdf,7,39897,5700,,,,Prospective Assessment of the Feasibility of a Trial of Low-Tidal Volume Ventilation for Patients with Acute Respiratory Failure
MWYKAIL4,validation,Locked_26_01_08_337,pymupdf,16,71121,4445,,,,"Impact of a School-Based Gardening, Cooking, Nutrition Intervention on Diet Intake and Quality: The TX Sprouts Randomized Controlled Trial"
4NGYJQ62,validation,Locked_26_01_08_337,pymupdf,8,36216,4527,,,,Optimizing Huddle Engagement Through Leadership and Problem Solving Within Primary Care: Results from a Cluster-Randomized Trial
EZW26HK2,validation,Locked_26_01_08_337,pymupdf,11,45349,4123,,,,A Multifaceted Implementation Strategy to Increase Out-of-Office Blood Pressure Monitoring: The EMBRACE Cluster Randomized Clinical Trial
NQ4Y7FIA,validation,Locked_26_01_08_337,pymupdf,38,113178,2978,,,,Caring for the elderly at work and home: Can a randomized organizational intervention improve psychological health?
XEIAGV9H,validation,Locked_26_01_08_337,pymupdf,10,57171,5717,,,,Effectiveness of the Family Heart Talk Communication Tool in Improving Family Member Screening for Dilated Cardiomyopathy: Results of a Randomized Trial
8QKAXQVW,validation,Locked_26_01_08_337,pymupdf,18,38270,2126,,,,Evaluation of an Electronic Clinical Decision Support Tool for Incident Elevated BP in Adolescents
3XPH2HI6,validation,Locked_26_01_08_337,pymupdf,9,42409,4712,,,,Cluster randomized controlled trial of a multilevel physical activity intervention for older adults
25GIEATL,validation,Locked_26_01_08_337,pymupdf,7,53800,7686,,,,Dissemination of a telehealth cardiovascular risk service: The CVRS live protocol
L8CPLJYW,validation,Locked_26_01_08_337,pymupdf,8,56303,7038,,,,A study protocol to engage religious leaders to reduce blood pressure in Tanzanian communities: A cluster randomized trial
KSSYVX7X,validation,Locked_26_01_08_337,pymupdf,10,52268,5227,,,,A community-based dynamic choice model for HIV prevention improves PrEP and PEP coverage in rural Uganda and Kenya: a cluster randomized trial
YJDJH8TY,validation,Locked_26_01_08_337,pymupdf,11,52468,4770,,,,Cardiovascular risk factor reduction by community health workers in rural India: A cluster randomized trial
VMHXT33Z,validation,Locked_26_01_08_337,pymupdf,11,57782,5253,,,,Randomized evaluation of decision support interventions for atrial fibrillation: Rationale and design of the RED-AF study
LIJH82T5,validation,Locked_26_01_08_337,pymupdf,13,66206,5093,,,,A cluster randomised trial of cookstove interventions to improve infant health in Ghana
M8CXW6PU,validation,Locked_26_01_08_337,pymupdf,12,61329,5111,,,,Clinical and economic effectiveness of a pharmacy and primary care collaborative transition of care program
65U9AYL7,validation,Locked_26_01_08_337,pymupdf,12,67665,5639,,,,Effect of Physiologic Point-of-Care Cardiopulmonary Resuscitation Training on Survival With Favorable Neurologic Outcome in Cardiac Arrest in Pediatric ICUs: A Randomized Clinical Trial
D29P9RKT,validation,Locked_26_01_08_337,pymupdf,12,67754,5646,,,,Effect of a Quality Improvement Intervention on Clinical Outcomes in Patients in India With Acute Myocardial Infarction: The ACS QUIK Randomized Clinical Trial
XEKC6EFN,validation,Locked_26_01_08_337,pymupdf,12,64278,5356,,,,Reversing the Cardiac Effects of Sedentary Aging in Middle Age-A Randomized Controlled Trial: Implications For Heart Failure Prevention
DZSYHDZB,validation,Locked_26_01_08_337,pymupdf,11,49774,4525,,,,The impact of 2 years of high-intensity exercise training on a model of integrated cardiovascular regulation
NVVGHG2W,validation,Locked_26_01_08_337,pymupdf,10,41605,4160,,,,Monitoring Study Participants and Implementation with Phone Calls to Support Hypertension Control During the COVID-19 Pandemic: The Case of a Multicomponent Intervention Trial in Guatemala
R2P2KPRE,validation,Locked_26_01_08_337,pymupdf,10,53911,5391,,,,Best Case/Worst Case: protocol for a multisite randomised clinical trial of a scenario planning intervention for patients with kidney failure
MPJA6L2H,validation,Locked_26_01_08_337,pymupdf,7,34901,4986,,,,Breakfast Is Brain Food? The Effect on Grade Point Average of a Rural Group Randomized Program to Promote School Breakfast
WUNIU4CC,validation,Locked_26_01_08_337,pymupdf,9,41821,4647,,,,Household- Versus Incentive-Based Contact Investigation for Tuberculosis in Rural South Africa: A Cluster-Randomized Trial
BW2B5H9P,validation,Locked_26_01_08_337,pymupdf,8,40164,5020,,,,Design of the Equity in Prevention and Progression of Hypertension by Addressing Barriers to Nutrition and Physical Activity Study: A Cluster Randomized Trial
7M6ST2JQ,validation,Locked_26_01_08_337,pymupdf,14,51879,3706,,,,Effect of the School-Based Asthma Care for Teens (SB-ACT) program on asthma morbidity: a 3-arm randomized controlled trial
9J2SL67D,validation,Locked_26_01_08_337,pymupdf,14,65795,4700,,,,Conquering hypertension in Vietnam-solutions at grassroots level: study protocol of a cluster randomized controlled trial
BBQSQ5GY,validation,Locked_26_01_08_337,pymupdf,9,60564,6729,,,,Using virtual agents to increase physical activity in young children with the virtual fitness buddy ecosystem: Study protocol for a cluster randomized trial
QUEFXEQY,validation,Locked_26_01_08_337,pymupdf,16,76065,4754,,,,"Implementation of coordinated spontaneous awakening and breathing trials using telehealth-enabled, real-time audit and feedback for clinician adherence (TEACH): a type II hybrid effectiveness-implementation cluster-randomized trial"
GK558E5R,validation,Locked_26_01_08_337,pymupdf,22,82172,3735,,,,Influence of hydrometeorological risk factors on child diarrhea and enteropathogens in rural Bangladesh
5VWZPNEQ,validation,Locked_26_01_08_337,pymupdf,33,90307,2737,,,,"Putting patients at the center of kidney care transitions: PREPARE NOW, a cluster randomized controlled trial"
L2VHUDMD,validation,Locked_26_01_08_337,pymupdf,9,42678,4742,,,,Visit Planning Using a Waiting Room Health IT Tool: The Aligning Patients and Providers Randomized Controlled Trial
3B8K39D8,validation,Locked_26_01_08_337,pymupdf,15,63428,4229,,,,Effect of Clinical Decision Support at Community Health Centers on the Risk of Cardiovascular Disease: A Cluster Randomized Clinical Trial
LU33978L,validation,Locked_26_01_08_337,pymupdf,11,54250,4932,,,,Improving Communication in Heart Failure Patient Care
4QHFZPVG,validation,Locked_26_01_08_337,pymupdf,14,65743,4696,,,,Systems analysis and improvement approach to optimize the hypertension diagnosis and care cascade for PLHIV individuals (SAIA-HTN): a hybrid type III cluster randomized trial
KMKSIU5U,validation,Locked_26_01_08_337,pymupdf,35,56321,1609,,,,School-supervised use of a once-daily inhaled corticosteroid regimen: A cluster randomized trial
QURVUDB5,validation,Locked_26_01_08_337,pymupdf,18,91217,5068,,,,A multi-component tailored intervention in family childcare homes improves diet quality and sedentary behavior of preschool children compared to an attention control: results from the Healthy Start-Comienzos Sanos cluster randomized trial
EI9D54I4,validation,Locked_26_01_08_337,pymupdf,15,78282,5219,,,,"Awareness with paralysis and symptoms of post-traumatic stress disorder among mechanically ventilated emergency department survivors (ED-AWARENESS-2 Trial): study protocol for a pragmatic, multicenter, stepped wedge cluster randomized trial"
Z6WDVTKT,validation,Locked_26_01_08_337,pymupdf,12,57987,4832,,,,Assessment of implementation methods in sepsis: study protocol for a cluster-randomized hybrid type 2 trial
IDKFPWGH,validation,Locked_26_01_08_337,pymupdf,11,51806,4710,,,,A Cluster Randomized Trial of a Community-Based Intervention Among African-American Adults: Effects on Dietary and Physical Activity Outcomes
6ZV568P4,validation,Locked_26_01_08_337,pymupdf,10,57526,5753,,,,Evidence-Based Policy Making for Public Health Interventions in Cardiovascular Diseases: Formally Assessing the Feasibility of Clinical Trials
W2VQEXEG,validation,Locked_26_01_08_337,pymupdf,34,97578,2870,,,,"Medical assistant health coaching (""MAC"") for type 2 diabetes in diverse primary care settings: A pragmatic, cluster-randomized controlled trial protocol"
4B9BMDV7,validation,Locked_26_01_08_337,pymupdf,13,51157,3935,,,,Effectiveness of a Digital Cognitive Behavior Therapy-Guided Self-Help Intervention for Eating Disorders in College Women: A Cluster Randomized Clinical Trial
8H9BUEWH,validation,Locked_26_01_08_337,pymupdf,8,40075,5009,,,,Blood Pressure Visit Intensification in Treatment (BP-Visit) Findings: a Pragmatic Stepped Wedge Cluster Randomized Trial
3ETDUWRH,validation,Locked_26_01_08_337,pymupdf,8,40894,5112,,,,"Simultaneously implementing pathways for improving asthma, pneumonia, and bronchiolitis care for hospitalized children: Protocol for a hybrid effectiveness-implementation, cluster-randomized trial"
IRIMYPZ3,validation,Locked_26_01_08_337,pymupdf,7,46969,6710,,,,Team-based home blood pressure monitoring for blood pressure equity a protocol for a stepped wedge cluster randomized trial
AUCUKPB9,validation,Locked_26_01_08_337,pymupdf,8,41969,5246,,,,Barbershop Management of Hypertension in the African American Population: Pitfalls and Opportunities for Extension to Other Underserved Communities
7NYXSVAI,validation,Locked_26_01_08_337,pymupdf,9,48590,5399,,,,Effect of targeting normoxemia on supplemental oxygen-free days for adults with acute thermal burns: A stepped wedge cluster randomized clinical trial
ZR3LJXGK,validation,Locked_26_01_08_337,pymupdf,11,80963,7360,,,,"Implementing a prediabetes clinical decision support system in a large primary care system: Design, methods, and pre-implementation results"
4NV8FP3G,validation,Locked_26_01_08_337,pymupdf,26,68601,2638,,,,"Design and participant characteristics of TX sprouts: A school-based cluster randomized gardening, nutrition, and cooking intervention"
D25VKDJV,validation,Locked_26_01_08_337,pymupdf,14,69839,4988,,,,"School-based gardening, cooking and nutrition intervention increased vegetable intake but did not reduce BMI: Texas sprouts - a cluster randomized controlled trial"
74ARW7SL,validation,Locked_26_01_08_337,pymupdf,10,53476,5348,,,,Methods in the design and implementation of the Randomized Evaluation of Sedation Titration for Respiratory Failure (RESTORE) clinical trial
CKWBYHEN,validation,Locked_26_01_08_337,pymupdf,34,74357,2187,,,,"Change in GPS-assessed walking locations following a cluster-randomized controlled physical activity trial in older adults, results from the MIPARC trial"
SAT93UFL,validation,Locked_26_01_08_337,pymupdf,15,72957,4864,,,,Health effects and cost-effectiveness of a multilevel physical activity intervention in low-income older adults; results from the PEP4PA cluster randomized controlled trial
TEXLFQSL,validation,Locked_26_01_08_337,pymupdf,17,63992,3764,,,,Mobile Application-Based Communication Facilitation Platform for Family Members of Critically Ill Patients: A Randomized Clinical Trial
FUCS56UM,validation,Locked_26_01_08_337,pymupdf,11,60839,5531,,,,Mobile App-Facilitated Collaborative Palliative Care Intervention for Critically Ill Older Adults: A Randomized Clinical Trial
QMLU4TM8,validation,Locked_26_01_08_337,pymupdf,11,66154,6014,,,,Prognosticating Outcomes and Nudging Decisions with Electronic Records in the Intensive Care Unit Trial Protocol
84YU8UCD,validation,Locked_26_01_08_337,pymupdf,13,65279,5021,,,,Equitable Care for Hypertension: Blood Pressure and Patient-Reported Outcomes of the RICH LIFE Cluster Randomized Trial
DJYB2MPK,validation,Locked_26_01_08_337,pymupdf,12,57035,4753,,,,Design and rationale of the cardiometabolic health program linked with community health workers and mobile health telemonitoring to reduce health disparities (LINKED-HEARTS) program
5PV3ES8S,validation,Locked_26_01_08_337,pymupdf,13,54061,4159,,,,Efficacy of Community-Based Exercise Therapy Among African American Patients With Peripheral Artery Disease: A Randomized Clinical Trial
TT7PIVLD,validation,Locked_26_01_08_337,pymupdf,24,82997,3458,,,,Point-of-care C-reactive protein measurement by community health workers safely reduces antimicrobial use among children with respiratory illness in rural Uganda: A stepped wedge cluster randomized trial
AKJ8USST,validation,Locked_26_01_08_337,pymupdf,14,51774,3698,,,,"Novel community health worker strategy for HIV service engagement in a hyperendemic community in Rakai, Uganda: A pragmatic, cluster-randomized trial"
XHFTHUCG,validation,Locked_26_01_08_337,pymupdf,10,48201,4820,,,,Multicomponent Strategy with Decentralized Molecular Testing for Tuberculosis
FEHWGZSQ,validation,Locked_26_01_08_337,pymupdf,19,73304,3858,,,,"Evaluation of an adapted version of the Diabetes Prevention Program for low- and middle-income countries: A cluster randomized trial to evaluate ""Lifestyle Africa"" in South Africa"
UHEKLJLC,validation,Locked_26_01_08_337,pymupdf,11,61789,5617,,,,A Cluster-Randomized Evaluation of the SuperShelf Intervention in Choice-Based Food Pantries
4IBT3NAD,validation,Locked_26_01_08_337,pymupdf,10,53556,5356,,,,Cluster-Randomized Trial to Evaluate a Centralized Clinical Pharmacy Service in Private Family Medicine Offices
K4DMDMSQ,validation,Locked_26_01_08_337,pymupdf,18,76308,4239,,,,The Effect of an mHealth Self-Monitoring Intervention (MI-BP) on Blood Pressure Among Black Individuals With Uncontrolled Hypertension: Randomized Controlled Trial
IPR6QU8P,validation,Locked_26_01_08_337,pymupdf,10,55690,5569,,,,Community Health Workers Linking Clinics and Schools and Asthma Control: A Randomized Clinical Trial
Z2W7K5DA,validation,Locked_26_01_08_337,pymupdf,8,45281,5660,,,,A Randomized Controlled Trial of Heart Failure Disease Management in Skilled Nursing Facilities
E5W8I8AR,validation,Locked_26_01_08_337,pymupdf,22,61146,2779,,,,Can a private sector engagement intervention that prioritizes pro-poor strategies improve healthcare access and quality? A randomized field experiment in Kenya
GJGVIKMM,validation,Locked_26_01_08_337,pymupdf,9,60079,6675,,,,Intervening on fear after acute cardiac events: Rationale and design of the INFORM randomized clinical trial
3JVAWNIE,validation,Locked_26_01_08_337,pymupdf,13,64813,4986,,,,Effect of salt substitution on community-wide blood pressure and hypertension incidence
8RFFGGMQ,validation,Locked_26_01_08_337,pymupdf,10,49720,4972,,,,"Employee Cardiometabolic Risk Following a Cluster-Randomized Workplace Intervention From the Work, Family and Health Network, 2009-2013"
55D8SN85,validation,Locked_26_01_08_337,pymupdf,13,52018,4001,,,,Effect of Patient Financial Incentives on Statin Adherence and Lipid Control: A Randomized Clinical Trial
TGSIADX6,validation,Locked_26_01_08_337,pymupdf,10,47354,4735,,,,Design and rationale of a pragmatic trial integrating routine screening for atrial fibrillation at primary care visits: The VITAL-AF trial
VAKS8AI7,validation,Locked_26_01_08_337,pymupdf,18,50052,2781,,,,Pharmacist Intervention for Blood Pressure Control in Patients with Diabetes and/or Chronic Kidney Disease
MQF2Y5AM,validation,Locked_26_01_08_337,pymupdf,12,67683,5640,,,,"Behavioural 'nudging' interventions to reduce low-value care for low back pain in the emergency department (NUDG-ED): protocol for a 2×2 factorial, before-after, cluster randomised trial"
GN4JGZR9,validation,Locked_26_01_08_337,pymupdf,13,66963,5151,,,,Integration of a task strengthening strategy for hypertension management into HIV care in Nigeria: a cluster randomized controlled trial study protocol
J72RMLRJ,validation,Locked_26_01_08_337,pymupdf,12,60072,5006,,,,Study design and protocol of a stepped wedge cluster randomized trial using a practical implementation strategy as a model for hypertension-HIV integration - the MAP-IT trial
4GUDDLNQ,validation,Locked_26_01_08_337,pymupdf,16,75461,4716,,,,A cluster randomized factorial trial of school-lunch salad bars and marketing on elementary students' objectively measured fruit and vegetable consumption
D24FD6G2,validation,Locked_26_01_08_337,pymupdf,10,50885,5088,,,,"Automated symptom and treatment side effect monitoring for improved quality of life among adults with diabetic peripheral neuropathy in primary care: a pragmatic, cluster, randomized, controlled trial"
VG2ZZL79,validation,Locked_26_01_08_337,pymupdf,34,63702,1874,,,,"Hydroxyurea for primary stroke prevention in children with sickle cell anaemia in Nigeria (SPRING): a double-blind, multicentre, randomised, phase 3 trial"
MTLFVN94,validation,Locked_26_01_08_337,pymupdf,9,53920,5991,,,,Managing high cardiovascular disease risk among adults in Argentina using a multicomponent strategy linking key aspects of care: A two-arm cluster-randomized clinical trial (PRIMECare) protocol
QEHREYLH,validation,Locked_26_01_08_337,pymupdf,17,42830,2519,,,,Sodium Bicarbonate Use During Pediatric Cardiopulmonary Resuscitation: A Secondary Analysis of the ICU-RESUScitation Project Trial
98PU32ET,validation,Locked_26_01_08_337,pymupdf,17,80092,4711,,,,Leveraging baseline covariates to analyze small cluster-randomized trials with a rare binary outcome
8UI7B8NY,validation,Locked_26_01_08_337,pymupdf,6,33348,5558,,,,Disease Management in Skilled Nursing Facilities Improves Outcomes for Patients With a Primary Diagnosis of Heart Failure
SZ3FBTVJ,validation,Locked_26_01_08_337,pymupdf,11,52715,4792,,,,Long-Term Outcomes after Protocolized Sedation versus Usual Care in Ventilated Pediatric Patients
2QQAF298,validation,Locked_26_01_08_337,pymupdf,26,75764,2914,,,,"Workplace health and safety intervention for child care staff: Rationale, design, and baseline results from the CARE cluster randomized control trial"
8NC76BQP,validation,Locked_26_01_08_337,pymupdf,8,45086,5636,,,,Effect of Hospitalizations on Physical Activity Patterns in Mobility-Limited Older Adults
34PR6YXH,validation,Locked_26_01_08_337,pymupdf,18,80311,4462,,,,A mixed model approach to estimate the survivor average causal effect in cluster-randomized trials
K5PURRCS,validation,Locked_26_01_08_337,pymupdf,8,33717,4215,,,,A comparative study of R functions for clustered data analysis
GJ9ZU4N5,validation,Locked_26_01_08_337,pymupdf,18,96012,5334,,,,Predicting physical activity among urban adolescent girls: A test of the health promotion model
E2MNEMB8,validation,Locked_26_01_08_337,pymupdf,10,48632,4863,,,,Sustainability of Blood Pressure Reduction in Black Barbershops
CWWSSM8V,validation,Locked_26_01_08_337,pymupdf,10,43831,4383,,,,Community Health Workers Improve Linkage to Hypertension Care in Western Kenya
TT59I4HB,validation,Locked_26_01_08_337,pymupdf,12,49877,4156,,,,Group Medical Visit and Microfinance Intervention for Patients With Diabetes or Hypertension in Kenya
BNPVWAIY,validation,Locked_26_01_08_337,pymupdf,15,77245,5150,,,,The impact of basic vs. enhanced Go NAPSACC on child care centers' healthy eating and physical activity practices: protocol for a type 3 hybrid effectiveness-implementation cluster-randomized trial
J2XGTHGE,validation,Locked_26_01_08_337,pymupdf,10,49080,4908,,,,"Evaluating a child care-based social marketing approach for improving children's diet and physical activity: results from the Healthy Me, Healthy We cluster-randomized controlled trial"
V4KK3YW4,validation,Locked_26_01_08_337,pymupdf,13,72678,5591,,,,"Using a social marketing approach to develop Healthy Me, Healthy We: a nutrition and physical activity intervention in early care and education"
UVKTJIEB,validation,Locked_26_01_08_337,pymupdf,20,53265,2663,,,,Dietary Psychosocial Mediators of Vegetable Intake in Schoolchildren From Low-Income and Racial and Ethnic Minority US Families: Findings From the Texas Sprouts Intervention
6QNQDH2P,validation,Locked_26_01_08_337,pymupdf,18,95691,5316,,,,Early Emotion Knowledge and Later Academic Achievement Among Children of Color in Historically Disinvested Neighborhoods
9MM6Z5CZ,validation,Locked_26_01_08_337,pymupdf,15,61585,4106,,,,A Pilot Pragmatic Cluster Randomized Trial of School-Supervised Therapy to Improve Pediatric Asthma Control
8MGIPU3P,validation,Locked_26_01_08_337,pymupdf,5,24978,4996,,,,Incorporating systems-level stakeholder perspectives into the clinical trial design of school-supervised asthma therapy
VGZFSIYN,validation,Locked_26_01_08_337,pymupdf,6,25981,4330,,,,Impact of COVID-19 on childhood obesity: Data from a paediatric weight management trial
LRDYLR4Y,validation,Locked_26_01_08_337,pymupdf,12,62623,5219,,,,Modifying the Environment and Policy Assessment and Observation (EPAO) to better capture feeding practices of family childcare home providers
BDSYFVYJ,validation,Locked_26_01_08_337,pymupdf,16,45000,2812,,,,Nutritional Quality of Meals and Snacks Served and Consumed in Family Child Care
6UICIGP2,validation,Locked_26_01_08_337,pymupdf,14,65688,4692,,,,Accounting for expected attrition in the planning of cluster randomized trials for assessing treatment effect heterogeneity
C9R7RUUN,validation,Locked_26_01_08_337,pymupdf,10,43798,4380,,,,Hierarchical Bayesian modeling of heterogeneous outcome variance in cluster randomized trials
PVIMTUBL,validation,Locked_26_01_08_337,pymupdf,12,52078,4340,,,,A Bayesian Approach for Estimating the Survivor Average Causal Effect When Outcomes Are Truncated by Death in Cluster-Randomized Trials
ZFMGD92P,validation,Locked_26_01_08_337,pymupdf,8,35882,4485,,,,"A qualitative evaluation of a simplified cardiovascular management program in Tibet, China"
D7BLIJDT,validation,Locked_26_01_08_337,pymupdf,11,50638,4603,,,,Multicomponent strategy with decentralised molecular testing for tuberculosis in Uganda: a cost and cost-effectiveness analysis
YAIMEWET,validation,Locked_26_01_08_337,pymupdf,11,53854,4896,,,,Network characteristics of a referral system for patients with hypertension in Western Kenya: results from the Strengthening Referral Networks for Management of Hypertension Across the Health System (STRENGTHS) study
K8TKE6RJ,validation,Locked_26_01_08_337,pymupdf,12,48186,4016,,,,"Longitudinal Changes in Allostatic Load during a Randomized Church-based, Lifestyle Intervention in African American Women"
H9URCYAK,validation,Locked_26_01_08_337,pymupdf,20,57965,2898,,,,Reducing cardiovascular risk among people living with HIV: Rationale and design of the INcreasing Statin Prescribing in HIV Behavioral Economics REsearch (INSPIRE) randomized controlled trial
KNXWXYX2,validation,Locked_26_01_08_337,pymupdf,12,61512,5126,,,,A successful intervention to improve medication adherence in Black patients with hypertension: Mediation analysis of 28-site TEAM trial
5CPW9STM,validation,Locked_26_01_08_337,pymupdf,12,47880,3990,,,,"Successful Trial of Practice Facilitation for Plan, Do, Study, Act Quality Improvement"
6IYYT6CC,validation,Locked_26_01_08_337,pymupdf,9,44744,4972,,,,Four-Year Accelerometry Outcomes from a Cluster Randomized Whole of Systems Trial of Prevention Strategies for Childhood Obesity
YFHGVNZN,validation,Locked_26_01_08_337,pymupdf,16,75201,4700,,,,Implementation and acceptability of a heart attack quality improvement intervention in India: a mixed methods analysis of the ACS QUIK trial
TY62B2MZ,validation,Locked_26_01_08_337,pymupdf,11,60351,5486,,,,Development of the individualised Comparative Effectiveness of Models Optimizing Patient Safety and Resident Education (iCOMPARE) trial: a protocol summary of a national cluster-randomised trial of resident duty hour policies in internal medicine
WK6HCXYF,validation,Locked_26_01_08_337,pymupdf,11,53671,4879,,,,Identifying a Heterogeneous Effect of Atrial Fibrillation Screening in Older Adults: A Secondary Analysis of the VITAL-AF Trial
NESLQUNP,validation,Locked_26_01_08_337,pymupdf,11,50748,4613,,,,Balanced Crystalloids versus Saline in Critically Ill Adults
KESZW83P,validation,Locked_26_01_08_337,pymupdf,17,46580,2740,,,,Balanced Crystalloids versus Saline in Critically Ill Adults
U9LEIXXF,validation,Locked_26_01_08_337,pymupdf,13,54895,4223,,,,Clinical Effects of Balanced Crystalloids vs Saline in Adults With Diabetic Ketoacidosis: A Subgroup Analysis of Cluster Randomized Clinical Trials
Q6PZ52E8,validation,Locked_26_01_08_337,pymupdf,14,54049,3861,,,,Early Neuromuscular Blockade in Moderate-to-Severe Pediatric Acute Respiratory Distress Syndrome
GLTX296E,validation,Locked_26_01_08_337,pymupdf,8,40532,5066,,,,Nutritional quality of foods according to the Nova food classification system after a behavioral economics intervention in food pantries
LD7CNGD5,validation,Locked_26_01_08_337,pymupdf,17,47642,2802,,,,"Mediators of Physical Activity Behavior Change in the ""Girls on the Move"" Intervention"
KG4JI677,validation,Locked_26_01_08_337,pymupdf,8,47650,5956,,,,Moderators in a physical activity intervention for adolescent girls
EKAEST6G,validation,Locked_26_01_08_337,pymupdf,5,19348,3870,,,,Attending After-School Physical Activity Club 2 Days a Week Attenuated an Increase in Percentage Body Fat and a Decrease in Fitness Among Adolescent Girls at Risk for Obesity
5XNKT7KH,validation,Locked_26_01_08_337,pymupdf,20,112481,5624,,,,"Improving nutrition and physical activity environments of family child care homes: the rationale, design and study protocol of the 'Healthy Start/Comienzos Sanos' cluster randomized trial"
FI4T6J44,validation,Locked_26_01_08_337,pymupdf,15,42178,2812,,,,Cost-effectiveness of a faith-based lifestyle intervention for diabetes prevention among African Americans: A within-trial analysis
YKCJ78UM,validation,Locked_26_01_08_337,pymupdf,11,51702,4700,,,,Study protocol: a cluster randomized trial to evaluate the effectiveness and implementation of onsite GeneXpert testing at community health centers in Uganda (XPEL-TB)
Q5KYTZM8,validation,Locked_26_01_08_337,pymupdf,11,43643,3968,,,,"Heterogeneity in Health Outcomes in the Strong Hearts, Healthy Communities-2.0 Multilevel Intervention in a Community-Randomized Trial: An Exploratory Study of Moderators"
S6JAD5PD,validation,Locked_26_01_08_337,pymupdf,4,14667,3667,,,,Is C-reactive protein sufficient to guide antimicrobial therapy for lower respiratory tract infections among children? Results from a stepped-wedge cluster randomized trial in Uganda
XVICZIA8,validation,Locked_26_01_08_337,pymupdf,11,54138,4922,,,,Cost-effectiveness of train-the-trainer versus expert consultation training models for implementing interpersonal psychotherapy in college mental health settings: evidence from a national cluster randomized trial
EIE8ET3D,validation,Locked_26_01_08_337,pymupdf,6,25627,4271,,,,School Poverty Level Moderates the Effectiveness of a Physical Activity Intervention
8R8U6VMX,validation,Locked_26_01_08_337,pymupdf,11,44632,4057,,,,Cluster Randomized Trial for Hypertension Control: Effect on Lifestyles and Body Weight
S42UTYP4,validation,Locked_26_01_08_337,pymupdf,16,71322,4458,,,,Human-centered implementation research: a new approach to develop and evaluate implementation strategies for strengthening referral networks for hypertension in western Kenya
C37DMGX6,validation,Locked_26_01_08_337,pymupdf,8,48195,6024,,,,Effects of the Girls on the Move randomized trial on adiposity and aerobic performance (secondary outcomes) in low-income adolescent girls
MMJBXYNB,validation,Locked_26_01_08_337,pymupdf,18,65688,3649,,,,Water First School Water Promotion and Access Intervention: A Cost Analysis Study
8JZS4D8F,validation,Locked_26_01_08_337,pymupdf,12,97345,8112,,,,Supporting families of children with overweight and obesity to live healthy lifestyles: Design and rationale for the Fitline cluster randomized controlled pediatric practice-based trial
5B6YAKGZ,validation,Locked_26_01_08_337,pymupdf,19,72139,3797,,,,Changes in Biomarkers of Non-Alcoholic Fatty Liver Disease (NAFLD) upon Access to Avocados in Hispanic/Latino Adults: Secondary Data Analysis of a Cluster Randomized Controlled Trial
PT2PSKAP,validation,Locked_26_01_08_337,pymupdf,22,116602,5300,,,,Power and Sample Size Calculations for Cluster Randomized Hybrid Type 2 Effectiveness-Implementation Studies
DEN3TJZ5,validation,Locked_26_01_08_337,pymupdf,14,51011,3644,,,,A Virtual Cardiometabolic Health Program Among African Immigrants in the US: A Pilot Cluster-Randomized Clinical Trial
W8PNS3ZQ,validation,Locked_26_01_08_337,pymupdf,13,56616,4355,,,,Early bolus epinephrine administration during pediatric cardiopulmonary resuscitation for bradycardia with poor perfusion: an ICU-resuscitation study
Q2S96SJ9,validation,Locked_26_01_08_337,pymupdf,5,29342,5868,,,,Strategies to improve the recruitment and retention of underserved children and families in clinical trials: A case example of a school-supervised asthma therapy pilot
PKIN6R35,validation,Locked_26_01_08_337,pymupdf,10,51534,5153,,,,Association of Race and Ethnicity with Sedation Management in Pediatric Intensive Care
TZ8BIHD2,validation,Locked_26_01_08_337,pymupdf,11,39455,3587,,,,Temporal Trends in End-Tidal Capnography and Outcomes in Out-of-Hospital Cardiac Arrest: A Secondary Analysis of a Randomized Clinical Trial
KCV63L9X,validation,Locked_26_01_08_337,pymupdf,10,42170,4217,,,,Impact of Visit Volume on the Effectiveness of Electronic Tools to Improve Heart Failure Care
ZBPWT8RC,validation,Locked_26_01_08_337,pymupdf,12,48383,4032,,,,The Temporal Association of the COVID-19 Pandemic and Pediatric Cardiopulmonary Resuscitation Quality and Outcomes
VZQD5RZ8,validation,Locked_26_01_08_337,pymupdf,11,58960,5360,,,,Disease and Race-Based Differences in Inpatient Palliative Care Consultation in Cancer and Noncancer Serious Illnesses
6CEJB5CI,validation,Locked_26_01_08_337,pymupdf,13,58131,4472,,,,"Microeconomic Costs, Insurance, and Catastrophic Health Spending Among Patients With Acute Myocardial Infarction in India: Substudy of a Randomized Clinical Trial"
UBM2R4MP,validation,Locked_26_01_08_337,pymupdf,18,48458,2692,,,,Patient-Reported Receipt of Goal-Concordant Care Among Seriously Ill Outpatients-Prevalence and Associated Factors
MZ3T9PWI,validation,Locked_26_01_08_337,pymupdf,18,42851,2381,,,,Seriously Ill Patients' Prioritized Goals and Their Clinicians' Perceptions of Those Goals
TB7DEJ83,validation,Locked_26_01_08_337,pymupdf,12,50180,4182,,,,Toward Understanding the Relationship Between Prioritized Values and Preferences for Cardiopulmonary Resuscitation Among Seriously Ill Adults
UIB8ZYW3,validation,Locked_26_01_08_337,pymupdf,16,47768,2986,,,,"Did a Goals-of-Care Discussion Happen? Differences in the Occurrence of Goals-of-Care Discussions as Reported by Patients, Clinicians, and in the Electronic Health Record"
5Y4N2K9P,validation,Locked_26_01_08_337,pymupdf,17,61914,3642,,,,An optimal Wilcoxon-Mann-Whitney test of mortality and a continuous outcome
88XZGAZQ,validation,Locked_26_01_08_337,pymupdf,13,49374,3798,,,,Decision Aid Implementation among Left Ventricular Assist Device Programs Participating in the DECIDE-LVAD Stepped-Wedge Trial
85UJCVKA,validation,Locked_26_01_08_337,pymupdf,7,44817,6402,,,,"Association of perinatal depression and postpartum contraception intent, choice, and actual use"
G32FILRQ,validation,Locked_26_01_08_337,pymupdf,8,49175,6147,,,,Cognitive Outcomes in the Pragmatic Investigation of optimaL Oxygen Targets (CO-PILOT) trial: protocol and statistical analysis plan
WJWMFQRJ,validation,Locked_26_01_08_337,pymupdf,10,53024,5302,,,,Networks for prevention in 19 communities at the start of a large-scale community-based obesity prevention initiative
XGSXVHMB,validation,Locked_26_01_08_337,pymupdf,11,61508,5592,,,,Task-sharing interventions for improving control of diabetes in low-income and middle-income countries: a systematic review and meta-analysis
GBK9FE9L,validation,Locked_26_01_08_337,pymupdf,7,41584,5941,,,,Cardiovascular Events and Costs With Home Blood Pressure Telemonitoring and Pharmacist Management for Uncontrolled Hypertension
9HBYKQR8,validation,Locked_26_01_08_337,pymupdf,13,52506,4039,,,,Long-term Outcomes of the Effects of Home Blood Pressure Telemonitoring and Pharmacist Management on Blood Pressure Among Adults With Uncontrolled Hypertension: Follow-up of a Cluster Randomized Clinical Trial
EH85EJ36,validation,Locked_26_01_08_337,pymupdf,19,49743,2618,,,,Reducing metabolic syndrome through a community-based lifestyle intervention in African American women
RUYVCGHY,validation,Locked_26_01_08_337,pymupdf,10,50366,5037,,,,Targeting Sedentary Behavior in CKD: A Pilot and Feasibility Randomized Controlled Trial
2UPNUCNS,validation,Locked_26_01_08_337,pymupdf,12,65362,5447,,,,"Fidelity and factors influencing implementation of Healthy Me, Healthy: process evaluation of a social marketing campaign for diet and physical activity behaviors of children in childcare"
YCFJFHMC,validation,Locked_26_01_08_337,pymupdf,9,47711,5301,,,,Contributions of Early Care and Education Programs to Diet Quality in Children Aged 3 to 4 Years in Central North Carolina
S7KB7TFR,validation,Locked_26_01_08_337,pymupdf,9,37209,4134,,,,Balanced Crystalloid versus Saline in Adults with Traumatic Brain Injury: Secondary Analysis of a Clinical Trial
NLT3RNI6,validation,Locked_26_01_08_337,pymupdf,10,45080,4508,,,,Two-part model for ventilator-free days in a cluster randomized cross-over clinical trial
4ME98BI9,validation,Locked_26_01_08_337,pymupdf,4,16730,4182,,,,Commentary: Right truncation in cluster randomized trials can attenuate the power of a marginal analysis
3MBN8DIA,validation,Locked_26_01_08_337,pymupdf,2,5629,2814,,,,"Individually randomized trial mislabeled as a cluster-randomized trial. Comment on: ""Effectiveness of wearable technology to optimize youth soccer players' off-training behaviour and training responses: a cluster-randomized trial"""
3SUSMNR7,validation,Locked_26_01_08_337,pymupdf,9,54199,6022,,,,"Prenatal Household Air Pollution Is Associated with Impaired Infant Lung Function with Sex-Specific Effects. Evidence from GRAPHS, a Cluster Randomized Cookstove Intervention Trial"
4Q7JQUVU,validation,Locked_26_01_08_337,pymupdf,10,46936,4694,,,,Effect on Patient Safety of a Resident Physician Schedule without 24-Hour Shifts
YNAD85P3,validation,Locked_26_01_08_337,pymupdf,7,28462,4066,,,,Use of a Geographic Information System to create treatment groups for group-randomized community trials: The Minnesota Heart Health Program
3DSAACUW,validation,Locked_26_01_08_337,pymupdf,8,34423,4303,,,,A systematic review and meta-analysis of enrollment into ARDS and sepsis trials published between 2009 and 2019 in major journals
ZYMG88D6,validation,Locked_26_01_08_337,pymupdf,23,67475,2934,,,,Structured Lifestyle Modification Interventions Involving Frontline Health Workers for Population-Level Blood Pressure Reduction: Results of a Cluster Randomized Controlled Trial in India (DISHA Study)
UHLRHMGI,validation,Locked_26_01_08_337,pymupdf,20,78144,3907,,,,Adaptive Designs in Implementation Science and Practice: Their Promise and the Need for Greater Understanding and Improved Communication
JDABTKG9,validation,Locked_26_01_08_337,pymupdf,12,64814,5401,,,,Early findings from the integration of hypertension care into differentiated service delivery models for HIV in Uganda: a mixed-method study
G6V5HPHL,validation,Locked_26_01_08_337,pymupdf,9,43115,4791,,,,Intraclass correlation coefficients for weight loss cluster randomized trials in primary care: The PROPEL trial
JPXXAFJZ,validation,Locked_26_01_08_337,pymupdf,10,45040,4504,,,,Estimands in cluster-randomized trials: choosing analyses that answer the right question
AHQ8IGXQ,validation,Locked_26_01_08_337,pymupdf,9,38957,4329,,,,Informative cluster size in cluster-randomised trials: A case study from the TRIGGER trial
PG83SQ3X,validation,Locked_26_01_08_337,pymupdf,22,81892,3722,,,,Demystifying estimands in cluster-randomised trials
9XSGVFTU,validation,Locked_26_01_08_337,pymupdf,23,53372,2321,,,,Development of a consensus extension of the estimands framework for cluster randomised trials (CRT-estimands): results from an international Delphi study
EVS2FEUS,validation,Locked_26_01_08_337,pymupdf,9,45285,5032,,,,Associations between healthy eating index and anthropometric outcomes in multiethnic elementary-aged children
PVP9PWD9,validation,Locked_26_01_08_337,pymupdf,11,45335,4121,,,,Assessing the representativeness of cluster randomized trials: Evidence from two large pragmatic trials in United States nursing homes
2LB9GQLG,validation,Locked_26_01_08_337,pymupdf,12,63955,5330,,,,Ethnic Differences in Family Childcare Providers' Nutrition- and Activity-Related Attitudes and Barriers
LD2EYF43,validation,Locked_26_01_08_337,pymupdf,12,51688,4307,,,,Effect of Applying Best Practices for Physical Activity and Screen Time to Family Childcare Homes
P6QS3RSX,validation,Locked_26_01_08_337,pymupdf,13,59063,4543,,,,Nutrition Practices of Family Child Care Home Providers and Children's Diet Quality
S89CIJ46,validation,Locked_26_01_08_337,pymupdf,8,32420,4052,,,,Effect of a Multicomponent Food Pantry Intervention in Client Subgroups
TZW76NJB,validation,Locked_26_01_08_337,pymupdf,6,23840,3973,,,,Heterogeneity of Treatment Effect in a Randomized Trial of a Communication Intervention
9G96XQ7M,validation,Locked_26_01_08_337,pymupdf,9,51728,5748,,,,"Efficacy of a family-based cardiovascular risk reduction intervention in individuals with a family history of premature coronary heart disease in India (PROLIFIC): an open-label, single-centre, cluster randomised controlled trial"
CKHANCR8,validation,Locked_26_01_08_337,pymupdf,13,64557,4966,,,,"Effects of a School-Based Gardening, Cooking, and Nutrition Cluster Randomized Controlled Trial on Unprocessed and Ultra-Processed Food Consumption"
CU6USZZG,validation,Locked_26_01_08_337,pymupdf,15,82531,5502,,,,"Comparison of School vs Home Breakfast Consumption with Cardiometabolic and Dietary Parameters in Low-Income, Multiracial/Ethnic Elementary School-Aged Children"
P3KQJM4H,validation,Locked_26_01_08_337,pymupdf,3,8652,2884,,,,Ambiguity in Statistical Analysis Methods and Nonconformity With Prespecified Commitment to Data Sharing in a Cluster Randomized Controlled Trial
JQH7C7QZ,validation,Locked_26_01_08_337,pymupdf,3,11091,3697,,,,"Corrected analysis of ""the effects of bright light treatment on affective symptoms in people with dementia: a 24-week cluster randomized controlled trial"" that accounts for clustering and nesting verifies conclusions"
QLJ7HTJU,validation,Locked_26_01_08_337,pymupdf,17,82188,4835,,,,Weighting methods for truncation by death in cluster-randomized trials
RKXS5GKB,validation,Locked_26_01_08_337,pymupdf,10,50498,5050,,,,Social Determinants of Health as Potential Influencers of a Collaborative Care Intervention for Patients with Hypertension
S26WZS8D,validation,Locked_26_01_08_337,pymupdf,12,55353,4613,,,,A prospective cohort study of the SEARCH integrated HIV/hypertension community health worker-led intervention in rural Kenya and Uganda
HQYY8IVG,validation,Locked_26_01_08_337,pymupdf,9,65612,7290,,,,"Parent and child care provider partnerships: Protocol for the Healthy Me, Healthy We (HMHW) cluster randomized control trial"
IJE7MVNS,validation,Locked_26_01_08_337,pymupdf,10,47606,4761,,,,An Increase in Food Insecurity Correlated with an Increase in Plasma Triglycerides among Latinx Children
6XSR8DVR,validation,Locked_26_01_08_337,pymupdf,9,47190,5243,,,,Prehospital low titer group O whole blood is feasible and safe: Results of a prospective randomized pilot trial
TUYKW32A,validation,Locked_26_01_08_337,pymupdf,10,29507,2951,,,,Moderators and mediators of a digital cognitive behavior therapy-guided self-help intervention for eating disorders: Informing future design efforts
WPF7MUCV,validation,Locked_26_01_08_337,pymupdf,2,10163,5082,,,,Incorrect Analyses of Cluster-Randomized Trials that Do Not Take Clustering and Nesting into Account Likely Lead to p-Values that Are Too Small
S64FLLB6,validation,Locked_26_01_08_337,pymupdf,6,34617,5770,,,,Evaluation of the type I error rate when using parametric bootstrap analysis of a cluster randomized controlled trial with binary outcomes and a small number of clusters
SRGFMEL6,validation,Locked_26_01_08_337,pymupdf,12,30167,2514,,,,Identifying Which Urban Children With Asthma Benefit Most From Clinician Prompting: Subgroup Analyses From the Prompting Asthma Intervention in Rochester-Uniting Parents and Providers (PAIR-UP) Trial
M36AICFG,validation,Locked_26_01_08_337,pymupdf,8,44402,5550,,,,Using the socioecological model to explore factors associated with obesity among reproductive age women
H2HJLXGH,validation,Locked_26_01_08_337,pymupdf,7,36543,5220,,,,The impact of a water promotion and access intervention on elementary school students in the presence of food insecurity
ZLU75I88,validation,Locked_26_01_08_337,pymupdf,6,26280,4380,,,,Non-Concordance between Patient and Clinician Estimates of Prognosis in Advanced Heart Failure
WIYCPY8U,validation,Locked_26_01_08_337,pymupdf,18,89342,4963,,,,Analysis of Cohort Stepped Wedge Cluster-Randomized Trials With Nonignorable Dropout via Joint Modeling
CRIGG2QL,validation,Locked_26_01_08_337,pymupdf,18,70794,3933,,,,Nutrition-Related Practices of Family Child Care Providers and Differences by Ethnicity
WTQJUCGN,validation,Locked_26_01_08_337,pymupdf,10,52514,5251,,,,Physical Activity and Screen Time Practices of Family Child Care Providers: Do They Meet Best Practice Guidelines?
7NGXRYU7,validation,Locked_26_01_08_337,pymupdf,18,85533,4752,,,,Protocol for a multi-site randomized trial testing an integrated behavioral treatment for improving nocturia and insomnia symptoms in older adults (MINT)
HFCRYZ8E,validation,Locked_26_01_08_337,pymupdf,4,21240,5310,,,,Maintenance of Training Effects of Two Models for Implementing Evidence-Based Psychological Treatment
URUAWZAY,validation,Locked_26_01_08_337,pymupdf,11,45825,4166,,,,Survival With Favorable Neurologic Outcome and Quality of Cardiopulmonary Resuscitation Following In-Hospital Cardiac Arrest in Children With Cardiac Disease Compared With Noncardiac Disease
F7UIGLIK,validation,Locked_26_01_08_337,pymupdf,16,58310,3644,,,,While-alive regression analysis of composite survival endpoints
LTKDUUD2,validation,Locked_26_01_08_337,pymupdf,15,61161,4077,,,,Targeted Normoxemia and Supplemental Oxygen-Free Days in Critically Injured Adults: A Stepped-Wedge Cluster Randomized Clinical Trial
REZJUIXS,validation,Locked_26_01_08_337,pymupdf,6,31272,5212,,,,Effects of a School-Based Garden Program on Academic Performance: A Cluster Randomized Controlled Trial
DSB4NKC5,validation,Locked_26_01_08_337,pymupdf,13,58360,4489,,,,"Effects of a School-Based Nutrition, Gardening, and Cooking Intervention on Metabolic Parameters in High-risk Youth: A Secondary Analysis of a Cluster Randomized Clinical Trial"
U4546RAU,validation,Locked_26_01_08_337,pymupdf,12,81494,6791,,,,Prenatal Household Air Pollution Exposure and Childhood Blood Pressure in Rural Ghana
E8BGTQDI,validation,Locked_26_01_08_337,pymupdf,20,57409,2870,,,,"Design and rationale of the ""Sedation strategy and cognitive outcome after critical illness in early childhood"" study"
G53UN529,validation,Locked_26_01_08_337,pymupdf,20,102446,5122,,,,The RICH LIFE Project: A cluster randomized pragmatic trial comparing the effectiveness of health system only vs. health system Plus a collaborative/stepped care intervention to reduce hypertension disparities
4EYIVLJR,validation,Locked_26_01_08_337,pymupdf,12,65359,5447,,,,Process evaluation of a medical assistant health coaching intervention for type 2 diabetes in diverse primary care settings
ZC3442HS,validation,Locked_26_01_08_337,pymupdf,11,49026,4457,,,,"TransPrEP: Results from the Pilot Study of a Social Network-Based Intervention to Support PrEP Adherence Among Transgender Women in Lima, Peru"
5LPG6NIV,validation,Locked_26_01_08_337,pymupdf,8,48088,6011,,,,"Effect of a Remotely Delivered Tailored Multicomponent Approach to Enhance Medication Taking for Patients With Hyperlipidemia, Hypertension, and Diabetes: The STIC2IT Cluster Randomized Clinical Trial"
PZYLIX7V,validation,Locked_26_01_08_337,pymupdf,11,58223,5293,,,,Effect of a Biopsychosocial Intervention or Postural Therapy on Disability and Health Care Spending Among Patients With Acute and Subacute Spine Pain: The SPINE CARE Randomized Clinical Trial
XVK2U8K6,validation,Locked_26_01_08_337,pymupdf,9,47379,5264,,,,Effect of an mHealth weight loss intervention on Healthy Eating Index diet quality: the SMARTER randomised controlled trial
AZPPGG26,validation,Locked_26_01_08_337,pymupdf,12,64767,5397,,,,Cost-effectiveness of group medical visits and microfinance interventions versus usual care to manage hypertension in Kenya: a secondary modelling analysis of data from the Bridging Income Generation with Group Integrated Care (BIGPIC) trial
YUL5IEIT,validation,Locked_26_01_08_337,pymupdf,27,63437,2350,,,,Early-life nutrition supplementation and epigenetic age in middle-adulthood among Guatemalan adults
Q5UBAJFB,validation,Locked_26_01_08_337,pymupdf,8,46297,5787,,,,Assessment of Inpatient Time Allocation Among First-Year Internal Medicine Residents Using Time-Motion Observations
EBNIKQJT,validation,Locked_26_01_08_337,pymupdf,9,59566,6618,,,,Adapting the Diabetes Prevention Program for low and middle-income countries: protocol for a cluster randomised trial to evaluate 'Lifestyle Africa'
S59FZ9BB,validation,Locked_26_01_08_337,pymupdf,9,47124,5236,,,,Adapting the Diabetes Prevention Program for low- and middle-income countries: preliminary implementation findings from lifestyle Africa
ZVIZFQCJ,validation,Locked_26_01_08_337,pymupdf,29,46534,1605,,,,Association of CPR simulation program characteristics with simulated and actual performance during paediatric in-hospital cardiac arrest
LSLZLVAS,validation,Locked_26_01_08_337,pymupdf,9,46917,5213,,,,Examining the relationship between household air pollution and infant microbial nasal carriage in a Ghanaian cohort
YZ7GZ47B,validation,Locked_26_01_08_337,pymupdf,8,40108,5014,,,,"Effects of a Flexibility/Support Intervention on Work Performance: Evidence From the Work, Family, and Health Network"
UD8UUMUN,validation,Locked_26_01_08_337,pymupdf,12,43762,3647,,,,Does Clinical Decision Support Increase Appropriate Medication Prescribing for Cardiovascular Risk Reduction?
MFCQSDMF,validation,Locked_26_01_08_337,pymupdf,15,76927,5128,,,,Sustainable deimplementation of continuous pulse oximetry monitoring in children hospitalized with bronchiolitis: study protocol for the Eliminating Monitor Overuse (EMO) type III effectiveness-deimplementation cluster-randomized trial
I7VKXNIC,validation,Locked_26_01_08_337,pymupdf,21,49934,2378,,,,Sustainability of blood pressure reduction in black barbershops
2KYMUP96,validation,Locked_26_01_08_337,pymupdf,19,78320,4122,,,,Assessing treatment effect heterogeneity in the presence of missing effect modifier data in cluster-randomized trials
NCULGT7Q,validation,Locked_26_01_08_337,pymupdf,16,51401,3213,,,,Acceptability and feasibility of mobile phone-based ecological momentary assessment and intervention in Uganda: A pilot randomized controlled trial
XXY9RT8Q,validation,Locked_26_01_08_337,pymupdf,22,92681,4213,,,,Extension of efficacy range for targeted malaria-elimination interventions due to spillover effects
DG93HVAX,validation,Locked_26_01_08_337,pymupdf,10,47029,4703,,,,The mixed model for repeated measures for cluster randomized trials: a simulation study investigating bias and type I error with missing continuous data
DHSYLQCG,validation,Locked_26_01_08_337,pymupdf,6,35062,5844,,,,Economic evaluation of a group randomized controlled trial on healthy eating and physical activity in afterschool programs
2EQE8HSV,validation,Locked_26_01_08_337,pymupdf,10,51680,5168,,,,Does Extracorporeal Membrane Oxygenation Improve Survival in Pediatric Acute Respiratory Failure?
9SZ8F7SB,validation,Locked_26_01_08_337,pymupdf,8,39172,4896,,,,Conditional Cash Transfers to Incentivize Tuberculosis Screening: Description of a Novel Strategy for Contact Investigation in Rural South Africa
FZB8IQSZ,validation,Locked_26_01_08_337,pymupdf,18,45684,2538,,,,Cost-Effectiveness of a Comprehensive Approach for Hypertension Control in Low-Income Settings in Argentina: Trial-Based Analysis of the Hypertension Control Program in Argentina
F5VFFT7X,validation,Locked_26_01_08_337,pymupdf,9,44058,4895,,,,Screening for undiagnosed atrial fibrillation using a single-lead electrocardiogram at primary care visits: patient uptake and practitioner perspectives from the VITAL-AF trial
D8BXQHHL,validation,Locked_26_01_08_337,pymupdf,13,64616,4970,,,,Uptake of Task-Strengthening Strategy for Hypertension (TASSH) control within Community-Based Health Planning Services in Ghana: study protocol for a cluster randomized controlled trial
ZDP4YJ9U,validation,Locked_26_01_08_337,pymupdf,13,69411,5339,,,,WASH interventions and child diarrhea at the interface of climate and socioeconomic position in Bangladesh
X7YLMXWH,validation,Locked_26_01_08_337,pymupdf,21,56046,2669,,,,Design and rationale for evaluating salad bars and students' fruit and vegetable consumption: A cluster randomized factorial trial with objective assessments
AFKVRFM8,validation,Locked_26_01_08_337,pymupdf,10,48262,4826,,,,Hydroxyurea for secondary stroke prevention in children with sickle cell anemia in Nigeria: a randomized controlled trial
JZHSJF4P,validation,Locked_26_01_08_337,pymupdf,8,41626,5203,,,,"Treatment Intensity, Prescribing Patterns, and Blood Pressure Control in Rural Black Patients with Uncontrolled Hypertension"
V6LBW3SS,validation,Locked_26_01_08_337,pymupdf,9,35989,3999,,,,Symptom prevalence in patients with advanced heart failure and its association with quality of life and activities of daily living
CZKI8WKJ,validation,Locked_26_01_08_337,pymupdf,11,60534,5503,,,,"Effects of the Million Hearts Model on Myocardial Infarctions, Strokes, and Medicare Spending: A Randomized Clinical Trial"
