paper_id,set,folder,verdict,verdict_reason,explanation,title_score,title_pos,doi_hit,admin_doc,first_author_hit,author_hits,author_count,author_frac,year_hit,journal_hit,head_chars,page_count,other_dois,attachment_key,repaired_from,title
YLS5U33Y,unlabelled,CC / CLC; NIDA,VERIFIED,DOI_MATCH,Zotero's DOI appears in the document,100.0,0.0,True,False,True,20,20,1.0,True,False,6681,19,,RF6CZ9WP,,Design of a pragmatic clinical trial to improve screening and treatment for opioid use disorder in primary care.
MQC52PL5,unlabelled,FIC; NCATS,VERIFIED,DOI_MATCH,Zotero's DOI appears in the document,100.0,0.001,True,False,True,15,15,1.0,True,True,11780,11,10.1002/jia2.25641/full,DZGAG5MK,,Effectiveness of a psychological intervention delivered by general nurses for alcohol use disorders in people living with HIV in Zimbabwe: a cluster randomized  controlled trial.
P83JNYPT,unlabelled,FIC; NIMH,VERIFIED,DOI_MATCH,Zotero's DOI appears in the document,100.0,0.005,True,False,True,12,12,1.0,True,True,12578,9,,S36A8ZR5,,Household Water and Food Insecurity Are Positively Associated with Poor Mental and Physical Health among Adults Living with HIV in Western Kenya.
E2YTTWU3,unlabelled,FIC; NIMH,VERIFIED,DOI_MATCH,Zotero's DOI appears in the document,100.0,0.003,True,False,True,19,19,1.0,True,True,8521,13,,ZZK9REP9,,The Video intervention to Inspire Treatment Adherence for Life (VITAL Start): protocol for a multisite randomized controlled trial of a brief video-based  intervention to improve antiretroviral adherence and retention among HIV-infected  pregnant women in Malawi.
GFTRM6AK,unlabelled,FIC; NIMH,VERIFIED,DOI_MATCH,Zotero's DOI appears in the document,100.0,0.0,True,False,True,4,4,1.0,True,False,6527,13,10.1097/QAI,Q6PH388M,,Implementation Science Using Proctor's Framework and an Adaptation of the Multiphase Optimization Strategy: Optimizing a Financial Incentive Intervention  for HIV Treatment Adherence in Tanzania.
MX4V3BA2,unlabelled,FIC; NIMH,VERIFIED,DOI_MATCH,Zotero's DOI appears in the document,100.0,0.015,True,False,True,8,8,1.0,True,False,3740,17,,XL3SUTUP,,Comparing the effect of a multisectoral agricultural intervention on HIV-related health outcomes between widowed and married women.
GXBYKEDE,unlabelled,FIC; NIMH,VERIFIED,DOI_MATCH,Zotero's DOI appears in the document,100.0,0.002,True,False,True,8,8,1.0,True,True,8899,24,,KRWVU38R,,"Improving HIV testing, linkage, and retention in care among South African men through U = U messaging: A study protocol for two sequential hybrid type 1  effectiveness-implementation randomized controlled trials."
44WLSHDT,unlabelled,FIC; NIMH,VERIFIED,DOI_MATCH,Zotero's DOI appears in the document,100.0,0.013,True,False,True,14,14,1.0,True,True,9131,7,,DRWMZFC7,,Water Insecurity is Associated with Lack of Viral Suppression and Greater Odds of AIDS-Defining Illnesses Among Adults with HIV in Western Kenya.
KS6PKN99,unlabelled,FIC; NIMH,VERIFIED,DOI_MATCH,Zotero's DOI appears in the document,98.1,0.0,True,False,True,12,12,1.0,True,False,4863,18,,HFG7TES4,,Technology-Assisted Teachers' Training to Promote Socioemotional Well-Being of Children in Public Schools in Rural Pakistan.
TCYY9IAN,unlabelled,FIC; NIMH,VERIFIED,DOI_MATCH,Zotero's DOI appears in the document,100.0,0.0,True,False,True,15,15,1.0,True,False,6231,17,,5A3J2Z9Z,,The longitudinal impact of an evidence-based multiple family group intervention (Amaka Amasanyufu) on oppositional defiant disorder and impaired functioning  among children in Uganda: analysis of a cluster randomized trial from the SMART  Africa-Uganda scale-up study (2016-2022).
DAHVXML2,unlabelled,FIC; NIMH,VERIFIED,DOI_MATCH,Zotero's DOI appears in the document,100.0,0.005,True,False,True,15,15,1.0,True,True,8836,16,,6VK3WMGR,,Effect of a Multisectoral Agricultural Intervention on HIV Health Outcomes Among Adults in Kenya: A Cluster Randomized Clinical Trial.
DYBSQUK6,unlabelled,FIC; NIMH,VERIFIED,DOI_MATCH,Zotero's DOI appears in the document,100.0,0.133,True,False,True,11,11,1.0,True,True,9254,15,,DDQ24GX9,,Integrating community-based HIV and non-communicable disease care with microfinance groups: a feasibility study in Western Kenya.
QRUEDYP9,unlabelled,FIC; NIMH,VERIFIED,DOI_MATCH,Zotero's DOI appears in the document,100.0,0.014,True,False,True,10,10,1.0,True,True,8015,8,,5ZBLN6FD,,"Relationship Power, Antiretroviral Adherence, and Physical and Mental Health Among Women Living with HIV in Rural Kenya."
C5BF9JWU,unlabelled,FIC; NIMH,VERIFIED,DOI_MATCH,Zotero's DOI appears in the document,100.0,0.0,True,False,True,10,10,1.0,True,False,6524,16,,N596P8HI,,Impact of a livelihood intervention on gender roles and relationship power among people with HIV.
XGC9TCX5,unlabelled,FIC; NIMH,VERIFIED,DOI_MATCH,Zotero's DOI appears in the document,100.0,0.025,True,False,True,16,16,1.0,True,True,6486,12,,WUWDNV8W,,Prevalence and correlates of internalized stigma among adults with HIV and major depressive disorder in rural Malawi.
8FUCYVJQ,unlabelled,FIC; NIEHS; NIMH,VERIFIED,DOI_MATCH,Zotero's DOI appears in the document,100.0,0.007,True,False,True,15,15,1.0,True,False,9328,13,,ID78UVUK,,"""If you have light, your heart will be at peace"": A qualitative study of household lighting and social integration in southwestern Uganda."
ANIN6LRK,unlabelled,FIC; NIDA; NIMH,VERIFIED,DOI_MATCH,Zotero's DOI appears in the document,100.0,0.0,True,False,True,7,7,1.0,True,False,6286,16,,DZCW8CGT,,A community approach to promote healthcare services for people living with HIV who use drugs in Vietnam.
PU3W7CKM,unlabelled,FIC; NCATS; NIDA,VERIFIED,DOI_MATCH,Zotero's DOI appears in the document,100.0,0.016,True,False,True,11,11,1.0,True,True,11523,8,10.1002/jia2.26202/full,3RWKM9ZA,,Integrating methadone into primary care settings in Ukraine: effects on provider stigma and knowledge.
TKCQ9UIA,unlabelled,FIC; NIDDK,VERIFIED,DOI_MATCH,Zotero's DOI appears in the document,100.0,0.002,True,False,True,18,18,1.0,True,True,8523,23,10.6084/m9.figshare.5661610,WKJGQGET,,A peer-support lifestyle intervention for preventing type 2 diabetes in India: A cluster-randomized controlled trial of the Kerala Diabetes Prevention Program.
YWLVFMNJ,unlabelled,FIC; NCATS; NIDDK; NINDS,VERIFIED,DOI_MATCH,Zotero's DOI appears in the document,100.0,0.0,True,False,True,7,7,1.0,True,True,11230,8,,KEMXT68M,,Underweight children older than 5 years with sickle cell anemia are at risk for early mortality in a low-resource setting.
YRGUW8FA,unlabelled,FIC; NICHD,VERIFIED,TITLE_AUTHOR_MATCH,title matches (100.0) and first author present; no DOI in text,100.0,0.002,False,False,True,9,10,0.9,True,True,9607,10,,KSSBM7V9,,A Qualitative Assessment of Provider and Client Experiences With 3- and 6-Month Dispensing Intervals of Antiretroviral Therapy in Malawi.
LU2WMVMD,unlabelled,FIC; NICHD,VERIFIED,DOI_MATCH,Zotero's DOI appears in the document,100.0,0.051,True,False,True,7,7,1.0,True,True,6765,16,,Q4IHS8IB,,Criterion-related validity and reliability of the Urdu version of the patient health questionnaire in a sample of community-based pregnant women in Pakistan.
ZRSEM79M,unlabelled,FIC; NICHD; NIMH,VERIFIED,DOI_MATCH,Zotero's DOI appears in the document,100.0,0.009,True,False,True,4,7,0.571,True,True,13231,9,,7VF5MDWP,,Socioeconomic status indicators and common mental disorders: Evidence from a study of prenatal depression in Pakistan.
LNPUWIK5,unlabelled,FIC; NCATS; NICHD,VERIFIED,DOI_MATCH,Zotero's DOI appears in the document,100.0,0.135,True,False,True,7,7,1.0,True,True,9198,14,,JRZ4HECB,,"The ""Family Health = Family Wealth"" intervention: study protocol for a pilot quasi-experimental controlled trial of a multi-level, community-based family  planning intervention for couples in rural Uganda."
C29IZV8T,unlabelled,FIC; NICHD,VERIFIED,DOI_MATCH,Zotero's DOI appears in the document,100.0,0.143,True,False,True,11,11,1.0,True,True,8972,15,,TCQARVW5,,Characterizing provider-led adaptations to mobile phone delivery of the Adolescent Transition Package (ATP) in Kenya using the Framework for Reporting  Adaptations and Modifications to Evidence-based Implementation Strategies  (FRAME-IS): a mixed methods approach.
7DGXAJHT,unlabelled,FIC; NICHD,VERIFIED,DOI_MATCH,Zotero's DOI appears in the document,100.0,-1.0,True,False,True,14,14,1.0,True,True,8713,11,,5IJ4EWQM,,"Improving uptake of prevention of mother-to-child HIV transmission services in Benue State, Nigeria through a faith-based congregational strategy."
H7JAZNJ5,unlabelled,FIC; NICHD,VERIFIED,DOI_MATCH,Zotero's DOI appears in the document,100.0,0.001,True,False,True,10,10,1.0,True,True,10110,14,,UHDRXKTF,,Group Antenatal Care in Ghana: Protocol for a Cluster Randomized Controlled Trial.
7NCQB6VM,unlabelled,FIC; NIAID,VERIFIED,DOI_MATCH,Zotero's DOI appears in the document,100.0,0.0,True,False,True,12,12,1.0,True,True,13720,7,,JTJVGJ3C,,Factors Associated With Poor Linkage to Human Immunodeficiency Virus Care Among Index Clients and Sex Partners Receiving Human Immunodeficiency Virus Assisted  Partner Services in Kenya.
5LE3ZJDV,unlabelled,FIC; NIAID; NIMH,VERIFIED,DOI_MATCH,Zotero's DOI appears in the document,100.0,0.001,True,False,True,17,17,1.0,True,True,9590,11,,APSGLUE6,,Using Assisted Partner Services for HIV Testing and the Treatment of Males and Their Female Sexual Partners: Protocol for an Implementation Science Study.
RFLPDXC9,unlabelled,FIC; NIAID; NIMH,VERIFIED,TITLE_AUTHOR_MATCH,title matches (100.0) and first author present; no DOI in text,100.0,0.007,False,False,True,9,9,1.0,True,True,12642,8,,P6SHZYZE,,"""When I Eat Well, I Will Be Healthy, and the Child Will Also Be Healthy"": Maternal Nutrition among HIV-Infected Women Enrolled in a Livelihood Intervention  in Western Kenya."
FR7ETLVC,unlabelled,FIC; NCATS; NIAID; NIMH,VERIFIED,DOI_MATCH,Zotero's DOI appears in the document,100.0,-1.0,True,False,True,11,11,1.0,True,True,8883,9,,YWYNQXA9,,Evaluating the integration of HIV self-testing into low-resource health systems: study protocol for a cluster-randomized control trial from EQUIP Innovations.
54QV3L64,unlabelled,FIC; NIAID; NICHD,VERIFIED,DOI_MATCH,Zotero's DOI appears in the document,100.0,0.003,True,False,True,19,19,1.0,True,True,8477,11,,PLDQT5AI,,Pay-it-forward gonorrhea and chlamydia testing among men who have sex with men in China: a study protocol for a three-arm cluster randomized controlled trial.
VIFXB2GP,unlabelled,FIC; NIAID,VERIFIED,DOI_MATCH,Zotero's DOI appears in the document,100.0,0.002,True,False,True,11,14,0.786,True,True,8380,17,,K6CRFIYN,,"The impact of insecticide treated curtains on dengue virus transmission: A cluster randomized trial in Iquitos, Peru."
3L7C4W4M,unlabelled,FIC; NIAID,VERIFIED,DOI_MATCH,Zotero's DOI appears in the document,100.0,0.001,True,False,True,13,13,1.0,True,True,12163,8,10.1002/jia2.25305/full,ADQ8UPD7,,Index participant characteristics and HIV assisted partner services efficacy in Kenya: results of a cluster randomized trial.
V44RWJGQ,unlabelled,FIC; NIAID,VERIFIED,DOI_MATCH,Zotero's DOI appears in the document,100.0,0.009,True,False,True,18,18,1.0,True,True,9257,16,,GAY58AXW,,The effect of community-driven larval source management and house improvement on malaria transmission when added to the standard malaria control strategies in  Malawi: a cluster-randomized controlled trial.
9XNWIRFN,unlabelled,FIC; NIAID,VERIFIED,DOI_MATCH,Zotero's DOI appears in the document,97.2,-1.0,True,False,True,10,11,0.909,True,False,6461,9,,3JRA8R59,,Brief Report: HIV Assisted Partner Services Among Those With and Without a History of Intimate Partner Violence in Kenya.
WRX37RXT,unlabelled,FIC; NIAID,VERIFIED,TITLE_AUTHOR_MATCH,title matches (100.0) and first author present; no DOI in text,100.0,0.0,False,False,True,10,10,1.0,True,False,6688,15,,ZFTT4WDG,,Closing the gap: A novel metric of change in performance.
D89RHEEM,unlabelled,FIC; NIAID; NIMH,VERIFIED,DOI_MATCH,Zotero's DOI appears in the document,100.0,0.0,True,False,True,1,17,0.059,True,False,6491,14,,GF38UNQ8,,Population-level viral suppression among pregnant and postpartum women in a universal test and treat trial.
WE9IZ3BJ,unlabelled,FIC; NCATS; NIAID,VERIFIED,DOI_MATCH,Zotero's DOI appears in the document,100.0,0.014,True,False,True,24,24,1.0,True,True,11330,10,,N5KPTA3E,,The impact of a community health worker intervention on uptake of antenatal care: a cluster-randomized pragmatic trial in Dar es Salaam.
A2THBVEB,unlabelled,FIC; NIAID; NIMH,VERIFIED,DOI_MATCH,Zotero's DOI appears in the document,100.0,0.38,True,False,True,11,11,1.0,True,True,8785,19,10.5281/zenodo.13884522,ECIX6F3A,,Uptake and acceptability of oral HIV self-testing in the context of assisted partner services in Western Kenya: A mixed-methods analysis.
G2HT8C7B,unlabelled,FIC; NIAID,VERIFIED,DOI_MATCH,Zotero's DOI appears in the document,100.0,0.001,True,False,True,10,10,1.0,True,True,11897,8,10.1002/jia2.25612/full,6RRZM7K2,,Economic evaluation of facility-based HIV self-testing among adult outpatients in Malawi.
975GWKXJ,unlabelled,FIC; NIAID,VERIFIED,DOI_MATCH,Zotero's DOI appears in the document,100.0,0.072,True,False,True,11,11,1.0,True,True,10544,13,,8RHLWDLY,,Theory-Informed Design of a Tailored Strategy for Implementing Household TB Contact Investigation in Uganda.
JG2L3WXC,unlabelled,FIC; NIAID; NIMH,VERIFIED,DOI_MATCH,Zotero's DOI appears in the document,100.0,0.0,True,False,True,15,15,1.0,True,False,6618,15,,WMIM363P,,An agricultural livelihood intervention is associated with reduced HIV stigma among people with HIV.
KAKALPWJ,unlabelled,FIC; NIAID,VERIFIED,DOI_MATCH,Zotero's DOI appears in the document,100.0,0.012,True,False,True,14,14,1.0,True,True,9048,16,,2J23CK85,,Longitudinal Analysis of the Intestinal Microbiota among a Cohort of Children in Rural and Urban Areas of Pakistan.
AMFFBXEX,unlabelled,FIC; NIAID,VERIFIED,DOI_MATCH,Zotero's DOI appears in the document,100.0,0.005,True,False,True,30,30,1.0,True,False,11101,7,,B8FKBZKR,,"Programmatic Effectiveness of a Pediatric Typhoid Conjugate Vaccine Campaign in Navi Mumbai, India."
FKIWIE6C,unlabelled,FIC; NIAID,VERIFIED,DOI_MATCH,Zotero's DOI appears in the document,100.0,0.016,True,False,True,12,12,1.0,True,False,8886,13,,8WB56U2R,,Evaluating the Role of Corrals and Insects in the Transmission of Porcine Cysticercosis: A Cohort Study.
JQEMYPQL,unlabelled,FIC; NIAAA; NIMH,VERIFIED,DOI_MATCH,Zotero's DOI appears in the document,100.0,-1.0,True,False,True,14,14,1.0,True,False,6484,19,,HM8SB8A2,,Scale-Up Study Protocol of the Implementation of a Mobile Health SBIRT Approach for Alcohol Use Reduction in Mozambique.
JT56SZZ3,unlabelled,FIC; NIAAA; NIMH,VERIFIED,DOI_MATCH,Zotero's DOI appears in the document,100.0,0.0,True,False,True,25,25,1.0,True,False,7036,21,,EE583DCF,,Partnerships in Research to Implement and Disseminate Sustainable and Scalable Evidence-Based Practices (PRIDE) in Mozambique.
HB3Q87CC,unlabelled,FIC; NIA; NIAID; NICHD,VERIFIED,DOI_MATCH,Zotero's DOI appears in the document,100.0,0.002,True,False,True,11,12,0.917,True,True,8206,24,10.7910/DVN/IWDAVK,7IXGUMDA,,"Community delivery of antiretroviral drugs: A non-inferiority cluster-randomized pragmatic trial in Dar es Salaam, Tanzania."
QWFWGIKM,unlabelled,FIC; NEI,VERIFIED,DOI_MATCH,Zotero's DOI appears in the document,100.0,0.017,True,False,True,15,15,1.0,True,True,3438,17,,9SJRSGK6,,Diagnostic accuracy of smartphone corneal photography for detection of corneal opacities in a resource-limited setting: a community-based study.
LBP7P8GQ,unlabelled,FIC,VERIFIED,DOI_MATCH,Zotero's DOI appears in the document,100.0,0.003,True,False,True,8,8,1.0,True,True,9195,11,,UJJU383I,,Acceptability and feasibility of a behavioral and mobile health intervention (COMBIND) shown to increase uptake of prevention of mother to child transmission  (PMTCT) care in India.
XLZZWDJ6,unlabelled,FIC,VERIFIED,DOI_MATCH,Zotero's DOI appears in the document,100.0,0.003,True,False,True,5,5,1.0,True,False,6562,11,,NZJVJWCD,,"Unintentional falls among children in rural Ghana and associated factors: a cluster-randomized, population-based household survey."
GRFG8B67,unlabelled,FIC,VERIFIED,DOI_MATCH,Zotero's DOI appears in the document,100.0,0.003,True,False,True,9,9,1.0,True,True,9295,11,,E439K3X4,,Factors associated with diarrhea and acute respiratory infection in children under two years of age in rural Bangladesh.
5S443YA7,unlabelled,FIC,VERIFIED,DOI_MATCH,Zotero's DOI appears in the document,100.0,0.002,True,False,True,20,20,1.0,True,True,8947,5,,WJA4TPHN,,The Livestock for Health Study: A Field Trial on Livestock Interventions to Prevent Acute Malnutrition Among Women and Children in Pastoralist Communities in  Northern Kenya.
G8FV3B49,unlabelled,FIC,VERIFIED,DOI_MATCH,Zotero's DOI appears in the document,100.0,0.002,True,False,True,11,11,1.0,True,True,8955,12,,VSBGNZCW,,Menstrual product choice and uptake among young women in Zimbabwe: a pilot study.
UQK87UZH,unlabelled,FIC,VERIFIED,DOI_MATCH,Zotero's DOI appears in the document,100.0,0.002,True,False,True,12,12,1.0,True,True,9066,9,10.1002/jia2.25555/full,VLUWWPCH,,A mobile health-facilitated behavioural intervention for community health workers improves exclusive breastfeeding and early infant HIV diagnosis in India: a  cluster randomized trial.
DWAYIJCK,unlabelled,FIC,VERIFIED,DOI_MATCH,Zotero's DOI appears in the document,100.0,0.0,True,False,True,22,22,1.0,True,False,12062,17,,TPER8T6G,,"Effects of lipid-based nutrient supplements and infant and young child feeding counseling with or without improved water, sanitation, and hygiene (WASH) on  anemia and micronutrient status: results from 2 cluster-randomized trials in  Kenya and Bangladesh."
G46396XM,unlabelled,FIC,VERIFIED,DOI_MATCH,Zotero's DOI appears in the document,100.0,0.011,True,False,True,5,5,1.0,True,True,9025,10,,AD98MP4B,,"Improved adherence to test, treat, and track (T3) malaria strategy among Over-the-Counter Medicine Sellers (OTCMS) through interventions implemented in  selected rural communities of Fanteakwa North district, Ghana."
5UCUYE7F,unlabelled,FIC,VERIFIED,DOI_MATCH,Zotero's DOI appears in the document,100.0,0.003,True,False,True,11,11,1.0,True,True,9137,13,,25IQAH7L,,Cost-effectiveness of a lifestyle intervention in high-risk individuals for diabetes in a low- and middle-income setting: Trial-based analysis of the Kerala  Diabetes Prevention Program.
6ZBKV6U3,unlabelled,FIC,VERIFIED,DOI_MATCH,Zotero's DOI appears in the document,100.0,0.002,True,False,True,4,4,1.0,True,True,7985,16,,LRZ3PUVW,,Protocol of a parallel group Randomized Control Trial (RCT) for Mobile-assisted Medication Adherence Support (Ma-MAS) intervention among Tuberculosis patients.
TKKUNEIW,unlabelled,FIC,VERIFIED,DOI_MATCH,Zotero's DOI appears in the document,100.0,0.002,True,False,True,6,7,0.857,True,True,7100,16,10.1371/journal,GVB8RT5B,,Components of clean delivery kits and newborn mortality in the Zambia Chlorhexidine Application Trial (ZamCAT): An observational study.
R45A8L28,unlabelled,FIC,VERIFIED,DOI_MATCH,Zotero's DOI appears in the document,100.0,0.135,True,False,True,11,11,1.0,True,True,9109,9,,62622HVR,,"Isoniazid preventive therapy completion in children under 5 years old who are contacts of tuberculosis cases in Lima, Peru: study protocol for an open-label,  cluster-randomized superiority trial."
3A9HMGYL,unlabelled,FIC,VERIFIED,DOI_MATCH,Zotero's DOI appears in the document,100.0,0.003,True,False,True,5,5,1.0,True,True,8326,15,,3DCFQA92,,"Body, Soul and Spirit, an adaptation of two evidence-based interventions to promote physical activity and healthy eating among adults in churches in Lagos  Nigeria: a three-arm cluster randomized controlled pilot trial."
J9F7U6CX,unlabelled,FIC,VERIFIED,DOI_MATCH,Zotero's DOI appears in the document,100.0,0.002,True,False,True,10,11,0.909,True,True,7176,13,10.1371/journal,YCV2K4CN,,Culturally adaptive storytelling intervention versus didactic intervention to improve hypertension control in Vietnam- 12 month follow up results: A cluster  randomized controlled feasibility trial.
A3H3NDHF,unlabelled,FIC,VERIFIED,DOI_MATCH,Zotero's DOI appears in the document,100.0,0.008,True,False,True,12,12,1.0,True,True,2693,2,10.1186/s40814-017-0136-9EJN,ABG2TR8J,,Erratum to: Culturally adaptive storytelling intervention versus didactic intervention to improve hypertension control in Vietnam: a cluster randomized  controlled feasibility trial.
YB76TMBC,unlabelled,FIC,VERIFIED,DOI_MATCH,Zotero's DOI appears in the document,100.0,0.0,True,False,True,10,10,1.0,True,True,7540,10,,L5W6JVFB,,"Asthma, Airflow Obstruction, and Eosinophilic Airway Inflammation Prevalence in Western Kenya: A Population-Based Cross-Sectional Study."
ZEP5L9DW,unlabelled,FIC,VERIFIED,DOI_MATCH,Zotero's DOI appears in the document,100.0,0.0,True,False,True,12,12,1.0,True,False,6070,16,,GPS7N8A6,,Effectiveness of intensive adherence counselling in achieving an undetectable viral load among people on antiretroviral therapy with low-level viraemia in  Uganda.
EKIGVQCE,unlabelled,FIC,VERIFIED,DOI_MATCH,Zotero's DOI appears in the document,100.0,0.248,True,False,True,4,4,1.0,True,True,12200,5,10.1177/1179173X19845337Tobacco,EYTDAHH5,,Predictors of High Program Exposure Among Adolescents Participating in a Smoking Prevention Intervention in Romania.
X8XMVS3Q,unlabelled,FIC,VERIFIED,DOI_MATCH,Zotero's DOI appears in the document,100.0,0.001,True,False,True,9,9,1.0,True,True,9703,11,,2QILMJQU,,The Effects of Workplace-Based HIV Self-testing on Uptake of Testing and Linkage to HIV Care or Prevention by Men in Uganda (WISe-Men): Protocol for a Cluster  Randomized Trial.
CNYF84EG,unlabelled,FIC,VERIFIED,DOI_MATCH,Zotero's DOI appears in the document,100.0,0.002,True,False,True,11,11,1.0,True,True,8916,8,,IZYAEFBN,,Prevalence and factors associated with neonatal hypoglycemia in Northern Uganda: a community-based cross-sectional study.
XJLRU2YH,unlabelled,FIC,VERIFIED,DOI_MATCH,Zotero's DOI appears in the document,100.0,0.141,True,False,True,4,4,1.0,True,True,4805,15,10.1177/17470161231191247Research,E9SEYQS4,,Stakeholders' experiences of ethical challenges in cluster randomized trials in a limited resource setting: a qualitative analysis.
73BXTUZD,unlabelled,FIC,VERIFIED,DOI_MATCH,Zotero's DOI appears in the document,100.0,0.003,True,False,True,4,4,1.0,True,True,9512,10,,MPQW7JQC,,Factors associated with loss-to-follow-up of HIV-positive mothers and their infants enrolled in HIV care clinic: A qualitative study.
N4NS7WMN,unlabelled,FIC,VERIFIED,DOI_MATCH,Zotero's DOI appears in the document,100.0,0.003,True,False,True,8,8,1.0,True,True,9407,8,,7TC5E4NT,,The impact of integrated nutrition-sensitive interventions on nutrition and health of children and women in rural Tanzania: study protocol for a  cluster-randomized controlled trial.
LJSQZ83J,unlabelled,FIC,VERIFIED,DOI_MATCH,Zotero's DOI appears in the document,100.0,0.003,True,False,True,9,9,1.0,True,True,8699,11,,LPZFRBT5,,Incidence and risk factors of neonatal infections in a rural Bangladeshi population: a community-based prospective study.
N7Y2WLZH,unlabelled,FIC,VERIFIED,DOI_MATCH,Zotero's DOI appears in the document,100.0,0.0,True,False,True,1,6,0.167,True,False,5781,16,,CM3MUJPA,,"Incidence of childhood burn injuries and modifiable household risk factors in rural Ghana: A cluster-randomized, population-based, household survey."
AB6XKNVY,unlabelled,FIC,VERIFIED,DOI_MATCH,Zotero's DOI appears in the document,100.0,0.017,True,False,True,11,11,1.0,True,True,11071,8,10.1002/jia2.25815/full,FGQEJ5H2,,"When healthcare providers are supportive, 'I'd rather not test alone': Exploring uptake and acceptability of HIV self-testing for youth in Zimbabwe - A mixed  method study."
HQUCZ7RF,unlabelled,FIC,VERIFIED,DOI_MATCH,Zotero's DOI appears in the document,100.0,0.017,True,False,True,10,10,1.0,True,True,6843,12,,6HG35BW9,,"'If I had not taken it [HIVST kit] home, my husband would not have come to the facility to test for HIV': HIV self-testing perceptions, delivery strategies, and  post-test experiences among pregnant women and their male partners in Central  Uganda."
APKZZNH8,unlabelled,FIC,VERIFIED,DOI_MATCH,Zotero's DOI appears in the document,100.0,0.002,True,False,True,4,4,1.0,True,True,8376,21,10.1371/journal; 10.7910/DVN/UZIEWG,WQ2PHHFF,,Nuestras Historias- Designing a novel digital story intervention through participatory methods to improve maternal and child health in the Peruvian  Amazon.
DBT2TU6U,unlabelled,FIC,VERIFIED,DOI_MATCH,Zotero's DOI appears in the document,100.0,0.002,True,False,True,15,15,1.0,True,True,10069,15,,YZ8JKE3M,,Effectiveness of Cash Transfer Delivered Along With Combination HIV Prevention Interventions in Reducing the Risky Sexual Behavior of Adolescent Girls and Young  Women in Tanzania: Cluster Randomized Controlled Trial.
FRIPQN6I,unlabelled,FIC,VERIFIED,DOI_MATCH,Zotero's DOI appears in the document,100.0,0.001,True,False,True,3,3,1.0,True,True,9571,9,,F5DMQB8N,,Tuberculosis Treatment Compliance Under Smartphone-Based Video-Observed Therapy Versus Community-Based Directly Observed Therapy: Protocol for a Cluster  Randomized Controlled Trial.
Y3HRMWYJ,unlabelled,FIC,VERIFIED,DOI_MATCH,Zotero's DOI appears in the document,100.0,0.01,True,False,True,7,7,1.0,True,True,9523,7,,73M4692A,,Repeat HIV testing of individuals with discrepant HIV self-test results in Central Uganda.
XNHTV6JK,unlabelled,FIC,VERIFIED,DOI_MATCH,Zotero's DOI appears in the document,100.0,0.001,True,False,True,13,13,1.0,True,True,9044,15,,22Q2IVJF,,Personalized Text Messages and Automated Calls for Improving Vaccine Coverage Among Children in Pakistan: Protocol for a Community-Based Cluster Randomized  Clinical Trial.
P9AJZFPI,unlabelled,FIC,VERIFIED,DOI_MATCH,Zotero's DOI appears in the document,100.0,0.001,True,False,True,4,4,1.0,True,True,9767,10,,6MFIAQY7,,"Effects of a Community Health Worker-Led Health Literacy Intervention on Lifestyle Modification Among Patients With Hypertension and Diabetes in the City  of Harare, Zimbabwe: Protocol for a Cluster Randomized Controlled Trial."
4M4YTVEM,unlabelled,FIC,VERIFIED,DOI_MATCH,Zotero's DOI appears in the document,100.0,0.002,True,False,True,8,8,1.0,True,True,7479,7,,CAP5RCI4,,Effect of a Peer-led Lifestyle Intervention on Individuals With Normal Weight Obesity: Insights From the Kerala Diabetes Prevention Program.
TC6MJCXW,unlabelled,FIC,VERIFIED,DOI_MATCH,Zotero's DOI appears in the document,100.0,0.018,True,False,True,14,14,1.0,True,True,8282,11,,S9EYW2QT,,"""I desire to have an HIV-free baby"": pregnant and breastfeeding mothers' perceptions of Viral load testing and suppression in HIV care in southwestern  Uganda."
VD8ITJG2,unlabelled,FIC,VERIFIED,DOI_MATCH,Zotero's DOI appears in the document,100.0,0.002,True,False,True,6,7,0.857,True,True,8136,16,,VW2LKNG2,,"Determinants of primary healthcare providers' readiness for integration of ART services at departmental levels: A case study of Lira City and District, Uganda."
2YE5BGIJ,unlabelled,FIC,VERIFIED,DOI_MATCH,Zotero's DOI appears in the document,100.0,0.0,True,False,True,5,5,1.0,True,False,6541,14,,5Z5PA7PW,,First Aid Practices for Injured Children in Rural Ghana: A Cluster-Random Population-Based Survey.
RRW7B69V,unlabelled,FIC,VERIFIED,DOI_MATCH,Zotero's DOI appears in the document,100.0,0.002,True,False,True,12,12,1.0,True,True,8852,20,,N8L98G3D,,Evaluation of an integrated intervention to reduce psychological distress and intimate partner violence in refugees: Results from the Nguvu cluster randomized  feasibility trial.
ZB7AARX9,unlabelled,FIC,VERIFIED,DOI_MATCH,Zotero's DOI appears in the document,100.0,0.003,True,False,True,9,9,1.0,True,False,8514,16,,GWH7GCSX,,Organizational contextual factors that predict success of a quality improvement collaborative approach to enhance integrated HIV-tuberculosis services: a  sub-study of the Scaling up TB/HIV Integration trial.
558WILRC,unlabelled,FIC,VERIFIED,DOI_MATCH,Zotero's DOI appears in the document,100.0,0.017,True,False,True,13,13,1.0,True,True,10803,12,10.1002/jia2.25803/full,2U9GWBHA,,A cluster-randomized controlled trial to improve the quality of integrated HIV-tuberculosis services in primary healthcareclinics in South Africa.
66PR49YS,unlabelled,FIC,VERIFIED,DOI_MATCH,Zotero's DOI appears in the document,100.0,0.002,True,False,True,8,10,0.8,True,True,8252,21,10.1371/journal,K73BYVIK,,Adherence clubs and decentralized medication delivery to support patient retention and sustained viral suppression in care: Results from a  cluster-randomized evaluation of differentiated ART delivery models in South  Africa.
84YFKR8U,unlabelled,FIC,VERIFIED,DOI_MATCH,Zotero's DOI appears in the document,100.0,0.001,True,False,True,7,7,1.0,True,True,9922,9,,7MYWVPZ6,,Using Targeted mHealth Messages to Address Hypertension and Diabetes Self-Management in Cambodia: Protocol for a Clustered Randomized Controlled  Trial.
HFN3I83D,unlabelled,FIC,VERIFIED,DOI_MATCH,Zotero's DOI appears in the document,100.0,0.011,True,False,True,8,8,1.0,True,True,12370,12,,RAXEPHW8,,Improving mental health in low-resource settings: A feasibility randomized controlled trial of a transdiagnostic psychological intervention among Burundian  refugee adolescents and their caregivers.
2YGU8BKG,unlabelled,FIC,VERIFIED,DOI_MATCH,Zotero's DOI appears in the document,100.0,0.002,True,False,True,9,9,1.0,True,True,9025,11,,2N43LQUT,,Evaluation of video-assisted HPV education in government-supported clinics in Western Kenya.
HDRNZ2A2,unlabelled,FIC,VERIFIED,DOI_MATCH,Zotero's DOI appears in the document,100.0,0.004,True,False,True,14,14,1.0,True,False,10406,11,,NFQR6Y43,,A behaviour change intervention with lipid-based nutrient supplements had little impact on young child feeding indicators in rural Kenya.
VWCF744D,unlabelled,FIC,VERIFIED,DOI_MATCH,Zotero's DOI appears in the document,100.0,0.0,True,False,True,13,13,1.0,True,True,6719,31,,4UGZTVB9,,"Are home gardening programs a sustainable way to improve nutrition? Lessons from a cluster-randomized controlled trial in Rufiji, Tanzania."
8FFEB5GP,unlabelled,FIC,VERIFIED,DOI_MATCH,Zotero's DOI appears in the document,100.0,0.003,True,False,True,10,10,1.0,True,True,9593,12,,JUQIVGU3,,"Home gardening improves dietary diversity, a cluster-randomized controlled trial among Tanzanian women."
LGQ7G4GV,unlabelled,FIC,VERIFIED,DOI_MATCH,Zotero's DOI appears in the document,100.0,-1.0,True,False,True,6,6,1.0,True,True,10183,24,,8V9ETUYY,,Using mH ealth Tools to Improve Access and Coverage of People With Public Health Insurance and High Cardiovascular Disease Risk in Argentina: A Pragmatic Cluster  Randomized Trial.
YX4B4THY,unlabelled,FIC,VERIFIED,DOI_MATCH,Zotero's DOI appears in the document,100.0,0.003,True,False,True,9,9,1.0,True,True,6864,11,,CC6EIEQS,,The Relationship Between Dietary Diversity Among Women of Reproductive Age and Agricultural Diversity in Rural Tanzania.
PKIU84XT,unlabelled,FIC,VERIFIED,DOI_MATCH,Zotero's DOI appears in the document,100.0,0.011,True,False,True,6,6,1.0,True,False,9454,7,,UNP365EL,,A situation analysis of competences of research ethics committee members regarding review of research protocols with complex and emerging study designs in  Uganda.
SBLQLVS7,unlabelled,FIC,VERIFIED,DOI_MATCH,Zotero's DOI appears in the document,100.0,0.013,True,False,True,11,11,1.0,True,True,9398,13,,HQP3WPQJ,,Implementing the WHO Safe Childbirth Checklist modified for preterm birth: lessons learned and experiences from Kenya and Uganda.
56N7V4MC,unlabelled,NCATS; NCCIH,VERIFIED,DOI_MATCH,Zotero's DOI appears in the document,100.0,0.009,True,False,True,5,5,1.0,True,True,13903,9,,ZCC55BNE,,Imagine HEALTH: Changes in diurnal salivary cortisol patterns following a 12-week guided imagery RCT lifestyle intervention in predominantly Latino adolescents.
5RGZSZ2C,unlabelled,NCATS; NCCIH,VERIFIED,DOI_MATCH,Zotero's DOI appears in the document,100.0,0.0,True,False,True,14,14,1.0,True,False,9552,8,,7WCG4UNM,,Veteran Response to Dosage in Chiropractic Therapy (VERDICT): Study Protocol of a Pragmatic Randomized Trial for Chronic Low Back Pain.
LAN3S567,unlabelled,NCATS; NCCIH,VERIFIED,DOI_MATCH,Zotero's DOI appears in the document,100.0,0.012,True,False,True,7,7,1.0,True,True,9483,17,,3FF9WXDK,,Multidisciplinary integrative care versus chiropractic care for low back pain: a randomized clinical trial.
FRHW5NA2,unlabelled,NCATS; NCCIH,VERIFIED,DOI_MATCH,Zotero's DOI appears in the document,100.0,0.0,True,False,True,20,20,1.0,True,False,7648,30,,CKDT76T2,,Parent-focused prevention of adolescent health risk behavior: Study protocol for a multisite cluster-randomized trial implemented in pediatric primary care.
QV7GH729,unlabelled,NCATS; NINR,VERIFIED,DOI_MATCH,Zotero's DOI appears in the document,100.0,0.0,True,False,True,10,10,1.0,True,False,6138,25,,9GCWNZQ3,,Testing the evidence integration triangle for implementation of interventions to manage behavioral and psychological symptoms associated with dementia: Protocol  for a pragmatic trial.
64RUSWF7,unlabelled,NCATS; NINR,VERIFIED,DOI_MATCH,Zotero's DOI appears in the document,100.0,0.0,True,False,True,10,10,1.0,True,False,5950,20,,JQXA44NX,,Shared decision-making in the BREATHE asthma intervention trial: A research protocol.
HX89FGUG,unlabelled,NCATS; NCCIH; NINR,VERIFIED,DOI_MATCH,Zotero's DOI appears in the document,100.0,0.0,True,False,True,3,3,1.0,True,True,7248,19,,MD2DJNH7,,Baseline higher hair cortisol moderated some effects in a healthy lifestyle intervention.
EGIAHKR4,unlabelled,NCATS; NINR,VERIFIED,DOI_MATCH,Zotero's DOI appears in the document,100.0,0.0,True,False,True,11,11,1.0,True,False,5550,27,,R3CMS68C,,Group-randomized trial of tailored brief shared decision-making to improve asthma control in urban black adults.
QP3BKY2S,unlabelled,NCATS; NINR,VERIFIED,DOI_MATCH,Zotero's DOI appears in the document,100.0,0.0,True,False,True,6,6,1.0,True,False,6191,12,,NMB8RTEV,,Life-Space of Older Adults after Discharge from Skilled Nursing Facilities.
F7Z94FSR,unlabelled,NCATS; NINDS,VERIFIED,DOI_MATCH,Zotero's DOI appears in the document,100.0,0.025,True,False,True,8,8,1.0,True,True,5310,16,,V7GCL8L5,,Process Evaluation of a Faith-Based Multicomponent Behavioral Intervention to Reduce Stroke Risk in Mexican Americans in a Catholic Church Setting: The SHARE  (Stroke Health and Risk Education) Project.
4MLYCF5B,unlabelled,NCATS; NIMHD,VERIFIED,DOI_MATCH,Zotero's DOI appears in the document,100.0,0.0,True,False,True,12,12,1.0,True,True,10244,10,,L9597JEQ,,Effect of the ASCENT Intervention to Increase Knowledge of Kidney Allocation Policy Changes Among Dialysis Providers.
RN6B54TP,unlabelled,NCATS; NIMHD,VERIFIED,DOI_MATCH,Zotero's DOI appears in the document,100.0,0.267,True,False,True,9,9,1.0,True,True,8644,5,10.1177/15248399221118394HEALTH,J5ZYEYZM,,"Factors Facilitating Academic-Community Research Partnerships With African American Churches: Recruitment Process for a Community-Based, Cluster Randomized  Controlled Trial During the COVID-19 Pandemic."
69EXRVY7,unlabelled,NCATS; NIMHD,VERIFIED,DOI_MATCH,Zotero's DOI appears in the document,100.0,0.116,True,False,True,8,8,1.0,True,True,9630,16,10.1161/CIRCULATIONAHA.122.059046,GAEWDT94,,"Community-Based, Cluster-Randomized Pilot Trial of a Cardiovascular Mobile Health Intervention: Preliminary Findings of the FAITH! Trial."
MQ2YYVPU,unlabelled,NCATS; NIMH,VERIFIED,DOI_MATCH,Zotero's DOI appears in the document,100.0,0.003,True,False,True,6,6,1.0,True,True,8738,13,,KN68V2D6,,The effect of caregiver key opinion leaders on increasing caregiver demand for evidence-based practices to treat youth anxiety: protocol for a randomized  control trial.
ZWVHDKR2,unlabelled,NCATS; NIMH; NLM,VERIFIED,DOI_MATCH,Zotero's DOI appears in the document,100.0,0.163,True,False,True,13,13,1.0,True,True,8235,8,,I89N7XM9,,"12-Month Cost Outcomes of Community Engagement Versus Technical Assistance for Depression Quality Improvement: A Partnered, Cluster Randomized,  Comparative-Effectiveness Trial."
Q8L336CD,unlabelled,NCATS; NIMH; NIMHD; NLM,VERIFIED,DOI_MATCH,Zotero's DOI appears in the document,100.0,0.013,True,False,True,23,23,1.0,True,True,9598,14,,MGB9JH49,,Comparative Effectiveness of Coalitions Versus Technical Assistance for Depression Quality Improvement in Persons with Multiple Chronic Conditions.
S9ID8NQK,unlabelled,NCATS; NIMH; NIMHD; NLM,VERIFIED,DOI_MATCH,Zotero's DOI appears in the document,100.0,0.014,True,False,True,15,15,1.0,True,True,9259,13,,HXSKH6G4,,Engaging Community Networks to Improve Depression Services: A Cluster-Randomized Trial of a Community Engagement and Planning Intervention.
XY3WZ8AL,unlabelled,NCATS; NIMH,VERIFIED,DOI_MATCH,Zotero's DOI appears in the document,100.0,0.0,True,False,True,8,8,1.0,True,False,7368,22,,BG6BKBVS,,Accounting for group differences in study retention in a randomized trial of specialized treatment for first episode psychosis.
BRWIFV6N,unlabelled,NCATS; NIMH; NIMHD; NLM,VERIFIED,DOI_MATCH,Zotero's DOI appears in the document,100.0,0.134,True,False,True,8,8,1.0,True,True,9181,10,,3IPNQJUX,,Community Partners in Care: 6- and 12-month Outcomes of Community Engagement versus Technical Assistance to Implement Depression Collaborative Care among  Depressed Older Adults.
UFWNSS3G,unlabelled,NCATS; NCCIH; NIMH,VERIFIED,DOI_MATCH,Zotero's DOI appears in the document,100.0,0.076,True,False,True,8,8,1.0,True,True,5373,16,10.14200/jrm.2020.0101:,2QHIDRK6,,Classroom-Based Mindfulness Training Reduces Anxiety in Adolescents: Acceptability and Effectiveness of a Cluster-Randomized Pilot Study.
HB3YQNY5,unlabelled,NCATS; NIMH,VERIFIED,DOI_MATCH,Zotero's DOI appears in the document,100.0,0.141,True,False,True,11,11,1.0,True,False,8851,19,,ZZKKY5T9,,"Implementation fidelity, student outcomes, and cost-effectiveness of train-the-trainer strategies for Masters-level therapists in urban schools:  results from a cluster randomized trial."
5TB6X4ZN,unlabelled,NCATS; NIMH; NIMHD; NLM,VERIFIED,DOI_MATCH,Zotero's DOI appears in the document,100.0,0.059,True,False,True,9,9,1.0,True,True,4704,23,10.1177/0193945918800333Western,C255Y7P6,,A Comparative Effectiveness Trial of Depression Collaborative Care: Subanalysis of Comorbid Anxiety.
4K27S6DD,unlabelled,NCATS; NIMH,VERIFIED,DOI_MATCH,Zotero's DOI appears in the document,100.0,0.0,True,False,True,3,3,1.0,True,False,6498,17,,GEZ99UVF,,Gender differences in outcomes of early intervention services for first episode psychosis.
89SN754M,unlabelled,NCATS; NIGMS; NIMH,VERIFIED,DOI_MATCH,Zotero's DOI appears in the document,100.0,0.0,True,False,True,6,6,1.0,True,False,6648,12,,N82BRB6W,,Effects of Primary Care Provider Characteristics on Changes in Behavioral Health Delivery During a Collaborative Care Trial.
QKGFUW4N,unlabelled,NCATS; NIGMS,VERIFIED,DOI_MATCH,Zotero's DOI appears in the document,100.0,0.0,True,False,True,5,5,1.0,True,False,6427,13,,TSBAJTC9,,Mentoring as a Buffer for the Impact of Social Unrest due to Systemic Racism and Ambient Discrimination.
RNRTZY8B,unlabelled,NCATS; NIGMS,VERIFIED,DOI_MATCH,Zotero's DOI appears in the document,100.0,0.005,True,False,True,7,7,1.0,True,True,9219,11,,NRREJGFS,,Efficacy of a group-based brief tobacco intervention among young adults aged 18-20 years in the US Air Force.
FD6892P3,unlabelled,NCATS; NIGMS,VERIFIED,DOI_MATCH,Zotero's DOI appears in the document,100.0,0.0,True,False,True,6,6,1.0,True,False,6443,21,,668VQAT9,,Evaluation of a Virtual Culturally Aware Mentoring Workshop for Biomedical Faculty.
JDWVCU3N,unlabelled,NCATS; NIGMS,VERIFIED,DOI_MATCH,Zotero's DOI appears in the document,100.0,0.026,True,False,True,4,4,1.0,True,False,5523,7,,E8U54GPS,,The role of clinician assistants in addressing perinatal depression.
5ILMUZDM,unlabelled,NCATS; NCCIH; NIDA; NLM,VERIFIED,DOI_MATCH,Zotero's DOI appears in the document,100.0,0.019,True,False,True,28,28,1.0,True,True,5734,17,,LFZSB5C7,,Progress Report on EMBED: A Pragmatic Trial of User-Centered Clinical Decision Support to Implement EMergency Department-Initiated BuprenorphinE for Opioid Use  Disorder.
TZCEGIPS,unlabelled,NCATS; NIDA,VERIFIED,DOI_MATCH,Zotero's DOI appears in the document,100.0,0.002,True,False,True,5,5,1.0,True,True,11194,4,,RRVQR382,,Does Medication Sampling Improve Compliance with Brief Advice? Results from a Pragmatic Randomized Clinical Trial.
LEJSIRL3,unlabelled,NCATS; NIDA,VERIFIED,DOI_MATCH,Zotero's DOI appears in the document,100.0,0.0,True,False,True,8,8,1.0,True,False,6101,16,,ZZGDU46Z,,Nicotine replacement therapy sampling for smoking cessation within primary care: results from a pragmatic cluster randomized clinical trial.
ELFE9TR6,unlabelled,NCATS; NIDA,VERIFIED,DOI_MATCH,Zotero's DOI appears in the document,100.0,0.002,True,False,True,7,7,1.0,True,True,10127,14,,2DH3I2DU,,Feasibility of a Smartphone App with Mindfulness Training for Adolescent Smoking Cessation: Craving to Quit (C2Q)-Teen.
ZGY5R8VA,unlabelled,NCATS; NIDA; NIMH,VERIFIED,DOI_MATCH,Zotero's DOI appears in the document,100.0,0.0,True,False,True,8,8,1.0,True,False,6398,26,,P5RGMG3V,,Adolescents Treated for Attention-Deficit/Hyperactivity Disorder in Pediatric Primary Care: Characterizing Risk for Stimulant Diversion.
CZAJS6JZ,unlabelled,NCATS; NIDA,VERIFIED,DOI_MATCH,Zotero's DOI appears in the document,100.0,0.0,True,False,True,7,7,1.0,True,False,6528,20,,XM87P86H,,"Assessment of an electronic and clinician-delivered brief intervention on cigarette, alcohol and illicit drug use among women in a reproductive healthcare  clinic."
BHPICT8X,unlabelled,NCATS; NIDA,VERIFIED,DOI_MATCH,Zotero's DOI appears in the document,100.0,0.246,True,False,False,0,0,0.0,True,True,4311,12,,DXMG2ZAD,,The HEALing (Helping to End Addiction Long-term (SM)) Communities Study: Protocol for a cluster randomized trial at the community level to reduce opioid overdose  deaths through implementation of an integrated set of evidence-based practices.
92AATY27,unlabelled,NCATS; NIDA,VERIFIED,DOI_MATCH,Zotero's DOI appears in the document,100.0,0.038,True,False,True,21,21,1.0,True,False,11569,7,,TXRWRMWT,,Effect of Electronic Nicotine Delivery Systems on Cigarette Abstinence in Smokers With No Plans to Quit: Exploratory Analysis of a Randomized Placebo-Controlled  Trial.
DWDRZGCT,unlabelled,NCATS; NCCIH; NIDA,VERIFIED,DOI_MATCH,Zotero's DOI appears in the document,100.0,0.006,True,False,True,17,17,1.0,True,False,11580,12,10.1136/bmj-2021-069271,9BEGS8RR,,User centered clinical decision support to implement initiation of buprenorphine for opioid use disorder in the emergency department: EMBED pragmatic cluster  randomized controlled trial.
LLVSFTB7,unlabelled,NCATS; NIDA,VERIFIED,DOI_MATCH,Zotero's DOI appears in the document,100.0,0.0,True,False,True,6,6,1.0,False,False,11189,8,,5P9SA94W,,Substance Use Disorder Detection Rates Among Providers of General Medical Inpatients.
JCG8XFCD,unlabelled,NCATS; NIDA,VERIFIED,DOI_MATCH,Zotero's DOI appears in the document,100.0,0.0,True,False,True,12,12,1.0,True,False,6377,24,,JF56QHNX,,"Design, implementation and preliminary results of a type-2 hybrid cluster-randomized trial of integrating screening and treatment for major  depressive disorder into specialty clinics providing opioid agonist therapies in  Ukraine."
6RK86SSU,unlabelled,NCATS; NIDA; NIMH,VERIFIED,DOI_MATCH,Zotero's DOI appears in the document,100.0,0.007,True,False,True,9,9,1.0,True,False,9753,9,,C6MRHMHT,,Effects of Training on Use of Stimulant Diversion Prevention Strategies by Pediatric Primary Care Providers: Results from a Cluster-Randomized Trial.
WD5UD68X,unlabelled,NCATS; NIDA; NIMH,VERIFIED,DOI_MATCH,Zotero's DOI appears in the document,100.0,0.014,True,False,True,11,11,1.0,True,True,9121,18,,ITWM6B4X,,Multi-Sector Assessment and Client-Perception of Social Need at Long-Term Follow-Up of a Group-Randomized Trial of Community-Engaged Collaborative Care for  Adults with Depression.
6ZNEXP5Y,unlabelled,NCATS; NIDA,VERIFIED,DOI_MATCH,Zotero's DOI appears in the document,100.0,0.156,True,False,True,16,16,1.0,True,True,6767,10,,7QIF6UFC,,Model and approach for assessing implementation context and fidelity in the HEALing Communities Study.
PTVTLVQU,unlabelled,NCATS; NIDA,VERIFIED,DOI_MATCH,Zotero's DOI appears in the document,100.0,0.0,True,False,True,5,5,1.0,True,False,7023,17,,UCI48M6U,,"Rationale, design, and methods for the development of a youth adapted Brief Tobacco Intervention plus automated text messaging for high school students."
4B9B4HMN,unlabelled,NCATS; NIDA,VERIFIED,DOI_MATCH,Zotero's DOI appears in the document,100.0,0.0,True,False,True,11,11,1.0,True,False,10583,10,,QFU945Z3,,Naloxone Co-Dispensing with Opioids: a Cluster Randomized Pragmatic Trial.
ERDDSWEX,unlabelled,NCATS; NIDDK,VERIFIED,DOI_MATCH,Zotero's DOI appears in the document,100.0,0.0,True,False,True,5,5,1.0,True,False,6898,13,,HTGAN32V,,Factors associated with antidepressant use among low-income racially and ethnically diverse patients with type 2 diabetes.
JXRWVN3I,unlabelled,NCATS; NIDDK,VERIFIED,DOI_MATCH,Zotero's DOI appears in the document,100.0,0.0,True,False,True,1,10,0.1,True,False,6426,22,,YL53P698,,Physical activity across the curriculum (PAAC3): Testing the application of technology delivered classroom physical activity breaks.
652BDZUA,unlabelled,NCATS; NIDDK,VERIFIED,DOI_MATCH,Zotero's DOI appears in the document,100.0,0.0,True,False,True,14,14,1.0,True,False,10356,8,,WDTMYS5G,,The Partnership to Improve Diabetes Education Trial: a Cluster Randomized Trial Addressing Health Communication in Diabetes Care.
JMZEVPCJ,unlabelled,NCATS; NIDDK,VERIFIED,DOI_MATCH,Zotero's DOI appears in the document,100.0,0.0,True,False,True,6,6,1.0,True,False,6665,22,,97VHWU3V,,The Influence of Classroom Physical Activity Participation and Time on Task on Academic Achievement.
94R66Z42,unlabelled,NCATS; NIDDK,VERIFIED,DOI_MATCH,Zotero's DOI appears in the document,98.4,0.0,True,False,True,1,14,0.071,True,False,6509,20,,5V5QVTXT,,Protocol for a cluster-randomized controlled trial of a technology-assisted health coaching intervention for weight management in primary care: The GEM  (goals for eating and moving) study.
KSEJHAZU,unlabelled,NCATS; NIDDK; NIGMS,VERIFIED,DOI_MATCH,Zotero's DOI appears in the document,100.0,0.002,True,False,True,8,8,1.0,True,False,9090,19,,BNSFSFES,,Stakeholder selected strategies for obesity prevention in childcare: results from a small-scale cluster randomized hybrid type III trial.
PGHBUF4L,unlabelled,NCATS; NIDDK,VERIFIED,DOI_MATCH,Zotero's DOI appears in the document,100.0,0.342,True,False,True,21,21,1.0,True,True,10023,17,,RAQGQVFS,,Effects of a large-scale social media advertising campaign on holiday travel and COVID-19 infections: a cluster randomized controlled trial.
YWEDBWJW,unlabelled,NCATS; NIDDK,VERIFIED,DOI_MATCH,Zotero's DOI appears in the document,100.0,0.012,True,False,True,8,8,1.0,True,True,8752,10,,JP7VYZ3E,,Peer mentorship to improve outcomes in patients on hemodialysis (PEER-HD): a randomized controlled trial protocol.
IC894FGJ,unlabelled,NCATS; NIDDK,VERIFIED,DOI_MATCH,Zotero's DOI appears in the document,100.0,0.154,True,False,True,7,7,1.0,True,True,9103,13,,JJQQ67XG,,Enhancing Mental and Physical Health of Women through Engagement and Retention (EMPOWER) 2.0 QUERI: study protocol for a cluster-randomized hybrid type 3  effectiveness-implementation trial.
X7T22IIR,unlabelled,NCATS; NIDDK,VERIFIED,DOI_MATCH,Zotero's DOI appears in the document,100.0,0.002,True,False,True,6,6,1.0,True,True,10258,19,,GCF6X8MC,,Impact of Sit-to-Stand and Treadmill Desks on Patterns of Daily Waking Physical Behaviors Among Overweight and Obese Seated Office Workers: Cluster Randomized  Controlled Trial.
23XRI9U5,unlabelled,NCATS; NIDDK,VERIFIED,DOI_MATCH,Zotero's DOI appears in the document,100.0,0.004,True,False,True,10,10,1.0,True,False,9913,13,,JB9RBX9Z,,The 6-Month Efficacy of an Intensive Lifestyle Modification Program on Type 2 Diabetes Risk Among Rural Women with Prior Gestational Diabetes Mellitus: a  Cluster Randomized Controlled Trial.
K9SBFA78,unlabelled,NCATS; NIDDK,VERIFIED,DOI_MATCH,Zotero's DOI appears in the document,100.0,0.011,True,False,True,9,9,1.0,True,True,9451,14,,SAKCPPS2,,"Padres Preparados, Jóvenes Saludables: intervention impact of a randomized controlled trial on Latino father and adolescent energy balance-related  behaviors."
5ZUAHHB6,unlabelled,NCATS; NIDDK,VERIFIED,DOI_MATCH,Zotero's DOI appears in the document,100.0,0.002,True,False,True,9,10,0.9,True,True,8585,18,,87D64A2G,,Care for patients living with chronic conditions using the ICAN Discussion Aid: A mixed methods cluster-randomized trial.
2M5S9SWT,unlabelled,NCATS; NIDDK,VERIFIED,DOI_MATCH,Zotero's DOI appears in the document,100.0,0.0,True,False,True,10,10,1.0,True,False,6657,18,,MTSS6TA9,,Rationale and design of a pragmatic trial aimed at improving treatment of hyperlipidemia in outpatients with very high risk atherosclerotic cardiovascular  disease: A pragmatic trial of messaging to providers about treatment of  hyperlipidemia (PROMPT-LIPID).
ICIRX3RH,unlabelled,NCATS; NIDDK,VERIFIED,DOI_MATCH,Zotero's DOI appears in the document,100.0,0.011,True,False,True,10,10,1.0,True,True,9224,15,,H62SAMZM,,The 18-month efficacy of an Intensive LifeStyle Modification Program (ILSM) to reduce type 2 diabetes risk among rural women: a cluster randomized controlled  trial.
H96RAF69,unlabelled,NCATS; NIDDK,VERIFIED,DOI_MATCH,Zotero's DOI appears in the document,100.0,0.0,True,False,True,9,9,1.0,True,True,10427,10,10.2337/dc19-0901/-/DC1,DUKX553B,,Baseline Characteristics of Randomized Participants in the Glycemia Reduction Approaches in Diabetes: A Comparative Effectiveness Study (GRADE).
TNXFU98A,unlabelled,NCATS; NCCIH; NIDDK,VERIFIED,DOI_MATCH,Zotero's DOI appears in the document,100.0,0.005,True,False,True,24,24,1.0,True,False,12271,17,10.1136/bmj.n1448,QV5AD9U8,,Dietary alteration of n-3 and n-6 fatty acids for headache reduction in adults with migraine: randomized controlled trial.
D9ARK62W,unlabelled,NCATS; NICHD,VERIFIED,DOI_MATCH,Zotero's DOI appears in the document,100.0,0.003,True,False,True,11,11,1.0,True,True,9304,14,,JJH8YMZC,,Testing the effects of a prenatal depression preventive intervention on parenting and young children's self-regulation and functioning (EPIC): protocol for a  longitudinal observational study.
78TKPTQL,unlabelled,NCATS; NICHD; NIDDK,VERIFIED,TITLE_AUTHOR_MATCH,title matches (100.0) and first author present; no DOI in text,100.0,0.0,False,False,True,8,8,1.0,True,True,9296,11,,623DIQHW,,A Health-Literacy Intervention for Early Childhood Obesity Prevention: A Cluster-Randomized Controlled Trial.
389ZASKJ,unlabelled,NCATS; NICHD,VERIFIED,DOI_MATCH,Zotero's DOI appears in the document,100.0,0.168,True,False,True,5,5,1.0,True,True,5547,8,,FK9ZIBRZ,,Designing a virtual mental health consultation program to support and strengthen childcare centers impacted by COVID-19: A randomized controlled trial protocol.
C2DVEERC,unlabelled,NCATS; NICHD,VERIFIED,TITLE_AUTHOR_MATCH,title matches (100.0) and first author present; no DOI in text,100.0,0.0,False,False,True,13,13,1.0,True,True,10851,11,,53JMHU67,,The Injury Prevention Program to Reduce Early Childhood Injuries: A Cluster Randomized Trial.
RKJANY3I,unlabelled,NCATS; NICHD; NIDDK,VERIFIED,DOI_MATCH,Zotero's DOI appears in the document,100.0,0.0,True,False,True,11,11,1.0,True,False,6967,15,,5XEJIV7W,,Infant Television Watching Predicts Toddler Television Watching in a Low-Income Population.
6VF8JJ2X,unlabelled,NCATS; NICHD,VERIFIED,DOI_MATCH,Zotero's DOI appears in the document,100.0,0.0,True,False,True,10,10,1.0,True,False,6271,15,,N2QB5AE6,,"Reopening schools safely and educating youth (ROSSEY) study: Protocol for a community-based, cluster randomized controlled trial."
KXCHSFHC,unlabelled,NCATS; NICHD; NIDDK; NIMHD,VERIFIED,DOI_MATCH,Zotero's DOI appears in the document,100.0,0.0,True,False,True,12,12,1.0,True,False,6363,15,,P4WPSHA5,,Early Sweet Tooth: Juice Introduction During Early Infancy is Related to Toddler Juice Intake.
6JHI58QA,unlabelled,NCATS; NICHD; NIEHS,VERIFIED,DOI_MATCH,Zotero's DOI appears in the document,100.0,0.0,True,False,True,11,11,1.0,True,False,6524,20,,IGGQZSDX,,Helping individuals with firearm injuries: A cluster randomized trial.
I5M96653,unlabelled,NCATS; NICHD; NINR,VERIFIED,DOI_MATCH,Zotero's DOI appears in the document,100.0,0.0,True,False,True,13,13,1.0,True,False,6528,18,,IBECRZ3X,,Study protocol for the Mindful Moms Study: A randomized controlled trial evaluating a mindful movement intervention for marginalized pregnant people  experiencing depression.
PE7QLEQX,unlabelled,NCATS; NICHD; NIDA,VERIFIED,DOI_MATCH,Zotero's DOI appears in the document,100.0,0.001,True,False,True,7,7,1.0,True,True,10977,12,,KJ25QZ2M,,Parent-Focused Sexual Abuse Prevention: Results From a Cluster Randomized Trial.
L7TKTSW2,unlabelled,NCATS; NICHD,VERIFIED,TITLE_AUTHOR_MATCH,title matches (100.0) and first author present; no DOI in text,100.0,0.001,False,False,True,9,9,1.0,True,True,9538,12,,42ZW3FZ7,,Reading Aloud and Child Development: A Cluster-Randomized Trial in Brazil.
5NL55D4T,unlabelled,NCATS; NICHD,VERIFIED,DOI_MATCH,Zotero's DOI appears in the document,100.0,0.016,True,False,True,30,30,1.0,True,True,3402,24,,FFGH4BJS,,Umbilical cord milking in nonvigorous infants: a cluster-randomized crossover trial.
2WCBD5J7,unlabelled,NCATS; NICHD,VERIFIED,DOI_MATCH,Zotero's DOI appears in the document,100.0,0.0,True,False,True,24,42,0.571,True,False,4296,20,,GM4EREQE,,"Eat, Sleep, Console Approach or Usual Care for Neonatal Opioid Withdrawal."
C374RXQG,unlabelled,NCATS; NIAMS,VERIFIED,DOI_MATCH,Zotero's DOI appears in the document,100.0,0.018,True,False,True,10,10,1.0,True,True,8858,6,10.1002/acr.23755/​,3UCI6X3I,,Adverse Events and Resource Use Before and After Treat-to-Target in Rheumatoid Arthritis: A Post Hoc Analysis of a Randomized Controlled Trial.
NXXPM842,unlabelled,NCATS; NIAMS,VERIFIED,DOI_MATCH,Zotero's DOI appears in the document,100.0,0.017,True,False,True,4,4,1.0,True,True,10119,10,,AWF54VU8,,Evaluating a web-based personalized decision report for total knee or hip replacement: Lessons learned from patients.
WAJQFQ3Z,unlabelled,NCATS; NIAMS,VERIFIED,DOI_MATCH,Zotero's DOI appears in the document,100.0,0.003,True,False,True,5,5,1.0,True,False,9942,11,,KTV7TY93,,Promoting physical activity via physical therapist following knee replacement: A pilot randomized controlled trial.
Z4NURJHV,unlabelled,NCATS; NIAMS; NIDA; NIMH; NIMHD,VERIFIED,DOI_MATCH,Zotero's DOI appears in the document,100.0,0.006,True,False,True,11,11,1.0,True,False,9898,12,,MH9AANMG,,Accounting for Context in Randomized Trials after Assignment.
NRWI3Y77,unlabelled,NCATS; NIAID; NICHD,VERIFIED,DOI_MATCH,Zotero's DOI appears in the document,100.0,0.058,True,False,True,10,10,1.0,True,False,10742,8,,TX5EH6TV,,Improving Tuberculosis Preventive Therapy Uptake: A Cluster-randomized Trial of Symptom-based Versus Tuberculin Skin Test-based Screening of Household  Tuberculosis Contacts Less Than 5 Years of Age.
H77NRAZS,unlabelled,NCATS; NIAID,VERIFIED,DOI_MATCH,Zotero's DOI appears in the document,100.0,0.0,True,False,True,13,13,1.0,True,False,5956,12,,5RIIW8NK,,Implementation Lessons Learned From the Benefits of Enhanced Terminal Room (BETR) Disinfection Study: Process and Perceptions of Enhanced Disinfection with  Ultraviolet Disinfection Devices.
BCB3DW2H,unlabelled,NCATS; NIAID; NIDA,VERIFIED,DOI_MATCH,Zotero's DOI appears in the document,100.0,0.007,True,False,True,8,8,1.0,True,True,7962,12,,Q6XPNPEA,,Effect of Changing Electronic Health Record Opioid Analgesic Dispense Quantity Defaults on the Quantity Prescribed: A Cluster Randomized Clinical Trial.
BKS28DP7,unlabelled,NCATS; NIAID; NIGMS; NIMH,VERIFIED,DOI_MATCH,Zotero's DOI appears in the document,100.0,0.027,True,False,True,7,7,1.0,True,True,5898,10,,F8LTH5P7,,"Correlated depressive symptoms within seroconcordant, expectant partners living with HIV in Zambézia Province, Mozambique: a cross-sectional study."
47K5IY6H,unlabelled,NCATS; NIAID,VERIFIED,DOI_MATCH,Zotero's DOI appears in the document,100.0,0.002,True,False,True,8,8,1.0,True,True,8879,12,10.1371/journal,W4GLVXAS,,Relationship between HIV viral suppression and multidrug resistant tuberculosis treatment outcomes.
KKDPLVEE,unlabelled,NCATS; NIAID; NIDA; NIMH,VERIFIED,DOI_MATCH,Zotero's DOI appears in the document,100.0,0.0,True,False,True,17,17,1.0,True,False,6476,17,,BIZTGHJN,,Integrating HCV testing with HIV programs improves hepatitis C outcomes in people who inject drugs: A cluster-randomized trial.
893TLJGV,unlabelled,NCATS; NIAID; NIDA; NIMH,VERIFIED,DOI_MATCH,Zotero's DOI appears in the document,100.0,0.003,True,False,True,7,7,1.0,True,True,9549,10,,RIE5B47Q,,Who can we reach and who can we keep? Predictors of intervention engagement and adherence in a cluster randomized controlled trial in South Africa.
F6FWX8KR,unlabelled,NCATS; NIAID,VERIFIED,DOI_MATCH,Zotero's DOI appears in the document,100.0,0.027,True,False,True,10,10,1.0,True,False,9154,10,,HIK6ST72,,Design of the Intervention to Reduce Early Peanut Allergy in Children (iREACH): A practice-based clinical trial.
EIAXJXEU,unlabelled,NCATS; NIAID,VERIFIED,DOI_MATCH,Zotero's DOI appears in the document,98.5,0.057,True,False,True,21,21,1.0,True,False,10002,7,,2ATENUID,,Stopping Hospital Infections With Environmental Services (SHINE): A Cluster-randomized Trial of Intensive Monitoring Methods for Terminal Room  Cleaning on Rates of Multidrug-resistant Organisms in the Intensive Care Unit.
DBJHG8ID,unlabelled,NCATS; NIAID,VERIFIED,DOI_MATCH,Zotero's DOI appears in the document,100.0,0.321,True,False,True,16,16,1.0,True,True,13354,19,,9MB8Z5ZD,,Drinking water chlorination has minor effects on the intestinal flora and resistomes of Bangladeshi children.
7LYGSSK9,unlabelled,NCATS; NIAID; NIMH,VERIFIED,DOI_MATCH,Zotero's DOI appears in the document,100.0,0.002,True,False,True,6,8,0.75,True,True,7540,18,10.1371/journal,F2E2WX5J,,The effect of supervision on community health workers' effectiveness with households in rural South Africa: A cluster randomized controlled trial.
GW43X77W,unlabelled,NCATS; NIAID; NINR,VERIFIED,DOI_MATCH,Zotero's DOI appears in the document,100.0,0.0,True,False,True,12,12,1.0,True,False,5861,16,,UJKFPKGG,,Exploring HIV disease indicators at MDR-TB treatment initiation in South Africa.
YEGAVXIH,unlabelled,NCATS; NIAID; NIDA,VERIFIED,DOI_MATCH,Zotero's DOI appears in the document,100.0,0.004,True,False,True,8,8,1.0,True,False,10907,10,,IEP53IFR,,Reducing Opioid Analgesic Prescribing in Dentistry Through Prescribing Defaults: A Cluster-Randomized Controlled Trial.
5VTZH4XF,unlabelled,NCATS; NIAAA; NIAID; NIMH,VERIFIED,DOI_MATCH,Zotero's DOI appears in the document,100.0,0.0,True,False,True,1,9,0.111,True,False,7136,22,,H7F7J4NQ,,Maternal HIV does not affect resiliency among uninfected/HIV exposed South African children from birth to 5 years of age.
DHM24KUP,unlabelled,NCATS; NIAAA; NIAID; NIMH,VERIFIED,DOI_MATCH,Zotero's DOI appears in the document,100.0,0.014,True,False,True,8,8,1.0,True,False,9377,11,10.1007/s1057​8-020-01025​-1,XB3XG5UQ,,Intimate Partner Violence and Food Insecurity Predict Early Behavior Problems Among South African Children over 5-years Post-Birth.
E6UBBT62,unlabelled,NCATS; NIAAA,VERIFIED,DOI_MATCH,Zotero's DOI appears in the document,100.0,0.0,True,False,True,5,5,1.0,True,False,10834,8,,4QBZJFZX,,"Implementing an EMR-Based Referral for Smoking Quitline Services with Additional Provider Education, a Cluster-Randomized Trial."
DPWU5QBU,unlabelled,NCATS; NIAAA; NIDA,VERIFIED,DOI_MATCH,Zotero's DOI appears in the document,100.0,0.012,True,False,True,8,8,1.0,True,True,9723,13,,VEBMZ5LN,,Utilizing Soccer for Delivery of HIV and Substance Use Prevention for Young South African Men: 6-Month Outcomes of a Cluster Randomized Controlled Trial.
U2EYTRVS,unlabelled,NCATS; NIAAA; NIAID; NIMH,VERIFIED,DOI_MATCH,Zotero's DOI appears in the document,100.0,0.012,True,False,True,6,6,1.0,True,False,3878,24,,ZY9AEHX9,,"Maternal depression, alcohol use, and transient effects of perinatal paraprofessional home visiting in South Africa: Eight-year follow-up of a cluster  randomized controlled trial."
XWGJZU3Y,unlabelled,NCATS; NIAAA; NICHD; NIMHD,VERIFIED,DOI_MATCH,Zotero's DOI appears in the document,100.0,0.024,True,False,True,5,5,1.0,True,True,9837,12,,ULYVNPKY,,"Reproductive coercion in college health clinic patients: Risk factors, care seeking and perpetration."
3BDHTNBA,unlabelled,NCATS; NIAAA; NIMHD,VERIFIED,DOI_MATCH,Zotero's DOI appears in the document,100.0,0.059,True,False,True,6,6,1.0,True,True,4482,25,10.1177/08862605241253031Journal,8MZYM9JA,,Universal Sexual Violence Intervention Effects in a Cluster-Randomized Trial: Moderation by Sexual Orientation.
XW7ZSTNI,unlabelled,NCATS; NIAAA; NICHD,VERIFIED,DOI_MATCH,Zotero's DOI appears in the document,100.0,0.0,True,False,True,10,10,1.0,True,False,6653,19,,R68BXA3B,,Cluster Randomized Trial of a College Health Center Sexual Violence Intervention.
DMXVVNZX,unlabelled,NCATS; NIA,VERIFIED,DOI_MATCH,Zotero's DOI appears in the document,100.0,0.0,True,False,True,11,11,1.0,True,False,10777,8,,DK8ZECF9,,Effectiveness of Shared Decision-making for Diabetes Prevention: 12-Month Results from the Prediabetes Informed Decision and Education (PRIDE) Trial.
L2WZF7QK,unlabelled,NCATS; NIA,VERIFIED,DOI_MATCH,Zotero's DOI appears in the document,100.0,0.023,True,False,True,7,7,1.0,True,False,9856,11,,N7UF2FFR,,A Community Choir Intervention to Promote Well-Being Among Diverse Older Adults: Results From the Community of Voices Trial.
4BMKXSKL,unlabelled,NCATS; NIA,VERIFIED,DOI_MATCH,Zotero's DOI appears in the document,100.0,0.003,True,False,True,17,17,1.0,True,True,8759,8,,8EUXTDEE,,Protocol for serious fall injury adjudication in the Strategies to Reduce Injuries and Develop Confidence in Elders (STRIDE) study.
VVLUK58Q,unlabelled,NCATS; NIA,VERIFIED,DOI_MATCH,Zotero's DOI appears in the document,100.0,0.042,True,False,True,45,45,1.0,True,False,10085,9,,ZQX8ZHSE,,Strategies to Reduce Injuries and Develop Confidence in Elders (STRIDE): A Cluster-Randomized Pragmatic Trial of a Multifactorial Fall Injury Prevention  Strategy: Design and Methods.
7JLBGBF2,unlabelled,NCATS; NIA,VERIFIED,DOI_MATCH,Zotero's DOI appears in the document,100.0,0.0,True,False,True,4,4,1.0,True,False,5702,13,,NI58PVGW,,Perceptions of Family Decision-makers of Nursing Home Residents With Advanced Dementia Regarding the Quality of Communication Around End-of-Life Care.
ZY3258YS,unlabelled,NCATS; NIA,VERIFIED,DOI_MATCH,Zotero's DOI appears in the document,100.0,0.036,True,False,True,21,21,1.0,True,False,11430,7,,RX5PI8KW,,"Screening, Recruitment, and Baseline Characteristics for the Strategies to Reduce Injuries and Develop Confidence in Elders (STRIDE) Study."
4D23WKWV,unlabelled,NCATS; NIA; NIDDK; NIMHD,VERIFIED,DOI_MATCH,Zotero's DOI appears in the document,100.0,0.022,True,False,True,11,11,1.0,True,False,9340,7,,94TH9TDR,,Choice of Intensive Lifestyle Change and/or Metformin after Shared Decision Making for Diabetes Prevention: Results from the Prediabetes Informed Decisions  and Education (PRIDE) Study.
9U3H73WR,unlabelled,NCATS; NIA,VERIFIED,DOI_MATCH,Zotero's DOI appears in the document,100.0,0.022,True,False,True,8,8,1.0,True,False,9365,8,,9FA5YQRX,,A case study of ascertainment bias for the primary outcome in the Strategies to Reduce Injuries and Develop Confidence in Elders (STRIDE) trial.
ZHYY3GB4,unlabelled,NCATS; NIA,VERIFIED,DOI_MATCH,Zotero's DOI appears in the document,100.0,0.001,True,False,True,46,46,1.0,True,False,10057,7,,LJED9N2T,,Effect of a Multifactorial Fall Injury Prevention Intervention on Patient Well-Being: The STRIDE Study.
Z3Y2YRT7,unlabelled,NCATS; NIA; NICHD; NIMH; NIMHD; NLM,VERIFIED,DOI_MATCH,Zotero's DOI appears in the document,100.0,-1.0,True,False,True,7,7,1.0,True,True,9399,10,,QPRKZNDQ,,Whole Person Care in Under-resourced Communities: Stakeholder Priorities at Long-Term Follow-Up in Community Partners in Care.
4LKPGHIV,unlabelled,NCATS; NIA,VERIFIED,DOI_MATCH,Zotero's DOI appears in the document,100.0,0.038,True,False,True,10,10,1.0,True,True,11196,11,,TUE25PNT,,Advancing Rehabilitation Paradigms for Older Adults in Skilled Nursing Facilities: An Effectiveness-Implementation Hybrid Type 1 Clinical Trial  Protocol.
VLRW8X99,unlabelled,NCATS; NIA,VERIFIED,DOI_MATCH,Zotero's DOI appears in the document,100.0,0.004,True,False,True,10,10,1.0,True,True,7795,13,,FRY2NL27,,Resources for Enhancing Alzheimer's Caregiver Health in Vietnam (REACH VN): study protocol for a cluster randomized controlled trial to test the efficacy of a  family dementia caregiver intervention in Vietnam.
6WVELNZV,unlabelled,NCATS; NIA; NIBIB,VERIFIED,DOI_MATCH,Zotero's DOI appears in the document,100.0,0.0,True,False,True,7,7,1.0,True,True,9144,23,,ILKGBZAE,,Bayesian semi-parametric inference for clustered recurrent events with zero inflation and a terminal event.
YVUSKD47,unlabelled,NCATS; NIA,VERIFIED,DOI_MATCH,Zotero's DOI appears in the document,100.0,0.393,True,False,True,7,7,1.0,True,False,10255,10,,VFMS48UJ,,Costs of fall injuries in the STRIDE study: an economic evaluation of healthcare system heterogeneity and heterogeneity of treatment effect.
TFNCGZP2,unlabelled,NCATS; NIA,VERIFIED,DOI_MATCH,Zotero's DOI appears in the document,100.0,0.002,True,False,True,11,11,1.0,True,False,10106,10,,GXIDYKZJ,,Advance Care Planning for African American Caregivers of Relatives With Dementias: Cluster Randomized Controlled Trial.
JN7ZXMS6,unlabelled,NCATS; NIA,VERIFIED,DOI_MATCH,Zotero's DOI appears in the document,100.0,0.004,True,False,True,30,30,1.0,True,True,7145,9,,2WZ7368Z,,"Effect of the STRIDE fall injury prevention intervention on falls, fall injuries, and health-related quality of life."
CD7WJ33Z,unlabelled,NCATS; NIA; NIDDK; NIMHD,VERIFIED,DOI_MATCH,Zotero's DOI appears in the document,100.0,0.028,True,False,True,15,15,1.0,True,True,1616,7,,7BP9ZGHV,,The Effectiveness of Shared Decision-making for Diabetes Prevention: 24- and 36-Month Results From the Prediabetes Informed Decision and Education (PRIDE)  Trial.
8EQ6XLKC,unlabelled,NCATS; NIA,VERIFIED,DOI_MATCH,Zotero's DOI appears in the document,100.0,0.0,True,False,True,14,14,1.0,True,False,6651,19,,PUFMPGTE,,Design of Behavioral Economic Applications to Geriatrics Leveraging Electronic Health Records (BEAGLE): A pragmatic cluster randomized controlled trial.
ZHZ7QTSV,unlabelled,NCATS; NIA; NIDDK; NIMHD,VERIFIED,DOI_MATCH,Zotero's DOI appears in the document,100.0,0.0,True,False,True,11,11,1.0,True,False,10842,8,,CDUDD68F,,Differences in Weight Loss by Race and Ethnicity in the PRIDE Trial: a Qualitative Analysis of Participant Perspectives.
G9KMBJ6B,unlabelled,NCATS; NIA,VERIFIED,DOI_MATCH,Zotero's DOI appears in the document,100.0,0.002,True,False,True,16,16,1.0,True,False,10548,8,,PPRB97SY,,Optimizing Retention in a Pragmatic Trial of Community-Living Older Persons: The STRIDE Study.
N2CPTK4J,unlabelled,NCATS; NIA; NINR,VERIFIED,DOI_MATCH,Zotero's DOI appears in the document,100.0,0.001,True,False,True,6,6,1.0,True,False,10942,5,,SD6XLAAJ,,Feasibility of Delivering a Tailored Intervention for Advance Care Planning in Primary Care Practice.
ICUMIHA8,unlabelled,NCATS; NIA,VERIFIED,DOI_MATCH,Zotero's DOI appears in the document,100.0,0.007,True,False,True,5,5,1.0,True,True,9433,9,,JWYVMURY,,Implementation Challenges for a Multisite Advance Care Planning Pragmatic Trial: Lessons Learned.
R5QCW95B,unlabelled,NCATS; NIA,VERIFIED,DOI_MATCH,Zotero's DOI appears in the document,100.0,0.014,True,False,True,15,15,1.0,True,False,9136,11,,N6KHAH7B,,Health equity considerations in pragmatic trials in Alzheimer's and dementia disease: Results from a methodological review.
JIKRKTAR,unlabelled,NCATS; NIA,VERIFIED,DOI_MATCH,Zotero's DOI appears in the document,100.0,0.0,True,False,True,10,10,1.0,True,False,6611,17,,RX6R7E8S,,Multi-cultural perspectives on group singing among diverse older adults.
6BN6G6DB,unlabelled,NCATS; NIA,VERIFIED,DOI_MATCH,Zotero's DOI appears in the document,100.0,0.022,True,False,True,8,8,1.0,True,False,8979,11,,YK24K6V4,,Methodological challenges in pragmatic trials in Alzheimer's disease and related dementias: Opportunities for improvement.
KE4VC9TP,unlabelled,NCATS; NIA,VERIFIED,DOI_MATCH,Zotero's DOI appears in the document,100.0,0.0,True,False,True,9,9,1.0,True,False,6283,11,,SV44KFAW,,Mindfulness in Motion and Dietary Approaches to Stop Hypertension (DASH) in Hypertensive African Americans.
NCAJCSS6,unlabelled,NCATS; NIA,VERIFIED,DOI_MATCH,Zotero's DOI appears in the document,100.0,0.34,True,False,True,47,47,1.0,True,True,8816,12,,GDFY7BDD,,A Randomized Trial of a Multifactorial Strategy to Prevent Serious Fall Injuries.
UW9KRXLA,unlabelled,NCATS,VERIFIED,DOI_MATCH,Zotero's DOI appears in the document,100.0,0.01,True,False,True,11,11,1.0,True,True,9427,8,,ZKAWVDN2,,Ketamine for acute pain after trauma: the KAPT randomized controlled trial.
JJY2QERA,unlabelled,NCATS,VERIFIED,DOI_MATCH,Zotero's DOI appears in the document,100.0,0.004,True,False,True,7,7,1.0,True,True,7949,12,,7GZCADKW,,Effectiveness of a Mouth Care Program Provided by Nursing Home Staff vs Standard Care on Reducing Pneumonia Incidence: A Cluster Randomized Trial.
8B8JBF2G,unlabelled,NCATS,VERIFIED,DOI_MATCH,Zotero's DOI appears in the document,100.0,0.031,True,False,True,3,3,1.0,True,True,5936,12,,2RTK66WM,,"Bright light shows promise in improving sleep, depression, and quality of life in women with breast cancer during chemotherapy: findings of a pilot study."
DIM4NXHD,unlabelled,NCATS,VERIFIED,DOI_MATCH,Zotero's DOI appears in the document,100.0,0.019,True,False,True,8,8,1.0,True,False,5996,12,,J6PE3MML,,Patient and provider perspectives on uptake of a shared decision making intervention for asthma in primary care practices.
6IKCQB6I,unlabelled,NCATS,VERIFIED,DOI_MATCH,Zotero's DOI appears in the document,100.0,0.0,True,False,True,6,6,1.0,True,False,10493,10,,N45QLPSY,,Direct Delivery of Kidney Transplant Education to Black and Low-Income Patients Receiving Dialysis: A Randomized Controlled Trial.
HWIHW46R,unlabelled,NCATS,VERIFIED,DOI_MATCH,Zotero's DOI appears in the document,100.0,0.0,True,False,True,1,12,0.083,True,True,6010,20,,BFTAMBB5,,Home-based records and vaccination appointment stickers as parental reminders to reduce vaccination dropout in Indonesia: A cluster-randomized controlled trial.
89GDG8X4,unlabelled,NCATS,VERIFIED,DOI_MATCH,Zotero's DOI appears in the document,100.0,0.0,True,False,True,8,8,1.0,True,True,9420,10,,IV9LIZE2,,Socio-demographic predictors of gender inequality among heterosexual couples expecting a child in south-central Uganda.
HVQZM447,unlabelled,NCATS,VERIFIED,DOI_MATCH,Zotero's DOI appears in the document,100.0,0.003,True,False,True,7,7,1.0,True,True,8561,12,,RE7EWLC4,,UVR-sensor wearable device intervention to improve sun behaviors and reduce sunburns in melanoma survivors: study protocol of a parallel-group randomized  controlled trial.
LN9XGGNE,unlabelled,NCATS,VERIFIED,DOI_MATCH,Zotero's DOI appears in the document,100.0,0.002,True,False,True,11,11,1.0,True,True,8998,15,,8TUW277Q,,An ADaptivE PrenaTal (ADEPT) intervention to increase childhood vaccinations: Protocol for a cluster randomized trial and nested mixed methods evaluation.
ZFIWZ2T8,unlabelled,NCATS,VERIFIED,DOI_MATCH,Zotero's DOI appears in the document,100.0,0.0,True,False,True,9,9,1.0,True,False,6227,14,,WD7SXI2Z,,Can educational videos reduce opioid consumption in trauma inpatients? A cluster-randomized pilot study.
NEFAHCCF,unlabelled,NCATS,VERIFIED,DOI_MATCH,Zotero's DOI appears in the document,100.0,0.002,True,False,True,16,17,0.941,True,True,9045,14,,LL2PQTR7,,Applying Clinical Decision Support Design Best Practices With the Practical Robust Implementation and Sustainability Model Versus Reliance on Commercially  Available Clinical Decision Support Tools: Randomized Controlled Trial.
ZZBZ73CA,unlabelled,NCATS,VERIFIED,DOI_MATCH,Zotero's DOI appears in the document,100.0,0.0,True,False,True,6,7,0.857,True,True,10462,8,,DZTXYC3C,,Protocol for a Cluster Randomized Trial Comparing Team-Based to Clinician-Focused Implementation of Advance Care Planning in Primary Care.
KHXDLKXP,unlabelled,NCATS,VERIFIED,DOI_MATCH,Zotero's DOI appears in the document,100.0,0.14,True,False,True,14,14,1.0,True,False,8978,17,,DES8KBRN,,Protocol for a parallel cluster randomized trial of a participatory tailored approach to reduce overuse of antibiotics at hospital discharge: the ROAD home  trial.
GK5PNH95,unlabelled,NCATS,VERIFIED,DOI_MATCH,Zotero's DOI appears in the document,100.0,0.003,True,False,True,7,7,1.0,True,True,8080,16,,C94B7Y2Q,,Protocol for two-arm pragmatic cluster randomized hybrid implementation-effectiveness trial comparing two education strategies for  improving the uptake of noninvasive ventilation in patients with severe COPD  exacerbation.
PF926P8I,unlabelled,NCATS,VERIFIED,DOI_MATCH,Zotero's DOI appears in the document,100.0,0.003,True,False,True,17,17,1.0,True,True,8726,12,,VDAPVJ2H,,"Cluster identification, selection, and description in cluster randomized crossover trials: the PREP-IT trials."
NBXU2V3D,unlabelled,NCATS,VERIFIED,DOI_MATCH,Zotero's DOI appears in the document,100.0,0.0,True,False,True,12,13,0.923,True,True,8884,11,,CPP3QIWE,,A Randomized Clinical Trial Testing Hydroxychloroquine for Reduction of SARS-CoV-2 Viral Shedding and Hospitalization in Early Outpatient COVID-19  Infection.
TKJKYTEA,unlabelled,NCATS,VERIFIED,TITLE_AUTHOR_MATCH,title matches (100.0) and first author present; no DOI in text,100.0,0.1,False,False,True,32,32,1.0,False,False,3963,29,,Q7SLUZ2H,,Effectiveness and cost-effectiveness of online recorded recovery narratives in improving quality of life for people with non-psychotic mental health problems: a  pragmatic randomized controlled trial.
IRZK5FR3,unlabelled,NCATS,VERIFIED,DOI_MATCH,Zotero's DOI appears in the document,100.0,0.002,True,False,True,14,14,1.0,True,True,7899,22,10.1371/journal,VPZD9JEH,,"Implementation of guppy fish (Poecilia reticulata), and a novel larvicide (Pyriproxyfen) product (Sumilarv 2MR) for dengue control in Cambodia: A  qualitative study of acceptability, sustainability and community engagement."
AASG5VBF,unlabelled,NCATS,VERIFIED,DOI_MATCH,Zotero's DOI appears in the document,100.0,0.0,True,False,True,24,24,1.0,True,True,8899,8,,5NJUSQG8,,Protocol and Statistical Analysis Plan for the Mode of Ventilation During Critical Illness (MODE) Trial.
PNP8QPID,unlabelled,NCATS,VERIFIED,DOI_MATCH,Zotero's DOI appears in the document,100.0,0.0,True,False,True,10,10,1.0,True,True,7268,25,,TRXIXZMT,,"Adjunctive dietary intervention for bipolar disorder: a randomized, controlled, parallel-group, modified double-blinded trial of a high n-3 plus low n-6 diet."
89W3LEVE,unlabelled,NCATS,VERIFIED,DOI_MATCH,Zotero's DOI appears in the document,100.0,0.013,True,False,True,3,3,1.0,True,True,12880,5,,EML6ZRLD,,N-of-1 trials: The epitome of personalized medicine?
W5SJQNSX,unlabelled,NCATS,VERIFIED,DOI_MATCH,Zotero's DOI appears in the document,100.0,0.039,True,False,True,3,3,1.0,True,True,4525,13,10.6084/m9.figshare.c; 10.17605/OSF.IO/PXWZQ,Q8C5DYKW,,Did awarding badges increase data sharing in BMJ Open? A randomized controlled trial.
4BDJUXEZ,unlabelled,NCATS,VERIFIED,DOI_MATCH,Zotero's DOI appears in the document,100.0,0.01,True,False,True,12,12,1.0,True,True,12550,7,,V9I36K9N,,Design of the Reducing Diagnostic Error to Improve Patient Safety (REDEfINE) in COPD and asthma study: A cluster randomized comparative effectiveness trial.
MX3VF3WN,unlabelled,NCATS,VERIFIED,DOI_MATCH,Zotero's DOI appears in the document,100.0,0.008,True,False,True,9,9,1.0,True,True,11187,10,,SWBIFQKQ,,"Effectiveness of a community-based education and peer support led by women's self-help groups in improving the control of hypertension in urban slums of  Kerala, India: a cluster randomised controlled pragmatic trial."
BF5KCURR,unlabelled,NCATS,VERIFIED,DOI_MATCH,Zotero's DOI appears in the document,100.0,0.023,True,False,True,6,6,1.0,True,True,11315,7,,VB9SP6X2,,Evaluating performance of covariate-constrained randomization (CCR) techniques under misspecification of cluster-level variables in cluster-randomized trials.
QZDGZRAB,unlabelled,NCATS,VERIFIED,DOI_MATCH,Zotero's DOI appears in the document,100.0,0.014,True,False,True,5,5,1.0,True,False,10348,2,,J6G6UQ5Q,,Knowledge of Norovirus and Attitudes toward a Potential Norovirus Vaccine in Rural Guatemala: A Cross-Sectional Exploratory Survey.
7SKQM2BG,unlabelled,NCATS,VERIFIED,DOI_MATCH,Zotero's DOI appears in the document,100.0,0.117,True,False,True,15,15,1.0,True,True,9535,10,,NGD5FW93,,"Effects of NGM282, an FGF19 variant, on colonic transit and bowel function in functional constipation: a randomized phase 2 trial."
33G3JZ96,unlabelled,NCATS,VERIFIED,DOI_MATCH,Zotero's DOI appears in the document,100.0,0.0,True,False,True,14,14,1.0,False,False,10877,9,,YIVTIMBM,,The Coordination Toolkit and Coaching Project: Cluster-Randomized Quality Improvement Initiative to Improve Patient Experience of Care Coordination.
DS3N5HLD,unlabelled,NCATS,VERIFIED,DOI_MATCH,Zotero's DOI appears in the document,100.0,0.011,True,False,True,10,10,1.0,True,True,9644,10,,IJZJ7CHM,,"Study protocol testing toolkit versus usual care for implementation of screening, brief intervention, referral to treatment in hospitals: a phased cluster  randomized approach."
E6V7F5MM,unlabelled,NCATS,VERIFIED,DOI_MATCH,Zotero's DOI appears in the document,100.0,0.003,True,False,True,10,10,1.0,True,True,8904,13,,2U33ZSUA,,The PRogram In Support of Moms (PRISM): study protocol for a cluster randomized controlled trial of two active interventions addressing perinatal depression in  obstetric settings.
ZM7AIX3U,unlabelled,NCATS,VERIFIED,DOI_MATCH,Zotero's DOI appears in the document,100.0,0.0,True,False,True,13,13,1.0,True,True,10729,3,10.17605/OSF.IO/9NGT8,NIJTXQ57,,"Drinking Water Chlorination Impact on Fecal Carriage of Extended-Spectrum Beta-Lactamase-Producing Enterobacteriaceae in Bangladeshi Children in a  Double-Blind, Cluster-Randomized Controlled Trial."
Q9GGM5MW,unlabelled,NCATS,VERIFIED,DOI_MATCH,Zotero's DOI appears in the document,100.0,0.008,True,False,True,13,13,1.0,True,False,8432,12,,BPKPNCZZ,,Saline versus Balanced Crystalloids for Adults with Aneurysmal Subarachnoid Hemorrhage: A Subgroup Analysis of the SMART Trial.
9PCK7ZJR,unlabelled,NCATS,VERIFIED,DOI_MATCH,Zotero's DOI appears in the document,100.0,0.003,True,False,True,6,6,1.0,True,True,9385,11,,T52Y6YFW,,Implementing stratified care for acute low back pain in primary care using the STarT Back instrument: a process evaluation within the context of a large  pragmatic cluster randomized trial.
FNXTTHPU,unlabelled,NCATS,VERIFIED,DOI_MATCH,Zotero's DOI appears in the document,100.0,0.009,True,False,True,7,7,1.0,True,False,10116,9,,BKSEMQ2A,,Understanding Perinatal Depression Care Gaps by Examining Care Access and Barriers in Perinatal Individuals With and Without Psychiatric History.
ILM7XYYC,unlabelled,NCATS,VERIFIED,DOI_MATCH,Zotero's DOI appears in the document,100.0,0.083,True,False,True,9,9,1.0,True,False,8758,14,10.1177/00469580231152051INQUIRMcElfish,6LHZC9QW,,A Cluster Randomized Controlled Trial Comparing Diabetes Prevention Program Interventions for Overweight/Obese Marshallese Adults.
SUMBGHKJ,unlabelled,NCATS,VERIFIED,DOI_MATCH,Zotero's DOI appears in the document,100.0,0.017,True,False,True,8,8,1.0,False,True,12541,5,,F7PQ74V2,,Continued impact of COVID-19 pandemic on clinical and translational science early-career researchers.
C4LPB4UC,unlabelled,NCATS,VERIFIED,DOI_MATCH,Zotero's DOI appears in the document,100.0,0.006,True,False,True,17,17,1.0,True,True,8359,13,,RP3CQGUI,,Effect of a Co-Located Bridging Recovery Initiative on Hospital Length of Stay Among Patients With Opioid Use Disorder: The BRIDGE Randomized Clinical Trial.
UI69ZQS2,unlabelled,NCATS,VERIFIED,DOI_MATCH,Zotero's DOI appears in the document,100.0,0.023,True,False,True,9,9,1.0,True,True,11598,6,,V88WHZBM,,Payment strategies for behavioral health integration in hospital-affiliated and non-hospital-affiliated primary care practices.
UFUT48WX,unlabelled,NCATS,VERIFIED,DOI_MATCH,Zotero's DOI appears in the document,100.0,0.0,True,False,True,10,10,1.0,True,True,6755,17,,IDW8UIIV,,Early Palliative Care Consultation in the Medical ICU: A Cluster Randomized Crossover Trial.
TTDNBXDB,unlabelled,NCATS,VERIFIED,DOI_MATCH,Zotero's DOI appears in the document,100.0,0.038,True,False,True,11,11,1.0,True,True,9385,14,,UB7EP983,,"Implementation of a Transitional Care Model for Stroke: Perspectives From Frontline Clinicians, Administrators, and COMPASS-TC Implementation Staff."
H68FRUQK,unlabelled,NCATS,VERIFIED,DOI_MATCH,Zotero's DOI appears in the document,100.0,0.018,True,False,True,13,13,1.0,True,False,6466,13,,IK9SIWK5,,Asthma dissemination around patient-centered treatments in North Carolina (ADAPT-NC): a cluster randomized control trial evaluating dissemination of an  evidence-based shared decision-making intervention for asthma management.
J2RUD3YQ,unlabelled,NCATS,VERIFIED,TITLE_AUTHOR_MATCH,title matches (100.0) and first author present; no DOI in text,100.0,0.007,False,False,True,34,34,1.0,False,False,3530,2,,U2Z6EX7H,,Integrating behavioral health & primary care for multiple chronic diseases: Clinical trial of a practice redesign toolkit.
HP652Y5Y,unlabelled,NCATS,VERIFIED,DOI_MATCH,Zotero's DOI appears in the document,100.0,0.0,True,False,True,44,44,1.0,True,True,11232,13,,63P447ZQ,,A Cluster Randomized Trial of Primary Care Practice Redesign to Integrate Behavioral Health for Those Who Need It Most: Patients With Multiple Chronic  Conditions.
C58EBKSW,unlabelled,NCATS,VERIFIED,DOI_MATCH,Zotero's DOI appears in the document,100.0,0.0,True,False,True,2,2,1.0,True,False,6695,31,,Q5A2KF86,,Sample size and power considerations for cluster randomized trials with count outcomes subject to right truncation.
2BU5VVAS,unlabelled,NCATS,VERIFIED,DOI_MATCH,Zotero's DOI appears in the document,100.0,0.0,True,False,True,3,9,0.333,True,True,6438,19,,7ANP49XW,,Effectiveness of training physical therapists in pain neuroscience education for patients with chronic spine pain: a cluster-randomized trial.
JK3IKY2R,unlabelled,NCATS,VERIFIED,DOI_MATCH,Zotero's DOI appears in the document,100.0,0.003,True,False,True,4,4,1.0,True,True,8822,8,,5ZD45657,,The effectiveness of training physical therapists in pain neuroscience education on patient reported outcomes for patients with chronic spinal pain: a study  protocol for a cluster randomized controlled trial.
NG593I6Q,unlabelled,NCATS,VERIFIED,DOI_MATCH,Zotero's DOI appears in the document,100.0,0.0,True,False,True,3,3,1.0,True,False,6830,21,,ZH7EN7MI,,Research and Scholarly Methods: Implementation Science Studies.
6RHP4S6L,unlabelled,NCATS,VERIFIED,DOI_MATCH,Zotero's DOI appears in the document,100.0,0.15,True,False,True,15,15,1.0,True,False,5419,8,,QBUVP4Z7,,Accelerating guideline dissemination in nursing homes during the COVID-19 pandemic: A patient-centered randomized controlled trial.
U8P5HEK7,unlabelled,NCATS,VERIFIED,DOI_MATCH,Zotero's DOI appears in the document,100.0,0.015,True,False,True,10,10,1.0,True,True,8688,16,,PFGU762G,,"The Effects of Multiple Micronutrient Fortified Beverage and Responsive Caregiving Interventions on Early Childhood Development, Hemoglobin, and Ferritin  among Infants in Rural Guatemala."
T9H8ETCZ,unlabelled,NCATS,VERIFIED,TITLE_AUTHOR_MATCH,title matches (100.0) and first author present; no DOI in text,100.0,0.002,False,False,True,13,13,1.0,True,False,11552,9,,A7RF78T9,,HIV Oral Self-Testing for Male Partners of Women Attending Antenatal Care in Central Uganda: Uptake of Testing and Linkage to Care in a Randomized Trial.
CGS6PQM6,unlabelled,NCATS,VERIFIED,DOI_MATCH,Zotero's DOI appears in the document,100.0,0.007,True,False,True,10,10,1.0,True,True,11725,7,10.1136/​,FK2ITB4A,,Embedded emergency department physical therapy versus usual care for acute low back pain: a protocol for the NEED-PT randomised trial.
7DY25RVX,unlabelled,NCATS,VERIFIED,DOI_MATCH,Zotero's DOI appears in the document,100.0,0.0,True,False,True,5,9,0.556,True,True,12010,11,10.1016/j.gheart.2019,SHC6365F,,Effect of a Community Health Worker-Based Approach to Integrated Cardiovascular Risk Factor Control in India: A Cluster Randomized Controlled Trial.
6H5A9EG9,unlabelled,NCATS,VERIFIED,DOI_MATCH,Zotero's DOI appears in the document,100.0,0.002,True,False,True,5,5,1.0,True,False,9237,8,10.1111/acem.13429/full; 10.1111/acem,4L3JGA5U,,Preprocedural Ultrasound for Infant Lumbar Puncture: A Randomized Clinical Trial.
JFH6M24C,unlabelled,NCATS,VERIFIED,DOI_MATCH,Zotero's DOI appears in the document,100.0,0.0,True,False,True,8,8,1.0,True,False,6591,15,,7DJ27VQP,,Primary Care Cluster RCT to Increase Diabetes Prevention Program Referrals.
JYDPXACQ,unlabelled,NCATS,VERIFIED,DOI_MATCH,Zotero's DOI appears in the document,100.0,0.0,True,False,True,11,11,1.0,True,True,10797,9,,GZESZ5SE,,Contribution of Relapse-Independent Progression vs Relapse-Associated Worsening to Overall Confirmed Disability Accumulation in Typical Relapsing Multiple  Sclerosis in a Pooled Analysis of 2 Randomized Clinical Trials.
NV98K9JW,unlabelled,NCATS,VERIFIED,DOI_MATCH,Zotero's DOI appears in the document,100.0,0.003,True,False,True,6,6,1.0,True,True,9649,11,,66WUV9MZ,,"A randomized, controlled study to evaluate the efficacy of intra-articular, autologous adipose tissue injections for the treatment of mild-to-moderate knee  osteoarthritis compared to hyaluronic acid: a study protocol."
2BYWH8DR,unlabelled,NCATS,VERIFIED,DOI_MATCH,Zotero's DOI appears in the document,100.0,0.006,True,False,True,5,5,1.0,True,False,9822,10,,7I7NYUAH,,Examining Participant Dosage and Skill Utilization Associated with Receipt of a Perinatal Depression Preventive Intervention.
NIHKDG2K,unlabelled,NCATS,VERIFIED,DOI_MATCH,Zotero's DOI appears in the document,100.0,0.002,True,False,True,9,9,1.0,True,True,9822,9,,W97XJGNK,,Hospital recruitment for a pragmatic cluster-randomized clinical trial: Lessons learned from the COMPASS study.
92NWTTEZ,unlabelled,NCATS,VERIFIED,DOI_MATCH,Zotero's DOI appears in the document,100.0,0.001,True,False,True,7,7,1.0,True,True,9927,13,,M8622BUQ,,Comparing the Effectiveness of Clinicians and Paraprofessionals to Reduce Disparities in Perinatal Depression via the Mothers and Babies Course: Protocol  for a Cluster-Randomized Controlled Trial.
GFHZTEPC,unlabelled,NCATS,VERIFIED,DOI_MATCH,Zotero's DOI appears in the document,100.0,0.013,True,False,True,7,7,1.0,True,False,11160,8,,MWBMVI58,,"Spatial Effects of Permethrin-Impregnated Bed Nets on Child Mortality: 26 Years on, a Spatial Reanalysis of a Cluster Randomized Trial."
45RMDS7F,unlabelled,NCATS,VERIFIED,DOI_MATCH,Zotero's DOI appears in the document,100.0,0.01,True,False,True,10,10,1.0,True,True,11280,4,,W93DABJJ,,Multi-modal Analgesic Strategies for Trauma (MAST): protocol for a pragmatic randomized trial.
95N9H87Y,unlabelled,NCATS,VERIFIED,DOI_MATCH,Zotero's DOI appears in the document,100.0,0.393,True,False,True,4,4,1.0,True,True,9752,9,,JY9RGMXG,,Conflict resolution styles and skills and variation among medical students.
BXN9HH4S,unlabelled,NCATS,VERIFIED,DOI_MATCH,Zotero's DOI appears in the document,100.0,0.02,True,False,True,6,6,1.0,True,True,12319,7,,L8GGGYMG,,Using REDCap to track stakeholder engagement: A time-saving tool for PCORI-funded studies.
6FAWJ6K8,unlabelled,NCATS,VERIFIED,DOI_MATCH,Zotero's DOI appears in the document,100.0,0.002,True,False,True,10,11,0.909,True,True,9527,18,,2EEL48YQ,,Support Models for Addiction Related Treatment (SMART) for pregnant women: Study protocol of a cluster randomized trial of two treatment models for opioid use  disorder in prenatal clinics.
WR2FBC89,unlabelled,NCATS,VERIFIED,DOI_MATCH,Zotero's DOI appears in the document,100.0,0.018,True,False,True,6,6,1.0,True,True,9970,9,10.1007/s1048​8-020-01022​-5,LQIPD3G6,,Comparing Fidelity Outcomes of Paraprofessional and Professional Delivery of a Perinatal Depression Preventive Intervention.
U6N5AUAQ,unlabelled,NCATS,VERIFIED,DOI_MATCH,Zotero's DOI appears in the document,100.0,0.004,True,False,True,4,4,1.0,True,True,8264,15,,E8TD56RD,,Co-occurrence of Violence-Related Risk and Protective Behaviors and Adult Support Among Male Youth in Urban Neighborhoods.
CPDK8SQ9,unlabelled,NCATS,VERIFIED,DOI_MATCH,Zotero's DOI appears in the document,100.0,0.003,True,False,True,18,18,1.0,True,True,8551,18,,CLFC9H4M,,EVITA Dengue: a cluster-randomized controlled trial to EValuate the efficacy of Wolbachia-InfecTed Aedes aegypti mosquitoes in reducing the incidence of  Arboviral infection in Brazil.
ES7QU8W6,unlabelled,NCATS,VERIFIED,TITLE_AUTHOR_MATCH,title matches (100.0) and first author present; no DOI in text,100.0,0.0,False,False,True,7,7,1.0,True,True,11720,7,,3GWD8E6D,,The Transforming Outcomes for Patients Through Medical Home Evaluation and reDesign (TOPMED) Cluster Randomized Controlled Trial: Cost and Utilization  Results.
7E4I8VGZ,unlabelled,NCATS,VERIFIED,DOI_MATCH,Zotero's DOI appears in the document,100.0,0.028,True,False,True,9,9,1.0,True,True,9247,10,,7VE6E6UR,,Impact of the Change Starts at Home Trial on Women's experience of intimate partner violence in Nepal.
V7CK5P6B,unlabelled,NCATS,VERIFIED,DOI_MATCH,Zotero's DOI appears in the document,100.0,0.003,True,False,True,6,6,1.0,True,True,9056,10,,THEFU6N3,,Choosing an imbalance metric for covariate-constrained randomization in multiple-arm cluster-randomized trials.
3KWKT9FQ,unlabelled,NCATS,VERIFIED,DOI_MATCH,Zotero's DOI appears in the document,100.0,0.012,True,False,True,19,19,1.0,True,True,9464,15,,77UHCA45,,"Toward Safer Opioid Prescribing in HIV care (TOWER): a mixed-methods, cluster-randomized trial."
EDZ3NUR6,unlabelled,NCATS,VERIFIED,DOI_MATCH,Zotero's DOI appears in the document,100.0,0.151,True,False,True,21,21,1.0,True,False,9145,15,,H3KQ5DYA,,"Use of mobile technology by frontline health workers to promote reproductive, maternal, newborn and child health and nutrition: a cluster randomized controlled  Trial in Bihar, India."
J4ALUY7U,unlabelled,NCATS,VERIFIED,DOI_MATCH,Zotero's DOI appears in the document,100.0,-1.0,True,False,True,1,2,0.5,True,False,6262,8,,NU9P6HG6,,The Cluster Randomized Trial Study Design.
3XXFLIAY,unlabelled,NCATS,VERIFIED,DOI_MATCH,Zotero's DOI appears in the document,100.0,0.001,True,False,True,8,8,1.0,True,True,9825,11,,W9RKZVR5,,Implementing Infection Control and Quality of Life Best Practices in Nursing Homes With Project ECHO: Protocol for a Patient-Centered Randomized Controlled  Trial.
PJD4859F,unlabelled,NCATS,VERIFIED,DOI_MATCH,Zotero's DOI appears in the document,100.0,0.025,True,False,True,8,8,1.0,True,False,5664,11,,NU3BR6H3,,PRogram In Support of Moms (PRISM): a pilot group randomized controlled trial of two approaches to improving depression among perinatal women.
EYQGV4I5,unlabelled,NCATS,VERIFIED,DOI_MATCH,Zotero's DOI appears in the document,100.0,0.0,True,False,True,21,21,1.0,True,False,6789,13,,SWBIAZDW,,A Person-Centered Approach to Poststroke Care: The COMprehensive Post-Acute Stroke Services Model.
HN6XI3DU,unlabelled,NCATS,VERIFIED,DOI_MATCH,Zotero's DOI appears in the document,100.0,0.002,True,False,True,5,5,1.0,True,False,11901,2,10.1017/ice.2018.333,EKFCSV66,,Reduction in antimicrobial use among medical intensive care unit patients during a cluster randomized crossover trial of palliative care consultation.
HX5GV9AS,unlabelled,NCATS,VERIFIED,DOI_MATCH,Zotero's DOI appears in the document,100.0,0.01,True,False,True,9,9,1.0,True,False,9455,11,,QBHTLNP7,,Optimizing individual nutrition in preterm very low birth weight infants: double-blinded randomized controlled trial.
4ZNM6VQE,unlabelled,NCATS,VERIFIED,DOI_MATCH,Zotero's DOI appears in the document,100.0,0.009,True,False,True,7,7,1.0,True,True,13657,7,,QM7H4Z5Q,,Examining racial/ethnic inequities in treatment participation among perinatal individuals with depression.
IL7BHWT6,unlabelled,NCATS,VERIFIED,DOI_MATCH,Zotero's DOI appears in the document,100.0,0.051,True,False,True,2,2,1.0,True,True,1851,37,10.1093/jncics/pkad095/7407349,L58TBA76,,"Effect of a mindfulness training app on a cigarette quit attempt: an investigator-blinded, 58-county randomized controlled trial."
VQLL43FQ,unlabelled,NCATS,VERIFIED,DOI_MATCH,Zotero's DOI appears in the document,100.0,0.001,True,False,True,6,6,1.0,True,True,9281,7,,6BV39QD7,,A cross-sectional study of cardiovascular disease risk clustering at different socio-geographic levels in India.
4GSI4FAA,unlabelled,NCATS,VERIFIED,DOI_MATCH,Zotero's DOI appears in the document,100.0,0.0,True,False,True,6,6,1.0,True,False,6354,25,,9ZJDMEKF,,"Effects of an ""Active-Workstation"" Cluster RCT on Daily Waking Physical Behaviors."
HKEUETZX,unlabelled,NCATS,VERIFIED,DOI_MATCH,Zotero's DOI appears in the document,100.0,0.002,True,False,True,5,5,1.0,True,True,9943,20,10.2196/24383,ZC7XWBQ9,,Intervening on Trust in Science to Reduce Belief in COVID-19 Misinformation and Increase COVID-19 Preventive Behavioral Intentions: Randomized Controlled Trial.
Y2SLUV8T,unlabelled,NCATS,VERIFIED,DOI_MATCH,Zotero's DOI appears in the document,100.0,0.002,True,False,True,9,9,1.0,True,True,9875,8,,4ZRJ2V8J,,Testing Digital Methods of Patient-Reported Outcomes Data Collection: Prospective Cluster Randomized Trial to Test SMS Text Messaging and Mobile Surveys.
TSGYGKYM,unlabelled,NCCIH; NINDS,VERIFIED,DOI_MATCH,Zotero's DOI appears in the document,100.0,0.0,True,False,True,1,13,0.077,True,False,6460,22,,6KTN9KR6,,Interdisciplinary team-based care for patients with chronic pain on long-term opioid treatment in primary care (PPACT) - Protocol for a pragmatic cluster  randomized trial.
XZ6Q2C96,unlabelled,NCCIH; NINDS,VERIFIED,DOI_MATCH,Zotero's DOI appears in the document,100.0,0.0,True,False,True,13,13,1.0,True,True,11208,16,,PTFUW4KQ,,A Primary Care-Based Cognitive Behavioral Therapy Intervention for Long-Term Opioid Users With Chronic Pain : A Randomized Pragmatic Trial.
2UMNRGCW,unlabelled,NCCIH; NINDS,VERIFIED,DOI_MATCH,Zotero's DOI appears in the document,100.0,0.0,True,False,True,14,14,1.0,True,True,5450,20,,I2SXNMMR,,Economic Evaluation: A Randomized Pragmatic Trial of a Primary Care-based Cognitive Behavioral Intervention for Adults Receiving Long-term Opioids for  Chronic Pain.
8V7C4LYG,unlabelled,NCCIH; NIDA,VERIFIED,DOI_MATCH,Zotero's DOI appears in the document,100.0,0.0,True,False,True,11,11,1.0,True,False,6169,19,,C3IZIGPT,,Effects of Bundling Medication for Opioid Use Disorder With an mHealth Intervention Targeting Addiction: A Randomized Clinical Trial.
5JW6ZLVT,unlabelled,NCCIH; NIDDK,VERIFIED,DOI_MATCH,Zotero's DOI appears in the document,100.0,0.004,True,False,True,8,8,1.0,True,True,7446,11,,75HTSDDA,,Pilot Cluster Randomized Controlled Trial of Integrative Nutritional Counseling Versus Standard Diabetes Self-Management Education for Chinese Americans with  Type 2 Diabetes.
U4TKV94S,unlabelled,NCCIH; NIDDK,VERIFIED,DOI_MATCH,Zotero's DOI appears in the document,100.0,0.0,True,False,True,9,9,1.0,True,False,8003,12,,MIPZ9VSX,,"Design and Rationale of HiLo: A Pragmatic, Randomized Trial of Phosphate Management for Patients Receiving Maintenance Hemodialysis."
3N5XV697,unlabelled,NCCIH; NIDDK,VERIFIED,DOI_MATCH,Zotero's DOI appears in the document,100.0,0.003,True,False,True,22,22,1.0,True,False,10166,14,,88PTE4RQ,,"The TiME Trial: A Fully Embedded, Cluster-Randomized, Pragmatic Trial of Hemodialysis Session Duration."
BVWKLVHG,unlabelled,NCCIH; NIDDK,VERIFIED,DOI_MATCH,Zotero's DOI appears in the document,100.0,-1.0,True,False,True,13,13,1.0,True,False,10842,8,,CVK84JDE,,Ethical Issues in Pragmatic Cluster-Randomized Trials in Dialysis Facilities.
4L2VVRAS,unlabelled,NCCIH; NIDDK,VERIFIED,DOI_MATCH,Zotero's DOI appears in the document,100.0,0.0,True,False,True,23,23,1.0,True,False,5613,18,,ZD5GEL8V,,Pragmatic Trial of Hospitalization Rate in Chronic Kidney Disease.
67AFTHV2,unlabelled,NCCIH; NIAMS,VERIFIED,DOI_MATCH,Zotero's DOI appears in the document,100.0,0.0,True,False,True,16,16,1.0,True,False,10662,7,,7CMVUQVW,,Effects of Including Epidemiologic Data in Lumbar Spine Imaging Reports on Prescribing Non-Opioid Medications for Pain.
SJVR4TTN,unlabelled,NCCIH; NIA,VERIFIED,DOI_MATCH,Zotero's DOI appears in the document,100.0,0.071,True,False,True,10,10,1.0,True,True,11426,11,,8RI8NDQU,,"If You Build It, Will They Come? Patient and Provider Use of a Novel Hybrid Telehealth Care Pathway for Low Back Pain."
M4TNHMYH,unlabelled,NCCIH; NIA,VERIFIED,DOI_MATCH,Zotero's DOI appears in the document,100.0,0.0,True,False,True,17,17,1.0,True,False,10450,11,,QTFDKICN,,Improving Veteran Access to Integrated Management of Back Pain (AIM-Back): Protocol for an Embedded Pragmatic Cluster-Randomized Trial.
PQB2RMMU,unlabelled,NCCIH; NIA,VERIFIED,DOI_MATCH,Zotero's DOI appears in the document,100.0,0.0,True,False,True,9,9,1.0,True,True,10962,9,,QVREM38F,,Advance Care Planning Video Intervention Among Long-Stay Nursing Home Residents: A Pragmatic Cluster Randomized Clinical Trial.
NDBCX4DU,unlabelled,NCCIH; NIA,VERIFIED,DOI_MATCH,Zotero's DOI appears in the document,100.0,0.0,True,False,True,9,9,1.0,True,False,5875,16,,7XJ4PM7A,,A Cluster Randomized Trial of Tai Chi vs Health Education in Subsidized Housing: The MI-WiSH Study.
HX2ZB2VD,unlabelled,NCCIH; NIA,VERIFIED,DOI_MATCH,Zotero's DOI appears in the document,100.0,0.022,True,False,True,9,9,1.0,True,True,10045,10,,D44E64FX,,In the Eyes of Those Who Were Randomized: Perceptions of Disadvantaged Older Adults in a Tai Chi Trial.
7Q8HUC5P,unlabelled,NCCIH; NIA,VERIFIED,DOI_MATCH,Zotero's DOI appears in the document,100.0,0.0,True,False,True,8,8,1.0,True,False,6653,18,,M459HICF,,Impact of an Advance Care Planning Video Intervention on Care of Short-Stay Nursing Home Patients.
KXK8TLEV,unlabelled,NCCIH,VERIFIED,DOI_MATCH,Zotero's DOI appears in the document,100.0,0.0,True,False,True,1,8,0.125,True,False,6724,32,,PAJI5JQ5,,Protocol for the Imagine HEALTH Study: Guided imagery lifestyle intervention to improve obesity-related behaviors and salivary cortisol patterns in predominantly  Latino adolescents.
M5CER7F5,unlabelled,NCCIH,VERIFIED,DOI_MATCH,Zotero's DOI appears in the document,100.0,0.002,True,False,True,9,10,0.9,True,False,9727,12,,YN62VMKP,,Imagine HEALTH: Randomized Controlled Trial of a Guided Imagery Lifestyle Intervention to Improve Obesity-Related Lifestyle Behaviors in Predominantly  Latinx Adolescents.
Q4Y3ER3R,unlabelled,NCCIH,VERIFIED,DOI_MATCH,Zotero's DOI appears in the document,100.0,0.01,True,False,True,5,5,1.0,True,True,10717,9,,472QU9VS,,Prospective Cohort study of Predictors of Follow-Up Diagnostic Colonoscopy from a Pragmatic Trial of FIT Screening.
ZKUB7Y5L,unlabelled,NCCIH,VERIFIED,DOI_MATCH,Zotero's DOI appears in the document,100.0,0.009,True,False,True,3,3,1.0,True,True,10172,12,,D8AP52E2,,Analysis of multiple-period group randomized trials: random coefficients model or repeated measures ANOVA?
5QJIFBRP,unlabelled,NEI; NIMH,VERIFIED,DOI_MATCH,Zotero's DOI appears in the document,100.0,0.0,True,False,True,12,12,1.0,True,False,5933,12,,HV6QGBX6,,Annual Versus Biannual Mass Azithromycin Distribution and Malaria Parasitemia During the Peak Transmission Season Among Children in Niger.
ZQYES9Q5,unlabelled,NEI; NIMH,VERIFIED,DOI_MATCH,Zotero's DOI appears in the document,100.0,0.002,True,False,True,12,12,1.0,False,True,9661,6,,G46H3KXJ,,Comparison of anthropometric indicators to predict mortality in a population-based prospective study of children under 5 years in Niger.
3V4I9246,unlabelled,NEI; NIMH,VERIFIED,DOI_MATCH,Zotero's DOI appears in the document,100.0,0.003,True,False,True,12,12,1.0,True,True,7017,17,,KHMCZLB3,,Mass azithromycin distribution for hyperendemic trachoma following a cluster-randomized trial: A continuation study of randomly reassigned subclusters  (TANA II).
VH5MJZ7U,unlabelled,NEI; NIMH,VERIFIED,DOI_MATCH,Zotero's DOI appears in the document,100.0,0.001,True,False,True,10,10,1.0,True,True,10730,8,,PAP2T7PN,,Frequency of Mass Azithromycin Distribution for Ocular Chlamydia in a Trachoma Endemic Region of Ethiopia: A Cluster Randomized Trial.
NMYAF58A,unlabelled,NEI; NIGMS,VERIFIED,DOI_MATCH,Zotero's DOI appears in the document,100.0,0.0,True,False,True,10,10,1.0,True,False,7147,6,,AYCJZKKP,,Temporal Trends in Phenotypic Macrolide and Nonmacrolide Resistance for Streptococcus pneumoniae Nasopharyngeal Samples Up to 36 Months after Mass  Azithromycin Administration in a Cluster-Randomized Trial in Niger.
UYKSA3BR,unlabelled,NEI; NIMH,VERIFIED,DOI_MATCH,Zotero's DOI appears in the document,100.0,0.02,True,False,True,12,12,1.0,True,False,7147,2,,WXHZG2SX,,Comparison of Mass Azithromycin Coverage Targets of Children in Niger: A Cluster-Randomized Trachoma Trial.
N8SBUY24,unlabelled,NEI; NIMH,VERIFIED,DOI_MATCH,Zotero's DOI appears in the document,100.0,0.02,True,False,True,11,11,1.0,True,True,5810,9,,FEP5NPBX,,A Longitudinal Analysis of Chlamydial Infection and Trachomatous Inflammation Following Mass Azithromycin Distribution.
WWKDJQ4L,unlabelled,NEI; NIMH,VERIFIED,DOI_MATCH,Zotero's DOI appears in the document,100.0,0.013,True,False,True,16,16,1.0,True,True,9573,5,,5633ZWAB,,Mass Azithromycin Distribution and Community Microbiome: A Cluster-Randomized Trial.
Y3IVUL24,unlabelled,NEI; NIMH,VERIFIED,DOI_MATCH,Zotero's DOI appears in the document,100.0,0.01,True,False,True,12,12,1.0,True,False,13620,2,,BPQ4M4ZI,,Anthropometry and Malaria among Children in Niger: A Cross-Sectional Study.
XPFDUAYQ,unlabelled,NEI,VERIFIED,DOI_MATCH,Zotero's DOI appears in the document,100.0,0.0,True,False,True,10,10,1.0,True,False,6015,14,,4TCRMNWA,,Community Health Workers for Prevention of Corneal Ulcers in South India: A Cluster-Randomized Trial.
392RTAL7,unlabelled,NEI,VERIFIED,DOI_MATCH,Zotero's DOI appears in the document,100.0,0.043,True,False,True,5,5,1.0,True,False,5605,46,,5VRVDRCX,,Vitamin A and fish oils for preventing the progression of retinitis pigmentosa.
KFD9XVKA,unlabelled,NEI,VERIFIED,DOI_MATCH,Zotero's DOI appears in the document,100.0,0.075,True,False,True,15,15,1.0,True,False,8446,8,,BNTJM5MV,,Targeted Antibiotics for Trachoma: A Cluster-Randomized Trial.
VN2Z3GMG,unlabelled,NEI,VERIFIED,DOI_MATCH,Zotero's DOI appears in the document,100.0,0.009,True,False,True,14,14,1.0,True,False,6126,9,,LPW8FQYF,,Targeted Mass Azithromycin Distribution for Trachoma: A Community-Randomized Trial (TANA II).
38R9U3WA,unlabelled,NEI,VERIFIED,DOI_MATCH,Zotero's DOI appears in the document,100.0,0.002,True,False,True,11,12,0.917,True,True,7950,12,10.1371/journal,NHAIGSWF,,Linear growth in preschool children treated with mass azithromycin distributions for trachoma: A cluster-randomized trial.
AULRV66J,unlabelled,NEI,WEAK,TITLE_NEAR_MATCH,title similarity 100.0 below the 95 bar; first author NOT found,100.0,0.639,False,False,False,0,12,0.0,True,True,6537,4,,FYG5S8BR,,Post-antibiotic Ocular Surface Microbiome in Children: A Cluster-Randomized Trial.
Y4PYDT6J,unlabelled,NEI,VERIFIED,TITLE_AUTHOR_MATCH,title matches (100.0) and first author present; no DOI in text,100.0,0.0,False,False,True,13,13,1.0,False,True,4919,10,,JKD6XKNS,,Effect of Azithromycin on the Ocular Surface Microbiome of Children in a High Prevalence Trachoma Area.
36HV682B,unlabelled,NEI,VERIFIED,DOI_MATCH,Zotero's DOI appears in the document,100.0,0.01,True,False,True,15,15,1.0,True,False,5649,7,,SKEVSL5A,,Risk factors for corneal abrasions in Nepal: a community-based study.
X3CRX49A,unlabelled,NEI,VERIFIED,DOI_MATCH,Zotero's DOI appears in the document,100.0,0.079,True,False,True,21,21,1.0,True,False,9331,4,,65GFZVWH,,Gut Resistome of Preschool Children After Prolonged Mass Azithromycin Distribution: A Cluster-randomized Trial.
M33HNRXE,unlabelled,NEI,VERIFIED,DOI_MATCH,Zotero's DOI appears in the document,100.0,0.291,True,False,True,16,17,0.941,True,False,12698,12,,5SU5TH2S,,"Changing hygiene behaviours: a cluster-randomized trial, Ethiopia."
JH6JQDBD,unlabelled,NEI,VERIFIED,DOI_MATCH,Zotero's DOI appears in the document,100.0,0.01,True,False,True,14,14,1.0,True,False,13746,2,,26GYG7WF,,Community Hand-Dug Wells for Trachoma: A Cluster-Randomized Trial.
AEKPMZDH,unlabelled,NEI,VERIFIED,DOI_MATCH,Zotero's DOI appears in the document,100.0,0.004,True,False,True,10,10,1.0,True,True,7716,6,,KU5BFR7W,,Azithromycin Reduction to Reach Elimination of Trachoma (ARRET): study protocol for a cluster randomized trial of stopping mass azithromycin distribution for  trachoma.
KG6HCUIJ,unlabelled,NHGRI,VERIFIED,DOI_MATCH,Zotero's DOI appears in the document,100.0,0.016,True,False,True,11,11,1.0,True,False,11407,11,,8VFHNX5U,,Reducing decisional conflict in decisions about prenatal genetic testing: the impact of a dyadic intervention at the start of prenatal care.
4347I8U7,unlabelled,NIA; NIGMS; NLM,VERIFIED,DOI_MATCH,Zotero's DOI appears in the document,100.0,0.001,True,False,True,4,4,1.0,True,True,10095,16,,2FBEV83N,,A Scalable Service to Improve Health Care Quality Through Precision Audit and Feedback: Proposal for a Randomized Controlled Trial.
FV293MF3,unlabelled,NIA; NIMH,VERIFIED,DOI_MATCH,Zotero's DOI appears in the document,100.0,0.002,True,False,True,10,10,1.0,True,False,9563,7,,9WCG2RKN,,Caregiver Speaks Study Protocol: A Technologically-Mediated Storytelling Intervention for Hospice Family Caregivers of Persons Living With Dementia.
SBVY3TGC,unlabelled,NIA; NIGMS,VERIFIED,DOI_MATCH,Zotero's DOI appears in the document,100.0,0.002,True,False,True,7,7,1.0,True,True,10146,10,,AH5W22BQ,,An mHealth Diabetes Intervention for Glucose Control: Health Care Utilization Analysis.
4UQJBDTF,unlabelled,NIA; NIAMS,VERIFIED,DOI_MATCH,Zotero's DOI appears in the document,100.0,0.002,True,False,True,11,11,1.0,True,True,11735,9,,I2B8DA6C,,"The Contribution of Patient, Primary Care Physician, and Primary Care Clinic Factors to Good Bone Health Care."
RYA7FGYI,unlabelled,NIA; NIMHD,VERIFIED,DOI_MATCH,Zotero's DOI appears in the document,100.0,0.01,True,False,True,3,9,0.333,True,True,13171,11,,Z7ZX6JVM,,"The Church Challenge: A community-based multilevel cluster randomized controlled trial to improve blood pressure and wellness in African American churches in  Flint, Michigan."
NYT8TV5W,unlabelled,NIA; NIDDK,VERIFIED,DOI_MATCH,Zotero's DOI appears in the document,100.0,0.001,True,False,True,7,7,1.0,True,True,9931,10,,UMWJKZZI,,A Behavioral Economics-Electronic Health Record Module to Promote Appropriate Diabetes Management in Older Adults: Protocol for a Pragmatic Cluster Randomized  Controlled Trial.
7NHDV3J9,unlabelled,NIA; NICHD; NIDDK,VERIFIED,DOI_MATCH,Zotero's DOI appears in the document,100.0,0.0,True,False,True,19,19,1.0,True,True,10170,11,,94H4MM9X,,Effect of a Multicomponent Home-Based Physical Therapy Intervention on Ambulation After Hip Fracture in Older Adults: The CAP Randomized Clinical Trial.
UUU3B93D,unlabelled,NIA; NINR,VERIFIED,DOI_MATCH,Zotero's DOI appears in the document,100.0,0.003,True,False,True,6,6,1.0,True,True,9255,15,,FQLFS3RF,,TEAM-UP for quality: a cluster randomized controlled trial protocol focused on preventing pressure ulcers through repositioning frequency and precipitating  factors.
TA793S87,unlabelled,NIA; NINR,VERIFIED,DOI_MATCH,Zotero's DOI appears in the document,100.0,0.0,True,False,True,9,9,1.0,True,True,11784,10,,7JBD8L8S,,Effect of the STAMP (Sharing and Talking About My Preferences) Intervention on Completing Multiple Advance Care Planning Activities in Ambulatory Care : A  Cluster Randomized Controlled Trial.
ZNV4MKDT,unlabelled,NIA; NICHD,VERIFIED,DOI_MATCH,Zotero's DOI appears in the document,100.0,0.028,True,False,True,6,6,1.0,True,True,4249,18,,QIGXIXFU,,The effects of a workplace intervention on employees' cortisol awakening response.
5KN7Q7SX,unlabelled,NIA; NIAID; NICHD,VERIFIED,DOI_MATCH,Zotero's DOI appears in the document,100.0,0.002,True,False,True,12,18,0.667,True,True,8513,25,,Z2W5KBBA,,"Evaluation of a community-based mobile video breastfeeding intervention in Khayelitsha, South Africa: The Philani MOVIE cluster-randomized controlled trial."
WKXCBGM3,unlabelled,NIA; NIAID; NIGMS,VERIFIED,DOI_MATCH,Zotero's DOI appears in the document,100.0,0.094,True,False,True,4,4,1.0,True,True,9705,10,,55UFJEMW,,Architecting Process of Care: A randomized controlled study evaluating the impact of providing nonadherence information and pharmacist assistance to physicians.
HY5KNXPB,unlabelled,NIA; NINR,VERIFIED,DOI_MATCH,Zotero's DOI appears in the document,100.0,0.0,True,False,True,3,3,1.0,True,False,6844,17,,MVFK92QK,,"Change in Depression, Confidence, and Physical Function Among Older Adults With Mild Cognitive Impairment."
BB5EFB7Y,unlabelled,NIA; NINR,VERIFIED,DOI_MATCH,Zotero's DOI appears in the document,100.0,0.0,True,False,True,12,12,1.0,True,False,6622,15,,6BQRFDIG,,Resident Vignettes for Assessing Care Quality in Nursing Homes.
S2ZQHQ7S,unlabelled,NIA; NIMH,VERIFIED,DOI_MATCH,Zotero's DOI appears in the document,100.0,0.003,True,False,True,8,8,1.0,True,True,8187,20,,THGH9GPY,,"Study protocol for comparing Screening, Brief Intervention, and Referral to Treatment (SBIRT) to referral as usual for depression in African American  churches."
CQWMFUI8,unlabelled,NIA; NIMHD,VERIFIED,DOI_MATCH,Zotero's DOI appears in the document,100.0,0.0,True,False,True,7,7,1.0,True,False,6616,12,,233IG8X2,,Nursing home staff perspectives on adoption of an innovation in goals of care communication.
CWS9XSIY,unlabelled,NIA; NIMH,VERIFIED,DOI_MATCH,Zotero's DOI appears in the document,100.0,0.0,True,False,True,6,6,1.0,True,False,6375,18,,4TV75ZV7,,The Female Athlete Body project study: 18-month outcomes in eating disorder symptoms and risk factors.
WZHWKDU4,unlabelled,NIA; NIGMS,VERIFIED,DOI_MATCH,Zotero's DOI appears in the document,100.0,0.015,True,False,True,17,17,1.0,True,False,8201,10,,ZWYT3XS3,,"Impact of the iWHELD digital person-centered care program on quality of life, agitation and psychotropic medications in people with dementia living in nursing  homes during the COVID-19 pandemic: A randomized controlled trial."
83RPH6BD,unlabelled,NIA; NIDDK,VERIFIED,DOI_MATCH,Zotero's DOI appears in the document,100.0,0.156,True,False,True,5,5,1.0,True,True,8061,2,,SHN2DNT2,,"Only one cluster per condition is an invalid design for a cluster randomized trial and should be re-labeled a quasi-experimental study. Response to: ""Effect  of behavioral activation on time and frequency domain heart rate variability in  older adults with subthreshold depression: a cluster randomized controlled trial  in Thailand""."
9X4PEVBD,unlabelled,NIA; NINDS,VERIFIED,DOI_MATCH,Zotero's DOI appears in the document,100.0,0.01,True,False,True,2,2,1.0,True,False,10104,15,,WGZ9SCWK,,"Mixed-Method, Multilevel Clustered-Randomized Control Trial for Menstrual Health Disparities."
MRAHGVSS,unlabelled,NIA; NINDS,VERIFIED,DOI_MATCH,Zotero's DOI appears in the document,100.0,0.0,True,False,True,5,5,1.0,True,True,13299,2,,G5WJI4JN,,Physical Activity in Hospitalized Persons With Dementia: Feasibility and Validity of the MotionWatch 8.
2MWISP7C,unlabelled,NIA; NIDDK,VERIFIED,DOI_MATCH,Zotero's DOI appears in the document,100.0,0.0,True,False,True,8,8,1.0,True,False,10635,9,,NUVWQ5D8,,Electronic Decision Support for Management of CKD in Primary Care: A Pragmatic Randomized Trial.
XGDEQSIC,unlabelled,NIA; NINDS,VERIFIED,DOI_MATCH,Zotero's DOI appears in the document,100.0,0.0,True,False,True,10,10,1.0,True,False,5484,20,,UH8XEA9T,,Delirium and Behavioral Symptoms in Persons With Dementia at Hospital Admission: Mediating Factors.
9I6YTA9P,unlabelled,NIA; NIDDK,VERIFIED,DOI_MATCH,Zotero's DOI appears in the document,100.0,0.0,True,False,True,20,20,1.0,True,False,6234,23,,GDM75B9T,,"Randomization, design and analysis for interdependency in aging research: no person or mouse is an island."
6NZ2X7WN,unlabelled,NIA; NIDDK; NIGMS,VERIFIED,DOI_MATCH,Zotero's DOI appears in the document,100.0,-1.0,True,False,True,14,14,1.0,True,False,6335,19,,NTE4DDZC,,Predictors of racial differences in weight loss: the PROPEL trial.
M9BWEQ9C,unlabelled,NIA; NIDDK,VERIFIED,DOI_MATCH,Zotero's DOI appears in the document,100.0,0.002,True,False,True,7,7,1.0,True,True,11147,9,,VFNGT29B,,Geriatric Syndromes and Health-Related Quality of Life in Older Adults with Chronic Kidney Disease.
6SAHHJTI,unlabelled,NIA; NIDDK,VERIFIED,DOI_MATCH,Zotero's DOI appears in the document,100.0,0.0,True,False,True,8,8,1.0,True,False,10833,8,,YXTGVH4B,,Effect of Long-term Exercise Training on Physical Performance and Cardiorespiratory Function in Adults With CKD: A Randomized Controlled Trial.
M7LQMW8H,unlabelled,NIA,VERIFIED,DOI_MATCH,Zotero's DOI appears in the document,100.0,0.0,True,False,True,4,5,0.8,True,False,6147,10,,JTEGANTU,,Agreement of Antipsychotic Use between Nursing Home Electronic Records and Minimum Data Set.
VJETY9NK,unlabelled,NIA,VERIFIED,DOI_MATCH,Zotero's DOI appears in the document,100.0,0.012,True,False,True,6,6,1.0,True,True,10491,14,,SUDV2PN3,,Vestibular therapy to reduce falls in people with Alzheimer's disease: study protocol for a pilot randomized controlled trial.
SAGEATPB,unlabelled,NIA,VERIFIED,DOI_MATCH,Zotero's DOI appears in the document,100.0,0.011,True,False,True,9,9,1.0,True,False,7054,14,,PA7DXDUN,,A Multifaceted Intervention Improves Prescribing for Acute Respiratory Infection for Adults and Children in Emergency Department and Urgent Care Settings.
4NA6ICX5,unlabelled,NIA,VERIFIED,DOI_MATCH,Zotero's DOI appears in the document,100.0,0.0,True,False,True,8,8,1.0,True,True,10509,9,,JCJ4Q3VM,,"Effect of the Tailored, Family-Involved Hospital Elder Life Program on Postoperative Delirium and Function in Older Adults: A Randomized Clinical Trial."
NCZHFUG6,unlabelled,NIA,VERIFIED,DOI_MATCH,Zotero's DOI appears in the document,100.0,0.005,True,False,True,9,9,1.0,True,False,10905,8,,L5UV66QX,,LungCARE: Encouraging Shared Decision-Making in Lung Cancer Screening-a Randomized Trial.
DGN43CXD,unlabelled,NIA,VERIFIED,DOI_MATCH,Zotero's DOI appears in the document,100.0,0.004,True,False,True,10,10,1.0,True,True,8678,10,,URKJHSPI,,Population-Based Pragmatic Trial of Advance Care Planning in Primary Care in the University of California Health System.
SCVW75H8,unlabelled,NIA,VERIFIED,DOI_MATCH,Zotero's DOI appears in the document,100.0,0.179,True,False,True,15,15,1.0,True,True,10629,12,,W3TPHF2A,,Patient and public involvement in pragmatic trials: online survey of corresponding authors of published trials.
FGKYM2SH,unlabelled,NIA,VERIFIED,DOI_MATCH,Zotero's DOI appears in the document,100.0,0.002,True,False,True,8,8,1.0,True,False,6478,5,,I2H7RIKX,,Resources for Enhancing Alzheimer's Caregiver Health in Vietnam (REACH VN): Exploratory Analyses of Outcomes of a Cluster Randomized Controlled Trial to Test  the Feasibility and Preliminary Efficacy of a Family Dementia Caregiver  Intervention in Vietnam.
56IHXJJI,unlabelled,NIA,VERIFIED,DOI_MATCH,Zotero's DOI appears in the document,100.0,0.0,True,False,True,11,11,1.0,True,False,6174,18,,MKZ4DAZ3,,Resident-to-Resident Mistreatment: Evaluation of a Staff Training Program in the Reduction of Falls and Injuries.
BK76F4GJ,unlabelled,NIA,VERIFIED,DOI_MATCH,Zotero's DOI appears in the document,100.0,0.046,True,False,True,10,10,1.0,True,True,8779,16,,REG7ILND,,Resident-to-resident elder mistreatment (R-REM) intervention for direct care staff in assisted living residences: study protocol for a cluster randomized  controlled trial.
GDJ4LD32,unlabelled,NIA,VERIFIED,DOI_MATCH,Zotero's DOI appears in the document,100.0,0.009,True,False,True,6,6,1.0,True,True,10130,14,,E6IEL43D,,Personalized Disease Prevention (PDP): study protocol for a cluster-randomized clinical trial.
PMAXGL5B,unlabelled,NIA,VERIFIED,DOI_MATCH,Zotero's DOI appears in the document,100.0,0.004,True,False,True,20,20,1.0,True,True,8988,16,,HQJIG2J4,,Risk Factors Associated With Transition From Acute to Chronic Low Back Pain in US Patients Seeking Primary Care.
WT4FKUEX,unlabelled,NIA,VERIFIED,DOI_MATCH,Zotero's DOI appears in the document,100.0,0.011,True,False,True,4,4,1.0,True,False,9340,12,,PEMA5TNT,,Results of a multi-site pragmatic hybrid type 3 cluster randomized trial comparing level of facilitation while implementing an intervention in  community-dwelling disabled and older adults in a Medicaid waiver.
SX22ZM82,unlabelled,NIA,VERIFIED,DOI_MATCH,Zotero's DOI appears in the document,100.0,0.0,True,False,True,6,7,0.857,True,False,6056,19,,X338T48U,,"Using Structured Observations to Evaluate the Effects of a Personalized Music Intervention on Agitated Behaviors and Mood in Nursing Home Residents With  Dementia: Results From an Embedded, Pragmatic Randomized Controlled Trial."
VK6ISFI7,unlabelled,NIA,VERIFIED,DOI_MATCH,Zotero's DOI appears in the document,100.0,0.036,True,False,True,6,6,1.0,True,False,10969,6,,Z5TV9SB4,,Association Between Improved Mobility and Distal Health Outcomes.
S7WLRJUA,unlabelled,NIA,VERIFIED,DOI_MATCH,Zotero's DOI appears in the document,100.0,0.002,True,False,True,8,9,0.889,True,True,10410,20,,5FN287MN,,The effects of a physical and cognitive training intervention vs. physical training alone on older adults' physical activity: A randomized controlled trial  with extended follow-up during COVID-19.
7FV77GHR,unlabelled,NIA,VERIFIED,DOI_MATCH,Zotero's DOI appears in the document,100.0,0.0,True,False,True,1,10,0.1,True,False,6651,25,,E28RRSDU,,MIND at Home-Streamlined: Study protocol for a randomized trial of home-based care coordination for persons with dementia and their caregivers.
QRNNZKQD,unlabelled,NIA,VERIFIED,DOI_MATCH,Zotero's DOI appears in the document,100.0,0.0,True,False,True,8,8,1.0,True,False,11270,7,,X3NNGMIL,,Effect of Social Comparison Feedback on Laboratory Test Ordering for Hospitalized Patients: A Randomized Controlled Trial.
G3V64L83,unlabelled,NIA,VERIFIED,DOI_MATCH,Zotero's DOI appears in the document,100.0,0.02,True,False,True,4,4,1.0,True,True,13421,7,,STPC4VP6,,Application of randomization techniques for balancing site covariates in the adult day service plus pragmatic cluster-randomized trial.
DSCI2YQI,unlabelled,NIA,VERIFIED,DOI_MATCH,Zotero's DOI appears in the document,100.0,0.0,True,False,True,7,7,1.0,True,False,6035,21,,WAWND9BH,,Testing Function Focused Care for Acute Care using the Evidence Integration Triangle: Protocol description.
RC54XH99,unlabelled,NIA,VERIFIED,TITLE_AUTHOR_MATCH,title matches (100.0) and first author present; no DOI in text,100.0,0.0,False,False,True,5,5,1.0,False,False,6459,18,,P8XSQSCC,,Reliability and Validity of the Neuropsychiatric Inventory-Questionnaire Using a Rasch Analysis.
QDC744HA,unlabelled,NIA,VERIFIED,DOI_MATCH,Zotero's DOI appears in the document,100.0,0.0,True,False,True,12,12,1.0,True,True,10431,12,,VE8HZMZH,,Reducing Care Overuse in Older Patients Using Professional Norms and Accountability : A Cluster Randomized Controlled Trial.
XSBXXCT3,unlabelled,NIA,VERIFIED,DOI_MATCH,Zotero's DOI appears in the document,100.0,0.0,True,False,True,4,4,1.0,True,True,6679,19,,953VJSAD,,Assessing gait efficacy in older adults: An analysis using item response theory.
VXSX55VK,unlabelled,NIA,VERIFIED,DOI_MATCH,Zotero's DOI appears in the document,100.0,0.0,True,False,True,5,5,1.0,True,False,6594,12,,W24C9D4U,,Intraclass Correlation Coefficients for Planning Cluster Randomized Trials in Community-Dwelling Older Adults.
JNNSEAAG,unlabelled,NIA,VERIFIED,DOI_MATCH,Zotero's DOI appears in the document,100.0,0.011,True,False,True,3,3,1.0,True,False,9671,9,,AEVZMDFJ,,Can clinician champions reduce potentially inappropriate medications in people living with dementia? Study protocol for a cluster randomized trial.
NVKKCW4E,unlabelled,NIA,VERIFIED,DOI_MATCH,Zotero's DOI appears in the document,100.0,0.003,True,False,True,8,8,1.0,True,True,8737,10,,4M5UVUF9,,"A dynamic application of PRECIS-2 to evaluate implementation in a pragmatic, cluster randomized clinical trial in two nursing home systems."
RP5TMMXH,unlabelled,NIA,VERIFIED,DOI_MATCH,Zotero's DOI appears in the document,100.0,0.003,True,False,True,10,10,1.0,True,True,8737,12,,DRDFI9P7,,Measuring implementation fidelity in a cluster-randomized pragmatic trial: development and use of a quantitative multi-component approach.
AVNZGS8L,unlabelled,NIA,VERIFIED,DOI_MATCH,Zotero's DOI appears in the document,100.0,0.0,True,False,True,5,5,1.0,True,False,6508,18,,RJEVPRTP,,Ethical analysis of vulnerabilities in cluster randomized trials involving people living with dementia in long-term care homes.
8X8VAVS2,unlabelled,NIA,VERIFIED,DOI_MATCH,Zotero's DOI appears in the document,100.0,0.0,True,False,True,5,5,1.0,True,True,12430,5,,4XD3FQVP,,A cluster randomized controlled trial to test the feasibility and preliminary effectiveness of a family dementia caregiver intervention in Vietnam: The REACH  VN study protocol.
668LFLRC,unlabelled,NIA,VERIFIED,DOI_MATCH,Zotero's DOI appears in the document,100.0,0.001,True,False,True,7,7,1.0,True,False,11493,5,,FHA8EFHS,,Hospital-Associated Complications of Older People: A Proposed Multicomponent Outcome for Acute Care.
7JHMUXBM,unlabelled,NIA,VERIFIED,DOI_MATCH,Zotero's DOI appears in the document,100.0,0.0,True,False,True,18,18,1.0,True,True,10657,9,,T363VQAX,,Effect of a Ward-Based Program on Hospital-Associated Complications and Length of Stay for Older Inpatients: The Cluster Randomized CHERISH Trial.
N644CX8B,unlabelled,NIA,VERIFIED,DOI_MATCH,Zotero's DOI appears in the document,100.0,0.0,True,False,True,9,9,1.0,True,False,6334,11,,VCA5E3I6,,Effect of a Video-Assisted Advance Care Planning Intervention on End-of-Life Health Care Transitions Among Long-Stay Nursing Home Residents.
GSZMCC5S,unlabelled,NIA,VERIFIED,DOI_MATCH,Zotero's DOI appears in the document,100.0,0.006,True,False,True,9,9,1.0,True,True,7770,14,,WAAQUEBD,,Effectiveness of a Multicomponent Intervention to Reduce Multidrug-Resistant Organisms in Nursing Homes: A Cluster Randomized Clinical Trial.
K7VA9ZA6,unlabelled,NIA,VERIFIED,DOI_MATCH,Zotero's DOI appears in the document,100.0,0.0,True,False,True,6,6,1.0,True,False,6381,17,,76AWADHB,,An Advance Care Planning Video Decision Support Tool for Nursing Home Residents With Advanced Dementia: A Cluster Randomized Clinical Trial.
7EUMUR7L,unlabelled,NIA,VERIFIED,DOI_MATCH,Zotero's DOI appears in the document,100.0,0.0,True,False,True,13,13,1.0,False,False,10227,8,,SS7RZH6V,,Effect of Peer Benchmarking on Specialist Electronic Consult Performance in a Los Angeles Safety-Net: a Cluster Randomized Trial.
W7JB8WJ4,unlabelled,NIA,VERIFIED,DOI_MATCH,Zotero's DOI appears in the document,100.0,0.01,True,False,True,12,12,1.0,True,True,9811,8,,VKLUD3YL,,Effect of advance care planning video on do-not-hospitalize orders for nursing home residents with advanced illness.
WKF8PMVN,unlabelled,NIA,VERIFIED,DOI_MATCH,Zotero's DOI appears in the document,100.0,0.0,True,False,True,11,12,0.917,True,False,6205,17,,IU3RNT7D,,Pragmatic Trial of Personalized Music for Agitation and Antipsychotic Use in Nursing Home Residents With Dementia.
HHV9UIL8,unlabelled,NIA,VERIFIED,DOI_MATCH,Zotero's DOI appears in the document,100.0,0.003,True,False,True,9,9,1.0,True,True,8641,12,,YRG9G4Q9,,Measuring the effects of a personalized music intervention on agitated behaviors among nursing home residents with dementia: design features for  cluster-randomized adaptive trial.
AUPMUZSK,unlabelled,NIA,VERIFIED,DOI_MATCH,Zotero's DOI appears in the document,100.0,0.0,True,False,True,6,6,1.0,True,False,6188,15,,7ATZQK52,,Representation in the Care Planning Process for Nursing Home Residents With Dementia.
4G67IF2E,unlabelled,NIA,VERIFIED,DOI_MATCH,Zotero's DOI appears in the document,100.0,0.003,True,False,True,15,15,1.0,True,True,8370,14,,I63U4Y5R,,The trial to reduce antimicrobial use in nursing home residents with Alzheimer's disease and other dementias: study protocol for a cluster randomized controlled  trial.
ENRGULMN,unlabelled,NIA,VERIFIED,DOI_MATCH,Zotero's DOI appears in the document,100.0,0.0,True,False,True,5,5,1.0,True,True,11140,11,,22DJBEIL,,Clinical Effectiveness of Cognitively Enhanced Tai Ji Quan Training on Global Cognition and Dual-Task Performance During Walking in Older Adults With Mild  Cognitive Impairment or Self-Reported Memory Concerns : A Randomized Controlled  Trial.
UKWR9HXN,unlabelled,NIA,VERIFIED,DOI_MATCH,Zotero's DOI appears in the document,100.0,0.021,True,False,True,8,8,1.0,True,True,5642,12,,Z8VIMSGZ,,The Modified Caregiver Strain Index in Black and White Dementia Caregivers at Hospital Discharge.
CM3N743Z,unlabelled,NIA,VERIFIED,DOI_MATCH,Zotero's DOI appears in the document,100.0,0.0,True,False,True,6,6,1.0,True,False,5743,14,,N7R9BSK5,,Factors Associated With Sleep Quality in Hospitalized Persons With Dementia.
P5ASMXQM,unlabelled,NIA,VERIFIED,DOI_MATCH,Zotero's DOI appears in the document,100.0,0.012,True,False,True,7,7,1.0,True,True,9023,9,,DDCKJ9BB,,Caregiver preparedness is associated with desire to seek long-term care admission of hospitalized persons with dementia.
A3DS3XMT,unlabelled,NIA,VERIFIED,DOI_MATCH,Zotero's DOI appears in the document,100.0,-1.0,True,False,True,9,9,1.0,True,True,9213,8,,FFYKVXLS,,Digital detection of dementia (D(3)): a study protocol for a pragmatic cluster-randomized trial examining the application of patient-reported outcomes  and passive clinical decision support systems.
9YDDGPRA,unlabelled,NIA,VERIFIED,DOI_MATCH,Zotero's DOI appears in the document,100.0,0.0,True,False,True,10,10,1.0,True,True,5976,21,,4DTS7IAP,,Effect of menopausal hormone therapy on arterial wall echomorphology: Results from the Early versus Late Intervention Trial with Estradiol (ELITE).
2W2VMC7U,unlabelled,NIA,VERIFIED,DOI_MATCH,Zotero's DOI appears in the document,100.0,0.037,True,False,True,7,7,1.0,True,True,9485,16,,7FNHIBHC,,Developing and Testing Remote Implementation for the Changing Talk Online (CHATO) Communication Intervention for Nursing Home Staff: A Pilot Pragmatic Randomized  Controlled Trial.
YY2Y4J6Y,unlabelled,NIA,VERIFIED,DOI_MATCH,Zotero's DOI appears in the document,100.0,0.018,True,False,True,19,19,1.0,True,False,8566,8,,KDAMGGMB,,Advancing family dementia caregiver interventions in low- and middle-income countries: A pilot cluster randomized controlled trial of Resources for Advancing  Alzheimer's Caregiver Health in Vietnam (REACH VN).
27HHPVDB,unlabelled,NIA,VERIFIED,DOI_MATCH,Zotero's DOI appears in the document,100.0,0.022,True,False,True,6,6,1.0,True,False,9196,13,,9H28Q56W,,The design and conduct of a pragmatic cluster randomized trial of an advance care planning program for nursing home residents with dementia.
GCNXXHDX,unlabelled,NIA,VERIFIED,DOI_MATCH,Zotero's DOI appears in the document,100.0,0.0,True,False,True,4,4,1.0,True,False,6193,15,,75KAT25U,,Medication use quality and safety in older adults: 2022 update.
G5AIEDKN,unlabelled,NIA,VERIFIED,DOI_MATCH,Zotero's DOI appears in the document,100.0,0.011,True,False,True,8,8,1.0,True,True,12329,11,,B2QXHAXH,,Embedding Caregiver Support Within Adult Day Services: Outcomes of a Multisite Trial.
9QV6LKJA,unlabelled,NIA,VERIFIED,DOI_MATCH,Zotero's DOI appears in the document,100.0,0.0,True,False,True,8,8,1.0,True,False,6497,17,,S5ZR9557,,A Cluster Randomized Controlled Trial Testing the Impact of Function and Behavior Focused Care for Nursing Home Residents With Dementia.
8NRL8T54,unlabelled,NIA,VERIFIED,DOI_MATCH,Zotero's DOI appears in the document,100.0,0.002,True,False,True,7,7,1.0,True,False,11049,8,,VRMV5ZXQ,,Perceptions of event notification following discharge to improve geriatric care: qualitative interviews of care team members from a 2-site cluster randomized  trial.
RMZNQIE9,unlabelled,NIA,VERIFIED,DOI_MATCH,Zotero's DOI appears in the document,100.0,0.084,True,False,True,9,9,1.0,True,False,9647,8,,UCRK6MAU,,Sustained impact of community-based interventions on contraceptive use among married adolescent girls in rural Niger: Results from a cluster randomized  controlled trial.
XVZRE9CR,unlabelled,NIA,VERIFIED,DOI_MATCH,Zotero's DOI appears in the document,100.0,0.0,True,False,True,16,16,1.0,True,False,6714,22,,GA9TQMBK,,SHARING Choices: Design and rationale for a pragmatic trial of an advance care planning intervention for older adults with and without dementia in primary care.
DLPYKKUZ,unlabelled,NIA,VERIFIED,DOI_MATCH,Zotero's DOI appears in the document,100.0,0.01,True,False,True,2,2,1.0,True,False,10224,11,,WVUA93D3,,Recruitment of older adults from long-term care settings for a longitudinal clinical trial.
4AY2WR3U,unlabelled,NIA,VERIFIED,DOI_MATCH,Zotero's DOI appears in the document,100.0,0.007,True,False,True,22,22,1.0,True,True,9476,10,,FLFDW3IH,,SHARING Choices: Lessons Learned from a Primary-Care Focused Advance Care Planning Intervention.
KV28CSXV,unlabelled,NIA,VERIFIED,DOI_MATCH,Zotero's DOI appears in the document,100.0,0.002,True,False,True,6,6,1.0,True,True,9237,11,,M8VZJNJK,,Concordance Between Proxy Level of Care Preference and Advance Directives Among Nursing Home Residents With Advanced Dementia: A Cluster Randomized Clinical  Trial.
H8U7KRVH,unlabelled,NIA,VERIFIED,DOI_MATCH,Zotero's DOI appears in the document,100.0,0.017,True,False,True,2,2,1.0,True,True,6219,9,,YN5C2AFT,,Strategies to Prevent Serious Fall Injuries: A Commentary on Bhasin et al. A Randomized Trial of a Multifactorial Strategy to Prevent Serious Fall Injuries. N  Engl J Med. 2020;383(2):129-140.
4JDNFZC7,unlabelled,NIA,VERIFIED,DOI_MATCH,Zotero's DOI appears in the document,100.0,0.0,True,False,False,12,13,0.923,True,False,5945,13,,B9HA9N9W,,Three Nurse-administered Protocols Reduce Nutritional Decline and Frailty in Older Gastrointestinal Surgery Patients: A Cluster Randomized Trial.
3IGYKNGH,unlabelled,NIA,VERIFIED,DOI_MATCH,Zotero's DOI appears in the document,100.0,0.0,True,False,True,13,13,1.0,True,False,6667,13,,NTIKA5FW,,Role of Hand Hygiene Ambassador and Implementation of Directly Observed Hand Hygiene Among Residents in Residential Care Homes for the Elderly in Hong Kong.
9A76VE5R,unlabelled,NIA,VERIFIED,DOI_MATCH,Zotero's DOI appears in the document,100.0,0.0,True,False,True,7,7,1.0,True,False,12150,9,,WMW8MVXB,,Interventions to Reduce Ageism Against Older Adults: A Systematic Review and Meta-Analysis.
KGR36X85,unlabelled,NIA,VERIFIED,DOI_MATCH,Zotero's DOI appears in the document,100.0,0.0,True,False,True,9,9,1.0,True,False,5401,14,,ZSBZ8UPH,,Protocol for an embedded pragmatic clinical trial to test the effectiveness of Aliviado Dementia Care in improving quality of life for persons living with  dementia and their informal caregivers.
HZH7VKVP,unlabelled,NIA,VERIFIED,DOI_MATCH,Zotero's DOI appears in the document,100.0,0.0,True,False,True,16,16,1.0,True,True,7253,20,,59A5PHKT,,Evaluating the Safety of an Educational Deprescribing Intervention: Lessons from the Optimize Trial.
GI62Z9QD,unlabelled,NIA,VERIFIED,DOI_MATCH,Zotero's DOI appears in the document,100.0,0.0,True,False,True,5,5,1.0,True,False,6208,15,,CARXMBD3,,Hospital Elder Life Program in Long-Term Care (HELP-LTC): A Cluster Randomized Controlled Trial.
HMITKU4R,unlabelled,NIA,VERIFIED,DOI_MATCH,Zotero's DOI appears in the document,100.0,0.015,True,False,True,9,9,1.0,True,True,3729,15,,2DLUG4SU,,A behavioral intervention to promote use of multimodal pain medication for hospitalized patients: A randomized controlled trial.
YGT6CCGT,unlabelled,NIA,VERIFIED,DOI_MATCH,Zotero's DOI appears in the document,100.0,0.0,True,False,True,9,9,1.0,True,False,5727,17,,7EI459HT,,"Pain Incidence, Treatment, and Associated Symptoms in Hospitalized Persons with Dementia."
BBXP6ADJ,unlabelled,NIA,VERIFIED,DOI_MATCH,Zotero's DOI appears in the document,100.0,0.012,True,False,True,7,7,1.0,True,True,12094,11,,HEUJN2NQ,,Testing an Intervention to Improve Posthospital Outcomes in Persons Living With Dementia and Their Family Care Partners.
V75G53SK,unlabelled,NIA,VERIFIED,DOI_MATCH,Zotero's DOI appears in the document,100.0,0.302,True,False,True,4,4,1.0,True,True,10873,9,10.1177/01939459211032282Western,5UKLDUPK,,Recruiting and Retaining Dyads of Hospitalized Persons with Dementia and Family Caregivers.
XLBLVF4U,unlabelled,NIA,VERIFIED,DOI_MATCH,Zotero's DOI appears in the document,100.0,0.003,True,False,True,8,8,1.0,True,True,9322,15,,GK9Z4TZ8,,Reducing disability via a family centered intervention for acutely ill persons with Alzheimer's disease and related dementias: protocol of a cluster-randomized  controlled trial (Fam-FFC study).
XZSSRCQQ,unlabelled,NIA,VERIFIED,DOI_MATCH,Zotero's DOI appears in the document,100.0,0.081,True,False,True,5,5,1.0,True,True,8768,6,,YNECYE6H,,"Enhancing Palliative Care for Patients With Advanced Heart Failure Through Simple Prognostication Tools: A Comparison of the Surprise Question, the Number of  Previous Heart Failure Hospitalizations, and the Seattle Heart Failure Model for  Predicting 1-Year Survival."
D5MT9R7C,unlabelled,NIA,VERIFIED,DOI_MATCH,Zotero's DOI appears in the document,100.0,0.0,True,False,True,14,14,1.0,True,True,10071,8,,UG4RZIRQ,,Evaluating the Findings of the IMPACT-C Randomized Clinical Trial to Improve COVID-19 Vaccine Coverage in Skilled Nursing Facilities.
Z582MYLU,unlabelled,NIA,VERIFIED,DOI_MATCH,Zotero's DOI appears in the document,100.0,0.0,True,False,True,15,15,1.0,True,True,10859,9,,E26D4XW7,,Deprescribing Education vs Usual Care for Patients With Cognitive Impairment and Primary Care Clinicians: The OPTIMIZE Pragmatic Cluster Randomized Trial.
GP44YDTA,unlabelled,NIA,VERIFIED,DOI_MATCH,Zotero's DOI appears in the document,100.0,0.004,True,False,True,16,16,1.0,True,True,7422,13,,8GUZZ3ZD,,"The OPTIMIZE patient- and family-centered, primary care-based deprescribing intervention for older adults with dementia or mild cognitive impairment and  multiple chronic conditions: study protocol for a pragmatic cluster randomized  controlled trial."
3QQZB4ZH,unlabelled,NIA,VERIFIED,DOI_MATCH,Zotero's DOI appears in the document,100.0,0.0,True,False,True,9,9,1.0,True,True,10115,10,,9I3C7EII,,Effect of Doxycycline on Aneurysm Growth Among Patients With Small Infrarenal Abdominal Aortic Aneurysms: A Randomized Clinical Trial.
VSBNZPUS,unlabelled,NIA,VERIFIED,DOI_MATCH,Zotero's DOI appears in the document,100.0,0.0,True,False,True,17,17,1.0,True,False,11276,15,,AGQC5YLB,,Effectiveness of Quality Improvement Coaching on Process Outcomes in Health Care Settings: A Systematic Review.
ZKK4BKTQ,unlabelled,NIA,VERIFIED,DOI_MATCH,Zotero's DOI appears in the document,98.4,-1.0,True,False,True,2,2,1.0,True,False,6888,14,,K9HBU2US,,Multicrossover Randomized Controlled Trial Designs in Alzheimer Disease.
V6W2HD3R,unlabelled,NIA,VERIFIED,DOI_MATCH,Zotero's DOI appears in the document,100.0,0.0,True,False,True,7,7,1.0,True,False,6498,17,,46PZ493E,,Effect of Community-Based Group Exercise Interventions on Standing Balance and Strength in Independent Living Older Adults.
93FNETVQ,unlabelled,NIA,VERIFIED,DOI_MATCH,Zotero's DOI appears in the document,100.0,0.0,True,False,True,4,4,1.0,True,False,6432,12,,WWGEJAJI,,Medication Use Quality and Safety in Older Adults: 2019 Update.
QNXF4WMN,unlabelled,NIA,VERIFIED,DOI_MATCH,Zotero's DOI appears in the document,100.0,0.0,True,False,True,4,4,1.0,True,False,6620,9,,V9M2PURM,,Medication Use Quality and Safety in Older Adults: 2018 Update.
IGQ8WSPJ,unlabelled,NIA,VERIFIED,DOI_MATCH,Zotero's DOI appears in the document,100.0,0.0,True,False,True,2,2,1.0,True,False,6163,22,,4WFAWAC3,,"Supplemental income program design: A cluster-randomized controlled trial to examine the health and wellbeing effects on older adults by gender, duration, and  payment frequency."
52R34RAC,unlabelled,NIA,VERIFIED,DOI_MATCH,Zotero's DOI appears in the document,100.0,0.0,True,False,True,20,20,1.0,True,True,10725,8,,XIKAJHW4,,"Effect of Nudges to Clinicians, Patients, or Both to Increase Statin Prescribing: A Cluster Randomized Clinical Trial."
SPGKN8GS,unlabelled,NIAAA; NIMHD,VERIFIED,DOI_MATCH,Zotero's DOI appears in the document,100.0,0.002,True,False,True,1,1,1.0,True,True,11265,9,,NEWQTKT3,,25 Years of Complex Intervention Trials: Reflections on Lived and Scientific Experiences.
4LJNP9IY,unlabelled,NIAAA; NIAID,VERIFIED,DOI_MATCH,Zotero's DOI appears in the document,100.0,0.032,True,False,True,10,10,1.0,True,True,10775,9,,R8TDW2B6,,"Design of a randomized controlled trial of smoking cessation medications for alcohol reduction among HIV-positive heavy drinkers and daily smokers in St.  Petersburg, Russia."
B5PSHGJ9,unlabelled,NIAAA; NIMH,VERIFIED,DOI_MATCH,Zotero's DOI appears in the document,100.0,0.0,True,False,True,12,12,1.0,True,False,5538,19,,IIEBBT8V,,Implementing Illness Management and Recovery Within Assertive Community Treatment: A Pilot Trial of Feasibility and Effectiveness.
HA7NFJKF,unlabelled,NIAAA; NICHD,VERIFIED,DOI_MATCH,Zotero's DOI appears in the document,100.0,0.0,True,False,True,1,20,0.05,True,False,6483,31,,FGFUNRHK,,"A cluster-randomized trial of a college health center-based alcohol and sexual violence intervention (GIFTSS): Design, rationale, and baseline sample."
EZVDX7EV,unlabelled,NIAAA; NIMH,VERIFIED,DOI_MATCH,Zotero's DOI appears in the document,100.0,0.0,True,False,True,7,7,1.0,True,True,12082,12,,EYTJGMSE,,The association of maternal alcohol use and paraprofessional home visiting with children's health: A randomized controlled trial.
WJAFVFA8,unlabelled,NIAAA; NIDA; NIMHD,VERIFIED,DOI_MATCH,Zotero's DOI appears in the document,100.0,0.011,True,False,True,8,8,1.0,True,True,12860,5,,YPELHC4A,,Persons from racial and ethnic minority groups receiving medication for opioid use disorder experienced increased difficulty accessing harm reduction services  during COVID-19.
3LHY56PV,unlabelled,NIAAA; NIDDK,VERIFIED,DOI_MATCH,Zotero's DOI appears in the document,100.0,0.0,True,False,True,13,13,1.0,True,False,10349,9,,5RSLQ2HD,,Health Within Reach-a Patient-Centered Intervention to Increase Hepatitis B Screening Among Asian Americans: a Randomized Clinical Trial.
ZJKQ8F5L,unlabelled,NIAAA; NIDA,VERIFIED,DOI_MATCH,Zotero's DOI appears in the document,100.0,0.005,True,False,True,4,4,1.0,True,False,8252,10,,MF77RXMN,,Gender Differences in Impacts of Place-Based Neighborhood Greening Interventions on Fear of Violence Based on a Cluster-Randomized Controlled ﻿Trial.
FJXKFL9F,unlabelled,NIAAA; NIAID; NIMH,VERIFIED,DOI_MATCH,Zotero's DOI appears in the document,100.0,0.0,True,False,True,4,4,1.0,True,False,6870,18,,PZMPEJJA,,Home Visiting and Antenatal Depression Affect the Quality of Mother and Child Interactions in South Africa.
PSM5JQ3Y,unlabelled,NIAAA; NIDA,VERIFIED,DOI_MATCH,Zotero's DOI appears in the document,100.0,0.005,True,False,True,5,5,1.0,True,True,8058,14,,PF5S72WV,,Effect of Greening Vacant Land on Mental Health of Community-Dwelling Adults: A Cluster Randomized Trial.
QN49II8P,unlabelled,NIAAA; NIDA,VERIFIED,DOI_MATCH,Zotero's DOI appears in the document,100.0,0.0,True,False,True,1,7,0.143,True,False,16242,6,,ZBD3JK7L,,"Citywide cluster randomized trial to restore blighted vacant land and its effects on violence, crime, and fear."
FDPS9FE9,unlabelled,NIAAA; NIDA,VERIFIED,DOI_MATCH,Zotero's DOI appears in the document,100.0,0.136,True,False,True,16,16,1.0,True,False,9295,15,,GXZRU6CF,,"Study protocol for a factorial-randomized controlled trial evaluating the implementation, costs, effectiveness, and sustainment of digital therapeutics for  substance use disorder in primary care (DIGITS Trial)."
3WNQ9RHH,unlabelled,NIAAA; NIAID; NIMH,VERIFIED,DOI_MATCH,Zotero's DOI appears in the document,100.0,0.017,True,False,True,15,15,1.0,True,False,3439,18,,SAN52KDW,,Universal HIV Testing and Treatment With Patient-Centered Care Improves ART Uptake and Viral Suppression Among Adults Reporting Hazardous Alcohol Use in  Uganda and Kenya.
T47RKM5B,unlabelled,NIAAA; NICHD,VERIFIED,DOI_MATCH,Zotero's DOI appears in the document,100.0,0.0,True,False,True,5,5,1.0,True,False,6898,18,,J2PKIQME,,Sexual Communication and Sexual Consent Self-Efficacy Among College Students: Implications for Sexually Transmitted Infection Prevention.
QEFC624Z,unlabelled,NIAAA; NIAID,VERIFIED,DOI_MATCH,Zotero's DOI appears in the document,100.0,0.006,True,False,True,15,15,1.0,True,True,8552,15,,CHM3HQDR,,Effectiveness of Varenicline and Cytisine for Alcohol Use Reduction Among People With HIV and Substance Use: A Randomized Clinical Trial.
9K6L8NPX,unlabelled,NIAAA; NIDA; NIMH,VERIFIED,DOI_MATCH,Zotero's DOI appears in the document,100.0,0.0,True,False,True,8,8,1.0,True,False,6105,17,,H6WH39PR,,Standardized Versus Tailored Implementation of Measurement-Based Care for Depression in Community Mental Health Clinics.
MEKD4KMW,unlabelled,NIAAA; NIDA,VERIFIED,DOI_MATCH,Zotero's DOI appears in the document,100.0,0.002,True,False,True,5,5,1.0,True,True,9545,12,,IHS8H76G,,Addressing identification bias in the design and analysis of cluster-randomized pragmatic trials: a case study.
ZSZEJEG4,unlabelled,NIAAA; NICHD,VERIFIED,DOI_MATCH,Zotero's DOI appears in the document,100.0,0.02,True,False,True,9,9,1.0,True,False,6546,9,,KQK2Q5X5,,College students' experiences of sexual violence and reasons for seeking care in campus health and counseling centers.
RB9I4EW6,unlabelled,NIAAA; NICHD; NIDA,VERIFIED,DOI_MATCH,Zotero's DOI appears in the document,100.0,0.0,True,False,True,7,7,1.0,True,True,10575,8,,DIJD8IMG,,Efficacy and Safety of Varenicline for Adolescent Smoking Cessation: A Randomized Clinical Trial.
RWMD4Q74,unlabelled,NIAAA,VERIFIED,DOI_MATCH,Zotero's DOI appears in the document,100.0,0.022,True,False,True,3,3,1.0,True,True,6092,10,,ZS23Z7TH,,"The Effects of Cooperative Learning on Peer Relations, Academic Support, and Engagement in Learning Among Students of Color."
KMVAL9WZ,unlabelled,NIAAA,VERIFIED,DOI_MATCH,Zotero's DOI appears in the document,100.0,0.025,True,False,True,4,4,1.0,True,True,4922,13,,LBTGEKFJ,,Reciprocated Friendship as a Mediator of the Effects of Cooperative Learning on Peer Victimization in Middle School.
VTXUDLKI,unlabelled,NIAAA,VERIFIED,DOI_MATCH,Zotero's DOI appears in the document,100.0,0.0,True,False,True,3,3,1.0,True,False,6469,18,,MWQQWPC5,,Mediators of Effects of Cooperative Learning on Prosocial Behavior in Middle School.
DCPKMZRA,unlabelled,NIAAA,VERIFIED,DOI_MATCH,Zotero's DOI appears in the document,100.0,0.049,True,False,True,2,2,1.0,True,True,4428,19,,H7LEXKDF,,The Longitudinal Relationship Between Peer Relations and Empathy and their Joint Contribution to Reducing Bullying in Middle School: Findings from a Randomized  Trial of Cooperative Learning.
VASRLIV9,unlabelled,NIAAA,VERIFIED,DOI_MATCH,Zotero's DOI appears in the document,100.0,0.057,True,False,True,2,2,1.0,True,False,4406,25,10.1177/0272431620950474Journal,BNBNWHNY,,The Cascading Effects of Reducing Student Stress: Cooperative Learning as a Means to Reduce Emotional Problems and Promote Academic Engagement.
W5M3P4MY,unlabelled,NIAAA,VERIFIED,DOI_MATCH,Zotero's DOI appears in the document,100.0,0.0,True,False,True,2,2,1.0,True,True,6938,17,,JRE82RDI,,"Effects of cooperative learning on peer relations, empathy, and bullying in middle school."
QRJXSLKY,unlabelled,NIAAA,VERIFIED,DOI_MATCH,Zotero's DOI appears in the document,100.0,0.0,True,False,True,2,2,1.0,True,False,6771,16,,FJTJ3SB7,,Enlisting Peer Cooperation in the Service of Alcohol Use Prevention in Middle School.
BWCFXZ8L,unlabelled,NIAAA,VERIFIED,DOI_MATCH,Zotero's DOI appears in the document,100.0,0.0,True,False,True,2,2,1.0,True,False,6721,18,,R7EZDMXS,,Cooperative Learning Effects on Peer Relations and Alcohol Use in Middle School.
XQWL3HY9,unlabelled,NIAAA,VERIFIED,DOI_MATCH,Zotero's DOI appears in the document,100.0,0.0,True,False,True,2,2,1.0,True,True,12932,10,,4MMKQRDC,,"Cooperative Learning in Middle School: A Means to Improve Peer Relations and Reduce Victimization, Bullying, and Related Outcomes."
LZE9T854,unlabelled,NIAAA,VERIFIED,DOI_MATCH,Zotero's DOI appears in the document,100.0,0.0,True,False,True,2,2,1.0,True,False,6519,16,,CA42J9PE,,Peer influence processes as mediators of effects of a middle school substance use prevention program.
2CRQDIHN,unlabelled,NIAAA,VERIFIED,DOI_MATCH,Zotero's DOI appears in the document,100.0,0.064,True,False,True,3,3,1.0,True,True,6405,11,,ECLJA5JX,,"The effects of cooperative learning on self-reported peer relations, peer support, and classroom engagement among students with disabilities."
TJY49I4I,unlabelled,NIAAA,VERIFIED,DOI_MATCH,Zotero's DOI appears in the document,100.0,0.0,True,False,True,3,3,1.0,True,False,6432,22,,RJ9WGR2M,,Costs and benefits of cooperative learning as a universal school-based approach to adolescent substance use prevention.
IYS5C8L6,unlabelled,NIAAA,VERIFIED,DOI_MATCH,Zotero's DOI appears in the document,100.0,0.013,True,False,True,4,4,1.0,True,False,9789,12,,CE8FSZQP,,"A Longitudinal Process Model Evaluating the Effects of Cooperative Learning on Victimization, Stress, Mental Health, and Academic Engagement in Middle School."
RT77AMLV,unlabelled,NIAAA,VERIFIED,DOI_MATCH,Zotero's DOI appears in the document,100.0,0.005,True,False,True,9,9,1.0,True,True,8675,16,,WX4U9JG3,,Use of an Automated Bilingual Digital Health Tool to Reduce Unhealthy Alcohol Use Among Latino Emergency Department Patients: A Randomized Clinical Trial.
C5JXLSUM,unlabelled,NIAAA,VERIFIED,DOI_MATCH,Zotero's DOI appears in the document,100.0,0.001,True,False,True,6,6,1.0,True,False,12388,8,10.1037/adb0000963.supp,GE4KX27V,,A randomized controlled trial of a brief motivational interviewing-based group intervention for emerging adults experiencing homelessness: 24-month effects on  alcohol use.
XMMCNU97,unlabelled,NIAAA,VERIFIED,DOI_MATCH,Zotero's DOI appears in the document,100.0,0.0,True,False,True,6,6,1.0,True,False,7321,22,,V8RHSVKS,,A randomized controlled trial of a brief motivational interviewing-based group intervention for emerging adults experiencing homelessness: 12-Month effects on  substance use and sexual risk behavior.
5KSENBRK,unlabelled,NIAAA,VERIFIED,DOI_MATCH,Zotero's DOI appears in the document,100.0,0.001,True,False,True,14,14,1.0,True,True,9699,17,,CEF5R966,,Computer-Facilitated Screening and Brief Intervention for Alcohol Use Risk in Adolescent Patients of Pediatric Primary Care Offices: Protocol for a Cluster  Randomized Controlled Trial.
A9YFYUW7,unlabelled,NIAAA,VERIFIED,DOI_MATCH,Zotero's DOI appears in the document,100.0,0.0,True,False,True,5,5,1.0,True,False,6881,16,,UCTXA5MH,,Randomized Trial to Reduce Risky Sexual Behavior Among Justice-Involved Adolescents.
CUM3GQXP,unlabelled,NIAAA,VERIFIED,DOI_MATCH,Zotero's DOI appears in the document,100.0,0.0,True,False,True,5,5,1.0,True,True,4704,19,,7FBAJF4D,,Effects of the Universal Prevention Curriculum for Schools on Substance Use Among Peruvian Adolescents: A Randomized Trial.
7RHBB6YS,unlabelled,NIAAA,VERIFIED,DOI_MATCH,Zotero's DOI appears in the document,100.0,0.0,True,False,True,7,7,1.0,True,True,9134,10,,NZTFXBNA,,Three-Year Outcomes After Brief Treatment of Substance Use and Mood Symptoms.
EQFXGLNL,unlabelled,NIAAA,VERIFIED,DOI_MATCH,Zotero's DOI appears in the document,100.0,0.0,True,False,True,4,4,1.0,True,False,12147,5,,84HTSWQE,,Effect of Remediating Blighted Vacant Land on Shootings: A Citywide Cluster Randomized Trial.
AFCWE9KZ,unlabelled,NIAAA,VERIFIED,DOI_MATCH,Zotero's DOI appears in the document,100.0,0.0,True,False,True,7,7,1.0,True,False,6657,19,,BUDUHXGW,,Effectiveness of a pharmacist-delivered primary care telemedicine intervention to increase access to pharmacotherapy and specialty treatment for alcohol use  problems: Protocol for the alcohol telemedicine consult cluster-randomized  pragmatic trial.
8EZG7HP9,unlabelled,NIAAA,VERIFIED,DOI_MATCH,Zotero's DOI appears in the document,100.0,0.0,True,False,True,2,2,1.0,True,False,13514,10,,VSC6J38X,,Student-centered instruction can build social-emotional skills and peer relations: Findings from a cluster-randomized trial of technology-supported  cooperative learning.
RC3NW9E4,unlabelled,NIAAA,VERIFIED,DOI_MATCH,Zotero's DOI appears in the document,100.0,0.019,True,False,True,3,3,1.0,True,True,6149,9,,8E5L7A7I,,A Group Randomized Trial of the Stop Service to Obviously-Impaired Patrons (S-STOP) Program to Prevent Overservice in Bars and Restaurants in College  Communities.
U8ZJRIVR,unlabelled,NIAAA,VERIFIED,DOI_MATCH,Zotero's DOI appears in the document,100.0,0.0,True,False,True,4,4,1.0,True,False,6661,13,,VEFE9F82,,Safer Bars: A cluster-randomized effectiveness evaluation of alcohol-related sexual violence prevention through bar staff bystander training.
RCY3W772,unlabelled,NIAAA,VERIFIED,DOI_MATCH,Zotero's DOI appears in the document,100.0,0.018,True,False,True,7,7,1.0,True,True,6524,11,,XUYMQCV7,,Delivery of a Prevention Program in Large College Classes: Effectiveness of the Expectancy Challenge Alcohol Literacy Curriculum.
BE2FKCXY,unlabelled,NIAAA,VERIFIED,DOI_MATCH,Zotero's DOI appears in the document,100.0,0.0,True,False,True,3,3,1.0,True,False,6569,12,,7VIIWWQG,,A behavioral activation intervention administered in a 16-week freshman orientation course: Study protocol.
9FHCNQLX,unlabelled,NIAAA,VERIFIED,DOI_MATCH,Zotero's DOI appears in the document,100.0,0.0,True,False,True,8,8,1.0,True,False,6315,14,,TXFDR5PI,,Effective prevention programming for reducing alcohol-related harms experienced by first year college students: Evaluation of the expectancy challenge alcohol  literacy curriculum (ECALC).
4GTAWDKF,unlabelled,NIAAA,VERIFIED,DOI_MATCH,Zotero's DOI appears in the document,100.0,0.0,True,False,True,8,8,1.0,True,False,6154,21,,SFDFT7I6,,A randomized controlled trial comparing a manual and computer version of CALM in VA community-based outpatient clinics.
7BKPCXSF,unlabelled,NIAAA,VERIFIED,DOI_MATCH,Zotero's DOI appears in the document,100.0,0.412,True,False,True,2,2,1.0,True,False,9201,10,,UHY8BF2U,,Universal School-Based Substance Use Prevention Using Technology-Supported Cooperative Learning.
GVP28VW6,unlabelled,NIAAA,VERIFIED,DOI_MATCH,Zotero's DOI appears in the document,100.0,0.0,True,False,True,7,7,1.0,True,False,9243,11,,AR2KKZ63,,Influence of an Implementation Support Intervention on Barriers and Facilitators to Delivery of a Substance Use Prevention Program.
C5YKG5KJ,unlabelled,NIAAA,VERIFIED,DOI_MATCH,Zotero's DOI appears in the document,100.0,0.0,True,False,True,7,7,1.0,True,True,11050,7,,FKDWST2P,,Effect of Including Alcohol and Cannabis Content in a Sexual Risk-Reduction Intervention on the Incidence of Sexually Transmitted Infections in Adolescents:  A Cluster Randomized Clinical Trial.
KJUJ8Q7N,unlabelled,NIAAA,VERIFIED,DOI_MATCH,Zotero's DOI appears in the document,100.0,0.001,True,False,True,4,4,1.0,True,True,10118,16,,SXJC2Q3T,,Professional Development to Improve Responsible Beverage Service Training: Formative Research Results and Protocol for a Randomized Controlled Trial.
LLZYSRKB,unlabelled,NIAAA,VERIFIED,DOI_MATCH,Zotero's DOI appears in the document,100.0,0.001,True,False,True,10,10,1.0,True,True,9993,13,,VG32PJE8,,Cross-Tailoring Integrative Alcohol and Risky Sexual Behavior Feedback for College Students: Protocol for a Hybrid Type 1 Effectiveness-Implementation  Trial.
AWT9EB5R,unlabelled,NIAAA,VERIFIED,DOI_MATCH,Zotero's DOI appears in the document,100.0,0.013,True,False,True,6,6,1.0,True,True,9151,11,,SGAHKVQ4,,Implementing a text-messaging intervention for unhealthy alcohol use in emergency departments: protocol for implementation strategy development and a pilot cluster  randomized implementation trial.
P3ZJYJ5P,unlabelled,NIAAA,VERIFIED,DOI_MATCH,Zotero's DOI appears in the document,100.0,0.007,True,False,True,3,3,1.0,True,True,9640,12,,4QGMSPH9,,Technology-Based Methods for Training Counseling Skills in Behavioral Health: a Scoping Review.
BAQ99QW8,unlabelled,NIAAA,VERIFIED,DOI_MATCH,Zotero's DOI appears in the document,100.0,0.002,True,False,True,5,5,1.0,True,False,9398,11,,SRZZYP23,,Pay-for-performance as a cost-effective implementation strategy: results from a cluster randomized trial.
2RZV777D,unlabelled,NIAAA,VERIFIED,DOI_MATCH,Zotero's DOI appears in the document,100.0,0.001,True,False,True,8,8,1.0,True,True,10070,13,,446X937Y,,"Providing Lesbian, Gay, Bisexual, Transgender, Nonbinary, and Queer Adolescents With Nurturance, Trustworthiness, and Safety: Protocol for Pilot Cluster  Randomized Controlled Trial Design."
Y5I3JNXM,unlabelled,NIAAA,VERIFIED,DOI_MATCH,Zotero's DOI appears in the document,100.0,0.002,True,False,True,6,6,1.0,True,False,9025,16,,4YKHBM8E,,Testing implementation support for evidence-based programs in community settings: a replication cluster-randomized trial of Getting To Outcomes®.
9732B3QR,unlabelled,NIAAA,VERIFIED,DOI_MATCH,Zotero's DOI appears in the document,100.0,0.147,True,False,True,7,7,1.0,True,True,8740,10,,7VI6VK3T,,A case series measuring campus and clinic level factors during implementation of a sexual violence prevention intervention in campus health and counseling  centers: does environment matter?
2RJUK6SQ,unlabelled,NIAID; NICHD,VERIFIED,DOI_MATCH,Zotero's DOI appears in the document,100.0,0.002,True,False,True,16,16,1.0,True,True,7692,18,,3TLJ5VWR,,High CD4 counts associated with better economic outcomes for HIV-positive adults and their HIV-negative household members in the SEARCH Trial.
IGR3XGVP,unlabelled,NIAID; NIMH,VERIFIED,DOI_MATCH,Zotero's DOI appears in the document,100.0,0.002,True,False,True,7,7,1.0,True,False,10535,8,,R34K9RLW,,Intervention Increases Physical Activity and Healthful Diet Among South African Adolescents Over 54 Months: A Randomized Controlled Trial.
WD63V6VJ,unlabelled,NIAID; NICHD; NIMH,VERIFIED,DOI_MATCH,Zotero's DOI appears in the document,100.0,0.013,True,False,True,9,9,1.0,True,True,8781,10,,PDX6CGVP,,Does Economic Strengthening Improve Viral Suppression Among Adolescents Living with HIV? Results From a Cluster Randomized Trial in Uganda.
XEW934XP,unlabelled,NIAID; NIMH,VERIFIED,DOI_MATCH,Zotero's DOI appears in the document,100.0,0.003,True,False,True,9,9,1.0,True,True,8946,19,,FEHVA8GW,,Physician-delivered motivational interviewing to improve adherence and retention in care among challenging HIV-infected patients in Argentina (COPA2): study  protocol for a cluster randomized controlled trial.
NVP5Q3EY,unlabelled,NIAID; NIDA; NIMH; NIMHD,VERIFIED,DOI_MATCH,Zotero's DOI appears in the document,100.0,0.001,True,False,True,8,8,1.0,True,True,9420,18,,J44EGZZV,,"Empowering With PrEP (E-PrEP), a Peer-Led Social Media-Based Intervention to Facilitate HIV Preexposure Prophylaxis Adoption Among Young Black and Latinx Gay  and Bisexual Men: Protocol for a Cluster Randomized Controlled Trial."
4CNKNNSR,unlabelled,NIAID; NINR,VERIFIED,DOI_MATCH,Zotero's DOI appears in the document,100.0,0.002,True,False,True,7,7,1.0,True,True,10633,7,,BAQVPZ2P,,Prevalence of Pre-Existing Hearing Loss Among Patients With Drug-Resistant Tuberculosis in South Africa.
R7UFE2HF,unlabelled,NIAID; NIMH,VERIFIED,DOI_MATCH,Zotero's DOI appears in the document,100.0,0.027,True,False,True,6,6,1.0,True,True,6011,9,,IXEQGANN,,Sexual and Social Network Correlates of Willingness to Self-Test for HIV Among Ever-Tested and Never-Tested Men: Implications for the Tanzania STEP Project.
YXC5JXVA,unlabelled,NIAID; NIMH,VERIFIED,DOI_MATCH,Zotero's DOI appears in the document,100.0,0.0,True,False,True,11,11,1.0,True,False,6464,14,,TR8H8QGV,,"Engaging Young Men as Community Health Leaders in an STI and Intimate Partner Violence Prevention Trial in Dar es Salaam, Tanzania."
YZ5R9VRE,unlabelled,NIAID; NICHD; NIDA; NIMH,VERIFIED,DOI_MATCH,Zotero's DOI appears in the document,100.0,0.012,True,False,True,5,5,1.0,True,True,9847,11,,Z8JHT96I,,Structural Network Position and Performance of Health Leaders Within an HIV Prevention Trial.
TUPAJP4G,unlabelled,NIAID; NIMH,VERIFIED,DOI_MATCH,Zotero's DOI appears in the document,100.0,0.012,True,False,True,3,3,1.0,True,True,10896,14,,BJ878FUT,,Bayesian method for inferring the impact of geographical distance on intensity of communication.
EGBS5UQ9,unlabelled,NIAID; NINR,VERIFIED,DOI_MATCH,Zotero's DOI appears in the document,100.0,0.013,True,False,True,9,9,1.0,True,True,9349,17,,G57SKQNC,,Effect of FAmily CEntered (FACE®) Advance Care Planning on Longitudinal Congruence in End-of-Life Treatment Preferences: A Randomized Clinical Trial.
MGQIXSEX,unlabelled,NIAID; NIGMS,VERIFIED,DOI_MATCH,Zotero's DOI appears in the document,100.0,0.003,True,False,True,19,19,1.0,True,True,8287,19,,WHX785A5,,"The TIRS trial: protocol for a cluster randomized controlled trial assessing the efficacy of preventive targeted indoor residual spraying to reduce Aedes-borne  viral illnesses in Merida, Mexico."
7IP6HGIW,unlabelled,NIAID; NICHD; NIMH,VERIFIED,DOI_MATCH,Zotero's DOI appears in the document,100.0,0.0,True,False,True,7,7,1.0,True,False,10001,10,,QTNQZJMN,,Associations Between Peer Network Gender Norms and the Perpetration of Intimate Partner Violence Among Urban Tanzanian Men: a Multilevel Analysis.
FAGZB7EH,unlabelled,NIAID; NIDA,VERIFIED,DOI_MATCH,Zotero's DOI appears in the document,100.0,0.0,True,False,True,1,9,0.111,True,False,6304,26,,NDKWJ66Q,,"Addressing the nexus of risk: Biobehavioral outcomes from a cluster randomized trial of the Women's Health CoOp Plus in Pretoria, South Africa."
7E6RC38B,unlabelled,NIAID; NICHD,VERIFIED,DOI_MATCH,Zotero's DOI appears in the document,100.0,0.013,True,False,True,4,4,1.0,True,True,8788,10,10.1007/s1099​5-018-2446-9,7UHMHVZQ,,Implementation of Steps 1-9 to Successful Breastfeeding Reduces the Frequency of Mild and Severe Episodes of Diarrhea and Respiratory Tract Infection Among  0-6 Month Infants in Democratic Republic of Congo.
H8AUCYE9,unlabelled,NIAID; NICHD,VERIFIED,DOI_MATCH,Zotero's DOI appears in the document,100.0,0.013,True,False,True,8,8,1.0,True,True,8598,11,,D5FFUJ9Y,,Influence of Male Partners on HIV Disclosure Among South African Women in a Cluster Randomized PMTCT Intervention.
EYKT5EJ4,unlabelled,NIAID; NICHD,VERIFIED,DOI_MATCH,Zotero's DOI appears in the document,100.0,0.027,True,False,True,4,4,1.0,True,True,5828,9,,B5E7BMMS,,Prevalence of prenatal and postpartum depression and associated factors among HIV-infected women in public primary care in rural South Africa: a longitudinal  study.
EXYJ3P6Y,unlabelled,NIAID; NICHD,VERIFIED,TITLE_AUTHOR_MATCH,title matches (100.0) and first author present; no DOI in text,100.0,0.002,False,False,True,12,13,0.923,True,True,10055,16,,I5EUQBVV,,Human-Centered Design for Public Health Innovation: Codesigning a Multicomponent Intervention to Support Youth Across the HIV Care Continuum in Mozambique.
L8AIQUDW,unlabelled,NIAID; NIMH,VERIFIED,DOI_MATCH,Zotero's DOI appears in the document,100.0,0.003,True,False,True,16,16,1.0,True,True,9000,9,,ZFL6U2XA,,Digital crowdsourced intervention to promote HIV testing among MSM in China: study protocol for a cluster randomized controlled trial.
SW9N3V2K,unlabelled,NIAID; NIMH,VERIFIED,DOI_MATCH,Zotero's DOI appears in the document,100.0,0.002,True,False,True,14,14,1.0,True,False,9253,11,,4373G2DM,,Age-Related Differences in Socio-demographic and Behavioral Determinants of HIV Testing and Counseling in HPTN 043/NIMH Project Accept.
PQQGXWXV,unlabelled,NIAID; NIDA,VERIFIED,DOI_MATCH,Zotero's DOI appears in the document,100.0,0.071,True,False,True,20,20,1.0,True,True,1818,18,,BI3RRLRR,,Study protocol for the targeting effective analgesia in clinics for HIV (TEACH) study - a cluster randomized controlled trial and parallel cohort to increase  guideline concordant care for long-term opioid therapy among people living with  HIV.
GCZCGQ9M,unlabelled,NIAID; NIMH,VERIFIED,DOI_MATCH,Zotero's DOI appears in the document,100.0,0.003,True,False,True,15,15,1.0,True,True,9377,10,,KR5EIANP,,Healthy Options: study protocol and baseline characteristics for a cluster randomized controlled trial of group psychotherapy for perinatal women living  with HIV and depression in Tanzania.
U4QPJ56S,unlabelled,NIAID; NIMH,VERIFIED,DOI_MATCH,Zotero's DOI appears in the document,100.0,0.016,True,False,True,14,14,1.0,True,True,12089,8,10.1002/jia2.26255/full,3ZLE7Q9T,,Urine tenofovir testing for real-time PrEP adherence feedback: a qualitative study involving transgender women in Uganda.
W2DYSIWU,unlabelled,NIAID; NIDA,VERIFIED,DOI_MATCH,Zotero's DOI appears in the document,100.0,0.0,True,False,True,1,15,0.067,True,False,6622,14,,S8SD542K,,"A collaborative care intervention to improve opioid prescribing among providers caring for persons with HIV: Impact on satisfaction, confidence, and trust."
GEQ6WUAX,unlabelled,NIAID; NICHD; NIMH,VERIFIED,DOI_MATCH,Zotero's DOI appears in the document,100.0,0.003,True,False,True,9,9,1.0,True,True,9497,9,,TFJMVRVT,,Post-trial perceptions of a symptom-based TB screening intervention in South Africa: implementation insights and future directions for TB preventive  healthcare services.
HEEDECA8,unlabelled,NIAID; NIDA,VERIFIED,DOI_MATCH,Zotero's DOI appears in the document,100.0,0.058,True,False,True,17,17,1.0,True,False,10425,7,,7263NRJD,,Improving the Delivery of Chronic Opioid Therapy Among People Living With Human Immunodeficiency Virus: A Cluster Randomized Clinical Trial.
LD9H9BAM,unlabelled,NIAID; NIDA,VERIFIED,DOI_MATCH,Zotero's DOI appears in the document,100.0,0.012,True,False,True,31,31,1.0,True,True,9281,15,,CT68HPKY,,"PRimary Care Opioid Use Disorders treatment (PROUD) trial protocol: a pragmatic, cluster-randomized implementation trial in primary care for opioid use disorder  treatment."
7WY36RXR,unlabelled,NIAID; NIDA,VERIFIED,DOI_MATCH,Zotero's DOI appears in the document,100.0,0.006,True,False,True,14,14,1.0,True,True,8120,15,,IJ6XA6TD,,Effect of 2 Integrated Interventions on Alcohol Abstinence and Viral Suppression Among Vietnamese Adults With Hazardous Alcohol Use and HIV: A Randomized Clinical  Trial.
Z97CGZK3,unlabelled,NIAID; NICHD,VERIFIED,DOI_MATCH,Zotero's DOI appears in the document,100.0,0.002,True,False,True,15,16,0.938,True,True,11312,9,10.1002/jia2.25665/full,8BDVBZKH,,Home-Based Intervention to Test and Start (HITS): a community-randomized controlled trial to increase HIV testing uptake among men in rural South Africa.
44B5KKXT,unlabelled,NIAID; NIMH,VERIFIED,DOI_MATCH,Zotero's DOI appears in the document,100.0,0.002,True,False,True,8,8,1.0,True,True,8694,16,,T4TNL3YB,,Results from a cluster-randomized trial to evaluate a microfinance and peer health leadership intervention to prevent HIV and intimate partner violence among  social networks of Tanzanian men.
7UP2FMMR,unlabelled,NIAID; NICHD; NIMH,VERIFIED,DOI_MATCH,Zotero's DOI appears in the document,100.0,0.013,True,False,True,8,8,1.0,True,True,9172,9,,9PB6TFI4,,"Effects of Depression, Stigma and Intimate Partner Violence on Postpartum Women's Adherence and Engagement in HIV Care in Kenya."
EAK3A5Y3,unlabelled,NIAID; NINR,VERIFIED,DOI_MATCH,Zotero's DOI appears in the document,100.0,0.0,True,False,True,7,7,1.0,True,False,5640,15,,N54MVR8R,,Risk of hearing loss among multidrug-resistant tuberculosis patients according to cumulative aminoglycoside dose.
VLXNFLT2,unlabelled,NIAID; NIDA; NIMH,VERIFIED,DOI_MATCH,Zotero's DOI appears in the document,100.0,0.0,True,False,True,7,12,0.583,True,True,4528,9,,GSRWM3BF,,Effect of HIV self-testing on the number of sexual partners among female sex workers in Zambia.
IYANX6R2,unlabelled,NIAID; NICHD; NIGMS,VERIFIED,DOI_MATCH,Zotero's DOI appears in the document,100.0,0.371,True,False,True,18,18,1.0,True,True,15179,7,,DJPKSEHK,,"Enteropathogens and Rotavirus Vaccine Immunogenicity in a Cluster Randomized Trial of Improved Water, Sanitation and Hygiene in Rural Zimbabwe."
RJV3GKY7,unlabelled,NIAID; NIMH,VERIFIED,DOI_MATCH,Zotero's DOI appears in the document,100.0,0.013,True,False,True,8,8,1.0,True,True,9133,10,,E6LASNXJ,,"Client-Perpetrated Violence Experience Among Female Sex Worker in Guangdong, South China: Results from a Cross-Sectional Study."
7EYVXCRP,unlabelled,NIAID; NICHD,VERIFIED,DOI_MATCH,Zotero's DOI appears in the document,100.0,0.0,True,False,True,8,8,1.0,True,False,6907,18,,C7TMZNCC,,Stigma interdependence among pregnant HIV-infected couples in a cluster randomized controlled trial from rural South Africa.
B8KQBT87,unlabelled,NIAID; NIDDK; NIMH,VERIFIED,DOI_MATCH,Zotero's DOI appears in the document,100.0,0.013,True,False,True,13,13,1.0,True,True,8769,11,,IHQMGNSL,,Preliminary Effects of an Urban Gardens and Peer Nutritional Counseling Intervention on HIV Treatment Adherence and Detectable Viral Load Among People  with HIV and Food Insecurity: Evidence from a Pilot Cluster Randomized Controlled  Trial in the Dominican Republic.
DQ4NTQ8G,unlabelled,NIAID; NINR,VERIFIED,DOI_MATCH,Zotero's DOI appears in the document,100.0,0.01,True,False,True,5,5,1.0,True,False,9558,8,,C8WFTHZC,,Cardiovascular risk prevalence in South Africans with drug-resistant tuberculosis: a cross-sectional study.
BXNQ7D5H,unlabelled,NIAID; NICHD,VERIFIED,DOI_MATCH,Zotero's DOI appears in the document,100.0,0.002,True,False,True,14,17,0.824,True,True,8136,18,,UFIM5EU7,,Mobile solutions to Empower reproductive life planning for women living with HIV in Kenya (MWACh EMPOWER): Protocol for a cluster randomized controlled trial.
HKIUYRQT,unlabelled,NIAID; NIMH,VERIFIED,DOI_MATCH,Zotero's DOI appears in the document,100.0,0.002,True,False,True,10,10,1.0,True,True,7540,12,,KK3N2TEI,,Improving child tuberculosis contact identification and screening in Lesotho: Results from a mixed-methods cluster-randomized implementation science study.
YHPPC627,unlabelled,NIAID; NICHD,VERIFIED,DOI_MATCH,Zotero's DOI appears in the document,100.0,0.002,True,False,True,7,7,1.0,True,True,8657,11,,CVEN7HAD,,The effect of male involvement and a prevention of mother-to-child transmission (PMTCT) intervention on depressive symptoms in perinatal HIV-infected rural South  African women.
AVXCCBPP,unlabelled,NIAID; NIEHS,VERIFIED,DOI_MATCH,Zotero's DOI appears in the document,100.0,0.132,True,False,True,20,20,1.0,True,True,9259,18,,HLTHYFSE,,"The effects of cool roofs on health, environmental, and economic outcomes in rural Africa: study protocol for a community-based cluster randomized controlled  trial."
H2ZDWR59,unlabelled,NIAID; NIGMS,VERIFIED,DOI_MATCH,Zotero's DOI appears in the document,100.0,0.022,True,False,True,3,3,1.0,True,True,6280,18,,CYH5YZ97,,DESIGN OF VACCINE TRIALS DURING OUTBREAKS WITH AND WITHOUT A DELAYED VACCINATION COMPARATOR.
IU3XWCTM,unlabelled,NIAID; NIMH,VERIFIED,DOI_MATCH,Zotero's DOI appears in the document,100.0,0.01,True,False,True,9,9,1.0,True,True,9043,10,,KMLSLZCQ,,Testing a social network approach to promote HIV self-testing and linkage to care among fishermen at Lake Victoria: study protocol for the Owete cluster randomized  controlled trial.
GY63DGR9,unlabelled,NIAID; NIMH,VERIFIED,DOI_MATCH,Zotero's DOI appears in the document,100.0,0.001,True,False,True,8,8,1.0,True,True,9404,13,,62KUHAF5,,"Evaluation of the Implementation and Effectiveness of a Mobile Health Intervention to Improve Outcomes for People With HIV in the Washington, DC  Cohort: Study Protocol for a Cluster Randomized Controlled Trial."
7B9CVL8W,unlabelled,NIAID; NIMH,VERIFIED,DOI_MATCH,Zotero's DOI appears in the document,100.0,0.061,True,False,True,17,17,1.0,True,True,10386,8,,IHM7Q2XN,,Understanding factors influencing home pregnancy test use among women in western Kenya: A qualitative analysis.
QDI75V3P,unlabelled,NIAID; NICHD,VERIFIED,DOI_MATCH,Zotero's DOI appears in the document,100.0,0.018,True,False,True,11,11,1.0,True,True,10197,10,10.1002/jia2.25852/full,TN24NUMP,,Effects of behavioural interventions on postpartum retention and adherence among women with HIV on lifelong ART: the results of a cluster randomized trial in  Kenya (the MOTIVATE trial).
U9W4GJY9,unlabelled,NIAID; NICHD; NIMH,VERIFIED,DOI_MATCH,Zotero's DOI appears in the document,100.0,0.017,True,False,True,16,16,1.0,True,True,11067,9,10.1002/jia2.26248/full,VQS83UXJ,,Population impacts of conditional financial incentives and a male-targeted digital decision support application on the HIV treatment cascade in rural  KwaZulu Natal: findings from the HITS cluster randomized clinical trial.
6XK6CMCE,unlabelled,NIAID; NICHD,VERIFIED,DOI_MATCH,Zotero's DOI appears in the document,100.0,0.01,True,False,True,10,10,1.0,True,True,9484,12,,JAGBAAC9,,A quasi-experimental study estimating the impact of long-lasting insecticidal nets with and without piperonyl butoxide on pregnancy outcomes.
A285SV9J,unlabelled,NIAID; NIMH,VERIFIED,DOI_MATCH,Zotero's DOI appears in the document,100.0,0.002,True,False,True,9,9,1.0,True,True,9830,19,10.2196/37748,MQI4DBVX,,"An mHealth Platform for People With HIV Receiving Care in Washington, District of Columbia: Qualitative Analysis of Stakeholder Feedback."
QICUHUID,unlabelled,NIAID; NIMH,VERIFIED,DOI_MATCH,Zotero's DOI appears in the document,100.0,0.002,True,False,True,9,9,1.0,True,True,9877,12,,6WW4562G,,A Pay-It-Forward Approach to Improve Chlamydia and Gonorrhea Testing Uptake Among Female Sex Workers in China: Venue-Based Superiority Cluster Randomized  Controlled Trial.
LSWMZLTI,unlabelled,NIAID; NIMH,VERIFIED,DOI_MATCH,Zotero's DOI appears in the document,100.0,0.139,True,False,True,18,18,1.0,True,True,8908,13,,6GWMSQU9,,"Pay-it-forward gonorrhea and chlamydia testing among men who have sex with men and male STD patients in China: the PIONEER pragmatic, cluster randomized  controlled trial protocol."
LCZW6RBC,unlabelled,NIAID; NIDA; NINR,VERIFIED,DOI_MATCH,Zotero's DOI appears in the document,100.0,0.0,True,False,True,9,9,1.0,True,True,7440,11,,T67J2HZZ,,An Analysis of Social Determinants of Health and Their Implications for Hepatitis C Virus Treatment in People Who Inject Drugs: The Case of Baltimore.
537XY6CJ,unlabelled,NIAID; NIGMS,VERIFIED,DOI_MATCH,Zotero's DOI appears in the document,100.0,0.0,True,False,True,4,4,1.0,True,True,2527,31,10.1093/aje/kwy047/4924570,ZIVEPR25,,Competing Effects of Indirect Protection and Clustering on the Power of Cluster-Randomized Controlled Vaccine Trials.
H8TVF5FE,unlabelled,NIAID; NIMH,VERIFIED,DOI_MATCH,Zotero's DOI appears in the document,100.0,0.026,True,False,True,12,12,1.0,True,True,6166,10,,CC3R64LV,,Motivational interviewing experiences from a community health worker-led HIV prevention and care intervention in rural Uganda: a qualitative study.
3MPI8AD8,unlabelled,NIAID; NIDA,VERIFIED,DOI_MATCH,Zotero's DOI appears in the document,100.0,0.374,True,False,True,9,9,1.0,True,True,9337,10,,TMA9995I,,Reducing Partner Violence Against Women who Exchange Sex and use Drugs through a Combination Microfinance and HIV Risk Reduction Intervention: A Cluster  Randomized Trial.
9I377UY5,unlabelled,NIAID; NICHD,VERIFIED,DOI_MATCH,Zotero's DOI appears in the document,100.0,0.0,True,False,True,12,12,1.0,True,False,6813,19,,JCUAJ63P,,"Comparing depression screening tools (CESD-10, EPDS, PHQ-9, and PHQ-2) for diagnostic performance and epidemiologic associations among postpartum Kenyan  women: Implications for research and practice."
R7TMEQLY,unlabelled,NIAID; NIDA; NIMH,VERIFIED,DOI_MATCH,Zotero's DOI appears in the document,100.0,0.0,True,False,True,8,8,1.0,True,True,12552,5,,SX43T6N4,,Role of geospatial mapping in the planning of HIV programs: A case study from Southern India.
2X4CB7R3,unlabelled,NIAID; NICHD; NIMH,VERIFIED,DOI_MATCH,Zotero's DOI appears in the document,100.0,0.017,True,False,True,15,15,1.0,True,True,11156,11,10.1002/jia2.26061/full,JHJDANLB,,Risk-based versus universal PrEP delivery during pregnancy: a cluster randomized trial in Western Kenya from 2018 to 2019.
GST6ZG9J,unlabelled,NIAID; NIMH,VERIFIED,DOI_MATCH,Zotero's DOI appears in the document,100.0,0.0,True,False,True,12,12,1.0,True,True,9800,7,,PWFKUPI6,,Comparison of Self and Caregiver Reports of Antiretroviral Treatment Adherence among Children and Adolescents Living with HIV in Western Kenya.
V7NL6N4P,unlabelled,NIAID; NIMH,VERIFIED,DOI_MATCH,Zotero's DOI appears in the document,100.0,0.0,True,False,True,7,7,1.0,True,False,5753,13,,JJ4H7NU6,,Economic evaluation of improving HIV self-testing among MSM in China using a crowdsourced intervention: a cost-effectiveness analysis.
M5Z4NRYX,unlabelled,NIAID; NIMH,VERIFIED,TITLE_AUTHOR_MATCH,title matches (100.0) and first author present; no DOI in text,100.0,0.001,False,False,True,13,13,1.0,False,False,3271,27,,G3FLQPM2,,Pay-it-forward incentives for hepatitis virus testing in men who have sex with men: a cluster randomized trial.
WLX8RYDW,unlabelled,NIAID; NIDA; NINR,VERIFIED,DOI_MATCH,Zotero's DOI appears in the document,100.0,0.191,True,False,True,17,17,1.0,True,True,5480,9,,VN38EPB5,,"Health economic design for cost, cost-effectiveness and simulation analyses in the HEALing Communities Study."
K5J22MLQ,unlabelled,NIAID; NICHD,VERIFIED,DOI_MATCH,Zotero's DOI appears in the document,100.0,0.005,True,False,True,5,5,1.0,True,True,9896,12,,NRC2IQPT,,Opportunities and Challenges in HIV Treatment as Prevention Research: Results from the ANRS 12249 Cluster-Randomized Trial and Associated Population Cohort.
EICZYW8V,unlabelled,NIAID; NIDA; NINR,VERIFIED,DOI_MATCH,Zotero's DOI appears in the document,100.0,0.0,True,False,True,14,14,1.0,True,False,7448,21,,UCWNAH6W,,Integrated care van delivery of evidence-based services for people who inject drugs: A cluster-randomized trial.
GSTMJS9Q,unlabelled,NIAID; NIMH,VERIFIED,DOI_MATCH,Zotero's DOI appears in the document,100.0,0.0,True,False,True,5,5,1.0,True,False,6196,21,,KJECK3PH,,The arc of HIV epidemics in sub-Saharan Africa: new challenges with concentrating epidemics in the era of 90-90-90.
NGGBZIRD,unlabelled,NIAID; NIMH,VERIFIED,DOI_MATCH,Zotero's DOI appears in the document,100.0,0.002,True,False,True,8,8,1.0,True,True,8487,9,10.1371/journal,RIJ6SRAM,,Adoption of HIV pre-exposure prophylaxis among women at high risk of HIV infection in Kenya.
XDE6GNXA,unlabelled,NIAID; NIEHS,VERIFIED,DOI_MATCH,Zotero's DOI appears in the document,100.0,0.0,True,False,True,3,3,1.0,True,False,6992,16,,32SJNX97,,Estimands and inference in cluster-randomized vaccine trials.
QD4CGKG2,unlabelled,NIAID,VERIFIED,DOI_MATCH,Zotero's DOI appears in the document,100.0,0.0,True,False,False,0,0,0.0,True,True,10267,16,,TDKECSKI,,"Attractive targeted sugar bait phase III trials in Kenya, Mali, and Zambia."
8LUVFBZQ,unlabelled,NIAID,VERIFIED,DOI_MATCH,Zotero's DOI appears in the document,100.0,0.003,True,False,True,7,7,1.0,True,True,9676,15,,FJU2MM67,,"Adaptive interventions for optimizing malaria control: an implementation study protocol for a block-cluster randomized, sequential multiple assignment trial."
YHNLFDNU,unlabelled,NIAID,VERIFIED,DOI_MATCH,Zotero's DOI appears in the document,100.0,0.013,True,False,True,15,15,1.0,False,False,5852,12,,UYCFMW4V,,"Uptake of medical male circumcision with household-based testing, and the association of traditional male circumcision and HIV infection."
7WFZEPV4,unlabelled,NIAID,VERIFIED,DOI_MATCH,Zotero's DOI appears in the document,100.0,0.025,True,False,True,9,9,1.0,True,False,8970,12,,B3UVUMPE,,A randomized evaluation of on-site monitoring nested in a multinational randomized trial.
N284SIAR,unlabelled,NIAID,VERIFIED,DOI_MATCH,Zotero's DOI appears in the document,100.0,0.003,True,False,True,21,21,1.0,True,False,8526,11,,FVTWKGVI,,"Incentivizing appropriate malaria case management in the private sector: a study protocol for two linked cluster randomized controlled trials to evaluate  provider- and client-focused interventions in western Kenya and Lagos, Nigeria."
5M3W8KDN,unlabelled,NIAID,VERIFIED,DOI_MATCH,Zotero's DOI appears in the document,100.0,0.002,True,False,True,17,23,0.739,True,True,8792,20,,JM9M9FYT,,"The safety of double- and triple-drug community mass drug administration for lymphatic filariasis: A multicenter, open-label, cluster-randomized study."
CQCCTAR8,unlabelled,NIAID,VERIFIED,DOI_MATCH,Zotero's DOI appears in the document,100.0,0.021,True,False,True,4,4,1.0,True,True,6929,14,,KVPXPF7N,,Model-robust and efficient covariate adjustment for cluster-randomized experiments.
2T5PZEAW,unlabelled,NIAID,VERIFIED,DOI_MATCH,Zotero's DOI appears in the document,100.0,0.007,True,False,True,1,10,0.1,True,False,9254,9,,DR7EPPMA,,Evaluating a patient-centred intervention to increase disclosure and promote resilience for children living with HIV in Kenya.
3U39FM4S,unlabelled,NIAID,VERIFIED,DOI_MATCH,Zotero's DOI appears in the document,100.0,0.002,True,False,True,26,29,0.897,True,True,8576,18,10.1371/journal,VYXWYGSV,,"A cluster-randomized trial of client and provider directed financial interventions to align incentives with appropriate case management in private  medicine retailers: Results of the TESTsmART trial in Lagos, Nigeria."
PLBLWLKR,unlabelled,NIAID,VERIFIED,DOI_MATCH,Zotero's DOI appears in the document,100.0,0.011,True,False,True,9,9,1.0,True,True,11816,11,,UHT3B7KM,,"Preventive residual insecticide applications successfully controlled Aedes aegypti in Yucatan, Mexico."
A7JWJW43,unlabelled,NIAID,VERIFIED,DOI_MATCH,Zotero's DOI appears in the document,100.0,0.121,True,False,True,23,24,0.958,True,False,4003,28,,UMD8V5JU,,Efficacy of Wolbachia-Infected Mosquito Deployments for the Control of Dengue.
WY8Y3TRN,unlabelled,NIAID,VERIFIED,DOI_MATCH,Zotero's DOI appears in the document,100.0,0.002,True,False,True,14,19,0.737,True,True,8110,14,10.1371/journal,FE4KIDXV,,Assessment of a viral load result-triggered automated differentiated service delivery model for people taking ART in Lesotho (the VITAL study): Study protocol  of a cluster-randomized trial.
EYG252Z5,unlabelled,NIAID,VERIFIED,DOI_MATCH,Zotero's DOI appears in the document,100.0,0.001,True,False,True,17,17,1.0,True,True,10128,9,,Z42WU2DT,,Seasonal Malaria Chemoprevention Therapy in Children Up To 9 Years of Age: Protocol for a Cluster-Randomized Trial Study.
GDGSLXJ9,unlabelled,NIAID,VERIFIED,DOI_MATCH,Zotero's DOI appears in the document,100.0,0.002,True,False,True,18,18,1.0,True,True,11455,16,10.1002/jia2.25421/full,2UYMRF37,,"Development of parallel measures to assess HIV stigma and discrimination among people living with HIV, community members and health workers in the HPTN 071  (PopART) trial in Zambia and South Africa."
HY4A7RP8,unlabelled,NIAID,VERIFIED,DOI_MATCH,Zotero's DOI appears in the document,100.0,0.017,True,False,True,15,15,1.0,True,True,11324,10,10.1002/jia2.26155/full,6WZYPHMN,,Community- and individual-level correlates of HIV incidence in HPTN 071 (PopART).
WJ95LIDE,unlabelled,NIAID,VERIFIED,DOI_MATCH,Zotero's DOI appears in the document,100.0,0.002,True,False,True,13,16,0.812,True,True,8461,18,,ZZGPDVF5,,The impact of a combined TB/HIV intervention on the incidence of TB infection among adolescents and young adults in the HPTN 071 (PopART) trial communities in  Zambia and South Africa.
BEQ38Q4E,unlabelled,NIAID,VERIFIED,DOI_MATCH,Zotero's DOI appears in the document,100.0,0.0,True,False,True,2,9,0.222,True,False,8315,11,,RX52SJK6,,Impact of a community-wide combination HIV prevention intervention on knowledge of HIV status among adolescents.
FPA2W97J,unlabelled,NIAID,VERIFIED,DOI_MATCH,Zotero's DOI appears in the document,100.0,0.002,True,False,True,12,27,0.444,True,True,10526,16,,WCV4JV7F,,"Attrition in serum anti-DENV antibodies correlates with high anti-SARS-CoV-2 IgG levels and low DENV positivity in mosquito vectors-Findings from a state-wide  cluster-randomized community-based study in Tamil Nadu, India."
SGE9SXHK,unlabelled,NIAID,VERIFIED,DOI_MATCH,Zotero's DOI appears in the document,100.0,0.079,True,False,True,12,12,1.0,True,False,11267,12,,7UV235HG,,"Impact of Rotavirus Vaccine Introduction in Children Less Than 2 Years of Age Presenting for Medical Care With Diarrhea in Rural Matlab, Bangladesh."
LS2A7DHW,unlabelled,NIAID,VERIFIED,DOI_MATCH,Zotero's DOI appears in the document,100.0,0.009,True,False,True,10,10,1.0,True,False,10101,8,,373UCKWP,,Comparison of 3 Days Amoxicillin Versus 5 Days Co-Trimoxazole for Treatment of Fast-breathing Pneumonia by Community Health Workers in Children Aged 2-59 Months  in Pakistan: A Cluster-randomized Trial.
2YZJN5IB,unlabelled,NIAID,VERIFIED,DOI_MATCH,Zotero's DOI appears in the document,100.0,0.002,True,False,True,12,18,0.667,True,True,7458,19,,GSPUFHVK,,Participation in adherence clubs and on-time drug pickup among HIV-infected adults in Zambia: A matched-pair cluster randomized trial.
WLTXN9WI,unlabelled,NIAID,VERIFIED,DOI_MATCH,Zotero's DOI appears in the document,100.0,0.003,True,False,True,14,14,1.0,True,True,9194,10,,HT4NMX4X,,PROmotion of COvid-19 VA(X)ccination in the Emergency Department-PROCOVAXED: study protocol for a cluster randomized controlled trial.
YRLFNSIU,unlabelled,NIAID,VERIFIED,DOI_MATCH,Zotero's DOI appears in the document,100.0,0.0,True,False,True,15,15,1.0,True,True,10629,9,,FXZXBRQ2,,Effect of COVID-19 Vaccine Messaging Platforms in Emergency Departments on Vaccine Acceptance and Uptake: A Cluster Randomized Clinical Trial.
4KHXZDRI,unlabelled,NIAID,VERIFIED,DOI_MATCH,Zotero's DOI appears in the document,100.0,0.016,True,False,True,2,2,1.0,True,False,7427,15,,3E5APPHG,,Randomization-based confidence intervals for cluster randomized trials.
9UV44WUN,unlabelled,NIAID,VERIFIED,DOI_MATCH,Zotero's DOI appears in the document,100.0,0.002,True,False,True,9,9,1.0,True,True,7862,24,10.5061/dryad,UWMWS3AS,,Improving rational use of ACTs through diagnosis-dependent subsidies: Evidence from a cluster-randomized controlled trial in western Kenya.
42WCIVYS,unlabelled,NIAID,VERIFIED,DOI_MATCH,Zotero's DOI appears in the document,100.0,0.009,True,False,True,12,12,1.0,True,True,9284,17,,GYSP76LW,,Cost of community-led larval source management and house improvement for malaria control: a cost analysis within a cluster-randomized trial in a rural district in  Malawi.
MTDQCBD8,unlabelled,NIAID,VERIFIED,DOI_MATCH,Zotero's DOI appears in the document,100.0,0.0,True,False,True,7,7,1.0,True,True,6486,15,,6ZDT3CZ7,,"Design, implementation, and analysis considerations for cluster-randomized trials in infection control and hospital epidemiology: A systematic review."
VAP7UDPH,unlabelled,NIAID,VERIFIED,DOI_MATCH,Zotero's DOI appears in the document,100.0,0.0,True,False,True,2,13,0.154,True,True,6994,19,,P3JMBIN6,,Immunogenicity of seasonal inactivated influenza and inactivated polio vaccines among children in Senegal: Results from a cluster-randomized trial.
AV72WSNF,unlabelled,NIAID,VERIFIED,DOI_MATCH,Zotero's DOI appears in the document,100.0,0.007,True,False,True,10,10,1.0,True,False,10791,8,,I88NXA24,,Screening for Tuberculosis With Xpert MTB/RIF Assay Versus Fluorescent Microscopy Among Adults Newly Diagnosed With Human Immunodeficiency Virus in Rural Malawi: A  Cluster Randomized Trial (Chepetsa).
XJK5Y6HN,unlabelled,NIAID,VERIFIED,DOI_MATCH,Zotero's DOI appears in the document,100.0,0.0,True,False,False,1,26,0.038,True,False,9866,10,10.1073/pnas,2BCCUMRH,,"Efficacy of a spatial repellent for control of Aedes-borne virus transmission: A cluster-randomized trial in Iquitos, Peru."
7J243NU9,unlabelled,NIAID,VERIFIED,DOI_MATCH,Zotero's DOI appears in the document,100.0,0.0,True,False,True,7,7,1.0,True,False,6108,15,,98VUUTIS,,Time to care-seeking for TB symptoms.
BPBIGTHF,unlabelled,NIAID,VERIFIED,DOI_MATCH,Zotero's DOI appears in the document,100.0,0.0,True,False,True,8,8,1.0,True,True,10584,9,,C6QINBBV,,The Trial to Reduce Antimicrobial Use in Nursing Home Residents With Alzheimer Disease and Other Dementias (TRAIN-AD): A Cluster Randomized Clinical Trial.
LW6HXNMV,unlabelled,NIAID,VERIFIED,DOI_MATCH,Zotero's DOI appears in the document,100.0,0.003,True,False,True,15,15,1.0,True,True,9214,10,,HDK2HHZ7,,Home-based intervention to test and start (HITS) protocol: a cluster-randomized controlled trial to reduce HIV-related mortality in men and HIV incidence in  women through increased coverage of HIV treatment.
E8TA87P4,unlabelled,NIAID,VERIFIED,DOI_MATCH,Zotero's DOI appears in the document,100.0,0.003,True,False,True,18,18,1.0,True,True,8689,13,,TIR5BJJC,,Cluster-randomized trial of monthly malaria prophylaxis versus focused screening and treatment: a study protocol to define malaria elimination strategies in  Cambodia.
3LBN72KK,unlabelled,NIAID,VERIFIED,DOI_MATCH,Zotero's DOI appears in the document,100.0,0.127,True,False,True,19,19,1.0,True,True,9650,14,,K8KEQUXN,,Pragmatic cluster-randomized trial of home-based preventive treatment for TB in Ethiopia and South Africa (CHIP-TB).
6JFXBMVH,unlabelled,NIAID,VERIFIED,DOI_MATCH,Zotero's DOI appears in the document,100.0,0.023,True,False,True,13,14,0.929,True,False,8784,8,,2GNRDKUK,,A platform trial design for preventive vaccines against Marburg virus and other emerging infectious disease threats.
VIWU5HNY,unlabelled,NIAID,VERIFIED,DOI_MATCH,Zotero's DOI appears in the document,100.0,0.013,True,False,False,1,15,0.067,True,False,9428,8,,CT8GCS6D,,"Advanced HIV disease in the Botswana combination prevention project: prevalence, risk factors, and outcomes."
K2BMQ78U,unlabelled,NIAID,VERIFIED,DOI_MATCH,Zotero's DOI appears in the document,100.0,0.013,True,False,True,10,10,1.0,True,True,9138,11,,7Z9WWQRJ,,"Acceptability and Preferences of Two Different Community Models of ART Delivery in a High Prevalence Urban Setting in Zambia: Cluster-Randomized Trial, Nested in  the HPTN 071 (PopART) Study."
NML3VQY6,unlabelled,NIAID,VERIFIED,DOI_MATCH,Zotero's DOI appears in the document,100.0,0.003,True,False,True,9,9,1.0,True,True,9242,12,,EJWRFXDA,,"A comparison of different community models of antiretroviral therapy delivery with the standard of care among stable HIV+ patients: rationale and design of a  non-inferiority cluster randomized trial, nested in the HPTN 071 (PopART) study."
D2AHL2JJ,unlabelled,NIAID,VERIFIED,DOI_MATCH,Zotero's DOI appears in the document,100.0,0.004,True,False,True,9,9,1.0,True,True,11353,10,10.1093/ajcn/,BXGNPB9C,,Treating high-risk moderate acute malnutrition using therapeutic food compared with nutrition counseling (Hi-MAM Study): a cluster-randomized controlled trial.
VST48IDP,unlabelled,NIAID,VERIFIED,DOI_MATCH,Zotero's DOI appears in the document,100.0,0.056,True,False,True,4,4,1.0,True,False,10146,10,,WMQ2Z92I,,Did a quality improvement intervention improve quality of maternal health care? Implementation evaluation from a cluster-randomized controlled study.
SARRUGNG,unlabelled,NIAID,VERIFIED,DOI_MATCH,Zotero's DOI appears in the document,100.0,0.002,True,False,True,18,22,0.818,True,True,8706,21,,M6ISFWWP,,A cluster-randomized trial of client and provider-directed financial interventions to align incentives with appropriate case management in retail  medicine outlets: Results of the TESTsmART Trial in western Kenya.
VQYIB59P,unlabelled,NIAID,VERIFIED,DOI_MATCH,Zotero's DOI appears in the document,100.0,0.001,True,False,True,25,26,0.962,True,True,11280,8,,6UAFVGYE,,"Post-exposure Lopinavir-Ritonavir Prophylaxis versus Surveillance for Individuals Exposed to SARS-CoV-2: The COPEP Pragmatic Open-Label, Cluster Randomized Trial."
NYX258BS,unlabelled,NIAID,VERIFIED,DOI_MATCH,Zotero's DOI appears in the document,100.0,0.0,True,False,True,11,11,1.0,True,True,10334,13,,KJJEUNB4,,Stigma and Judgment Toward People Living with HIV and Key Population Groups Among Three Cadres of Health Workers in South Africa and Zambia: Analysis of Data from  the HPTN 071 (PopART) Trial.
CCE83GDA,unlabelled,NIAID,VERIFIED,DOI_MATCH,Zotero's DOI appears in the document,100.0,0.011,True,False,True,15,15,1.0,True,True,11257,12,,TLN3N3T8,,Targeted indoor residual insecticide applications shift Aedes aegypti age structure and arbovirus transmission potential.
AL494NXV,unlabelled,NIAID,VERIFIED,DOI_MATCH,Zotero's DOI appears in the document,100.0,0.02,True,False,True,7,7,1.0,True,False,9178,12,,5EGAFCXC,,Variable coverage in an Autocidal Gravid Ovitrap intervention impacts efficacy of Aedes aegypti control.
NIDPDKFT,unlabelled,NIAID,VERIFIED,DOI_MATCH,Zotero's DOI appears in the document,100.0,-1.0,True,False,True,19,20,0.95,True,False,6075,17,,6SU3J8FW,,Trial of Three Rounds of Mass Azithromycin Administration for Yaws Eradication.
NBBD4EVE,unlabelled,NIAID,VERIFIED,DOI_MATCH,Zotero's DOI appears in the document,100.0,0.069,True,False,True,5,5,1.0,True,False,1608,1,10.1093/biostatistics/kxy005,IW7DWVVA,,Corrigendum: Analysis of cluster-randomized test-negative designs: cluster-level methods.
XG2URWAA,unlabelled,NIAID,VERIFIED,DOI_MATCH,Zotero's DOI appears in the document,100.0,0.001,True,False,True,14,14,1.0,True,True,12199,8,10.1002/jia2.25135/full,GBBNC57M,,"Households, fluidity, and HIV service delivery in Zambia and South Africa - an exploratory analysis of longitudinal qualitative data from the HPTN 071 (PopART)  trial."
F7KNRNCZ,unlabelled,NIAID,VERIFIED,DOI_MATCH,Zotero's DOI appears in the document,100.0,0.019,True,False,True,7,7,1.0,True,True,13265,7,,R8S57T7V,,Provider adherence to training components from the Trial to Reduce Antimicrobial use In Nursing home residents with Alzheimer's disease and other Dementias  (TRAIN-AD) intervention.
ZCQWSNNG,unlabelled,NIAID,VERIFIED,DOI_MATCH,Zotero's DOI appears in the document,100.0,0.001,True,False,True,4,4,1.0,True,True,9193,20,,3YREQANF,,"Extending the I-squared statistic to describe treatment effect heterogeneity in cluster, multi-centre randomized trials and individual patient data  meta-analysis."
SSATX3WX,unlabelled,NIAID,VERIFIED,DOI_MATCH,Zotero's DOI appears in the document,100.0,0.017,True,False,True,21,21,1.0,True,True,11396,10,10.1002/jia2.25931/full,MRWR45R4,,The association between HIV stigma and HIV incidence in the context of universal testing and treatment: analysis of data from the HPTN 071 (PopART) trial in  Zambia and South Africa.
G95B3HHC,unlabelled,NIAID,VERIFIED,DOI_MATCH,Zotero's DOI appears in the document,100.0,0.0,True,False,True,1,16,0.062,True,False,8933,11,,QC3U4ST6,,Individual and community-level risk factors for HIV stigma in 21 Zambian and South African communities: analysis of data from the HPTN071 (PopART) study.
MXKWYL3P,unlabelled,NIAID,VERIFIED,DOI_MATCH,Zotero's DOI appears in the document,100.0,0.003,True,False,True,8,8,1.0,True,True,6959,14,,LETJW55X,,Contact tracing versus facility-based screening for active TB case finding in rural South Africa: A pragmatic cluster-randomized trial (Kharitode TB).
AJ2JFE48,unlabelled,NIAID,VERIFIED,DOI_MATCH,Zotero's DOI appears in the document,100.0,0.005,True,False,True,11,11,1.0,True,True,7504,14,,396PENV5,,Effect of the Friendship Bench Intervention on Antiretroviral Therapy Outcomes and Mental Health Symptoms in Rural Zimbabwe: A Cluster Randomized Trial.
BI3UII4S,unlabelled,NIAID,VERIFIED,DOI_MATCH,Zotero's DOI appears in the document,100.0,0.085,True,False,True,5,5,1.0,True,False,9458,10,,5F3RJU77,,Partnering faith leaders with community health workers increases utilization of antenatal care and facility delivery services in Ethiopia: A cluster randomized  trial.
KZ792YKP,unlabelled,NIAID,VERIFIED,DOI_MATCH,Zotero's DOI appears in the document,100.0,0.068,True,False,True,26,26,1.0,True,True,11537,14,,H7XZ3P76,,"Effect of water, sanitation, handwashing and nutrition interventions on enteropathogens in children 14 months old: a cluster-randomized controlled trial  in rural Bangladesh."
LFJVWISZ,unlabelled,NIAID,VERIFIED,DOI_MATCH,Zotero's DOI appears in the document,100.0,0.148,True,False,True,11,11,1.0,True,True,8411,26,,VG998CA9,,Hyperhydration to Improve Kidney Outcomes in Children with Shiga Toxin-Producing E. coli Infection: a multinational embedded cluster crossover randomized trial  (the HIKO STEC trial).
T9W9DAV6,unlabelled,NIAID,VERIFIED,DOI_MATCH,Zotero's DOI appears in the document,100.0,0.001,True,False,True,18,18,1.0,True,True,9996,13,,BCA3EPXW,,"Repeat Ivermectin Mass Drug Administrations for Malaria Control II: Protocol for a Double-blind, Cluster-Randomized, Placebo-Controlled Trial for the Integrated  Control of Malaria."
BDD2KZD6,unlabelled,NIAID,VERIFIED,DOI_MATCH,Zotero's DOI appears in the document,100.0,0.012,True,False,True,6,6,1.0,True,True,9916,8,,5T8CCQTA,,Efficacy of a bivalent killed whole-cell cholera vaccine over five years: a re-analysis of a cluster-randomized trial.
CYV862M8,unlabelled,NIAID,VERIFIED,DOI_MATCH,Zotero's DOI appears in the document,100.0,0.002,True,False,True,11,11,1.0,True,True,8980,22,,BZTD5C3E,,Towards 90-90: Findings after two years of the HPTN 071 (PopART) cluster-randomized trial of a universal testing-and-treatment intervention in  Zambia.
G9HEQGLU,unlabelled,NIAID,VERIFIED,DOI_MATCH,Zotero's DOI appears in the document,100.0,0.022,True,False,True,1,1,1.0,True,False,9185,9,,7S4RIL8B,,Practical issues in operationalizing the design and outcome evaluation of cluster randomized trials.
S7TM7MCE,unlabelled,NIAID,VERIFIED,DOI_MATCH,Zotero's DOI appears in the document,100.0,0.009,True,False,True,18,18,1.0,True,False,11012,9,,QD6S9GV5,,Effectiveness of Seasonal Influenza Vaccination in Children in Senegal During a Year of Vaccine Mismatch: A Cluster-randomized Trial.
DJXA99RG,unlabelled,NIAID,VERIFIED,DOI_MATCH,Zotero's DOI appears in the document,100.0,0.021,True,False,True,4,4,1.0,True,False,9753,12,,K57YKMSI,,Network methods and design of randomized trials: Application to investigation of COVID-19 vaccination boosters.
EMIFV3K7,unlabelled,NIAID,VERIFIED,DOI_MATCH,Zotero's DOI appears in the document,100.0,0.021,True,False,True,2,2,1.0,True,False,9645,5,,G29IK5YZ,,The ring vaccination trial design for the estimation of vaccine efficacy and effectiveness during infectious disease outbreaks.
MW55PRG6,unlabelled,NIAID,VERIFIED,DOI_MATCH,Zotero's DOI appears in the document,100.0,0.123,True,False,True,14,14,1.0,True,True,10311,24,,AM9XXD4Y,,Considerations for first field trials of low-threshold gene drive for malaria vector control.
K65U39GR,unlabelled,NIAID,VERIFIED,DOI_MATCH,Zotero's DOI appears in the document,100.0,0.012,True,False,True,17,17,1.0,True,True,9460,10,,ECCSFTLP,,Mid-level managers' perspectives on implementing isoniazid preventive therapy for people living with HIV in Ugandan health districts: a qualitative study.
C7QFVRM7,unlabelled,NIAID,VERIFIED,DOI_MATCH,Zotero's DOI appears in the document,100.0,0.002,True,False,True,20,20,1.0,True,True,11633,10,10.1002/jia2.25647/full,RW875BIN,,Pathways for reduction of HIV-related stigma: a model derived from longitudinal qualitative research in Kenya and Uganda.
RQFM7VM8,unlabelled,NIAID,VERIFIED,DOI_MATCH,Zotero's DOI appears in the document,100.0,0.058,True,False,True,3,3,1.0,True,True,10521,26,10.1093/aje/mxac003,K8PNN239,,A Review of the Ring Trial Design for Evaluating Ring Interventions for Infectious Diseases.
67P4RDC7,unlabelled,NIAID,VERIFIED,DOI_MATCH,Zotero's DOI appears in the document,100.0,0.001,True,False,True,9,9,1.0,True,True,12444,13,10.1002/jia2.25117/full,DMCL72FY,,"Spinning plates: livelihood mobility, household responsibility and anti-retroviral treatment in an urban Zambian community during the HPTN 071  (PopART) study."
WKFM2BUS,unlabelled,NIAID,VERIFIED,TITLE_AUTHOR_MATCH,title matches (100.0) and first author present; no DOI in text,100.0,0.006,False,False,True,4,4,1.0,False,False,6144,39,,4722YSJA,,A new approach to hierarchical data analysis: Targeted maximum likelihood estimation for the causal effect of a cluster-level exposure.
P8WBH993,unlabelled,NIAID,VERIFIED,DOI_MATCH,Zotero's DOI appears in the document,100.0,0.004,True,False,True,17,17,1.0,True,True,12710,15,,VSBQHU4Y,,Geographic pair matching in large-scale cluster randomized trials.
MLS3VVRS,unlabelled,NIAID,VERIFIED,DOI_MATCH,Zotero's DOI appears in the document,100.0,0.002,True,False,True,25,26,0.962,True,True,8211,16,10.1371/journal,CHIRKYVU,,Increasing knowledge of HIV status in a country with high HIV testing coverage: Results from the Botswana Combination Prevention Project.
AWRICXTL,unlabelled,NIAID,VERIFIED,DOI_MATCH,Zotero's DOI appears in the document,97.8,-1.0,True,False,True,6,8,0.75,True,False,6017,12,,QMCC8ZXF,,Brief Report: Proportion and Predictors of Adult TB Contacts Accepting HIV Testing During an Active TB Case Finding Intervention in South Africa.
EL68RXI7,unlabelled,NIAID,VERIFIED,DOI_MATCH,Zotero's DOI appears in the document,100.0,0.003,True,False,True,22,22,1.0,True,False,14405,14,,49CGQD3V,,Impact of community masking on COVID-19: A cluster-randomized trial in Bangladesh.
5EGYIWZA,unlabelled,NIAMS; NICHD,VERIFIED,DOI_MATCH,Zotero's DOI appears in the document,100.0,0.017,True,False,True,5,5,1.0,True,False,8845,9,,5DBACMZR,,Higher compliance to a neuromuscular injury prevention program improves overall injury rate in male football players.
PSPTLUIM,unlabelled,NIAMS,VERIFIED,DOI_MATCH,Zotero's DOI appears in the document,100.0,0.0,True,False,True,9,9,1.0,True,False,6305,12,,VQFP2C3H,,Benefits and Sustainability of a Learning Collaborative for Implementation of Treat-to-Target in Rheumatoid Arthritis: Results of a Cluster-Randomized  Controlled Phase II Clinical Trial.
L32XUKZ8,unlabelled,NIAMS,VERIFIED,DOI_MATCH,Zotero's DOI appears in the document,100.0,0.001,True,False,True,14,14,1.0,True,True,10186,19,,VZT7FYH3,,Virtual Reality-Augmented Physiotherapy for Chronic Pain in Youth: Protocol for a Randomized Controlled Trial Enhanced With a Single-Case Experimental Design.
HHY6EJQG,unlabelled,NIAMS,VERIFIED,DOI_MATCH,Zotero's DOI appears in the document,100.0,0.002,True,False,True,15,15,1.0,True,True,10967,8,,V6QG5GM6,,"Cost-Utility Analysis of Routine Anxiety and Depression Screening in Patients Consulting for Osteoarthritis: Results From a Clinical, Randomized Controlled  Trial."
8A8JT5TV,unlabelled,NIAMS,VERIFIED,TITLE_AUTHOR_MATCH,title matches (100.0) and first author present; no DOI in text,100.0,0.002,False,False,True,13,13,1.0,True,True,9833,9,,U9K5XUQ9,,"Satisfaction with modes of telemedicine delivery during COVID-19: A randomized, single-blind, parallel group, noninferiority trial."
K72YHXJV,unlabelled,NIAMS,VERIFIED,TITLE_AUTHOR_MATCH,title matches (100.0) and first author present; no DOI in text,100.0,0.0,False,False,True,13,13,1.0,False,True,6465,19,,ZIQ4EHML,,The impact of heterotopic ossification prophylaxis after surgical fixation of acetabular fractures: national treatment patterns and related outcomes.
64LN27S7,unlabelled,NICHD; NIMH,VERIFIED,DOI_MATCH,Zotero's DOI appears in the document,100.0,0.04,True,False,True,9,9,1.0,True,False,8262,12,,DD5SFRU6,,Adherence to Combination Antiretroviral Therapy among Pregnant Women Enrolled in a HIV Prevention Program in Rural North-central Nigeria.
MSMKSVSG,unlabelled,NICHD; NIDA; NIMH,VERIFIED,DOI_MATCH,Zotero's DOI appears in the document,100.0,0.0,True,False,True,6,6,1.0,True,False,6319,20,,GX3S3WQJ,,The effect of a behavioral activation treatment for substance use on post-treatment abstinence: a randomized controlled trial.
KZ6I2GMV,unlabelled,NICHD; NIMH,VERIFIED,DOI_MATCH,Zotero's DOI appears in the document,100.0,0.023,True,False,True,11,11,1.0,True,True,12627,10,,AHAKBN46,,Suubi+Adherence study protocol: A family economic empowerment intervention addressing HIV treatment adherence for perinatally infected adolescents.
US8CIH33,unlabelled,NICHD; NIDA,VERIFIED,DOI_MATCH,Zotero's DOI appears in the document,100.0,0.0,True,False,True,11,11,1.0,True,False,6222,20,,5N4NQH9Q,,Can a Gender Equity and Family Planning Intervention for Men Change Their Gender Ideology? Results from the CHARM Intervention in Rural India.
DZZM2YID,unlabelled,NICHD; NIDDK,VERIFIED,DOI_MATCH,Zotero's DOI appears in the document,100.0,0.0,True,False,True,9,9,1.0,True,True,9470,13,,SQSZ9ECS,,'Ripple' effect on infant zBMI trajectory of an internet-based weight loss program for low-income postpartum women.
3SZRVFPC,unlabelled,NICHD; NIMH,VERIFIED,DOI_MATCH,Zotero's DOI appears in the document,100.0,0.003,True,False,True,10,10,1.0,True,True,9595,21,,NU2WW6R4,,A combination intervention addressing sexual risk-taking behaviors among vulnerable women in Uganda: study protocol for a cluster randomized clinical  trial.
MYASS2HR,unlabelled,NICHD; NIMH,VERIFIED,DOI_MATCH,Zotero's DOI appears in the document,100.0,0.002,True,False,True,12,13,0.923,True,True,11293,12,10.1002/jia2.25134/full,LWED2DMS,,Community mobilization to modify harmful gender norms and reduce HIV risk: results from a community cluster randomized trial in South Africa.
GKAKJGI4,unlabelled,NICHD; NIGMS,VERIFIED,DOI_MATCH,Zotero's DOI appears in the document,100.0,0.076,True,False,True,15,15,1.0,True,False,11125,8,,JPBBAEFP,,"The Impact of Improved Water, Sanitation, and Hygiene on Oral Rotavirus Vaccine Immunogenicity in Zimbabwean Infants: Substudy of a Cluster-randomized Trial."
AX6KKX59,unlabelled,NICHD; NIDA; NIEHS,VERIFIED,DOI_MATCH,Zotero's DOI appears in the document,100.0,0.183,True,False,True,5,5,1.0,True,True,12278,6,10.1177/1179173X18823493Tobacco,DFKT5LFU,,Nicotine on Children's Hands: Limited Protection of Smoking Bans and Initial Clinical Findings.
6BGC43UM,unlabelled,NICHD; NIDDK,VERIFIED,DOI_MATCH,Zotero's DOI appears in the document,100.0,0.097,True,False,True,12,12,1.0,True,True,3512,41,,SJ9J7WHX,,"Effect of an Intervention to Promote Breastfeeding on Asthma, Lung Function, and Atopic Eczema at Age 16 Years: Follow-up of the PROBIT Randomized Trial."
B4WIN2WY,unlabelled,NICHD; NIMH,VERIFIED,DOI_MATCH,Zotero's DOI appears in the document,100.0,0.003,True,False,True,10,10,1.0,True,True,8879,13,,H3AI7GWW,,"The CombinADO study to assess the impact of a combination intervention strategy on viral suppression, antiretroviral therapy adherence, and retention in HIV care  among adolescents and young people living with HIV: protocol for a  cluster-randomized controlled trial."
YNFC4GFU,unlabelled,NICHD; NIEHS,VERIFIED,DOI_MATCH,Zotero's DOI appears in the document,100.0,0.369,True,False,True,14,15,0.933,True,True,9135,19,10.1371/journal,KG3LYFDB,,Effect of sanitation improvements on soil-transmitted helminth eggs in courtyard soil from rural Bangladesh: Evidence from a cluster-randomized controlled trial.
NBEZRCXR,unlabelled,NICHD; NIMH; NIMHD,VERIFIED,DOI_MATCH,Zotero's DOI appears in the document,100.0,0.0,True,False,True,10,12,0.833,True,False,6542,18,,WGQ4UTV5,,"Family Economic Empowerment, Family Social Support, and Sexual Risk-Taking Behaviors Among Adolescents Living With HIV in Uganda: The Suubi+Adherence Study."
CY8JBG64,unlabelled,NICHD; NIDDK,VERIFIED,DOI_MATCH,Zotero's DOI appears in the document,100.0,0.0,True,False,True,8,8,1.0,True,True,10223,8,10.2337/dc17-1133/-/DC1,C2UD5UV3,,A Tailored Letter Based on Electronic Health Record Data Improves Gestational Weight Gain Among Women With Gestational Diabetes Mellitus: The Gestational  Diabetes' Effects on Moms (GEM) Cluster-Randomized Controlled Trial.
VG586LG9,unlabelled,NICHD; NIMH,VERIFIED,DOI_MATCH,Zotero's DOI appears in the document,100.0,0.0,True,False,True,7,7,1.0,True,False,8413,10,,4CCJNTC9,,Impact of a Family Economic Intervention (Bridges) on Health Functioning of Adolescents Orphaned by HIV/AIDS: A 5-Year (2012-2017) Cluster Randomized  Controlled Trial in Uganda.
3KYGTLUB,unlabelled,NICHD; NIMH,VERIFIED,DOI_MATCH,Zotero's DOI appears in the document,100.0,0.012,True,False,True,10,10,1.0,True,True,9459,13,,MD8TYA49,,Relationship Between Mental Health and HIV Transmission Knowledge and Prevention Attitudes Among Adolescents Living with HIV: Lessons from Suubi + Adherence  Cluster Randomized Study in Southern Uganda.
C34DF68E,unlabelled,NICHD; NIMH,VERIFIED,DOI_MATCH,Zotero's DOI appears in the document,100.0,-1.0,True,False,True,5,5,1.0,True,False,6087,19,,ABAE92VQ,,Examining the nonkin support networks of orphaned adolescents participating in a family-based economic-strengthening intervention in Uganda.
2EUBGI6V,unlabelled,NICHD; NIMH,VERIFIED,DOI_MATCH,Zotero's DOI appears in the document,100.0,0.002,True,False,True,14,15,0.933,True,True,9956,13,10.1371/journal,GCKANML9,,The long-term effects of a family based economic empowerment intervention (Suubi+Adherence) on suppression of HIV viral loads among adolescents living with  HIV in southern Uganda: Findings from 5-year cluster randomized trial.
3QSZDDKM,unlabelled,NICHD; NIMH,VERIFIED,DOI_MATCH,Zotero's DOI appears in the document,100.0,0.002,True,False,True,14,14,1.0,True,True,11168,7,10.1002/jia2.25752/full,SR5C9RC4,,The efficacy and cost-effectiveness of a family-based economic empowerment intervention (Suubi + Adherence) on suppression of HIV viral loads among  adolescents living with HIV: results from a Cluster Randomized Controlled Trial  in southern Uganda.
TNRY4AWD,unlabelled,NICHD; NIEHS,VERIFIED,DOI_MATCH,Zotero's DOI appears in the document,100.0,0.0,True,False,True,16,16,1.0,True,True,11478,11,,LW6P6GN3,,Longitudinal Effects of a Sanitation Intervention on Environmental Fecal Contamination in a Cluster-Randomized Controlled Trial in Rural Bangladesh.
YP9UIW27,unlabelled,NICHD; NIMH,VERIFIED,DOI_MATCH,Zotero's DOI appears in the document,100.0,0.002,True,False,True,9,9,1.0,True,False,10521,8,,W5MTBSWS,,Using Hierarchical Regression to Examine the Predictors of Sexual Risk-Taking Attitudes among Adolescents Living with Human Immunodeficiency Virus in Uganda.
2LQ9IQJP,unlabelled,NICHD; NIMH,VERIFIED,DOI_MATCH,Zotero's DOI appears in the document,100.0,0.0,True,False,True,5,5,1.0,True,False,6567,19,,ZB3VB5XR,,"Poverty, economic strengthening, and mental health among AIDS orphaned children in Uganda: Mediation model in a randomized clinical trial."
MUYY6VBN,unlabelled,NICHD; NIEHS,VERIFIED,TITLE_AUTHOR_MATCH,title matches (100.0) and first author present; no DOI in text,100.0,0.002,False,False,True,9,10,0.9,True,True,9085,11,,95XSWPKB,,Impact of Improved Biomass and Liquid Petroleum Gas Stoves on Birth Outcomes in Rural Nepal: Results of 2 Randomized Trials.
GMPZN8V7,unlabelled,NICHD; NIMH,VERIFIED,DOI_MATCH,Zotero's DOI appears in the document,100.0,0.027,True,False,True,8,8,1.0,True,True,5842,10,,U2WZFRBD,,"Gender, HIV knowledge and prevention attitudes among adolescents living with HIV participating in an economic empowerment intervention in Uganda."
FSRS8FVB,unlabelled,NICHD; NIMHD,VERIFIED,TITLE_AUTHOR_MATCH,title matches (100.0) and first author present; no DOI in text,100.0,0.0,False,False,True,10,10,1.0,True,True,9607,9,,SPGE3GVC,,Mediators of Improved Adherence to Infant Safe Sleep Using a Mobile Health Intervention.
6PBVUYNN,unlabelled,NICHD; NIDA; NIMH,VERIFIED,DOI_MATCH,Zotero's DOI appears in the document,100.0,0.0,True,False,True,9,9,1.0,True,True,9440,9,,9EZK4GEC,,Influence of provider openness and leadership behaviors on adherence to motivational interviewing training implementation strategies: Considerations for  evidence-based practice delivery.
9NTCFVUF,unlabelled,NICHD; NIMH,VERIFIED,TITLE_AUTHOR_MATCH,title matches (100.0) and first author present; no DOI in text,100.0,0.001,False,False,True,14,14,1.0,True,False,11874,12,,WV7AS9XA,,How Can Programs Better Support Female Sex Workers to Avoid HIV Infection in Zimbabwe? A Prevention Cascade Analysis.
P6Z2Z86T,unlabelled,NICHD; NINDS,VERIFIED,DOI_MATCH,Zotero's DOI appears in the document,100.0,0.002,True,False,True,10,11,0.909,True,True,8370,15,10.1371/journal,X7GGAYCZ,,Estimating the association between being seropositive for cysticercosis and the prevalence of epilepsy and severe chronic headaches in 60 villages of rural  Burkina Faso.
8Q7AB3YY,unlabelled,NICHD; NIMH; NIMHD,VERIFIED,DOI_MATCH,Zotero's DOI appears in the document,100.0,0.316,True,False,True,13,13,1.0,True,True,8892,8,,HFU8WE24,,The Long-term (5-year) Impact of a Family Economic Empowerment Intervention on Adolescents Living with HIV in Uganda: Analysis of Longitudinal Data from a  Cluster Randomized Controlled Trial from the Suubi+Adherence Study (2012-2018).
J5L2LUM7,unlabelled,NICHD; NIEHS,VERIFIED,DOI_MATCH,Zotero's DOI appears in the document,100.0,0.021,True,False,True,11,11,1.0,True,True,12955,10,,GZU4FMI9,,Assessing sustained uptake of latrine and child feces management interventions: Extended follow-up of a cluster-randomized controlled trial in rural Bangladesh  1-3.5 years after intervention initiation.
XQ95HYJB,unlabelled,NICHD; NIDDK,VERIFIED,DOI_MATCH,Zotero's DOI appears in the document,100.0,0.002,True,False,True,11,11,1.0,True,True,9981,15,,D8WUDDAH,,A Web-Based mHealth Intervention With Telephone Support to Increase Physical Activity Among Pregnant Patients With Overweight or Obesity: Feasibility  Randomized Controlled Trial.
42EQYZHC,unlabelled,NICHD; NINR,VERIFIED,DOI_MATCH,Zotero's DOI appears in the document,100.0,0.143,True,False,True,11,11,1.0,True,True,8670,15,,N3CGWVFH,,Virtual family-centered hospital rounds in the neonatal intensive care unit: protocol for a cluster randomized controlled trial.
TC2FHAH5,unlabelled,NICHD; NIEHS,VERIFIED,DOI_MATCH,Zotero's DOI appears in the document,100.0,0.015,True,False,True,12,12,1.0,True,True,9292,14,,9NTFQX2S,,Improved Child Feces Management Mediates Reductions in Childhood Diarrhea from an On-Site Sanitation Intervention: Causal Mediation Analysis of a  Cluster-Randomized Trial in Rural Bangladesh.
NPL23U9B,unlabelled,NICHD; NIMH,VERIFIED,DOI_MATCH,Zotero's DOI appears in the document,100.0,0.002,True,False,True,9,9,1.0,True,False,10450,10,,H2YMNPT6,,A Structural Equation Model of the Impact of a Family-Based Economic Intervention on Antiretroviral Therapy Adherence Among Adolescents Living With HIV in Uganda.
KWP6MN8U,unlabelled,NICHD; NIMH,VERIFIED,DOI_MATCH,Zotero's DOI appears in the document,100.0,0.014,True,False,True,11,11,1.0,True,True,8393,11,,T5Z7FCDG,,The Impact of an Economic Strengthening Intervention on Academic Achievement Among Adolescents Living with HIV: Findings from the Suubi + Adherence  Cluster-Randomized Trial in Uganda (2012-2018).
5M2K2D2U,unlabelled,NICHD; NIEHS,VERIFIED,DOI_MATCH,Zotero's DOI appears in the document,100.0,0.002,True,False,True,7,12,0.583,True,True,7684,18,,YWCBCPCR,,Evaluation of an on-site sanitation intervention against childhood diarrhea and acute respiratory infection 1 to 3.5 years after implementation: Extended  follow-up of a cluster-randomized controlled trial in rural Bangladesh.
ETDH7GPM,unlabelled,NICHD; NIMH,VERIFIED,DOI_MATCH,Zotero's DOI appears in the document,100.0,0.01,True,False,True,7,7,1.0,True,True,9529,11,,YB978IUL,,Unconditional cash transfers and maternal substance use: findings from a randomized control trial of low-income mothers with infants in the U.S.
WMQ8HAXX,unlabelled,NICHD; NIMH,VERIFIED,DOI_MATCH,Zotero's DOI appears in the document,100.0,0.017,True,False,True,11,11,1.0,True,True,10693,12,10.1002/jia2.25990/full,CDMRPQB4,,Monitoring adherence to antiretroviral therapy among adolescents in Southern Uganda: comparing Wisepill to Self-report in predicting viral suppression in a  cluster-randomized trial.
HNZ4TWSX,unlabelled,NICHD; NIDDK,VERIFIED,DOI_MATCH,Zotero's DOI appears in the document,100.0,0.03,True,False,True,11,11,1.0,True,False,1898,28,,MF9PE839,,Mental Health Distress and Delayed Contraception Among Older Adolescents and Young Adults.
I83PU28U,unlabelled,NICHD; NIDDK,VERIFIED,DOI_MATCH,Zotero's DOI appears in the document,100.0,0.012,True,False,True,10,10,1.0,True,False,8886,9,,NFSQHPAC,,The Effect of an Obesity Prevention Intervention Among Specific Subpopulations: A Heterogeneity of Treatment Effect Analysis of the Greenlight Trial.
ZRSMSXIP,unlabelled,NICHD; NIMH,VERIFIED,DOI_MATCH,Zotero's DOI appears in the document,100.0,0.058,True,False,True,13,13,1.0,True,True,10269,11,,H66DE65V,,"Factors associated with caregiver compliance to an HIV disclosure intervention and its effect on HIV and mental health outcomes among children living with HIV:  post-hoc instrumental variable-based analysis of a cluster randomized trial in  Eldoret, Kenya."
4KPD94UD,unlabelled,NICHD; NIMH,VERIFIED,DOI_MATCH,Zotero's DOI appears in the document,100.0,0.01,True,False,True,3,3,1.0,True,False,4353,22,,U7S2P9ZH,,The impact of poverty-reduction intervention on child mental health mediated by family relations: Findings from a cluster-randomized trial in Uganda.
B2XHWRIN,unlabelled,NICHD; NIGMS,VERIFIED,DOI_MATCH,Zotero's DOI appears in the document,100.0,0.0,True,False,True,17,17,1.0,True,True,12408,10,,P5CKI263,,The fecal microbiome and rotavirus vaccine immunogenicity in rural Zimbabwean infants.
GIT8FJVZ,unlabelled,NICHD; NIDDK,VERIFIED,DOI_MATCH,Zotero's DOI appears in the document,100.0,0.002,True,False,True,9,9,1.0,True,True,8025,12,10.3886/E193387V1,9HBIEBYM,,Use of preferred contraceptive method among young adults in Texas and California: A comparison by state and insurance coverage.
H74HCP9P,unlabelled,NICHD; NIDA,VERIFIED,DOI_MATCH,Zotero's DOI appears in the document,100.0,0.005,True,False,True,10,10,1.0,True,True,8345,12,,JMDG4I82,,Effect of the Communities That Care Prevention System on Adolescent Handgun Carrying: A Cluster-Randomized Clinical Trial.
PQ27VEZT,unlabelled,NICHD; NINR,VERIFIED,DOI_MATCH,Zotero's DOI appears in the document,100.0,0.0,True,False,True,1,8,0.125,True,False,6470,17,,2XNP3ZXE,,An overview of the Connect through PLAY trial to increase physical activity in underserved adolescents.
NTMJV7AY,unlabelled,NICHD; NIMH,VERIFIED,DOI_MATCH,Zotero's DOI appears in the document,100.0,0.013,True,False,True,3,13,0.231,True,False,4493,12,,JWG7T73F,,Impact of short message service and peer navigation on linkage to care and antiretroviral therapy initiation in South Africa.
JUUD3HHC,unlabelled,NICHD; NIMH,VERIFIED,DOI_MATCH,Zotero's DOI appears in the document,100.0,0.0,True,False,True,4,4,1.0,True,False,6801,12,,TVRXNZ4B,,"Self-efficacy, academic performance and school transition among orphaned adolescents in southern Uganda."
2QQF68M7,unlabelled,NICHD; NIGMS,VERIFIED,DOI_MATCH,Zotero's DOI appears in the document,100.0,0.0,True,False,True,15,15,1.0,True,True,11960,9,,CDAP2CD2,,Predictors of oral rotavirus vaccine immunogenicity in rural Zimbabwean infants.
FZ5BAWMJ,unlabelled,NICHD; NIEHS; NIGMS,VERIFIED,DOI_MATCH,Zotero's DOI appears in the document,100.0,0.011,True,False,True,7,7,1.0,True,True,11874,8,,WYZ9YRHY,,Social capital and changes of psychologic distress during early stage of COVID-19 in New orleans.
NDIKHK78,unlabelled,NICHD; NIMH,VERIFIED,DOI_MATCH,Zotero's DOI appears in the document,100.0,0.316,True,False,True,10,10,1.0,True,True,8019,11,,DBKXCQAZ,,A Cluster-Randomized Controlled Trial of an Economic Strengthening Intervention to Enhance Antiretroviral Therapy Adherence among Adolescents Living with HIV.
A7CYSY54,unlabelled,NICHD; NIDA,VERIFIED,DOI_MATCH,Zotero's DOI appears in the document,100.0,0.005,True,False,True,5,5,1.0,True,False,12295,14,10.1136/bmj.m3797,WN8G4F3E,,Incentive programmes for smoking cessation: cluster randomized trial in workplaces in Thailand.
5JHWBSSM,unlabelled,NICHD; NIMHD,VERIFIED,DOI_MATCH,Zotero's DOI appears in the document,100.0,0.0,True,False,True,9,9,1.0,True,False,7080,17,,XNBP2FFV,,The Impact of Breastfeeding and Safe Sleep Mobile Health Messaging on Breastfeeding and Bedsharing.
7RCBALCA,unlabelled,NICHD,VERIFIED,DOI_MATCH,Zotero's DOI appears in the document,100.0,0.005,True,False,True,10,10,1.0,True,True,11986,8,,KMXADUFF,,The Pathways from a Behavior Change Communication Intervention to Infant and Young Child Feeding in Bangladesh Are Mediated and Potentiated by Maternal  Self-Efficacy.
4BGJM745,unlabelled,NICHD,VERIFIED,DOI_MATCH,Zotero's DOI appears in the document,100.0,0.005,True,False,True,8,8,1.0,True,True,7204,8,,B2DZWJSB,,Analysis of 'sensitive' periods of fetal and child growth.
5UKFSQDX,unlabelled,NICHD,VERIFIED,DOI_MATCH,Zotero's DOI appears in the document,100.0,0.032,True,False,True,6,6,1.0,True,True,10720,8,,9C9F866Z,,Growth During Infancy and Early Childhood and Its Association With Metabolic Risk Biomarkers at 11.5 Years of Age.
IQTTD2YI,unlabelled,NICHD,VERIFIED,DOI_MATCH,Zotero's DOI appears in the document,100.0,0.0,True,False,True,8,8,1.0,False,False,10752,7,,A2QJ8R87,,Perceived Access to Contraception via Telemedicine Among Young Adults: Inequities by Food and Housing Insecurity.
4Y2UKP4Y,unlabelled,NICHD,VERIFIED,DOI_MATCH,Zotero's DOI appears in the document,100.0,0.002,True,False,True,12,12,1.0,True,True,7330,16,10.1371/journal,HU4CAXKC,,Breastfeeding during infancy and neurocognitive function in adolescence: 16-year follow-up of the PROBIT cluster-randomized trial.
G9FYDK5D,unlabelled,NICHD,VERIFIED,DOI_MATCH,Zotero's DOI appears in the document,100.0,0.003,True,False,True,10,10,1.0,True,True,8254,14,,CKMRTNCF,,"The PrEPARE Pretoria Project: protocol for a cluster-randomized factorial-design trial to prevent HIV with PrEP among adolescent girls and young women in Tshwane,  South Africa."
KM89CUBZ,unlabelled,NICHD,VERIFIED,DOI_MATCH,Zotero's DOI appears in the document,100.0,0.003,True,False,True,9,9,1.0,True,False,11859,9,,BFGI2MS6,,Childhood obesity prevention through a community-based cluster randomized controlled physical activity intervention among schools in china: the health  legacy project of the 2nd world summer youth olympic Games (YOG-Obesity study).
AFXL27TZ,unlabelled,NICHD,VERIFIED,DOI_MATCH,Zotero's DOI appears in the document,100.0,0.003,True,False,True,15,15,1.0,True,False,8599,13,,N3DUTCY8,,"""Our Choice"" improves use of safer conception methods among HIV serodiscordant couples in Uganda: a cluster randomized controlled trial evaluating two  implementation approaches."
9RTBX6PJ,unlabelled,NICHD,VERIFIED,DOI_MATCH,Zotero's DOI appears in the document,100.0,0.001,True,False,True,12,12,1.0,True,True,9830,14,,ECU9K2QP,,Leveraging Community Health Workers and a Responsive Digital Health System to Improve Vaccination Coverage and Timeliness in Resource-Limited Settings:  Protocol for a Cluster Randomized Type 1 Effectiveness-Implementation Hybrid  Study.
HAF73Q82,unlabelled,NICHD,VERIFIED,DOI_MATCH,Zotero's DOI appears in the document,100.0,0.0,True,False,True,5,5,1.0,False,True,9867,16,,JB5WGJKH,,"The impact of a multilevel childhood obesity prevention intervention on healthful food acquisition, preparation, and fruit and vegetable consumption on  African-American adult caregivers."
DL7D6CSW,unlabelled,NICHD,VERIFIED,DOI_MATCH,Zotero's DOI appears in the document,100.0,0.003,True,False,True,4,4,1.0,True,True,8770,15,,MUPZP7GW,,"A multilevel, multicomponent childhood obesity prevention group-randomized controlled trial improves healthier food purchasing and reduces sweet-snack  consumption among low-income African-American youth."
JNCT34KA,unlabelled,NICHD,VERIFIED,DOI_MATCH,Zotero's DOI appears in the document,100.0,0.001,True,False,True,7,7,1.0,True,False,11595,7,,5JB5SPIJ,,Training contraceptive providers to offer intrauterine devices and implants in contraceptive care: a cluster randomized trial.
YLAIH7M3,unlabelled,NICHD,VERIFIED,DOI_MATCH,Zotero's DOI appears in the document,100.0,0.0,True,False,True,6,6,1.0,True,True,9244,9,,B3EM8KF2,,A Dating Violence Prevention Program for Middle School Youth: A Cluster Randomized Trial.
FTZX4NKI,unlabelled,NICHD,VERIFIED,DOI_MATCH,Zotero's DOI appears in the document,100.0,0.0,True,False,True,6,6,1.0,True,True,13042,14,,UKR6RWMJ,,Passive versus active service delivery: Comparing the effects of two parenting interventions on early cognitive development in rural China.
KG7K5MJP,unlabelled,NICHD,VERIFIED,DOI_MATCH,Zotero's DOI appears in the document,100.0,0.003,True,False,True,8,8,1.0,True,True,9874,12,,SZ8TMEN9,,"Impact of sunflower seed oil versus mustard seed oil on skin barrier function in newborns: a community-based, cluster-randomized trial."
8YD6VXVA,unlabelled,NICHD,VERIFIED,DOI_MATCH,Zotero's DOI appears in the document,100.0,0.001,True,False,True,5,5,1.0,True,True,9771,13,,BNBDYSYA,,Integrated Care Delivery for HIV Prevention and Treatment in Adolescent Girls and Young Women in Zambia: Protocol for a Cluster-Randomized Controlled Trial.
P2HZSA46,unlabelled,NICHD,VERIFIED,DOI_MATCH,Zotero's DOI appears in the document,100.0,0.005,True,False,True,5,5,1.0,True,True,12754,9,,RB3IBCMM,,Lipid-Based Nutrient Supplementation Reduces Child Anemia and Increases Micronutrient Status in Madagascar: A Multiarm Cluster-Randomized Controlled  Trial.
J3J3LTI7,unlabelled,NICHD,VERIFIED,TITLE_AUTHOR_MATCH,title matches (100.0) and first author present; no DOI in text,100.0,0.003,False,False,True,12,12,1.0,True,True,11729,7,,5HFJ6AWK,,Efficacy of a Web-Based Oral Case Presentation Instruction Module: Multicenter Randomized Controlled Trial.
X9UGXDZL,unlabelled,NICHD,VERIFIED,DOI_MATCH,Zotero's DOI appears in the document,100.0,0.008,True,False,True,5,5,1.0,True,True,8036,10,,DR49VIU6,,Effect of a Novel Transition Program on Disability After Stroke: A Trial Protocol.
FUZ4IACA,unlabelled,NICHD,VERIFIED,DOI_MATCH,Zotero's DOI appears in the document,100.0,0.0,True,False,True,3,3,1.0,True,False,6693,19,,SB5XF674,,"Efficacy of ""Mentoring to Be Active"" on Weight Loss, Body Mass Index, and Body Fat among Obese and Extremely Obese Youth in Rural Appalachia."
J5I9KCXF,unlabelled,NICHD,VERIFIED,DOI_MATCH,Zotero's DOI appears in the document,100.0,0.003,True,False,True,3,3,1.0,True,True,9224,14,,BPFZBUZ9,,Peer mentor versus teacher delivery of a physical activity program on the effects of BMI and daily activity: protocol of a school-based group randomized controlled  trial in Appalachia.
HXF5LXAQ,unlabelled,NICHD,VERIFIED,DOI_MATCH,Zotero's DOI appears in the document,100.0,0.002,True,False,True,10,10,1.0,True,False,11189,4,,SVMFE4QF,,Text message alerts to emergency physicians identifying potential study candidates increase clinical trial enrollment.
GQ95B5YM,unlabelled,NICHD,VERIFIED,DOI_MATCH,Zotero's DOI appears in the document,100.0,0.023,True,False,True,4,4,1.0,True,True,6467,9,,3K9K8H3R,,"Feasibility, acceptability, and initial efficacy of a wheelchair exercise training program in persons with multiple sclerosis: study protocol for a  parallel group randomized controlled trial."
SVUMLSFU,unlabelled,NICHD,VERIFIED,DOI_MATCH,Zotero's DOI appears in the document,100.0,0.14,True,False,True,10,10,1.0,True,True,8759,11,,34TGMKCI,,Efficacy of a virtual reality-based cognitive interactive training program for children with traumatic brain injuries: study protocol for a parallel-group  randomized controlled trial.
VGHM75AE,unlabelled,NICHD,VERIFIED,DOI_MATCH,Zotero's DOI appears in the document,100.0,0.068,True,False,True,5,5,1.0,True,True,9159,16,,DWJ43PXU,,Power and resistance in schools: Implementing institutional change to promote health equity for sexual and gender minority youth.
DET6F793,unlabelled,NICHD,VERIFIED,DOI_MATCH,Zotero's DOI appears in the document,100.0,0.0,True,False,True,4,4,1.0,True,True,9321,15,,7WY9DRWW,,Outer-context determinants on the implementation of school-based interventions for LGBTQ+ adolescents.
JYHWEYTI,unlabelled,NICHD,VERIFIED,DOI_MATCH,Zotero's DOI appears in the document,100.0,0.0,True,False,True,6,6,1.0,True,False,6144,16,,JVN3R6HW,,Prevalence of NAFLD in Guatemala following exposure to a protein-energy nutrition intervention in early life.
UWBLHHP7,unlabelled,NICHD,VERIFIED,DOI_MATCH,Zotero's DOI appears in the document,100.0,0.0,True,False,True,6,6,1.0,True,False,10116,8,,5QZH2SKZ,,Injury characteristics and hemodynamics associated with guideline-compliant CPR in a pediatric porcine cardiac arrest model.
2MUC87T4,unlabelled,NICHD,VERIFIED,DOI_MATCH,Zotero's DOI appears in the document,100.0,0.015,True,False,True,10,10,1.0,True,True,8736,9,,NFVZG9CS,,Can a Clinic-Based Community Health Worker Intervention Buffer the Negative Impact of the COVID-19 Pandemic on Health and Well-Being of Low-Income Families  during Early Childhood.
K3TFJ2BC,unlabelled,NICHD,VERIFIED,DOI_MATCH,Zotero's DOI appears in the document,100.0,-1.0,True,False,True,9,9,1.0,True,False,6968,17,,FZ2F44VF,,The Fueling Learning Through Exercise Study Cluster RCT: Impact on Children's Moderate-to-Vigorous Physical Activity.
6RHL77XN,unlabelled,NICHD,VERIFIED,DOI_MATCH,Zotero's DOI appears in the document,100.0,0.0,True,False,True,8,8,1.0,True,False,7139,16,,948B79IN,,Contraception after medication abortion in the United States: results from a cluster randomized trial.
82MXIXU5,unlabelled,NICHD,VERIFIED,DOI_MATCH,Zotero's DOI appears in the document,100.0,0.0,True,False,True,5,5,1.0,True,True,6997,23,,KBS4T6XK,,Cluster randomized control trial promoting child self-regulation around energy-dense food.
W5JU6S4L,unlabelled,NICHD,VERIFIED,DOI_MATCH,Zotero's DOI appears in the document,100.0,0.0,True,False,True,10,10,1.0,True,True,9637,16,10.1016/j,YSTP8A6J,,Evaluation of a gender synchronized family planning intervention for married couples in rural India: The CHARM2 cluster randomized control trial.
IUD3958X,unlabelled,NICHD,VERIFIED,DOI_MATCH,Zotero's DOI appears in the document,100.0,0.007,True,False,True,20,20,1.0,True,True,11826,13,,ECYUIWVU,,"A holistic approach to promoting early child development: a cluster randomised trial of a group-based, multicomponent intervention in rural Bangladesh."
R7A9Q3GV,unlabelled,NICHD,VERIFIED,DOI_MATCH,Zotero's DOI appears in the document,100.0,0.027,True,False,True,10,10,1.0,True,True,5913,8,,PTSK3ICK,,Provider experiences with three- and six-month antiretroviral therapy dispensing for stable clients in Zambia.
48LLFXMC,unlabelled,NICHD,VERIFIED,DOI_MATCH,Zotero's DOI appears in the document,100.0,0.0,True,False,True,8,8,1.0,True,False,6988,19,,2XWDHJAF,,iCanCope with Sickle Cell Pain: Design of a randomized controlled trial of a smartphone and web-based pain self-management program for youth with sickle cell  disease.
6ZB536GP,unlabelled,NICHD,VERIFIED,DOI_MATCH,Zotero's DOI appears in the document,100.0,0.02,True,False,True,11,11,1.0,True,False,6361,10,10.1167/iovs.17-,EV9B22WV,,The Effect of Longer-Term and Exclusive Breastfeeding Promotion on Visual Outcome in Adolescence.
JYXGKCBF,unlabelled,NICHD,VERIFIED,DOI_MATCH,Zotero's DOI appears in the document,100.0,0.0,True,False,True,8,8,1.0,True,False,6871,16,,9387SK3B,,Associations Between Food Insecurity and Parental Feeding Behaviors of Toddlers.
JTME3IFQ,unlabelled,NICHD,VERIFIED,DOI_MATCH,Zotero's DOI appears in the document,100.0,0.0,True,False,True,7,7,1.0,True,True,9542,8,,4TGNK9V2,,Previsit Screening for Parental Vaccine Hesitancy: A Cluster Randomized Trial.
SAR7XR63,unlabelled,NICHD,VERIFIED,DOI_MATCH,Zotero's DOI appears in the document,100.0,0.003,True,False,True,8,8,1.0,True,True,9737,10,,MY8Y7XQW,,Maximizing adherence and retention for women living with HIV and their infants in Kenya (MOTIVATE! study): study protocol for a randomized controlled trial.
QBBH86HG,unlabelled,NICHD,VERIFIED,DOI_MATCH,Zotero's DOI appears in the document,100.0,0.0,True,False,True,9,9,1.0,True,True,7450,15,,6HSREXDC,,Development of PIVOT with MI: A motivational Interviewing-Based vaccine communication training for pediatric clinicians.
HRENXTRC,unlabelled,NICHD,VERIFIED,DOI_MATCH,Zotero's DOI appears in the document,100.0,0.002,True,False,True,13,13,1.0,True,True,11028,10,10.1002/jia2.25456/full,NIQM5ASM,,Early child development in children who are HIV-exposed uninfected compared to children who are HIV-unexposed: observational sub-study of a cluster-randomized  trial in rural Zimbabwe.
MU556XRC,unlabelled,NICHD,VERIFIED,DOI_MATCH,Zotero's DOI appears in the document,100.0,0.009,True,False,True,2,5,0.4,True,True,14080,11,,XHI55XRS,,Does money buy happiness? Evidence from an unconditional cash transfer in Zambia.
3D94JQV3,unlabelled,NICHD,VERIFIED,DOI_MATCH,Zotero's DOI appears in the document,100.0,0.003,True,False,True,12,12,1.0,True,True,6684,23,,27JI4QTN,,"Health care providers' perspectives on delivering gender equity focused family planning program for young married couples in a cluster randomized controlled  trial in rural Maharashtra, India."
U76H4DGQ,unlabelled,NICHD,VERIFIED,DOI_MATCH,Zotero's DOI appears in the document,100.0,0.083,True,False,True,11,11,1.0,True,True,11331,12,,XTIC9X9M,,"Determinants of Urogenital Schistosomiasis Among Pregnant Women and its Association With Pregnancy Outcomes, Neonatal Deaths, and Child Growth."
F68HJV2Q,unlabelled,NICHD,VERIFIED,DOI_MATCH,Zotero's DOI appears in the document,100.0,0.01,True,False,True,8,8,1.0,True,False,10684,11,,7YLIR7N3,,"A Hybrid Pragmatic and Factorial Cluster Randomized Controlled Trial for an Anti-racist, Multilevel Intervention to Improve Mental Health Equity in High  Schools."
62ZSZPVQ,unlabelled,NICHD,VERIFIED,DOI_MATCH,Zotero's DOI appears in the document,100.0,0.001,True,False,True,7,7,1.0,True,True,10110,15,,ACTTI9DB,,Evaluation of a Circadian Rhythm and Sleep-Focused Mobile Health Intervention for the Prevention of Accelerated Summer Weight Gain Among Elementary School-Age  Children: Protocol for a Randomized Controlled Feasibility Study.
8T4JJQJ3,unlabelled,NICHD,VERIFIED,DOI_MATCH,Zotero's DOI appears in the document,100.0,0.14,True,False,True,8,8,1.0,True,True,9074,13,,SPI2PZYR,,"Positive attitudes toward adoption of a multi-component intervention strategy aimed at improving HIV outcomes among adolescents and young people in Nampula,  Mozambique: perspectives of HIV care providers."
FBHYH7B5,unlabelled,NICHD,VERIFIED,DOI_MATCH,Zotero's DOI appears in the document,100.0,0.002,True,False,True,8,10,0.8,True,True,8625,18,10.1371/journal,4I7ZR9Z4,,"Analysis of bacterial vaginosis, the vaginal microbiome, and sexually transmitted infections following the provision of menstrual cups in Kenyan schools: Results  of a nested study within a cluster randomized controlled trial."
C899TGUB,unlabelled,NICHD,VERIFIED,DOI_MATCH,Zotero's DOI appears in the document,100.0,0.0,True,False,True,5,5,1.0,True,False,6737,21,,G4ICZQXZ,,Father involvement is a protective factor for maternal mental health in Western Kenya.
7YEVYBVX,unlabelled,NICHD,VERIFIED,DOI_MATCH,Zotero's DOI appears in the document,100.0,0.071,True,False,True,7,7,1.0,True,True,9739,17,,RF5TV8PT,,An Implementation Evaluation of A Group-Based Parenting Intervention to Promote Early Childhood Development in Rural Kenya.
Q9RJZIWK,unlabelled,NICHD,VERIFIED,DOI_MATCH,Zotero's DOI appears in the document,100.0,0.003,True,False,True,5,5,1.0,True,True,9349,15,,NCUQPWS2,,Testing means to scale early childhood development interventions in rural Kenya: the Msingi Bora cluster randomized controlled trial study design and protocol.
584R6WDS,unlabelled,NICHD,VERIFIED,DOI_MATCH,Zotero's DOI appears in the document,100.0,0.0,True,False,True,5,5,1.0,True,False,7000,20,,ZG2MPTBN,,Using community health workers to deliver a scalable integrated parenting program in rural China: A cluster-randomized controlled trial.
X59TDBE4,unlabelled,NICHD,VERIFIED,DOI_MATCH,Zotero's DOI appears in the document,100.0,0.396,True,False,True,11,11,1.0,True,True,9906,9,,HTMGK4AC,,Improving health literacy through group antenatal care: results from a cluster randomized controlled trial in Ghana.
JTH78MGD,unlabelled,NICHD,VERIFIED,DOI_MATCH,Zotero's DOI appears in the document,100.0,0.119,True,False,True,3,3,1.0,True,True,10478,10,10.1177/2050312120907821SAGE,DUBVVJJF,,"iCOPE, a multi-level, cluster randomized, 36-month, parallel-group study to assess the efficacy of HIV disclosure intervention in HIV parental disclosure  among parents living with HIV in China."
JAC9BM6H,unlabelled,NICHD,VERIFIED,DOI_MATCH,Zotero's DOI appears in the document,100.0,0.002,True,False,True,6,6,1.0,True,True,8621,14,,R75232XF,,Improved nutrition in early life and pulse wave velocity and augmentation index in mid-adulthood: Follow-up of the INCAP Nutrition Supplementation Trial  Longitudinal Study.
YEXMPZHP,unlabelled,NICHD,VERIFIED,DOI_MATCH,Zotero's DOI appears in the document,100.0,0.003,True,False,True,11,11,1.0,True,True,10014,11,,VZMWXGAX,,Effectiveness of the baby-friendly community initiative on exclusive breastfeeding in Kenya.
A2IG2LVP,unlabelled,NICHD,VERIFIED,DOI_MATCH,Zotero's DOI appears in the document,100.0,0.0,True,False,True,5,5,1.0,True,False,7897,34,10.1002/pam,SDPQB34R,,Paying for Happiness: Experimental Results from a Large Cash Transfer Program in Malawi.
987UU9R7,unlabelled,NICHD,VERIFIED,DOI_MATCH,Zotero's DOI appears in the document,100.0,0.007,True,False,True,10,10,1.0,True,True,11445,13,,6UNX3K5G,,"Impact of topical applications of sunflower seed oil on neonatal mortality and morbidity in southern Nepal: a community-based, cluster-randomised trial."
7DTYVILP,unlabelled,NICHD,VERIFIED,DOI_MATCH,Zotero's DOI appears in the document,100.0,0.0,True,False,True,11,11,1.0,True,False,6663,21,,F95889XJ,,Referral to Community-Based Rehabilitation Following Acute Stroke: Findings From the COMPASS Pragmatic Trial.
WSZNXDF3,unlabelled,NICHD,VERIFIED,DOI_MATCH,Zotero's DOI appears in the document,100.0,0.0,True,False,True,4,4,1.0,True,True,10185,10,,37X4JF7V,,Effects of a Parenting and Nutrition Intervention on Siblings: A Cluster-RCT.
UQAHNYE6,unlabelled,NICHD,VERIFIED,DOI_MATCH,Zotero's DOI appears in the document,100.0,0.002,True,False,True,4,4,1.0,True,False,11340,8,,FQK63V5H,,Barber-Led HIV/Sexually Transmitted Infection Risk Reduction for Young African-American Men: Efficacy and Mediation in a Cluster Randomized Controlled  Trial.
B7CXJE8G,unlabelled,NICHD,VERIFIED,DOI_MATCH,Zotero's DOI appears in the document,100.0,0.0,True,False,True,7,7,1.0,True,False,6450,17,,MFWHBVRF,,Implementing School-Based Policies to Prevent Obesity: Cluster Randomized Trial.
CV5NMINV,unlabelled,NICHD,VERIFIED,DOI_MATCH,Zotero's DOI appears in the document,100.0,0.001,True,False,True,10,10,1.0,True,True,9201,10,,NT3VXIKN,,A Parent Coach-Led Model of Well-Child Care for Young Children in Low-Income Communities: Protocol for a Cluster Randomized Controlled Trial.
AT7F9XWR,unlabelled,NICHD,VERIFIED,DOI_MATCH,Zotero's DOI appears in the document,100.0,0.018,True,False,True,25,25,1.0,True,True,5512,2,10.1186/s12889-022-13577-z,L4JUBWBK,,Correction: Assessing COVID-19 testing strategies in K-12 schools in underserved populations: study protocol for a cluster-randomized trial.
MPSTWIIE,unlabelled,NICHD,VERIFIED,DOI_MATCH,Zotero's DOI appears in the document,100.0,0.013,True,False,True,25,25,1.0,True,True,8021,8,,JBYIGNR5,,Assessing COVID-19 testing strategies in K-12 schools in underserved populations: study protocol for a cluster-randomized trial.
IT6PBHMH,unlabelled,NICHD,VERIFIED,DOI_MATCH,Zotero's DOI appears in the document,100.0,0.0,True,False,True,5,5,1.0,True,True,7460,18,,HRZBSH5V,,"Delivery of home-based postpartum contraception in Southwest Trifinio, Guatemala: Reach, adoption, and implementation in a cluster-randomized trial."
T23NIRNS,unlabelled,NICHD,VERIFIED,DOI_MATCH,Zotero's DOI appears in the document,100.0,0.076,True,False,True,1,11,0.091,True,True,7335,3,,BG33HVTJ,,"Delivery of home-based post-partum contraception in rural Guatemalan women: feasibility, recruitment and retention in a cluster-randomized trial."
ZXM9U5IL,unlabelled,NICHD,VERIFIED,DOI_MATCH,Zotero's DOI appears in the document,100.0,0.014,True,False,True,9,9,1.0,True,True,8530,9,,Y5SMLUDN,,"Initial Contraceptive Choices of Women Enrolled in a Cluster-Randomized Trial in Southwest Trifinio, Guatemala."
MEWFJM3S,unlabelled,NICHD,VERIFIED,DOI_MATCH,Zotero's DOI appears in the document,100.0,0.023,True,False,True,9,9,1.0,True,True,6010,9,,YWV7KV3V,,"Twelve-Month outcomes of a Cluster-Randomized Trial of Home-Based Postpartum Contraceptive Delivery in Southwest Trifinio, Guatemala."
XRI47MRG,unlabelled,NICHD,VERIFIED,DOI_MATCH,Zotero's DOI appears in the document,100.0,0.003,True,False,True,11,11,1.0,True,True,9757,10,,6HXVCXZV,,Delivery of home-based postpartum contraception in rural Guatemalan women: a cluster-randomized trial protocol.
PKC5FBL6,unlabelled,NICHD,VERIFIED,DOI_MATCH,Zotero's DOI appears in the document,100.0,0.0,True,False,True,7,7,1.0,True,True,10218,12,,98QJKAFH,,Effects of a multipronged beverage intervention on young children's beverage intake and weight: a cluster-randomized pilot study.
VTYAUJX8,unlabelled,NICHD,VERIFIED,DOI_MATCH,Zotero's DOI appears in the document,100.0,0.002,True,False,True,13,14,0.929,True,True,8819,29,,X5K3262A,,"Effects of improved water, sanitation, and hygiene and improved complementary feeding on environmental enteric dysfunction in children in rural Zimbabwe:  A cluster-randomized controlled trial."
SKPC6J6Z,unlabelled,NICHD,VERIFIED,TITLE_AUTHOR_MATCH,title matches (100.0) and first author present; no DOI in text,100.0,0.0,False,False,True,3,7,0.429,False,True,6149,12,,EZHXRC7U,,The intrauterine device as emergency contraception: how much do young women know?
424P5WIT,unlabelled,NICHD,VERIFIED,DOI_MATCH,Zotero's DOI appears in the document,100.0,0.003,True,False,True,9,9,1.0,True,False,9707,12,,LMYANJ7C,,"Study protocol of ""Our Choice"": a randomized controlled trial of the integration of safer conception counseling to transform HIV family planning services in  Uganda."
SDG6XWS5,unlabelled,NICHD,VERIFIED,DOI_MATCH,Zotero's DOI appears in the document,100.0,0.01,True,False,True,3,3,1.0,True,False,9907,10,,UN28LCSC,,Inconsistencies in Adolescent Self-Reported Sexual Behavior: Experience from Four Randomized Controlled Trials.
ZZT32XJE,unlabelled,NICHD,VERIFIED,DOI_MATCH,Zotero's DOI appears in the document,100.0,0.002,True,False,True,11,14,0.786,True,True,8348,25,10.1371/journal,ST9SSUYL,,"Independent and combined effects of improved water, sanitation, and hygiene (WASH) and improved complementary feeding on early neurodevelopment among  children born to HIV-negative mothers in rural Zimbabwe: Substudy of a  cluster-randomized trial."
389YZXVK,unlabelled,NICHD,VERIFIED,DOI_MATCH,Zotero's DOI appears in the document,100.0,0.0,True,False,True,3,6,0.5,True,False,6828,24,,2WDK4N2B,,Father involvement and early child development in a low-resource setting.
LKSTDI4X,unlabelled,NICHD,VERIFIED,TITLE_AUTHOR_MATCH,title matches (100.0) and first author present; no DOI in text,100.0,0.008,False,False,True,4,4,1.0,True,True,5877,22,,JLZB4ES2,,cvcrand and cptest: Commands for efficient design and analysis of cluster randomized trials using constrained randomization and permutation tests.
P657AIST,unlabelled,NICHD,VERIFIED,DOI_MATCH,Zotero's DOI appears in the document,100.0,0.01,True,False,True,9,9,1.0,True,True,10226,13,,5TXTHVID,,"Integrating early stimulation and play at scale: study protocol for ""MAHAY Mikolo"", a multi-arm cluster-randomized controlled trial."
9KP9QJHL,unlabelled,NICHD,VERIFIED,DOI_MATCH,Zotero's DOI appears in the document,100.0,-1.0,True,False,True,32,32,1.0,True,True,8285,9,,ZHCRNCBL,,Factors influencing referrals for ultrasound-diagnosed complications during prenatal care in five low and middle income countries.
C6AQU6JK,unlabelled,NICHD,VERIFIED,DOI_MATCH,Zotero's DOI appears in the document,100.0,0.032,True,False,True,5,5,1.0,True,True,3909,18,,996UWVB6,,The influence of racial violence in neighborhoods and schools on the psycho-behavioral outcomes in adolescence.
U4Y6PM48,unlabelled,NICHD,VERIFIED,DOI_MATCH,Zotero's DOI appears in the document,100.0,0.003,True,False,True,7,7,1.0,True,True,10214,12,,9H5E7NMP,,A complementary feeding and play intervention improves the home environment and mental development among toddlers in rural India.
5HAM77TE,unlabelled,NICHD,VERIFIED,DOI_MATCH,Zotero's DOI appears in the document,100.0,0.0,True,False,True,7,7,1.0,True,False,6112,16,,PD6XCBTT,,Intrauterine Devices and Sexually Transmitted Infection among Older Adolescents and Young Adults in a Cluster Randomized Trial.
GZY8FTLP,unlabelled,NICHD,VERIFIED,DOI_MATCH,Zotero's DOI appears in the document,100.0,0.002,True,False,True,12,12,1.0,True,False,9886,9,,8PT2LHG4,,Development of a Clinical Decision Support System for Pediatric Abdominal Pain in Emergency Department Settings Across Two Health Systems Within the HCSRN.
NCXFTDSE,unlabelled,NICHD,VERIFIED,DOI_MATCH,Zotero's DOI appears in the document,100.0,0.003,True,False,True,8,8,1.0,True,True,9261,14,,73W3DBYR,,Beat osteoporosis - nourish and exercise skeletons (BONES): a group randomized controlled trial in children.
QUKVYUVE,unlabelled,NICHD,VERIFIED,DOI_MATCH,Zotero's DOI appears in the document,100.0,0.048,True,False,True,11,11,1.0,True,True,10994,11,,5TS4L7UV,,The impact and implementation of an mHealth intervention to improve infant and young child feeding in Senegal: IIMAANJE protocol for a cluster randomized  control trial.
8IPVL2E6,unlabelled,NICHD,VERIFIED,TITLE_AUTHOR_MATCH,title matches (100.0) and first author present; no DOI in text,100.0,0.002,False,False,True,7,8,0.875,True,True,9624,9,,U42XK6MX,,"Qualitative Examination of the Role and Influence of Mothers-in-Law on Young Married Couples' Family Planning in Rural Maharashtra, India."
JI6N7NLI,unlabelled,NICHD,VERIFIED,DOI_MATCH,Zotero's DOI appears in the document,100.0,0.003,True,False,True,14,14,1.0,True,True,8691,17,,AMVAWY7Z,,A gender synchronized family planning intervention for married couples in rural India: study protocol for the CHARM2 cluster randomized controlled trial  evaluation.
GGWLA8CQ,unlabelled,NICHD,VERIFIED,DOI_MATCH,Zotero's DOI appears in the document,100.0,0.0,True,False,True,3,3,1.0,True,False,6581,35,,2P4MP7WN,,"Cash Transfers, Microentrepreneurial Activity, and Child Work: Evidence from Malawi and Zambia."
ATUXMR2R,unlabelled,NICHD,VERIFIED,DOI_MATCH,Zotero's DOI appears in the document,100.0,0.0,True,False,True,14,14,1.0,True,True,11198,11,,M8BB9TNT,,Community Health Workers in Early Childhood Well-Child Care for Medicaid-Insured Children: A Randomized Clinical Trial.
F2XIYWBC,unlabelled,NICHD,VERIFIED,DOI_MATCH,Zotero's DOI appears in the document,100.0,0.087,True,False,True,6,6,1.0,True,True,4478,24,10.1177/0886260518798360Journal,BNKRI3FI,,How Does Green Dot Bystander Training in High School and Beyond Impact Attitudes Toward Violence and Sexism in a Prospective Cohort?
XRU8G8A8,unlabelled,NICHD,VERIFIED,DOI_MATCH,Zotero's DOI appears in the document,100.0,0.041,True,False,True,6,6,1.0,True,True,5497,29,10.1177/1077801221992871Violence,EILG4E79,,A Methodology Report for the Life's Snapshot Cohort Study to Investigate the Long-Term Efficacy of a Violence Intervention.
EIPAKG3X,unlabelled,NICHD,VERIFIED,DOI_MATCH,Zotero's DOI appears in the document,100.0,0.009,True,False,True,13,13,1.0,True,False,13191,8,,HDX7YPTJ,,"Parenting, mental health and economic pathways to prevention of violence against children in South Africa."
PWIYEX26,unlabelled,NICHD,VERIFIED,DOI_MATCH,Zotero's DOI appears in the document,100.0,0.0,True,False,True,5,5,1.0,True,False,9281,12,,6BZFN2JQ,,A Cluster-Randomized Trial of Getting To Outcomes' Impact on Sexual Health Outcomes in Community-Based Settings.
3UVLBHAP,unlabelled,NICHD,VERIFIED,DOI_MATCH,Zotero's DOI appears in the document,100.0,0.0,True,False,True,33,37,0.892,True,True,10727,7,,MT4F8G7M,,Development of a Randomized Trial Comparing ICP-Monitor-Based Management of Severe Pediatric Traumatic Brain Injury to Management Based on Imaging and  Clinical Examination Without ICP Monitoring-Study Protocol.
YEV6RFDP,unlabelled,NICHD,VERIFIED,DOI_MATCH,Zotero's DOI appears in the document,100.0,0.003,True,False,True,16,16,1.0,True,True,8369,12,,EPAK7VEN,,Protocol for cluster randomized evaluation of reaching married adolescents - a gender-synchronized intervention to increase modern contraceptive use among  married adolescent girls and young women and their husbands in Niger.
VNG9LQ74,unlabelled,NICHD,VERIFIED,DOI_MATCH,Zotero's DOI appears in the document,100.0,0.002,True,False,True,11,11,1.0,True,True,10403,10,,D6PWFMHG,,mHealth Phone Intervention to Reduce Maternal Deaths and Morbidity in Cameroon: Protocol for Translational Adaptation.
4FL6J5P5,unlabelled,NICHD,VERIFIED,DOI_MATCH,Zotero's DOI appears in the document,100.0,0.012,True,False,True,10,10,1.0,True,True,9627,10,,BYC34JUA,,eHealth Interventions for Early Infant Diagnosis: Mothers' Satisfaction with the HIV Infant Tracking System in Kenya.
8R3JFVUF,unlabelled,NICHD,VERIFIED,DOI_MATCH,Zotero's DOI appears in the document,100.0,0.016,True,False,True,6,7,0.857,True,True,8254,7,,QTEARBHR,,Safety Huddle Intervention for Reducing Physiologic Monitor Alarms: A Hybrid Effectiveness-Implementation Cluster Randomized Trial.
RK8ZWWNV,unlabelled,NICHD,VERIFIED,DOI_MATCH,Zotero's DOI appears in the document,100.0,0.003,True,False,True,6,6,1.0,True,True,10816,12,,C4NHDKGJ,,Processed and Packed: How Refined Are the Foods That Children Bring to School for Snack and Lunch?
ASKKVVKB,unlabelled,NICHD,VERIFIED,DOI_MATCH,Zotero's DOI appears in the document,100.0,0.009,True,False,True,11,11,1.0,True,True,12317,14,,K6KWMB8T,,A Randomized Multiple Micronutrient Powder Point-of-Use Fortification Trial Implemented in Indian Preschools Increases Expressive Language and Reduces Anemia  and Iron Deficiency.
4TDB7ESX,unlabelled,NICHD,VERIFIED,DOI_MATCH,Zotero's DOI appears in the document,100.0,0.067,True,False,True,9,9,1.0,True,True,8082,12,,SWCAR5JW,,"A Randomized Controlled Trial to Measure Spillover Effects of a Combined Water, Sanitation, and Handwashing Intervention in Rural Bangladesh."
UUDU4DNS,unlabelled,NICHD,VERIFIED,DOI_MATCH,Zotero's DOI appears in the document,100.0,0.009,True,False,True,1,28,0.036,True,True,12512,10,,FUAB7KRA,,Community level interventions for pre-eclampsia (CLIP) in India: A cluster randomised controlled trial.
6CGYTE67,unlabelled,NICHD,VERIFIED,DOI_MATCH,Zotero's DOI appears in the document,100.0,0.131,True,False,True,5,5,1.0,True,True,9427,13,,WVPQAD69,,"Design and rationale for evaluating the impact of salad bars on elementary school students' fruit, vegetable, and energy intake: a wait list control, cluster  randomized controlled trial."
IF6WVFIU,unlabelled,NICHD,VERIFIED,DOI_MATCH,Zotero's DOI appears in the document,100.0,0.0,True,False,True,7,7,1.0,True,False,7571,15,,QFW8HKU3,,Active learning improves on-task behaviors in 4th grade children.
9VR3RMAR,unlabelled,NICHD,VERIFIED,DOI_MATCH,Zotero's DOI appears in the document,100.0,0.029,True,False,True,16,16,1.0,True,False,9411,11,,SV228HFD,,Prevalence of and risk factors for abnormal vaginal flora and its association with adverse pregnancy outcomes in a rural district in north-east Bangladesh.
EA86FRVU,unlabelled,NICHD,VERIFIED,DOI_MATCH,Zotero's DOI appears in the document,100.0,0.021,True,False,True,7,7,1.0,True,False,9717,8,,ESDGRKVX,,Protocol adherence rates in superiority and noninferiority randomized clinical trials published in high impact medical journals.
IFNK5UIA,unlabelled,NICHD,VERIFIED,DOI_MATCH,Zotero's DOI appears in the document,100.0,0.015,True,False,True,9,9,1.0,True,True,11494,6,,QK47B3I4,,Understanding quality of contraceptive counseling in the CHARM2 gender-equity focused family planning intervention: Findings from a cluster randomized  controlled trial among couples in rural India.
NTWDE6C4,unlabelled,NICHD,VERIFIED,DOI_MATCH,Zotero's DOI appears in the document,100.0,0.011,True,False,True,6,6,1.0,True,True,9846,15,,7ZTZBETG,,Evaluation of a Whole-School Change Intervention: Findings from a Two-Year Cluster-Randomized Trial of the Restorative Practices Intervention.
36XA3V3Y,unlabelled,NIDA; NIMH,VERIFIED,DOI_MATCH,Zotero's DOI appears in the document,100.0,0.002,True,False,True,9,9,1.0,True,True,7122,17,,BVYTFG43,,Factors associated with program effectiveness in the implementation of a sexual risk reduction intervention for female sex workers across Mexico: Results from a  randomized trial.
PRALKUIM,unlabelled,NIDA; NIMH,VERIFIED,DOI_MATCH,Zotero's DOI appears in the document,100.0,0.031,True,False,True,5,5,1.0,True,True,5886,10,,H25RLYY2,,"Effects of the ""Circle of Life"" HIV-prevention program on marijuana use among American Indian middle school youths: a group randomized trial in a Northern  Plains tribe."
QLIMJPK7,unlabelled,NIDA; NIMH,VERIFIED,DOI_MATCH,Zotero's DOI appears in the document,100.0,0.0,True,False,True,10,10,1.0,True,False,11289,8,,86YJYCM8,,Efficacy of Communication Training of Community Health Workers on Service Delivery to People Who Inject Drugs in Vietnam: A Clustered Randomized Trial.
SAXIWEGE,unlabelled,NIDA; NIMH,VERIFIED,DOI_MATCH,Zotero's DOI appears in the document,100.0,0.071,True,False,True,5,5,1.0,True,True,9762,10,10.1177/26334895211018400Implementation,47MD5NGV,,Barriers to Implementing Motivational Interviewing in Addiction Treatment: A Nominal Group Technique Process Evaluation.
LBWBM3QI,unlabelled,NIDA; NIMH,VERIFIED,DOI_MATCH,Zotero's DOI appears in the document,100.0,0.003,True,False,True,17,17,1.0,True,False,8674,16,,B2WPPISN,,Comparing a standard and tailored approach to scaling up an evidence-based intervention for antiretroviral therapy for people who inject drugs in Vietnam:  study protocol for a cluster randomized hybrid type III trial.
P6KHNMXR,unlabelled,NIDA; NIMH,VERIFIED,DOI_MATCH,Zotero's DOI appears in the document,100.0,0.0,True,False,True,8,8,1.0,True,False,5823,18,,5UVBV4ZR,,Change in Patient Outcomes After Augmenting a Low-level Implementation Strategy in Community Practices That Are Slow to Adopt a Collaborative Chronic Care Model:  A Cluster Randomized Implementation Trial.
R8Q9IC7L,unlabelled,NIDA; NIEHS,VERIFIED,DOI_MATCH,Zotero's DOI appears in the document,100.0,0.358,True,False,True,15,15,1.0,True,True,9325,11,,ZLBVJEPC,,Exemplar Hospital initiation trial to Enhance Treatment Engagement (EXHIT ENTRE): protocol for CTN-0098B a randomized implementation study to support hospitals in  caring for patients with opioid use disorder.
7LMAP35D,unlabelled,NIDA; NIMH,VERIFIED,DOI_MATCH,Zotero's DOI appears in the document,100.0,0.002,True,False,True,8,9,0.889,True,True,9802,16,,8HXLLDF4,,Leveraging family-based assets for Black men who have sex with men in House Ball Communities: Protocol for a cluster randomized controlled trial.
DB7RLSI3,unlabelled,NIDA; NIMH,VERIFIED,DOI_MATCH,Zotero's DOI appears in the document,100.0,0.001,True,False,True,7,7,1.0,True,True,8016,8,,ZESCSW7J,,Strengthening Addiction Care Continuum Through Community Consortium in Vietnam: Protocol for a Cluster-Randomized Controlled Trial.
ZS32FFTG,unlabelled,NIDA; NIMH,VERIFIED,DOI_MATCH,Zotero's DOI appears in the document,100.0,0.005,True,False,True,4,4,1.0,True,True,8250,13,,USVTGPDM,,Childhood Factors Associated With Unnatural Death Through Midadulthood.
GRJMUSBP,unlabelled,NIDA; NIDDK,VERIFIED,DOI_MATCH,Zotero's DOI appears in the document,100.0,0.011,True,False,True,8,8,1.0,True,True,9828,16,,USYTAES5,,Project MIMIC (Maximizing Implementation of Motivational Incentives in Clinics): A cluster-randomized type 3 hybrid effectiveness-implementation trial.
T6E33ANN,unlabelled,NIDA; NIDCD,VERIFIED,DOI_MATCH,Zotero's DOI appears in the document,100.0,0.0,True,False,True,9,10,0.9,True,False,8466,5,,TXBSEM3Y,,Effects of a Health Education Intervention for COVID-19 Prevention in Latinx Communities: A Cluster-Randomized Controlled Trial.
UQJ2NCVC,unlabelled,NIDA; NIDCD,VERIFIED,DOI_MATCH,Zotero's DOI appears in the document,100.0,0.006,True,False,True,15,15,1.0,True,True,8743,12,,7C57M5AA,,Effectiveness of a COVID-19 Testing Outreach Intervention for Latinx Communities: A Cluster Randomized Trial.
B3UVYJDJ,unlabelled,NIDA,VERIFIED,DOI_MATCH,Zotero's DOI appears in the document,100.0,0.014,True,False,True,8,8,1.0,True,True,10088,12,,RZELXPIQ,,The Financial Lives and Capabilities of Women Engaged in Sex Work: Can Paradoxical Autonomy Inform Intervention Strategies?
4A7J7XUT,unlabelled,NIDA,VERIFIED,DOI_MATCH,Zotero's DOI appears in the document,100.0,0.003,True,False,True,11,11,1.0,True,False,9277,12,,BUEUD8YM,,NIATx-TI versus typical product training on e-health technology implementation: a clustered randomized controlled trial study protocol.
DQG9L8F9,unlabelled,NIDA,VERIFIED,DOI_MATCH,Zotero's DOI appears in the document,100.0,0.0,True,False,True,39,50,0.78,True,True,11001,12,,CVPUQIFU,,Nurse Care Management for Opioid Use Disorder Treatment: The PROUD Cluster Randomized Clinical Trial.
PJFZQC88,unlabelled,NIDA,VERIFIED,DOI_MATCH,Zotero's DOI appears in the document,100.0,0.003,True,False,True,17,17,1.0,True,True,8516,14,,K7699PAN,,Peer Comparison or Guideline-Based Feedback and Postsurgery Opioid Prescriptions: A Randomized Clinical Trial.
HM2J3JE3,unlabelled,NIDA,VERIFIED,DOI_MATCH,Zotero's DOI appears in the document,100.0,0.0,True,False,True,2,11,0.182,True,False,5841,17,,QTIEH5A8,,PRescribing Interventions for Chronic pain using the Electronic health record (PRINCE): Study protocol.
2RCCARWL,unlabelled,NIDA,VERIFIED,DOI_MATCH,Zotero's DOI appears in the document,100.0,0.047,True,False,True,10,10,1.0,True,True,5072,15,10.1177/0020872820917737International,7HHRCWS8,,'I never hoped for anything … now I have other plans': The role of microfinance in HIV intervention for women who use drugs and engage in sex work in Kazakhstan.
T9WES4J6,unlabelled,NIDA,VERIFIED,DOI_MATCH,Zotero's DOI appears in the document,100.0,0.0,True,False,True,1,8,0.125,True,False,7003,18,,PISQ4CCM,,Suicidal ideation among women who engage in sex work and have a history of drug use in Kazakhstan.
4MQ6MTCP,unlabelled,NIDA,VERIFIED,DOI_MATCH,Zotero's DOI appears in the document,100.0,0.003,True,False,True,7,7,1.0,True,False,8658,10,,Y8YS8JGU,,A qualitative assessment of factors influencing implementation and sustainability of evidence-based tobacco use treatment in Vietnam health centers.
CR28AVZ3,unlabelled,NIDA,VERIFIED,DOI_MATCH,Zotero's DOI appears in the document,100.0,0.034,True,False,True,3,3,1.0,True,True,6422,25,10.1177/0093854817736345Criminal,5JNIC64D,,Cognitive Decline as a Result of Incarceration and the Effects of a CBT/MT Intervention: A Cluster-Randomized Controlled Trial.
R28V6KHD,unlabelled,NIDA,VERIFIED,DOI_MATCH,Zotero's DOI appears in the document,100.0,0.011,True,False,True,11,11,1.0,True,True,12390,9,,KJGQK783,,Facilitating treatment initiation and reproductive care postpartum to prevent substance-exposed pregnancies: A randomized bayesian pilot trial.
N2QZPD9W,unlabelled,NIDA,VERIFIED,DOI_MATCH,Zotero's DOI appears in the document,100.0,0.019,True,False,True,11,11,1.0,True,True,6295,12,,LVYPGSYI,,Implementation Strategy Fidelity and Organizational Outcomes in a Randomized Trial: Implications for Reentry from Corrections to Community Treatment.
VW5JPFPD,unlabelled,NIDA,VERIFIED,DOI_MATCH,Zotero's DOI appears in the document,100.0,0.007,True,False,True,4,4,1.0,True,True,14236,10,,8ZAAPXDV,,The impact of co-occurring mental health problems on referral to and initiation of treatment among youth under probation supervision: Findings from a cluster  randomized trial.
SDFD7EM2,unlabelled,NIDA,VERIFIED,DOI_MATCH,Zotero's DOI appears in the document,100.0,0.012,True,False,True,2,2,1.0,True,True,9068,10,,4SRM6ZSW,,Trauma-Integrated Mindfulness-Based Relapse Prevention for Women with Comorbid Post-Traumatic Stress Disorder and Substance Use Disorder: A Cluster Randomized  Controlled Feasibility and Acceptability Trial.
3Q2CRGE2,unlabelled,NIDA,VERIFIED,DOI_MATCH,Zotero's DOI appears in the document,100.0,0.003,True,False,True,7,7,1.0,True,False,8565,15,,HTPURQL5,,Organizational culture and climate as moderators of enhanced outreach for persons with serious mental illness: results from a cluster-randomized trial of adaptive  implementation strategies.
H9P7B7GU,unlabelled,NIDA,VERIFIED,DOI_MATCH,Zotero's DOI appears in the document,100.0,0.006,True,False,True,3,3,1.0,True,False,10202,15,,NU6A6QRU,,"The ""Haves, Have Some, and Have Nots:"" a Latent Profile Analysis of Capacity, Quality, and Implementation in Community-Based Afterschool Programs."
HXE2S4AP,unlabelled,NIDA,VERIFIED,DOI_MATCH,Zotero's DOI appears in the document,100.0,0.0,True,False,True,4,4,1.0,True,False,9852,15,,ZGZWY5LT,,Promoting Afterschool Quality and Positive Youth Development: Cluster Randomized Trial of the Pax Good Behavior Game.
W65U65NV,unlabelled,NIDA,VERIFIED,DOI_MATCH,Zotero's DOI appears in the document,100.0,0.175,True,False,True,12,12,1.0,True,True,6045,12,,I57W422W,,Operationalizing and selecting outcome measures for the HEALing Communities Study.
VDRMHBWA,unlabelled,NIDA,VERIFIED,DOI_MATCH,Zotero's DOI appears in the document,100.0,0.002,True,False,True,6,7,0.857,True,True,7933,18,,TKPVZNZ2,,"Randomized controlled trial to test the efficacy of a brief, communication-based, substance use preventive intervention for parents of adolescents: Protocol for  the SUPPER Project (Substance Use Prevention Promoted by Eating family meals  Regularly)."
LPGMZZ5G,unlabelled,NIDA,VERIFIED,DOI_MATCH,Zotero's DOI appears in the document,100.0,0.001,True,False,True,7,7,1.0,True,True,8713,7,,K23B43J4,,Integrated Smoking Cessation for Smokers With Serious Mental Illness: Protocol for a Convergent Mixed Methods Implementation Evaluation Study.
BEQARD7N,unlabelled,NIDA,VERIFIED,DOI_MATCH,Zotero's DOI appears in the document,100.0,0.021,True,False,True,7,7,1.0,True,False,6380,8,,PCLSRFQS,,"Aerosol, vapor, or chemicals? College student perceptions of harm from electronic cigarettes and support for a tobacco-free campus policy."
WW6ZMVMC,unlabelled,NIDA,VERIFIED,DOI_MATCH,Zotero's DOI appears in the document,100.0,0.018,True,False,True,10,10,1.0,True,True,3439,19,,7EGAXTME,,Best Practice Alerts Informed by Inpatient Opioid Intake to Reduce Opioid Prescribing after Surgery (PRIOR): A Cluster Randomized Multiple Crossover Trial.
TR4G9SM7,unlabelled,NIDA,VERIFIED,DOI_MATCH,Zotero's DOI appears in the document,100.0,0.003,True,False,True,7,7,1.0,True,True,9332,10,,FZBD9LKE,,A behavioral economic intervention to increase psychiatrist adherence to tobacco treatment guidelines: a provider-randomized study protocol.
MA8B7BQH,unlabelled,NIDA,VERIFIED,DOI_MATCH,Zotero's DOI appears in the document,100.0,0.01,True,False,True,6,6,1.0,True,True,10568,10,,W6RFFMZ9,,Impact of implementation interventions to improve substance use service delivery on recidivism among justice-involved youth.
MB2VXL8B,unlabelled,NIDA,VERIFIED,DOI_MATCH,Zotero's DOI appears in the document,100.0,0.021,True,False,True,8,8,1.0,True,True,12203,6,,CPWQKAHG,,Equity of overdose education and naloxone distribution provided in the Kentucky HEALing Communities Study.
V8JID29X,unlabelled,NIDA,VERIFIED,DOI_MATCH,Zotero's DOI appears in the document,100.0,0.003,True,False,True,11,11,1.0,True,True,8347,11,,QVT3954Q,,Effect of Integrating Access to a Prescription Drug Monitoring Program Within the Electronic Health Record on the Frequency of Queries by Primary Care Clinicians:  A Cluster Randomized Clinical Trial.
2NT7ULNN,unlabelled,NIDA,VERIFIED,DOI_MATCH,Zotero's DOI appears in the document,100.0,0.008,True,False,True,6,6,1.0,True,True,9139,13,,MTAR767B,,"The Association of Recurrent and Multiple Types of Abuse with Adverse Mental Health, Substance Use, and Sexual Health Outcomes among Out-of-School Adolescent  Girls and Young Women in Cape Town, South Africa."
DWQ7WBBU,unlabelled,NIDA,VERIFIED,DOI_MATCH,Zotero's DOI appears in the document,100.0,0.019,True,False,True,9,9,1.0,True,True,6210,8,,8HH4LUFL,,Organizational Acceptability of Implementing SBIRT for Adolescents in Primary Care.
FWVBXVTT,unlabelled,NIDA,VERIFIED,DOI_MATCH,Zotero's DOI appears in the document,100.0,0.01,True,False,True,4,9,0.444,True,True,12856,6,,XS8K8TIV,,Adolescent SBIRT implementation: Generalist vs. Specialist models of service delivery in primary care.
BPHT6HTT,unlabelled,NIDA,VERIFIED,DOI_MATCH,Zotero's DOI appears in the document,100.0,0.012,True,False,True,9,9,1.0,True,True,9505,14,,HKTYFD4U,,Project Nova: A Combination HIV Prevention and Microfinance Intervention for Women Who Engage in Sex Work and Use Drugs in Kazakhstan.
53JMSN6N,unlabelled,NIDA,VERIFIED,DOI_MATCH,Zotero's DOI appears in the document,100.0,0.003,True,False,True,8,8,1.0,True,True,10183,14,,NA36IFI5,,Microfinance for women at high risk for HIV in Kazakhstan: study protocol for a cluster-randomized controlled trial.
Y4TUSWXX,unlabelled,NIDA,VERIFIED,DOI_MATCH,Zotero's DOI appears in the document,100.0,0.043,True,False,True,5,5,1.0,True,False,9589,9,,USPWU3BM,,Evaluating the Effects of a Brief Tobacco Intervention in the US Air Force.
ECSSDXZJ,unlabelled,NIDA,VERIFIED,DOI_MATCH,Zotero's DOI appears in the document,100.0,0.0,True,False,True,11,11,1.0,True,True,5892,15,,UFGHKEEQ,,Application of System Dynamics to Inform a Model of Adolescent SBIRT Implementation in Primary Care Settings.
3NFJBP2C,unlabelled,NIDA,VERIFIED,DOI_MATCH,Zotero's DOI appears in the document,100.0,0.014,True,False,True,11,11,1.0,True,True,9592,13,,3IM3XPU3,,"Theory, Measurement, and Psychometric Properties of Risk and Protective Factors for Drug Misuse Among Adolescents Living on or near the Cherokee Nation  Reservation."
8U42N73M,unlabelled,NIDA,VERIFIED,DOI_MATCH,Zotero's DOI appears in the document,100.0,0.132,True,False,True,19,19,1.0,True,True,9764,17,,KCFKVFV3,,Subthreshold opioid use disorder prevention (STOP) trial: a cluster randomized clinical trial: study design and methods.
CHZCXVDR,unlabelled,NIDA,VERIFIED,DOI_MATCH,Zotero's DOI appears in the document,100.0,0.013,True,False,True,7,7,1.0,True,True,10256,8,,SXJSBNPZ,,StaySafe: A self-administered android tablet application for helping individuals on probation make better decisions pertaining to health risk behaviors.
QSBC7SYW,unlabelled,NIDA,VERIFIED,DOI_MATCH,Zotero's DOI appears in the document,100.0,0.006,True,False,True,6,6,1.0,True,False,9888,13,,C2YXD52N,,Keepin' It REAL-Mantente REAL in Mexico: a Cluster Randomized Controlled Trial of a Culturally Adapted Substance Use Prevention Curriculum for Early Adolescents.
XN4FZUHH,unlabelled,NIDA,VERIFIED,DOI_MATCH,Zotero's DOI appears in the document,100.0,0.003,True,False,True,13,13,1.0,True,True,8565,13,,I3F4KYNY,,"Study protocol for a cluster randomized trial of a school, family, and community intervention for preventing drug misuse among older adolescents in the Cherokee  Nation."
3UEX8VI8,unlabelled,NIDA,VERIFIED,DOI_MATCH,Zotero's DOI appears in the document,100.0,0.002,True,False,True,9,9,1.0,True,True,9801,8,,WLEY7REW,,Prescribers' satisfaction with delivering medications for opioid use disorder.
IIVEWCX5,unlabelled,NIDA,VERIFIED,DOI_MATCH,Zotero's DOI appears in the document,100.0,0.011,True,False,True,11,11,1.0,True,True,8994,7,,VEPAFVPM,,Physicians' satisfaction with providing buprenorphine treatment.
NIK4YS4I,unlabelled,NIDA,VERIFIED,DOI_MATCH,Zotero's DOI appears in the document,100.0,0.139,True,False,True,14,14,1.0,True,True,8956,16,,PNWT37HM,,The comparative effectiveness of Core versus Core+Enhanced implementation strategies in a randomized controlled trial to improve substance use treatment  receipt among justice-involved youth.
6J9D36EE,unlabelled,NIDA,VERIFIED,DOI_MATCH,Zotero's DOI appears in the document,100.0,0.027,True,False,True,7,7,1.0,True,False,5420,15,,5H557R4A,,Randomized Trial of Academic Training and Medication Decision-Making for Adolescents with ADHD in Usual Care.
NYA6E7TI,unlabelled,NIDA,VERIFIED,DOI_MATCH,Zotero's DOI appears in the document,100.0,0.003,True,False,True,5,5,1.0,True,False,9545,12,,9NU7ZBP6,,Measurement Training and Feedback System for Implementation of family-based services for adolescent substance use: protocol for a cluster randomized trial of  two implementation strategies.
6MW7LBJK,unlabelled,NIDA,VERIFIED,DOI_MATCH,Zotero's DOI appears in the document,100.0,0.011,True,False,True,11,11,1.0,True,True,9984,10,,AGW4MD34,,Virtual Training Is More Cost-Effective Than In-Person Training for Preparing Staff to Implement Contingency Management.
JZZT4K5G,unlabelled,NIDA,VERIFIED,DOI_MATCH,Zotero's DOI appears in the document,100.0,0.0,True,False,True,3,3,1.0,True,True,13367,11,10.1037/ccp0000657.supp,JW969RLG,,To be mindful of the breath or pain: Comparing two brief preoperative mindfulness techniques for total joint arthroplasty patients.
9CML7LKG,unlabelled,NIDA,VERIFIED,DOI_MATCH,Zotero's DOI appears in the document,100.0,0.0,True,False,True,7,7,1.0,True,True,7034,19,,GIC66KFT,,Brief preoperative mind-body therapies for total joint arthroplasty patients: a randomized controlled trial.
SUPN2UW2,unlabelled,NIDA,VERIFIED,DOI_MATCH,Zotero's DOI appears in the document,100.0,0.131,True,False,True,7,7,1.0,True,True,10002,11,,59BQZIEZ,,A cluster-randomized trial of a brief multi-component intervention to improve tobacco outcomes in substance use treatment.
5G2P944R,unlabelled,NIDA,VERIFIED,DOI_MATCH,Zotero's DOI appears in the document,100.0,0.012,True,False,True,8,8,1.0,True,False,8984,13,,XL9GUNXH,,Application of a Heuristic Framework for Multilevel Interventions to Eliminate the Impact of Unjust Social Processes and Other Harmful Social Determinants of  Health.
YDATJERL,unlabelled,NIDA,VERIFIED,DOI_MATCH,Zotero's DOI appears in the document,100.0,0.008,True,False,True,8,8,1.0,True,False,9546,12,,3E8AUAKC,,Braiding Two Evidence-based Programs for Families at-risk: Results of a Cluster Randomized Trial.
TMXPKXL6,unlabelled,NIDA,VERIFIED,DOI_MATCH,Zotero's DOI appears in the document,100.0,0.0,True,False,True,42,42,1.0,True,False,5984,18,,BIMWT3IQ,,Effect of the Communities that HEAL intervention on receipt of behavioral therapies for opioid use disorder: A cluster randomized wait-list controlled  trial.
BNNWNRQ5,unlabelled,NIDA,VERIFIED,DOI_MATCH,Zotero's DOI appears in the document,100.0,0.075,True,False,True,13,13,1.0,True,True,9312,23,10.1177/2633489520948073Implementation,XMY6RZSG,,"The implementation and sustainment facilitation strategy improved implementation effectiveness and intervention effectiveness: Results from a cluster-randomized,  type 2 hybrid trial."
YZYIJZ2N,unlabelled,NIDA,VERIFIED,DOI_MATCH,Zotero's DOI appears in the document,100.0,0.126,True,False,True,16,16,1.0,True,True,9673,16,,HDSZHF59,,A study protocol for Project I-Test: a cluster randomized controlled trial of a practice coaching intervention to increase HIV testing in substance use treatment  programs.
Q78QP2KE,unlabelled,NIDA,VERIFIED,DOI_MATCH,Zotero's DOI appears in the document,100.0,0.031,True,False,True,7,7,1.0,True,True,5829,11,,WER5VRUC,,Wait No Longer: Reducing Medication Wait-Times for Individuals with Co-Occurring Disorders.
JBZEMH8T,unlabelled,NIDA,VERIFIED,DOI_MATCH,Zotero's DOI appears in the document,100.0,0.003,True,False,True,7,7,1.0,True,True,8990,11,,CY5BQTVL,,Using NIATx strategies to implement integrated services in routine care: a study protocol.
NWJSBE2M,unlabelled,NIDA,VERIFIED,DOI_MATCH,Zotero's DOI appears in the document,100.0,0.0,True,False,True,8,8,1.0,True,True,9770,31,,TYTP4LPM,,Improving Medication Access within Integrated Treatment for Individuals with Co-Occurring Disorders in Substance Use Treatment Agencies.
F4X8P769,unlabelled,NIDA,VERIFIED,DOI_MATCH,Zotero's DOI appears in the document,100.0,0.002,True,False,True,11,11,1.0,True,True,11118,11,10.1002/jia2.25682/full,U48969S9,,A cluster-randomized controlled trial of a combination HIV risk reduction and microfinance intervention for female sex workers who use drugs in Kazakhstan.
K8CZS3YU,unlabelled,NIDA,VERIFIED,DOI_MATCH,Zotero's DOI appears in the document,100.0,0.142,True,False,True,7,7,1.0,True,True,8960,19,,EAVALMZ7,,A mixed methods partner-focused cost and budget impact analysis to deploy implementation strategies for school-based prevention.
CM8Z2WWM,unlabelled,NIDA,VERIFIED,DOI_MATCH,Zotero's DOI appears in the document,100.0,0.0,True,False,True,34,34,1.0,True,False,7010,29,,5WTRFRHH,,Community coalition and key stakeholder perceptions of the community opioid epidemic before an intensive community-level intervention.
2DMZ4K8H,unlabelled,NIDA,VERIFIED,DOI_MATCH,Zotero's DOI appears in the document,100.0,0.0,True,False,True,32,33,0.97,True,True,9243,13,,2YWXS7PH,,"Effects of the Communities that Heal (CTH) intervention on perceived opioid-related community stigma in the HEALing Communities Study: results of a  multi-site, community-level, cluster-randomized trial."
M5CUWAT7,unlabelled,NIDA,VERIFIED,DOI_MATCH,Zotero's DOI appears in the document,100.0,0.002,True,False,True,6,6,1.0,True,True,10839,6,,RG3ZB436,,Family Support and Readiness to Consider Smoking Cessation among Chinese and Vietnamese American Male Smokers.
7HEUDQUK,unlabelled,NIDA,VERIFIED,DOI_MATCH,Zotero's DOI appears in the document,100.0,0.0,True,False,True,2,8,0.25,True,False,6342,14,,IMVZIZPQ,,Nicotine replacement therapy sampling via primary care: Methods from a pragmatic cluster randomized clinical trial.
TIEFYVIG,unlabelled,NIDA,VERIFIED,DOI_MATCH,Zotero's DOI appears in the document,100.0,0.0,True,False,True,11,11,1.0,True,False,5783,19,,NP45R8UM,,A community pharmacy intervention for opioid medication misuse: A pilot randomized clinical trial.
WZR7FWST,unlabelled,NIDA,VERIFIED,DOI_MATCH,Zotero's DOI appears in the document,100.0,0.0,True,False,True,6,6,1.0,True,False,6757,13,,22UCK4E7,,Sustainment of Integrated Care in Addiction Treatment Settings: Primary Outcomes From a Cluster-Randomized Controlled Trial.
GRGRMNH4,unlabelled,NIDA,VERIFIED,DOI_MATCH,Zotero's DOI appears in the document,100.0,0.027,True,False,True,7,7,1.0,True,True,6949,14,,7RFK9UYZ,,"Relationship Between Criminal and Status Offense Behaviors, Substance Use, and HIV Risk Among Adolescent Girls and Young Women in Cape Town, South Africa."
YDVPVZF8,unlabelled,NIDA,VERIFIED,DOI_MATCH,Zotero's DOI appears in the document,100.0,0.003,True,False,True,10,10,1.0,True,False,8602,13,,A59GUVNC,,Protocol for a hybrid type 3 cluster randomized trial of a technical assistance system supporting coalitions and evidence-based drug prevention programs.
CDQZ4VZK,unlabelled,NIDA,VERIFIED,DOI_MATCH,Zotero's DOI appears in the document,100.0,0.0,True,False,True,2,2,1.0,True,False,7099,25,,WMIW3UDS,,Moment-by-Moment in Women's Recovery (MMWR): Mindfulness-based intervention effects on residential substance use disorder treatment retention in a randomized  controlled trial.
6QKZB5JR,unlabelled,NIDA,VERIFIED,DOI_MATCH,Zotero's DOI appears in the document,100.0,0.0,True,False,True,10,10,1.0,True,False,7227,36,,C5XI9EAE,,Using structured implementation interventions to improve referral to substance use treatment among justice-involved youth: Findings from a multisite cluster  randomized trial.
XXRDWFES,unlabelled,NIDA,VERIFIED,DOI_MATCH,Zotero's DOI appears in the document,100.0,0.01,True,False,True,3,3,1.0,True,True,14272,2,10.7326/M20-1212,7RQEFQYQ,,Is necessity also the mother of implementation? COVID-19 and the implementation of evidence-based treatments for opioid use disorders.
MJNWAQHW,unlabelled,NIDA,VERIFIED,DOI_MATCH,Zotero's DOI appears in the document,100.0,0.014,True,False,True,9,9,1.0,True,True,13486,8,,GFKHFTV6,,Sustainment of Contingency Management within Opioid Treatment Programs: COVID-Related Barriers and Innovative Workflow Adaptations.
UG6ITRC3,unlabelled,NIDA,VERIFIED,TITLE_AUTHOR_MATCH,title matches (100.0) and first author present; no DOI in text,100.0,0.002,False,False,True,12,12,1.0,True,True,11179,8,,6MCMAV28,,Start-Up Costs of SBIRT Implementation for Adolescents in Urban U.S. Federally Qualified Health Centers.
JMHPDI2R,unlabelled,NIDA,VERIFIED,TITLE_AUTHOR_MATCH,title matches (100.0) and first author present; no DOI in text,100.0,0.002,False,False,True,14,14,1.0,True,True,10953,8,,NU89BDMA,,Costs and Implementation Effectiveness of Generalist Versus Specialist Models for Adolescent Screening and Brief Intervention in Primary Care.
4IVIRBZF,unlabelled,NIDA,VERIFIED,DOI_MATCH,Zotero's DOI appears in the document,100.0,0.003,True,False,True,8,8,1.0,True,True,9229,13,,EEYU4N3Q,,Implementing integrated services in routine behavioral health care: primary outcomes from a cluster randomized controlled trial.
3LMFCU9V,unlabelled,NIDA,VERIFIED,DOI_MATCH,Zotero's DOI appears in the document,100.0,0.001,True,False,True,7,7,1.0,True,True,9774,14,,GP237QX7,,The Feasibility of Using the National PulsePoint Cardiopulmonary Resuscitation Responder Network to Facilitate Overdose Education and Naloxone Distribution:  Protocol for a Randomized Controlled Trial.
QX9WUKX6,unlabelled,NIDCD,VERIFIED,DOI_MATCH,Zotero's DOI appears in the document,100.0,0.003,True,False,True,11,11,1.0,True,True,14160,11,,AUKZT6E4,,Telemedicine Referral to Improve Access to Specialty Care for Preschool Children in Rural Alaska: A Cluster-Randomized Controlled Trial.
2W5BZWB2,unlabelled,NIDCD,VERIFIED,DOI_MATCH,Zotero's DOI appears in the document,100.0,0.003,True,False,True,3,3,1.0,True,True,9234,10,,VQC8SDGR,,Community-based program to increase use of hearing conservation practices among farm and rural youth: a cluster randomized trial of effectiveness.
TKX48PPJ,unlabelled,NIDCD,VERIFIED,DOI_MATCH,Zotero's DOI appears in the document,100.0,0.003,True,False,True,6,6,1.0,True,True,9875,10,,HPCFVICY,,Hearing-related quality of life in children and adolescents in rural Alaska.
QRWCUEJB,unlabelled,NIDCD,VERIFIED,DOI_MATCH,Zotero's DOI appears in the document,100.0,0.0,True,False,True,6,6,1.0,True,False,6506,18,,4N82IF7S,,Environmental Factors for Hearing Loss and Middle Ear Disease in Alaska Native Children and Adolescents: A Cross-Sectional Analysis from a Cluster Randomized  Trial.
5A9WH3WK,unlabelled,NIDCD,VERIFIED,TITLE_AUTHOR_MATCH,title matches (100.0) and first author present; no DOI in text,100.0,0.014,False,False,True,12,12,1.0,True,True,14393,11,,3HAUNATD,,Prevalence of Childhood Hearing Loss in Rural Alaska.
Q8KJFTBR,unlabelled,NIDCR; NIGMS,VERIFIED,DOI_MATCH,Zotero's DOI appears in the document,100.0,0.002,True,False,True,4,4,1.0,True,True,7620,19,,V87IJ5CR,,A power approximation for the Kenward and Roger Wald test in the linear mixed model.
RBW24G9W,unlabelled,NIDCR; NIMHD,VERIFIED,DOI_MATCH,Zotero's DOI appears in the document,100.0,0.0,True,False,True,1,1,1.0,True,False,6236,7,,PKWWVUQ2,,Total observed caries experience: assessing the effectiveness of community-based caries prevention.
BN94WEGC,unlabelled,NIDCR,VERIFIED,DOI_MATCH,Zotero's DOI appears in the document,100.0,0.002,True,False,True,9,9,1.0,True,False,10489,11,,FGUH4WX5,,"Development and Feasibility Testing of CATCH Healthy Smiles, an Oral Health Promotion Intervention for Prevention of Dental Caries Among Elementary School  Children."
L24CZE46,unlabelled,NIDCR,VERIFIED,DOI_MATCH,Zotero's DOI appears in the document,100.0,0.026,True,False,True,4,4,1.0,True,True,8315,9,,IZFPJLWY,,Barriers to dental utilization among Medicaid-enrolled young children from primary care practices in Northeast Ohio.
PUE5DHA2,unlabelled,NIDCR,VERIFIED,DOI_MATCH,Zotero's DOI appears in the document,100.0,0.004,True,False,True,5,5,1.0,True,True,8359,11,,VGM52EI5,,Dental Caries in Medicaid-Insured Preschool Children With or Without Special Health Care Needs in Northeast Ohio.
QITZ472M,unlabelled,NIDCR,VERIFIED,DOI_MATCH,Zotero's DOI appears in the document,100.0,0.001,True,False,True,10,10,1.0,True,True,9784,9,,BIW4DQ3G,,De-Implementing Opioid Use and Implementing Optimal Pain Management Following Dental Extractions (DIODE): Protocol for a Cluster Randomized Trial.
WLQMK68W,unlabelled,NIDCR,VERIFIED,DOI_MATCH,Zotero's DOI appears in the document,100.0,0.003,True,False,True,5,5,1.0,True,True,8442,16,,9U6R3ES7,,Formative and Pilot Study for an Effectiveness-Implementation Hybrid Cluster Randomized Trial to Incorporate Oral Health Activities into Pediatric Well-Child  Visits.
VBI7A53P,unlabelled,NIDCR,VERIFIED,DOI_MATCH,Zotero's DOI appears in the document,100.0,0.0,True,False,True,9,10,0.9,True,False,7255,29,,EX88JJUR,,Design and sample characteristics of COordinated Oral health Promotion (CO-OP) Chicago: A cluster-randomized controlled trial.
2WCRQ479,unlabelled,NIDCR,VERIFIED,DOI_MATCH,Zotero's DOI appears in the document,100.0,0.002,True,False,True,6,6,1.0,True,True,9225,10,,BL763KLH,,Formative research implications on design of a randomized controlled trial for oral health promotion in children.
4PU2K5XJ,unlabelled,NIDCR,VERIFIED,DOI_MATCH,Zotero's DOI appears in the document,100.0,0.025,True,False,True,8,8,1.0,True,True,8691,9,,5BAF5LUX,,Community health worker intervention to improve tooth brushing in young children: Results from a cluster randomized controlled trial.
3HNEWU2Y,unlabelled,NIDCR,VERIFIED,DOI_MATCH,Zotero's DOI appears in the document,100.0,0.002,True,False,True,11,11,1.0,True,False,9847,13,10.1177/2380084418794377JDR,BJTLIEJ8,,Randomized Trial of Motivational Interviewing to Prevent Early Childhood Caries in Public Housing.
NRHYD9J5,unlabelled,NIDCR,VERIFIED,DOI_MATCH,Zotero's DOI appears in the document,100.0,0.139,True,False,True,6,6,1.0,True,False,9058,10,,ZT2Y92G8,,"De-Implementing Opioids for Dental Extractions (DIODE): a multi-clinic, cluster-randomized trial of clinical decision support strategies in dentistry."
S55P2WES,unlabelled,NIDDK; NIGMS,WEAK,TITLE_NEAR_MATCH,title similarity 100.0 below the 95 bar; first author NOT found,100.0,0.0,False,False,False,0,7,0.0,True,True,7754,4,,HWS5T6QH,,Food Insecurity and Weight Loss in an Underserved Primary Care Population: A Post Hoc Analysis of a Cluster Randomized Trial.
U9HFRTLS,unlabelled,NIDDK; NIMHD,VERIFIED,DOI_MATCH,Zotero's DOI appears in the document,100.0,0.0,True,False,True,6,6,1.0,False,False,9977,12,,VQV4FUXX,,Integrating Community Health Workers into Safety-Net Primary Care for Diabetes Prevention: Qualitative Analysis of Clinicians' Perspectives.
K9WF5ZZ3,unlabelled,NIDDK; NINR,VERIFIED,DOI_MATCH,Zotero's DOI appears in the document,100.0,0.0,True,False,True,11,11,1.0,True,True,10179,9,,5A4E6GVC,,Effect of Electronic Health Record-Based Medication Support and Nurse-Led Medication Therapy Management on Hypertension and Medication Self-management: A  Randomized Clinical Trial.
XS3FUSUV,unlabelled,NIDDK; NIMHD,VERIFIED,DOI_MATCH,Zotero's DOI appears in the document,100.0,0.001,True,False,True,14,14,1.0,True,False,11846,6,,CUXTSM7F,,"Impact of Navigators on First Visit to a Transplant Center, Waitlisting, and Kidney Transplantation: A Randomized, Controlled Trial."
F4R8FANF,unlabelled,NIDDK; NIMHD,VERIFIED,DOI_MATCH,Zotero's DOI appears in the document,100.0,0.002,True,False,True,6,6,1.0,False,False,9596,8,,FBDUH6EW,,Integrating Community Health Workers' Dual Clinic-Community Role in Safety-Net Primary Care: Implementation Lessons from a Pragmatic Diabetes-Prevention Trial.
I86X9LFA,unlabelled,NIDDK; NIEHS,VERIFIED,DOI_MATCH,Zotero's DOI appears in the document,100.0,0.005,True,False,True,4,4,1.0,True,True,12215,9,,NXBJPBRG,,Destination Transplant: Protocol for a Parallel-group Randomized Trial of an Educational Intervention to Increase Kidney Transplant Among Black People on the  Transplant Waiting List.
VY5CJIS9,unlabelled,NIDDK; NIGMS,VERIFIED,DOI_MATCH,Zotero's DOI appears in the document,100.0,0.009,True,False,True,9,9,1.0,True,True,8775,13,,EMAIEMKG,,The Families and Schools for Health Project: A Longitudinal Cluster Randomized Controlled Trial Targeting Children with Overweight and Obesity.
JE4PYC4G,unlabelled,NIDDK; NIGMS; NIMHD,VERIFIED,DOI_MATCH,Zotero's DOI appears in the document,100.0,0.0,True,False,True,10,10,1.0,True,False,12479,11,10.1093/ajcn/,4IQFJR8K,,Mediators of weight change in underserved patients with obesity: exploratory analyses from the Promoting Successful Weight Loss in Primary Care in Louisiana  (PROPEL) cluster-randomized trial.
KGUIQV5I,unlabelled,NIDDK; NIGMS,VERIFIED,DOI_MATCH,Zotero's DOI appears in the document,100.0,-1.0,True,False,True,16,16,1.0,True,True,7015,26,,74W9XQ8X,,Effects of a 2-Year Primary Care Lifestyle Intervention on Cardiometabolic Risk Factors: A Cluster-Randomized Trial.
XTDW973M,unlabelled,NIDDK; NIGMS,VERIFIED,DOI_MATCH,Zotero's DOI appears in the document,100.0,0.0,True,False,True,9,9,1.0,True,False,7966,19,,AEG2AXQC,,Weight loss in primary care: A pooled analysis of two pragmatic cluster-randomized trials.
LY6ZS5D5,unlabelled,NIDDK; NIMHD,VERIFIED,DOI_MATCH,Zotero's DOI appears in the document,100.0,0.011,True,False,True,12,12,1.0,True,True,3977,9,,3AIEHA45,,Racial and Ethnic Disparities in Diabetes Prevention Outcomes: Insights from the Prediabetes Informed Decisions and Education Study.
I4X29GS5,unlabelled,NIDDK; NIGMS,VERIFIED,DOI_MATCH,Zotero's DOI appears in the document,100.0,0.136,True,False,True,15,15,1.0,True,True,9197,13,,2Q44JP45,,Dietary intake during a pragmatic cluster-randomized weight loss trial in an underserved population in primary care.
E59V2UET,unlabelled,NIDDK; NIGMS,VERIFIED,DOI_MATCH,Zotero's DOI appears in the document,100.0,0.005,True,False,True,7,7,1.0,True,False,7619,5,,V8WPNCVK,,Physical activity and weight loss in a pragmatic weight loss trial.
2MX6BZR5,unlabelled,NIDDK; NIGMS,VERIFIED,DOI_MATCH,Zotero's DOI appears in the document,100.0,0.0,True,False,True,18,18,1.0,True,False,5719,16,,45MCD4VW,,Weight Loss in Underserved Patients - A Cluster-Randomized Trial.
6YWKB4HM,unlabelled,NIDDK,VERIFIED,DOI_MATCH,Zotero's DOI appears in the document,100.0,0.003,True,False,True,13,13,1.0,True,True,8540,17,,P7SGTYMF,,"Study protocol for a cluster randomized controlled trial to test ""¡Míranos! Look at Us, We Are Healthy!"" - an early childhood obesity prevention program."
PVTH3F4Y,unlabelled,NIDDK,VERIFIED,DOI_MATCH,Zotero's DOI appears in the document,100.0,0.002,True,False,True,5,5,1.0,True,False,10762,7,,MMA8R8NY,,In the Know: A Cluster Randomized Trial of an In-person Sexual Health Education Program Integrating Digital Technologies for Adolescents.
2QNELAPY,unlabelled,NIDDK,VERIFIED,DOI_MATCH,Zotero's DOI appears in the document,100.0,0.002,True,False,True,12,12,1.0,True,True,7426,18,10.1371/journal,V6YT33AC,,"""My wellbeing-their wellbeing ""- An eHealth intervention for managing obesity in early care and education: Protocol for the Go NAPSACC Cares cluster randomized  control trial."
9XYZI3GY,unlabelled,NIDDK,VERIFIED,DOI_MATCH,Zotero's DOI appears in the document,100.0,0.0,True,False,True,7,7,1.0,True,False,6956,17,,8I2KDZ6M,,Reaching high-risk Black adults for diabetes prevention programming during a pandemic: The design of Fit & Faithful a randomized controlled community trial.
IYEXMNQX,unlabelled,NIDDK,VERIFIED,DOI_MATCH,Zotero's DOI appears in the document,100.0,0.411,True,False,True,10,10,1.0,True,True,9706,13,,LEWYGEL8,,Once-Weekly Semaglutide in Adolescents with Obesity.
3GD35SCN,unlabelled,NIDDK,VERIFIED,DOI_MATCH,Zotero's DOI appears in the document,100.0,0.003,True,False,True,6,6,1.0,True,True,9354,10,,4TBFF588,,A youth empowerment intervention to prevent childhood obesity: design and methods for a cluster randomized trial of the H(2)GO! program.
23BCYRBE,unlabelled,NIDDK,VERIFIED,DOI_MATCH,Zotero's DOI appears in the document,100.0,0.002,True,False,True,5,5,1.0,True,False,9723,12,,EA2LRIGY,,Reducing sugary drink intake through youth empowerment: results from a pilot-site randomized study.
VKBHPHBC,unlabelled,NIDDK,VERIFIED,DOI_MATCH,Zotero's DOI appears in the document,100.0,0.014,True,False,True,4,4,1.0,True,True,11404,9,,44JR442I,,The cost-effectiveness of community health workers delivering free diarrhoea treatment: evidence from Uganda.
UVAC9R9W,unlabelled,NIDDK,VERIFIED,DOI_MATCH,Zotero's DOI appears in the document,100.0,0.002,True,False,True,10,10,1.0,True,False,10720,8,,E9I3KZGC,,Prompting Patients with Poorly Controlled Diabetes to Identify Visit Priorities Before Primary Care Visits: a Pragmatic Cluster Randomized Trial.
CLPMXINX,unlabelled,NIDDK,VERIFIED,DOI_MATCH,Zotero's DOI appears in the document,100.0,0.001,True,False,True,11,11,1.0,True,True,9947,22,,XD6FHBNP,,Enhancing the Cardiovascular Safety of Hemodialysis Care Using Multimodal Provider Education and Patient Activation Interventions: Protocol for a Cluster  Randomized Controlled Trial.
XXBP4QEU,unlabelled,NIDDK,VERIFIED,DOI_MATCH,Zotero's DOI appears in the document,100.0,0.029,True,False,True,7,7,1.0,True,False,9115,10,,ER2XSUC5,,A randomized double-blind trial of clonidine and colesevelam for women with fecal incontinence.
6T44GULY,unlabelled,NIDDK,VERIFIED,DOI_MATCH,Zotero's DOI appears in the document,100.0,0.0,True,False,True,13,13,1.0,True,False,6593,20,,9NQR6EAA,,"Design and rationale of behavioral nudges for diabetes prevention (BEGIN): A pragmatic, cluster randomized trial of text messaging and a decision aid  intervention for primary care patients with prediabetes."
ZG7UY28U,unlabelled,NIDDK,VERIFIED,DOI_MATCH,Zotero's DOI appears in the document,100.0,0.01,True,False,True,9,9,1.0,True,False,9328,13,,KMN54387,,A cluster-randomized controlled trial of automated internet weight-loss programs in primary care: Role of automated provider feedback.
H2Q26QRZ,unlabelled,NIDDK,VERIFIED,DOI_MATCH,Zotero's DOI appears in the document,100.0,0.003,True,False,True,6,6,1.0,True,True,9227,9,,YT4PG39T,,Social Determinants of Health Discussed with Mothers During Personal Visits Before and During the COVID-19 Pandemic.
RU6SUGKN,unlabelled,NIDDK,VERIFIED,DOI_MATCH,Zotero's DOI appears in the document,100.0,0.0,True,False,True,10,10,1.0,True,False,11009,10,,8P3XFG7H,,Use of a Decision Aid for Patients Considering Peritoneal Dialysis and In-Center Hemodialysis: A Randomized Controlled Trial.
8AYDILPI,unlabelled,NIDDK,VERIFIED,DOI_MATCH,Zotero's DOI appears in the document,100.0,0.0,True,False,True,6,6,1.0,True,False,6835,21,,AF8UZ7KS,,Design of a randomized trial testing a multi-level weight-control intervention to reduce obesity and related health conditions in low-income workers.
IAR8JTC6,unlabelled,NIDDK,VERIFIED,DOI_MATCH,Zotero's DOI appears in the document,100.0,0.0,True,False,True,5,5,1.0,True,False,10933,11,,8D4ZNMMU,,A CKD Clinical Decision Support System: A Cluster Randomized Clinical Trial in Primary Care Clinics.
24NP2GPC,unlabelled,NIDDK,VERIFIED,DOI_MATCH,Zotero's DOI appears in the document,100.0,0.0,True,False,True,7,7,1.0,True,False,6357,17,,9S5KK6VI,,Building Blocks for Healthy Children: Evaluation of a Child Care Center-Based Obesity Prevention Pilot Among Low-Income Children.
Y9GMXF6J,unlabelled,NIDDK,VERIFIED,DOI_MATCH,Zotero's DOI appears in the document,100.0,0.003,True,False,True,3,3,1.0,True,False,9775,6,,K7D45X2T,,"Are evidence-based, community-engaged energy balance interventions enough for extremely vulnerable populations?"
DFCSUHLD,unlabelled,NIDDK,VERIFIED,DOI_MATCH,Zotero's DOI appears in the document,100.0,0.002,True,False,True,7,7,1.0,True,False,8932,8,,II4GKIG3,,Low-Intensity Intervention Supports Diabetes Registry Implementation: A Cluster-Randomized Trial in the Ambulatory Care Outcomes Research Network  (ACORN).
6Q72BSA3,unlabelled,NIDDK,VERIFIED,DOI_MATCH,Zotero's DOI appears in the document,100.0,0.0,True,False,True,5,5,1.0,True,False,11775,12,,UZRGB5CP,,Portion size can be used strategically to increase intake of vegetables and fruits in young children over multiple days: a cluster-randomized crossover  trial.
EJBEAXBJ,unlabelled,NIDDK,VERIFIED,DOI_MATCH,Zotero's DOI appears in the document,100.0,0.017,True,False,True,11,13,0.846,True,True,3347,32,,SGZUGIPT,,Design of a cluster-randomized trial of the effectiveness and cost-effectiveness of metformin on prevention of type 2 diabetes among prediabetic Mexican adults  (the PRuDENTE initiative of Mexico City).
CM3NFQQ4,unlabelled,NIDDK,VERIFIED,DOI_MATCH,Zotero's DOI appears in the document,100.0,0.202,True,False,True,7,7,1.0,True,False,9851,10,10.1177/1090198119873915Health,EYKCZNFW,,Engagement and Weight Loss in a Web and Mobile Program for Low-Income Postpartum Women: Fit Moms/Mamás Activas.
3UHZZJXT,unlabelled,NIDDK,VERIFIED,DOI_MATCH,Zotero's DOI appears in the document,100.0,0.001,True,False,True,14,14,1.0,True,False,11194,8,,65ZWDXH9,,Screening for CKD To Improve Processes of Care among Nondiabetic Veterans with Hypertension: A Pragmatic Cluster-Randomized Trial.
RCP7XSIQ,unlabelled,NIDDK,VERIFIED,DOI_MATCH,Zotero's DOI appears in the document,100.0,0.007,True,False,True,17,17,1.0,True,True,8038,13,,RBK36CVC,,Effect of Time-Restricted Eating on Weight Loss in Adults With Type 2 Diabetes: A Randomized Clinical Trial.
N3LGTHJT,unlabelled,NIDDK,VERIFIED,DOI_MATCH,Zotero's DOI appears in the document,100.0,0.0,True,False,True,20,20,1.0,True,True,11157,10,,GVH2K9WH,,Coordinated Care to Optimize Cardiovascular Preventive Therapies in Type 2 Diabetes: A Randomized Clinical Trial.
8D9X8CKG,unlabelled,NIDDK,VERIFIED,DOI_MATCH,Zotero's DOI appears in the document,100.0,0.077,True,False,True,10,10,1.0,True,True,10008,14,,LLU9Y8RW,,Adapting in-person diabetes group visits to a virtual setting across federally qualified health centers.
MIT4U4YT,unlabelled,NIDDK,VERIFIED,DOI_MATCH,Zotero's DOI appears in the document,100.0,0.0,True,False,True,11,11,1.0,True,False,6732,21,,ENEMEQNE,,An Implementation Approach Comparison of a Child Care Center-Based Obesity Prevention Program.
49U4IZAV,unlabelled,NIDDK,VERIFIED,DOI_MATCH,Zotero's DOI appears in the document,100.0,0.012,True,False,True,9,9,1.0,False,True,9710,12,,HNIX3SQ3,,Factors related to recruitment and retention of patients into diabetes group visits in Federally Qualified Health Centers.
Y4TIZ5PA,unlabelled,NIDDK,VERIFIED,DOI_MATCH,Zotero's DOI appears in the document,100.0,0.005,True,False,True,6,6,1.0,True,True,12816,8,,5CC7V89G,,"Percent Fat Mass Increases with Recovery, But Does Not Vary According to Dietary Therapy in Young Malian Children Treated for Moderate Acute Malnutrition."
N8PF2TXU,unlabelled,NIDDK,VERIFIED,DOI_MATCH,Zotero's DOI appears in the document,100.0,0.003,True,False,True,6,6,1.0,True,True,9247,9,,EPAEAKNL,,Rationale and design of a type 2 diabetes prevention intervention for at-risk mothers and children at a Federally Qualified Healthcare Center: EPIC El Rio  Families Study Protocol.
VPQSSR4T,unlabelled,NIDDK,VERIFIED,DOI_MATCH,Zotero's DOI appears in the document,100.0,0.026,True,False,True,1,5,0.2,True,True,10735,6,,QI7PU8FP,,Recruiting primary care practices for practice-based research: a case study of a group-randomized study (TRANSLATE CKD) recruitment process.
9YMKFR95,unlabelled,NIDDK,VERIFIED,DOI_MATCH,Zotero's DOI appears in the document,100.0,0.0,True,False,True,6,6,1.0,False,False,10658,9,,AW87R34Z,,Translating CKD Research into Primary Care Practice: a Group-Randomized Study.
3TX27AJH,unlabelled,NIDDK,VERIFIED,DOI_MATCH,Zotero's DOI appears in the document,100.0,0.1,True,False,True,59,59,1.0,True,True,8943,12,10.1177/2054358119894394Canadian,EJUHCD6F,,Cultivating Innovative Pragmatic Cluster-Randomized Registry Trials Embedded in Hemodialysis Care: Workshop Proceedings From 2018.
LUEAN8WC,unlabelled,NIDDK,VERIFIED,DOI_MATCH,Zotero's DOI appears in the document,100.0,0.0,True,False,True,7,7,1.0,True,False,6272,16,,BB8CM4U4,,A randomized trial of a multi-level intervention to increase water access and appeal in community recreation centers.
CYS4GPW2,unlabelled,NIDDK,VERIFIED,DOI_MATCH,Zotero's DOI appears in the document,100.0,0.0,True,False,True,12,12,1.0,True,False,5594,28,,48F36HM7,,"""Wellness Champions for Change,"" a multi-level intervention to improve school-level implementation of local wellness policies: Study protocol for a  cluster randomized trial."
8HDDNJTI,unlabelled,NIDDK,VERIFIED,DOI_MATCH,Zotero's DOI appears in the document,100.0,0.001,True,False,True,9,9,1.0,True,True,9483,17,,5USITI7Y,,"A Pragmatic Cluster Randomized Trial of an Electronic Clinical Decision Support System to Improve Chronic Kidney Disease Management in Primary Care: Design,  Rationale, and Implementation Experience."
PNLNIYEE,unlabelled,NIDDK,VERIFIED,DOI_MATCH,Zotero's DOI appears in the document,100.0,0.0,True,False,True,5,5,1.0,True,False,6509,18,,RJAPA3H2,,Peer Support Intervention Improves Pain-Related Outcomes Among Rural Adults With Diabetes and Chronic Pain at 12-Month Follow-Up.
B57IHJD4,unlabelled,NIDDK,VERIFIED,DOI_MATCH,Zotero's DOI appears in the document,99.3,0.0,True,False,True,9,9,1.0,True,False,6656,19,,9KXBJC5I,,Electronic health record based population health management to optimize care in CKD: Design of the Kidney Coordinated HeAlth Management Partnership (K-CHAMP)  trial.
TJZUG3NE,unlabelled,NIDDK,VERIFIED,DOI_MATCH,Zotero's DOI appears in the document,100.0,0.003,True,False,True,9,9,1.0,True,True,9529,11,,IQCLL6TY,,Protocol for the CHORD project (community health outreach to reduce diabetes): a cluster-randomized community health worker trial to prevent diabetes.
CMPRYFNK,unlabelled,NIDDK,VERIFIED,DOI_MATCH,Zotero's DOI appears in the document,100.0,-1.0,True,False,True,5,5,1.0,True,True,9195,9,,NX2YSS86,,"Cost-effectiveness analysis of a cluster-randomized, culturally tailored, community health worker home-visiting diabetes intervention versus standard care  in American Samoa."
ZHDC4FUP,unlabelled,NIDDK,VERIFIED,DOI_MATCH,Zotero's DOI appears in the document,100.0,0.007,True,False,True,5,5,1.0,True,True,10397,14,,7ZDLLCYW,,Modeling approaches for assessing device-based measures of energy expenditure in school-based studies of body weight status.
LEKWLCQE,unlabelled,NIDDK,VERIFIED,DOI_MATCH,Zotero's DOI appears in the document,100.0,0.0,True,False,True,8,8,1.0,True,False,10623,12,,U8PS2WII,,"A Randomized, Controlled Trial of the Impact of the Couple CARE for Parents of Newborns Program on the Prevention of Intimate Partner Violence and Relationship  Problems."
QL8RC7HH,unlabelled,NIDDK,VERIFIED,DOI_MATCH,Zotero's DOI appears in the document,100.0,0.05,True,False,True,6,6,1.0,True,True,11730,10,,5I2X9Z2I,,The impact of enhancing self-management support for diabetes in Community Health Centers through patient engagement and relationship building: a primary care  pragmatic cluster-randomized trial.
CZNL5N7R,unlabelled,NIDDK,VERIFIED,DOI_MATCH,Zotero's DOI appears in the document,100.0,0.0,True,False,True,9,9,1.0,True,False,10552,8,,ILFMKPHP,,Evaluating the Effectiveness of Diabetes Shared Medical Appointments (SMAs) as Implemented in Five Veterans Affairs Health Systems: a Multi-site Cluster  Randomized Pragmatic Trial.
RBYXCK48,unlabelled,NIDDK,VERIFIED,DOI_MATCH,Zotero's DOI appears in the document,100.0,0.162,True,False,True,11,11,1.0,True,True,7668,11,,KDDBCUKM,,Implementation fidelity to a behavioral diabetes prevention intervention in two New York City safety net primary care practices.
9CXFBLKJ,unlabelled,NIDDK,VERIFIED,DOI_MATCH,Zotero's DOI appears in the document,100.0,0.0,True,False,True,8,8,1.0,True,True,9229,11,,336H9I94,,Indirect Effects of a Cognitive-Behavioral Intervention on Adolescent Weight and Insulin Resistance Through Decreasing Depression in a Randomized Controlled  Trial.
P5P4GMBD,unlabelled,NIDDK,VERIFIED,DOI_MATCH,Zotero's DOI appears in the document,100.0,0.0,True,False,True,16,16,1.0,True,False,9954,11,,ZUIDEWIW,,Electronic Alerts to Improve Heart Failure Therapy in Outpatient Practice: A Cluster Randomized Trial.
Q7A5MBGH,unlabelled,NIDDK,VERIFIED,DOI_MATCH,Zotero's DOI appears in the document,100.0,0.001,True,False,True,13,13,1.0,True,True,10216,9,,9PZINTEQ,,Rationale and design of a cluster-randomized pragmatic trial aimed at improving use of guideline directed medical therapy in outpatients with heart failure:  PRagmatic trial of messaging to providers about treatment of heart failure  (PROMPT-HF).
WKZ2QZP5,unlabelled,NIDDK,VERIFIED,DOI_MATCH,Zotero's DOI appears in the document,100.0,0.108,True,False,True,22,22,1.0,True,False,10166,8,10.1503/cmaj.180510/-/DC1; 10.1503/cmaj.181358,U2L8WDYR,,Oral curcumin in elective abdominal aortic aneurysm repair: a multicentre randomized controlled trial.
Q7BSRAF6,unlabelled,NIDDK,VERIFIED,DOI_MATCH,Zotero's DOI appears in the document,100.0,0.003,True,False,True,7,7,1.0,True,False,9081,5,,66Z4HILK,,Recruiting Primary Care Practices for Research: Reflections and Reminders.
QR97G752,unlabelled,NIDDK,VERIFIED,DOI_MATCH,Zotero's DOI appears in the document,100.0,0.0,True,False,True,4,4,1.0,True,False,6429,16,,7RDSP464,,Parent Website Engagement and Health Equity Implications in a Child Care-Based Wellness Intervention.
2B5I3A2Q,unlabelled,NIDDK,VERIFIED,DOI_MATCH,Zotero's DOI appears in the document,100.0,0.002,True,False,True,7,7,1.0,True,False,9152,12,,TSPQIKSY,,A Cluster Randomized Trial Comparing Strategies for Translating Self-Management Support into Primary Care Practices.
IPW66SFP,unlabelled,NIDDK,VERIFIED,DOI_MATCH,Zotero's DOI appears in the document,100.0,0.003,True,False,True,6,6,1.0,True,True,9755,10,,R2UIQE6Y,,A protocol for a cluster randomized trial comparing strategies for translating self-management support into primary care practices.
N38GNG6A,unlabelled,NIDDK,VERIFIED,DOI_MATCH,Zotero's DOI appears in the document,100.0,0.003,True,False,True,12,12,1.0,True,True,9207,11,,D4L43Z48,,The effects of financial incentives on diabetes prevention program attendance and weight loss among low-income patients: the We Can Prevent Diabetes  cluster-randomized controlled trial.
FDERHRUY,unlabelled,NIDDK,VERIFIED,DOI_MATCH,Zotero's DOI appears in the document,100.0,0.0,True,False,True,10,11,0.909,True,False,6396,19,,UTPUW56Z,,Economic Evaluation of the Home Blood Pressure Telemonitoring and Pharmacist Case Management to Control Hypertension (Hyperlink) Trial.
4C9928PM,unlabelled,NIDDK,VERIFIED,DOI_MATCH,Zotero's DOI appears in the document,100.0,0.003,True,False,True,37,37,1.0,True,True,8451,18,,RNFZ4N4G,,Integrating Behavioral Health and Primary Care (IBH-PC) to improve patient-centered outcomes in adults with multiple chronic medical and behavioral  health conditions: study protocol for a pragmatic cluster-randomized control  trial.
9P27ITQQ,unlabelled,NIDDK,VERIFIED,DOI_MATCH,Zotero's DOI appears in the document,100.0,0.0,True,False,True,11,11,1.0,True,False,9227,11,,HX9ZPSPR,,"Rationale, Design, and Patient Characteristics of a Cluster-Randomized Pragmatic Trial to Improve Mineralocorticoid Antagonist Use."
NCSL8C84,unlabelled,NIDDK,VERIFIED,DOI_MATCH,Zotero's DOI appears in the document,100.0,0.0,True,False,True,6,6,1.0,True,True,10378,8,,8SPMK7WS,,Impact of Peer Support on Acute Care Visits and Hospitalizations for Individuals With Diabetes and Depressive Symptoms: A Cluster-Randomized Controlled Trial.
YKJX8VZA,unlabelled,NIDDK,VERIFIED,DOI_MATCH,Zotero's DOI appears in the document,100.0,0.018,True,False,True,11,11,1.0,True,True,12645,9,,HWB9SH6G,,Examining individual- versus population-level social determinants of health in a cluster randomized trial of health coaches for patients with multiple chronic  conditions.
6RMHFT6B,unlabelled,NIDDK,VERIFIED,DOI_MATCH,Zotero's DOI appears in the document,100.0,0.004,True,False,True,9,9,1.0,True,True,8406,13,,IR822QHQ,,Effect of 2 Clinical Decision Support Strategies on Chronic Kidney Disease Outcomes in Primary Care: A Cluster Randomized Trial.
EZHK73GW,unlabelled,NIDDK,VERIFIED,DOI_MATCH,Zotero's DOI appears in the document,100.0,0.0,True,False,True,5,5,1.0,True,True,7095,28,,2Z26M7DI,,Confirmatory factor analysis of the infant feeding styles questionnaire in infant and toddler child care teachers.
3LREUQU9,unlabelled,NIDDK,VERIFIED,DOI_MATCH,Zotero's DOI appears in the document,100.0,0.009,True,False,True,7,7,1.0,True,True,11366,7,,MET4GXBE,,Uptake of guideline-recommended postpartum diabetes screening among diverse women with gestational diabetes: associations with patient factors in an integrated  health system in USA.
27K2Z9XE,unlabelled,NIDDK,VERIFIED,DOI_MATCH,Zotero's DOI appears in the document,100.0,0.321,True,False,True,7,7,1.0,True,False,10543,7,,H9IK39WT,,"Reach, acceptability, and perceived success of a telehealth diabetes prevention program among racially and ethnically diverse patients with gestational diabetes:  the GEM cluster-randomized trial."
QSVB2Y46,unlabelled,NIDDK,VERIFIED,DOI_MATCH,Zotero's DOI appears in the document,100.0,0.003,True,False,True,4,4,1.0,True,True,9578,11,,L25B2B4H,,Protocol for a cluster randomized controlled trial to study the effectiveness of an obesity and diabetes intervention (PASOS) in an immigrant farmworker  population.
EK2IWQ2R,unlabelled,NIDDK,VERIFIED,DOI_MATCH,Zotero's DOI appears in the document,100.0,0.0,True,False,True,4,4,1.0,True,False,5872,17,,VV5MXTJC,,Impact of an Internet-Based Lifestyle Intervention on Behavioral and Psychosocial Factors During Postpartum Weight Loss.
KC34I434,unlabelled,NIDDK,VERIFIED,DOI_MATCH,Zotero's DOI appears in the document,100.0,0.014,True,False,True,9,9,1.0,True,True,8626,12,,CGQWEGFE,,"Padres Preparados, Jóvenes Saludables: A Randomized Controlled Trial to Test Effects of a Community-Based Intervention on Latino Father's Parenting Practices."
F49CI9Q2,unlabelled,NIDDK,VERIFIED,DOI_MATCH,Zotero's DOI appears in the document,100.0,0.0,True,False,True,8,8,1.0,True,False,6690,33,,HU7JGPHG,,CHAMP: A cluster randomized-control trial to prevent obesity in child care centers.
QRKHJWUI,unlabelled,NIDDK,VERIFIED,DOI_MATCH,Zotero's DOI appears in the document,100.0,0.0,True,False,True,2,6,0.333,True,False,6652,19,,BZXSFUKW,,CHECK: A randomized trial evaluating the efficacy and cost-effectiveness of home visitation in pediatric weight loss treatment.
RWIH5PP3,unlabelled,NIDDK,VERIFIED,DOI_MATCH,Zotero's DOI appears in the document,100.0,0.009,True,False,True,5,5,1.0,True,True,9520,9,,MSLWUNX6,,Peer-Delivered Cognitive Behavioral Training to Improve Functioning in Patients With Diabetes: A Cluster-Randomized Trial.
WLI582D9,unlabelled,NIDDK,VERIFIED,DOI_MATCH,Zotero's DOI appears in the document,100.0,0.068,True,False,True,11,11,1.0,True,True,10403,8,,8H5FKE3L,,A randomized controlled trial to test the effectiveness of two technology-enhanced diabetes prevention programs in primary care: The DiaBEAT-it  study.
9DAQ4H3E,unlabelled,NIDDK,VERIFIED,DOI_MATCH,Zotero's DOI appears in the document,100.0,0.016,True,False,True,8,8,1.0,True,True,13674,12,,MEMH3RPJ,,Comparing delivery channels to promote nutrition-sensitive agriculture: A cluster-randomized controlled trial in Bangladesh.
PGKHSQLK,unlabelled,NIDDK,VERIFIED,TITLE_AUTHOR_MATCH,title matches (100.0) and first author present; no DOI in text,100.0,0.0,False,False,True,9,9,1.0,True,False,5104,21,,LCHBSN9G,,Cluster Randomized Trial of Diabetes Group Visits in Community Health Centers across the Midwest.
E3NVEV6Y,unlabelled,NIEHS,VERIFIED,DOI_MATCH,Zotero's DOI appears in the document,100.0,0.008,True,False,False,0,0,0.0,True,True,11376,12,,HS4WH6Z7,,"Innovative, enhanced community management of non-hypoxaemic chest-indrawing pneumonia in 2-59-month-old children: a cluster-randomised trial in Africa and  Asia."
6X9HP9JN,unlabelled,NIEHS,VERIFIED,DOI_MATCH,Zotero's DOI appears in the document,100.0,0.032,True,False,False,0,0,0.0,True,True,8332,11,,BUYXV762,,Community case management of chest indrawing pneumonia in children aged 2 to 59 months by community health workers: study protocol for a multi-country cluster  randomized open label non-inferiority trial.
WBET9YVP,unlabelled,NIEHS,VERIFIED,DOI_MATCH,Zotero's DOI appears in the document,100.0,0.004,True,False,True,9,9,1.0,True,True,6811,7,,537PL7M7,,Effects of Chinese medicine on patients with acute exacerbations of COPD: study protocol for a randomized controlled trial.
RMR5CZYM,unlabelled,NIEHS,VERIFIED,DOI_MATCH,Zotero's DOI appears in the document,100.0,0.002,True,False,True,9,9,1.0,True,True,8202,18,10.1371/journal; 10.15139/S3/WF83RR,TRMYA7IE,,PRECIS-2 used as an implementation science tool for global environmental health: A cross-sectional evaluation of the Ecolectivos study protocol to reduce burning  of household plastic waste in rural Guatemala.
UD3BQIU5,unlabelled,NIEHS,VERIFIED,DOI_MATCH,Zotero's DOI appears in the document,100.0,0.011,True,False,True,4,4,1.0,True,True,8459,29,,3TFMGAIZ,,"Demand for Information on Environmental Health Risk, Mode of Delivery, and Behavioral Change: Evidence from Sonargaon, Bangladesh."
3QM2PHF7,unlabelled,NIEHS,VERIFIED,DOI_MATCH,Zotero's DOI appears in the document,100.0,0.01,True,False,True,6,6,1.0,True,True,10498,12,,DBLHYVA5,,"Study design and rationale for a cluster randomized trial of a safe child feces management intervention in rural Odisha, India."
8H7EQYY7,unlabelled,NIEHS,VERIFIED,DOI_MATCH,Zotero's DOI appears in the document,100.0,0.004,True,False,True,7,7,1.0,True,True,7769,15,,REZPPQFI,,Long-term Effectiveness of a Peer-Led Asthma Self-management Program on Asthma Outcomes in Adolescents Living in Urban Areas: A Randomized Clinical Trial.
4D7XKSMF,unlabelled,NIEHS,VERIFIED,DOI_MATCH,Zotero's DOI appears in the document,100.0,0.012,True,False,True,1,1,1.0,True,True,11908,11,,DY4LUVHQ,,"Community-based amoxicillin treatment for fast breathing pneumonia in young infants 7-59 days old: a cluster randomised trial in rural Bangladesh, Ethiopia,  India and Malawi."
LKKP65K5,unlabelled,NIEHS,VERIFIED,DOI_MATCH,Zotero's DOI appears in the document,100.0,0.036,True,False,False,1,26,0.038,True,True,7486,11,,YM7KWH92,,Management of fast breathing pneumonia in young infants aged 7 to 59 days by community level health workers: protocol for a multi-centre cluster randomized  controlled trial.
YG3TKRBY,unlabelled,NIEHS,VERIFIED,DOI_MATCH,Zotero's DOI appears in the document,100.0,0.002,True,False,True,7,7,1.0,True,True,8748,15,,B5CXH375,,A cluster-randomized crossover trial of organic diet impact on biomarkers of exposure to pesticides and biomarkers of oxidative stress/inflammation in primary  school children.
I6NDY4D8,unlabelled,NIEHS,VERIFIED,DOI_MATCH,Zotero's DOI appears in the document,100.0,0.001,True,False,True,8,8,1.0,True,True,13529,11,,XCZ2QK3A,,Effects of adding household water filters to Rwanda's Community-Based Environmental Health Promotion Programme: a cluster-randomized controlled trial  in Rwamagana district.
53VFQLPA,unlabelled,NIEHS,VERIFIED,DOI_MATCH,Zotero's DOI appears in the document,100.0,0.0,True,False,True,22,22,1.0,True,True,14796,11,,NVNAEM2T,,Effect of an Arsenic Mitigation Program on Arsenic Exposure in American Indian Communities: A Cluster Randomized Controlled Trial of the Community-Led Strong  Heart Water Study Program.
5DU9HPJJ,unlabelled,NIEHS,VERIFIED,DOI_MATCH,Zotero's DOI appears in the document,96.8,0.011,True,False,True,11,11,1.0,True,True,9625,16,,NNZ95YNW,,"The effect of the participatory heat education and awareness tools (HEAT) intervention on agricultural worker physiological heat strain: results from a  parallel, comparison, group randomized study."
CQQWVX9F,unlabelled,NIEHS,VERIFIED,DOI_MATCH,Zotero's DOI appears in the document,100.0,0.01,True,False,True,2,2,1.0,True,True,7985,17,,SH4QU8D7,,"Design, Intervention Fidelity, and Behavioral Outcomes of a School-Based Water, Sanitation, and Hygiene Cluster-Randomized Trial in Laos."
MA7BGE8D,unlabelled,NIEHS,VERIFIED,DOI_MATCH,Zotero's DOI appears in the document,100.0,0.088,True,False,True,5,5,1.0,True,False,8606,14,,KLBWV9CK,,"Impact of a school-based water, sanitation, and hygiene intervention on school absence, diarrhea, respiratory infection, and soil-transmitted helminths: results  from the WASH HELPS cluster-randomized trial."
IKAD8XE2,unlabelled,NIEHS,VERIFIED,DOI_MATCH,Zotero's DOI appears in the document,100.0,0.0,True,False,True,8,8,1.0,True,True,6885,18,,XKH9TJ78,,Enhancing LPG Adoption in Ghana (ELAG): A Trial Testing Policy-Relevant Interventions to Increase Sustained Use of Clean Fuels.
59PWGT7I,unlabelled,NIEHS,VERIFIED,DOI_MATCH,Zotero's DOI appears in the document,100.0,0.003,True,False,True,9,9,1.0,True,True,9368,11,,KRK3AQSS,,Enhancing LPG adoption in Ghana (ELAG): a factorial cluster-randomized controlled trial to Enhance LPG Adoption & Sustained use.
ZQ5VGJ9X,unlabelled,NIEHS,VERIFIED,DOI_MATCH,Zotero's DOI appears in the document,100.0,0.002,True,False,True,7,7,1.0,True,True,9591,13,,3MXQ9VRY,,Optimizing the development and evaluation of complex interventions: lessons learned from the BetterBirth Program and associated trial.
EFECK83H,unlabelled,NIEHS,VERIFIED,DOI_MATCH,Zotero's DOI appears in the document,100.0,0.0,True,False,True,3,9,0.333,True,False,6047,20,,6G66U879,,Adapting a safe water storage container to improve household stored water quality in rural Burkina Faso: a cluster randomized trial.
T87B8LMM,unlabelled,NIGMS; NIMH,VERIFIED,DOI_MATCH,Zotero's DOI appears in the document,100.0,0.003,True,False,True,12,12,1.0,True,True,9780,12,,56SZFAWT,,"Interpersonal reactivity index adaptation among expectant seroconcordant couples with HIV in Zambézia Province, Mozambique."
DIJHZ9NB,unlabelled,NIGMS; NIMHD,VERIFIED,DOI_MATCH,Zotero's DOI appears in the document,100.0,0.0,True,False,True,5,5,1.0,True,False,6341,21,,ND47FZHU,,"Intervention to promote physical activation and improve sleep and response feeding in infants for preventing obesity early in life, the baby-act trial:  Rationale and design."
B9DLSRRG,unlabelled,NIGMS; NIMHD,VERIFIED,DOI_MATCH,Zotero's DOI appears in the document,100.0,0.0,True,False,True,2,9,0.222,True,False,7427,24,,9HKSJQZ5,,"Improving Chronic Illness Self-Management with the Apsáalooke Nation: The Báa nnilah Project, a cluster randomized trial protocol."
KSU9AFL8,unlabelled,NIGMS; NIMHD,VERIFIED,DOI_MATCH,Zotero's DOI appears in the document,100.0,0.014,True,False,True,14,14,1.0,True,True,8879,21,,F3WHW8ED,,The Báa nnilah Program: Results of a Chronic-Illness Self-Management Cluster Randomized Trial with the Apsáalooke Nation.
NAYAQYLG,unlabelled,NIGMS; NIMHD,VERIFIED,DOI_MATCH,Zotero's DOI appears in the document,100.0,0.002,True,False,True,4,4,1.0,True,False,8848,12,,DUAPUZA3,,Improving the Adoption of Advance Directives in Primary Care Practices.
KDPERZJS,unlabelled,NIGMS,VERIFIED,DOI_MATCH,Zotero's DOI appears in the document,100.0,0.016,True,False,True,5,5,1.0,True,True,12508,7,,ZWV47QK7,,Recruiting underrepresented individuals in a double pandemic: Lessons learned in a randomized control trial.
CB4MA4SC,unlabelled,NIGMS,VERIFIED,DOI_MATCH,Zotero's DOI appears in the document,100.0,0.011,True,False,True,10,10,1.0,True,True,9972,16,,DXFRAE6U,,"Variations of a group coaching intervention to support early-career biomedical researchers in Grant proposal development: a pragmatic, four-arm,  group-randomized trial."
PYNT6GFJ,unlabelled,NIGMS,VERIFIED,DOI_MATCH,Zotero's DOI appears in the document,100.0,0.009,True,False,True,8,8,1.0,True,False,8769,11,,9KPEJDHC,,Randomized double-masked controlled trial of cognitive training in breast cancer survivors: a preliminary study.
LGS462BR,unlabelled,NIGMS,VERIFIED,DOI_MATCH,Zotero's DOI appears in the document,100.0,0.003,True,False,True,15,15,1.0,True,True,9278,13,,NMKWSZRX,,A randomized controlled trial to reduce sedentary time in rheumatoid arthritis: protocol and rationale of the Take a STAND for Health study.
U6MGL9L3,unlabelled,NIGMS,VERIFIED,DOI_MATCH,Zotero's DOI appears in the document,100.0,0.002,True,False,True,8,8,1.0,True,True,9846,14,,I3R3PHV8,,A Church-Based Weight Loss Intervention in African American Adults using Text Messages (LEAN Study): Cluster Randomized Controlled Trial.
H3SS35PJ,unlabelled,NIGMS,VERIFIED,DOI_MATCH,Zotero's DOI appears in the document,100.0,0.0,True,False,True,4,16,0.25,True,True,6237,23,,HDKAFW4R,,"The effect of increased inoculum on oral rotavirus vaccine take among infants in Dhaka, Bangladesh: A double-blind, parallel group, randomized, controlled trial."
ZR84RXRM,unlabelled,NIGMS,VERIFIED,DOI_MATCH,Zotero's DOI appears in the document,100.0,0.224,True,False,True,7,7,1.0,True,True,9346,14,10.1177/0009922820920013Clinical,35XAV9MQ,,Effects of Collaborative Care for Comorbid Attention Deficit Hyperactivity Disorder Among Children With Behavior Problems in Pediatric Primary Care.
JJG7EP6G,unlabelled,NIGMS,VERIFIED,DOI_MATCH,Zotero's DOI appears in the document,100.0,0.016,True,False,True,8,8,1.0,True,False,13563,9,,XNSRKA8B,,A Hybrid Deep Learning Approach to Identify Preventable Childhood Hearing Loss.
YWC8L4RQ,unlabelled,NIGMS,VERIFIED,DOI_MATCH,Zotero's DOI appears in the document,100.0,0.004,True,False,True,5,5,1.0,True,True,9685,12,,577EGNWA,,Delivery of Pharmacogenetic Testing with or without Medication Therapy Management in a Community Pharmacy Setting.
TY3QXSVL,unlabelled,NIGMS,VERIFIED,DOI_MATCH,Zotero's DOI appears in the document,100.0,0.004,True,False,True,5,5,1.0,True,True,9931,10,,9543AE8J,,Independent Community Pharmacists' Experience in Offering Pharmacogenetic Testing.
RJUV655F,unlabelled,NIGMS,VERIFIED,DOI_MATCH,Zotero's DOI appears in the document,100.0,0.002,True,False,True,11,12,0.917,True,True,8081,18,,PTUEAJTP,,Development of the ADFICE_IT clinical decision support system to assist deprescribing of fall-risk increasing drugs: A user-centered design approach.
ZIU96DGY,unlabelled,NIGMS,VERIFIED,DOI_MATCH,Zotero's DOI appears in the document,100.0,0.004,True,False,True,11,11,1.0,True,True,11776,11,,KTJCCY96,,Amplifying similarity to promote college STEM instructor-student mentoring relationship quality: a cluster randomized trial.
Q2QTV5U4,unlabelled,NIGMS,VERIFIED,DOI_MATCH,Zotero's DOI appears in the document,100.0,0.0,True,False,True,23,23,1.0,True,True,11617,10,,F765TANG,,Care Optimization Through Patient and Hospital Engagement Clinical Trial for Heart Failure: Rationale and design of CONNECT-HF.
IGQLG7J3,unlabelled,NIGMS,VERIFIED,DOI_MATCH,Zotero's DOI appears in the document,100.0,0.045,True,False,True,4,4,1.0,True,True,5661,26,10.1177/1077801219886377Violence,99GFA3H6,,The Green Light for Green Dot: A Qualitative Study of Factors Influencing Adoption of an Efficacious Violence Prevention Program in High School Settings.
AK5NKRHE,unlabelled,NIGMS,VERIFIED,DOI_MATCH,Zotero's DOI appears in the document,100.0,0.0,True,False,True,5,5,1.0,True,False,6583,19,,FICE3824,,Effect of a Workshop to Break the Bias Habit for Internal Medicine Faculty: A Multisite Cluster Randomized Controlled Study.
5SZNV9V4,unlabelled,NIGMS,VERIFIED,DOI_MATCH,Zotero's DOI appears in the document,100.0,0.0,True,False,True,3,3,1.0,True,True,8285,9,,BBQ37R7G,,"Influencing cardiovascular health habits in the rural, deep south: results of a cluster randomized trial."
IH66JC4H,unlabelled,NIGMS,VERIFIED,DOI_MATCH,Zotero's DOI appears in the document,100.0,0.006,True,False,True,4,4,1.0,True,False,8652,10,,E5GE2ETV,,A Structural Equation Modeling Analysis to Explore Diabetes Self-Care Factors in a Rural Sample.
JQGC593U,unlabelled,NIMH; NINR,VERIFIED,DOI_MATCH,Zotero's DOI appears in the document,100.0,0.002,True,False,True,12,13,0.923,True,True,8843,20,10.1371/journal,K2U22Y2N,,Multi-level intersectional stigma reduction intervention to increase HIV testing among men who have sex with men in Ghana: Protocol for a cluster randomized  controlled trial.
IIMQ4MDE,unlabelled,NIMH; NINR,VERIFIED,DOI_MATCH,Zotero's DOI appears in the document,100.0,0.0,True,False,True,8,8,1.0,True,False,6931,20,,VS7PE8TS,,Long-term effects of a resilience-based intervention on mental health of children affected by parental HIV in China: Testing the mediation effects of emotion  regulation and coping.
A4N5QPP2,unlabelled,NIMH; NINR,VERIFIED,DOI_MATCH,Zotero's DOI appears in the document,100.0,0.0,True,False,True,1,5,0.2,True,False,6617,21,,DTS3WR5F,,A cluster randomized controlled trial to evaluate a resilience-based intervention for caregivers of HIV-affected children in China.
TEXI6CQZ,unlabelled,NIMH; NINR,VERIFIED,DOI_MATCH,Zotero's DOI appears in the document,100.0,0.014,True,False,True,7,7,1.0,True,True,8432,12,10.1007/s10826-,FMDI7UUH,,Effects of a Multilevel Resilience-Based Intervention on Mental Health for Children Affected by Parental HIV: A Cluster Randomized Controlled Trial.
ZTWB7VJ7,unlabelled,NIMH; NIMHD,VERIFIED,DOI_MATCH,Zotero's DOI appears in the document,100.0,0.002,True,False,True,12,12,1.0,True,False,10744,8,,C9HHNEVY,,Effects of a Combination Economic Empowerment and Family Strengthening Intervention on Psychosocial Well-being Among Ugandan Adolescent Girls and Young  Women: Analysis of a Cluster Randomized Controlled Trial (Suubi4Her).
3GS3B7XP,unlabelled,NIMH; NIMHD,VERIFIED,DOI_MATCH,Zotero's DOI appears in the document,100.0,0.002,True,False,True,8,8,1.0,True,False,10510,8,,4PBAGA6E,,The Impact of Family Economic Empowerment Intervention on Psychological Difficulties and Prosocial Behavior Among AIDS-Orphaned Children in Southern  Uganda.
P5BTK8QW,unlabelled,NIMH,VERIFIED,DOI_MATCH,Zotero's DOI appears in the document,100.0,0.002,True,False,True,4,4,1.0,True,True,10138,22,,UFL9GJW6,,"Testing the Efficacy of a Brief, Self-Guided Mindfulness Ecological Momentary Intervention on Emotion Regulation and Self-Compassion in Social Anxiety  Disorder: Randomized Controlled Trial."
WFRF68H3,unlabelled,NIMH,VERIFIED,DOI_MATCH,Zotero's DOI appears in the document,100.0,0.0,True,False,True,6,6,1.0,True,False,11271,12,,HASNT6P7,,A hybrid effectiveness/implementation trial of an evidence-based intervention for HIV-serodiscordant African American couples.
L7B87JQG,unlabelled,NIMH,VERIFIED,DOI_MATCH,Zotero's DOI appears in the document,100.0,0.0,True,False,True,11,11,1.0,True,False,6774,23,,MME2XVSN,,Economic outcomes among microfinance group members receiving community-based chronic disease care: Cluster randomized trial evidence from Kenya.
9Z97DMSM,unlabelled,NIMH,VERIFIED,TITLE_AUTHOR_MATCH,title matches (100.0) and first author present; no DOI in text,100.0,0.001,False,False,True,10,10,1.0,True,False,10343,14,,VSWLRQPG,,Randomized Trial of an Organizational Implementation Strategy to Improve Measurement-Based Care Fidelity and Youth Outcomes in Community Mental Health.
F6AB7ECH,unlabelled,NIMH,VERIFIED,DOI_MATCH,Zotero's DOI appears in the document,100.0,0.012,True,False,True,9,9,1.0,True,True,8816,13,,W9XVUZCP,,"""They call me the 'Great Queen'"": implementing the Malkia Klabu program to improve access to HIV self-testing and contraception for adolescent girls and  young women in Tanzania."
5S8U6UT3,unlabelled,NIMH,VERIFIED,DOI_MATCH,Zotero's DOI appears in the document,100.0,0.0,True,False,True,11,11,1.0,True,False,6385,20,,W6KHASW4,,Training models for implementing evidence-based psychological treatment for college mental health: A cluster randomized trial study protocol.
GFWG7NK7,unlabelled,NIMH,VERIFIED,DOI_MATCH,Zotero's DOI appears in the document,100.0,0.313,True,False,True,15,15,1.0,True,True,8926,12,,WM2TA9HB,,Behavioral Modeling and its Association with PrEP and ART Use in Ugandan HIV-Serodifferent Couples.
V7G5UCMA,unlabelled,NIMH,VERIFIED,DOI_MATCH,Zotero's DOI appears in the document,100.0,0.135,True,False,True,11,11,1.0,True,True,9081,12,,ZFQXHA6V,,Peer PrEP referral + HIV self-test delivery for PrEP initiation among young Kenyan women: study protocol for a hybrid cluster-randomized controlled trial.
NCCK268D,unlabelled,NIMH,VERIFIED,DOI_MATCH,Zotero's DOI appears in the document,100.0,0.0,True,False,True,18,18,1.0,True,True,10860,9,,RGGNREED,,Maternal depression treatment in HIV (M-DEPTH): Study protocol for a cluster randomized controlled trial.
G54PEV8R,unlabelled,NIMH,VERIFIED,DOI_MATCH,Zotero's DOI appears in the document,100.0,0.016,True,False,True,15,15,1.0,True,True,7225,13,,47B3DP5W,,Effects of M-DEPTH Model of Depression Care on Maternal HIV Viral Suppression and Adherence to the PMTCT Care Continuum Among HIV-Infected Pregnant Women in  Uganda: Results from a Cluster Randomized Controlled Trial at Pregnancy  Completion.
JFWNYRTX,unlabelled,NIMH,VERIFIED,DOI_MATCH,Zotero's DOI appears in the document,100.0,0.0,True,False,True,12,12,1.0,True,False,6244,17,,HBZ2XCCR,,Stressors and Maladaptive Coping Mechanisms Associated with Elevated Perinatal Depressive Symptoms and Suicidality Among Women Living with HIV in Uganda.
RJUQYEF7,unlabelled,NIMH,VERIFIED,DOI_MATCH,Zotero's DOI appears in the document,100.0,0.027,True,False,True,13,14,0.929,True,False,4609,17,,SH7J9UJL,,Effects of M-DEPTH Model of Depression Care on Maternal Functioning and Infant Developmental Outcomes in the Six Months Post Delivery: Results from a Cluster  Randomized Controlled Trial.
9RXB85CP,unlabelled,NIMH,VERIFIED,DOI_MATCH,Zotero's DOI appears in the document,100.0,0.004,True,False,True,10,10,1.0,True,True,6881,10,,MYU3D7PM,,Social network-based group intervention to promote HIV prevention in Uganda: study protocol for a cluster randomized controlled trial of Game Changers.
A32AJY6H,unlabelled,NIMH,VERIFIED,DOI_MATCH,Zotero's DOI appears in the document,100.0,0.003,True,False,True,7,7,1.0,True,True,9500,14,,6CYUXFFX,,"Zwakala Ndoda: a cluster and individually randomized trial aimed at improving testing, linkage, and adherence to treatment for hard-to reach men in  KwaZulu-Natal, South Africa."
FI55Z89V,unlabelled,NIMH,VERIFIED,DOI_MATCH,Zotero's DOI appears in the document,100.0,-1.0,True,False,True,23,24,0.958,True,False,5871,17,,KQ763MQM,,ESSENCE: An Implementation Research Program to Scale Up Depression Care in Rural Communities.
45BQ2AIY,unlabelled,NIMH,VERIFIED,DOI_MATCH,Zotero's DOI appears in the document,100.0,0.003,True,False,True,10,10,1.0,True,True,9052,9,,EI5J5NHP,,"Improving risk perception and uptake of pre-exposure prophylaxis (PrEP) through interactive feedback-based counselling with and without community engagement in  young women in Manicaland, East Zimbabwe: study protocol for a pilot randomized  trial."
2NUR4ISP,unlabelled,NIMH,VERIFIED,DOI_MATCH,Zotero's DOI appears in the document,100.0,0.001,True,False,True,19,19,1.0,True,True,9468,16,,WM7EG2PI,,Adaptation of the World Health Organization Electronic Mental Health Gap Action Programme Intervention Guide App for Mobile Devices in Nepal and Nigeria:  Protocol for a Feasibility Cluster Randomized Controlled Trial.
J8ITKETE,unlabelled,NIMH,VERIFIED,DOI_MATCH,Zotero's DOI appears in the document,100.0,0.012,True,False,True,9,9,1.0,True,True,9729,9,,BN9PGI6M,,The Influence of Transmission-Based and Moral-Based HIV Stigma Beliefs on Intentions to Discriminate Among Ward Staff in South Indian Health Care Settings.
8WAJWQ7J,unlabelled,NIMH,VERIFIED,DOI_MATCH,Zotero's DOI appears in the document,100.0,0.001,True,False,True,10,11,0.909,True,True,11833,9,10.1002/jia2.25774/full,SXY4P8R8,,Impact of SMS and peer navigation on retention in HIV care among adults in South Africa: results of a three-arm cluster randomized controlled trial.
QMY8W9P2,unlabelled,NIMH,VERIFIED,DOI_MATCH,Zotero's DOI appears in the document,100.0,0.0,True,False,True,4,4,1.0,True,False,6680,13,,ZTHV3HJF,,Implementing Person-Centered Care Planning: A Randomized Controlled Trial.
SE8HVMYY,unlabelled,NIMH,VERIFIED,DOI_MATCH,Zotero's DOI appears in the document,100.0,0.081,True,False,True,10,10,1.0,True,True,8547,17,,GAZM5ZCR,,Suubi4StrongerFamilies: A study protocol for a clustered randomized clinical trial addressing child behavioral health by strengthening financial stability and  parenting among families in Uganda.
249KKB72,unlabelled,NIMH,VERIFIED,DOI_MATCH,Zotero's DOI appears in the document,100.0,0.0,True,False,True,3,3,1.0,True,False,8467,10,,3XNWBKCS,,"Economic Empowerment, HIV Risk Behavior, and Mental Health Among School-Going Adolescent Girls in Uganda: Longitudinal Cluster-Randomized Controlled Trial,  2017‒2022."
EVFQV9SP,unlabelled,NIMH,VERIFIED,DOI_MATCH,Zotero's DOI appears in the document,99.5,0.002,True,False,True,8,8,1.0,True,False,9742,8,,Y4JBR9SK,,The Post-intervention Impact of Amaka Amasanyufu on Behavioral and Mental Health Functioning of Children and Adolescents in Low-Resource Communities in Uganda:  Analysis of a Cluster-Randomized Trial From the SMART Africa-Uganda Study  (2016-2022).
VPBGKIZV,unlabelled,NIMH,VERIFIED,DOI_MATCH,Zotero's DOI appears in the document,100.0,0.003,True,False,True,13,13,1.0,True,True,8790,11,,U9MW2MVY,,Suubi4Her: a study protocol to examine the impact and cost associated with a combination intervention to prevent HIV risk behavior and improve mental health  functioning among adolescent girls in Uganda.
WBW3Y66W,unlabelled,NIMH,VERIFIED,DOI_MATCH,Zotero's DOI appears in the document,100.0,0.003,True,False,True,5,5,1.0,True,True,9851,12,,XXUXFD3R,,Improving mental health through integration with primary care in rural Karnataka: study protocol of a cluster randomized control trial.
GFMDVS2Q,unlabelled,NIMH,VERIFIED,DOI_MATCH,Zotero's DOI appears in the document,100.0,0.011,True,False,True,5,5,1.0,True,True,9083,12,,DG7ZZK6Q,,Collaborative care compared to enhanced standard treatment of depression with co-morbid medical conditions among patients from rural South India: a cluster  randomized controlled trial (HOPE Study).
2SRFPGLT,unlabelled,NIMH,VERIFIED,DOI_MATCH,Zotero's DOI appears in the document,100.0,0.0,True,False,True,7,7,1.0,True,False,6098,16,,3A9A728W,,Reduction in Stigma Drivers Partially Mediates the Effect of a Stigma Reduction Intervention Among Nursing Students in India: The DriSti Cluster Randomized  Controlled Trial.
IJE2H7PN,unlabelled,NIMH,VERIFIED,DOI_MATCH,Zotero's DOI appears in the document,100.0,0.014,True,False,True,8,8,1.0,True,True,4215,15,,AULWPP4V,,Implementation leadership and implementation climate in context: A single organization intrinsic case study for implementation of digital measurement-based  care.
55ZNUP4N,unlabelled,NIMH,VERIFIED,DOI_MATCH,Zotero's DOI appears in the document,100.0,0.02,True,False,True,11,11,1.0,True,True,12715,16,,6XCPMQRW,,"A cluster randomized trial to reduce HIV risk from outside partnerships in Zambian HIV-Negative couples using a novel behavioral intervention,  ""Strengthening Our Vows"": Study protocol and baseline data."
T7UCH86L,unlabelled,NIMH,VERIFIED,DOI_MATCH,Zotero's DOI appears in the document,100.0,0.0,True,False,True,14,14,1.0,True,True,10446,9,,VRWV253Q,,Effect of General Practitioner Training in a Collaborative Child Mental Health Care Program on Children's Mental Health Outcomes in a Low-Resource Setting: A  Cluster Randomized Trial.
KTSBA77P,unlabelled,NIMH,VERIFIED,DOI_MATCH,Zotero's DOI appears in the document,100.0,0.004,True,False,True,7,7,1.0,True,True,7716,14,,I5FQSKHL,,Collaborative care for child and youth mental health problems in a middle-income country: study protocol for a randomized controlled trial training general  practitioners.
UZF834L9,unlabelled,NIMH,VERIFIED,DOI_MATCH,Zotero's DOI appears in the document,100.0,0.008,True,False,True,19,19,1.0,True,True,11213,11,,96KF6WKV,,"Effect of peer-distributed HIV self-test kits on demand for biomedical HIV prevention in rural KwaZulu-Natal, South Africa: a three-armed cluster-randomised  trial comparing social networks versus direct delivery."
BFGHJKXT,unlabelled,NIMH,VERIFIED,TITLE_AUTHOR_MATCH,title matches (100.0) and first author present; no DOI in text,100.0,0.002,False,False,True,9,9,1.0,True,False,11673,7,,U4NB768Z,,Cost Analysis of Short Messaging Service and Peer Navigator Interventions for Linking and Retaining Adults Recently Diagnosed With HIV in Care in South Africa.
5N7AUT4I,unlabelled,NIMH,VERIFIED,DOI_MATCH,Zotero's DOI appears in the document,100.0,0.14,True,False,True,12,12,1.0,True,True,9043,18,,RRHIHYED,,The Transdiagnostic Intervention for Sleep and Circadian Dysfunction (TranS-C) for serious mental illness in community mental health part 1: study protocol for  a hybrid type 2 effectiveness-implementation cluster-randomized trial.
6KTQZ8MF,unlabelled,NIMH,VERIFIED,DOI_MATCH,Zotero's DOI appears in the document,100.0,0.009,True,False,True,9,9,1.0,True,True,12205,12,,9MJ2TJP8,,A Nutrition-Sensitive Agroecology Intervention in Rural Tanzania Increases Children's Dietary Diversity and Household Food Security But Does Not Change  Child Anthropometry: Results from a Cluster-Randomized Trial.
TIM5M67F,unlabelled,NIMH,VERIFIED,DOI_MATCH,Zotero's DOI appears in the document,100.0,0.012,True,False,True,4,4,1.0,True,True,4792,8,,H3DYXE5K,,Correlates for the severity of suicidal risk in participants with common mental disorders with comorbid chronic medical conditions in rural primary healthcare  settings in India.
ASVT83G6,unlabelled,NIMH,VERIFIED,DOI_MATCH,Zotero's DOI appears in the document,100.0,0.0,True,False,True,8,8,1.0,True,False,6451,15,,H8PDQKJD,,Pragmatic trial design of an intervention to reduce cardiovascular risk in people with serious mental illness.
MRT24INS,unlabelled,NIMH,VERIFIED,DOI_MATCH,Zotero's DOI appears in the document,100.0,0.0,True,False,True,7,7,1.0,False,False,6088,22,,NCAP9KP6,,"Differential Effects of an Intervention to Reduce Cardiovascular Risk for Patients With Bipolar Disorder, Schizoaffective Disorder, or Schizophrenia: A  Randomized Clinical Trial."
3E6TGDWS,unlabelled,NIMH,VERIFIED,DOI_MATCH,Zotero's DOI appears in the document,100.0,0.004,True,False,True,9,9,1.0,True,True,8107,15,,JX7VUCQV,,"Effect of Clinical Decision Support on Cardiovascular Risk Among Adults With Bipolar Disorder, Schizoaffective Disorder, or Schizophrenia: A Cluster  Randomized Clinical Trial."
BAXIEMAV,unlabelled,NIMH,VERIFIED,DOI_MATCH,Zotero's DOI appears in the document,100.0,0.003,True,False,True,6,6,1.0,True,True,5456,26,10.12688/gatesopenres.13458.1,KIPGY9DX,,Do differentiated service delivery models for HIV treatment in sub-Saharan Africa save money? Synthesis of evidence from field studies conducted in sub-Saharan  Africa in 2017-2019.
QT8FHYS8,unlabelled,NIMH,VERIFIED,DOI_MATCH,Zotero's DOI appears in the document,100.0,-1.0,True,False,True,7,7,1.0,True,False,6107,21,,MCB7XH9F,,Predictors of Hospitalization of Individuals With First-Episode Psychosis: Data From a 2-Year Follow-Up of the RAISE-ETP.
PZ4KVRPV,unlabelled,NIMH,VERIFIED,DOI_MATCH,Zotero's DOI appears in the document,100.0,0.018,True,False,True,7,7,1.0,True,True,10710,10,10.1002/jia2.26198/full,YKZU4UCK,,Breaking down relationship barriers to increase PrEP uptake and adherence among adolescent girls and young women in Kenya: safety and preliminary effectiveness  results from a pilot cluster-randomized trial.
R4IBBUV5,unlabelled,NIMH,VERIFIED,DOI_MATCH,Zotero's DOI appears in the document,100.0,0.0,True,False,True,1,4,0.25,True,False,5919,24,,JI67TCCH,,The effect of affordable daycare on women's mental health: Evidence from a cluster randomized trial in rural India.
V66VKLF5,unlabelled,NIMH,VERIFIED,DOI_MATCH,Zotero's DOI appears in the document,100.0,0.026,True,False,True,7,7,1.0,True,True,4796,13,,5T4TIVL5,,Attention Test Assessment from a Cluster Randomized Controlled Trial of Caregiver Training for Ugandan Preschool Children Living with Perinatal HIV.
B8SQQBBR,unlabelled,NIMH,VERIFIED,DOI_MATCH,Zotero's DOI appears in the document,100.0,0.003,True,False,True,13,13,1.0,True,True,9690,13,,DRBKAWU5,,"Evaluation of the SPIRIT Integrated Suicide Prevention Programme: study protocol for a cluster-randomised controlled trial in rural Gujarat, India."
2SWXRURB,unlabelled,NIMH,VERIFIED,DOI_MATCH,Zotero's DOI appears in the document,100.0,0.003,True,False,True,7,7,1.0,True,True,8823,11,,Q3RKVE43,,Optimizing the efficiency and implementation of cash transfers to improve adherence to antiretroviral therapy: study protocol for a cluster randomized  controlled trial.
BFRFSJDD,unlabelled,NIMH,VERIFIED,DOI_MATCH,Zotero's DOI appears in the document,100.0,0.002,True,False,True,6,6,1.0,True,True,8953,12,,S9M3JNWE,,Preparing a financial incentive program to improve retention in HIV care and viral suppression for scale: using an implementation science framework to  evaluate an mHealth system in Tanzania.
ZCZHUGFJ,unlabelled,NIMH,VERIFIED,DOI_MATCH,Zotero's DOI appears in the document,100.0,0.002,True,False,True,14,14,1.0,True,True,7261,11,,A84SMW9H,,Safety of azithromycin in infants under six months of age in Niger: A community randomized trial.
GZQ7IRAT,unlabelled,NIMH,VERIFIED,DOI_MATCH,Zotero's DOI appears in the document,100.0,0.01,True,False,True,14,14,1.0,True,True,9225,9,,GL64J7WM,,Biannual versus annual mass azithromycin distribution and malaria seroepidemiology among preschool children in Niger: a sub-study of a cluster  randomized trial.
89DMKZHU,unlabelled,NIMH,VERIFIED,DOI_MATCH,Zotero's DOI appears in the document,100.0,0.0,True,False,True,8,8,1.0,True,False,6192,18,,AH8GS9CU,,Randomized controlled trial of a community-based intervention on HIV and nutritional outcomes at 6 months among women living with HIV/AIDS in rural India.
IR5IG53L,unlabelled,NIMH,VERIFIED,DOI_MATCH,Zotero's DOI appears in the document,100.0,0.0,True,False,True,19,19,1.0,True,True,11556,8,,CBDF42IE,,Effect of Technology-Enhanced Screening in Addition to Standard Targeted Clinician Education on the Duration of Untreated Psychosis: A Cluster Randomized  Clinical Trial.
SBYBDZ47,unlabelled,NIMH,VERIFIED,DOI_MATCH,Zotero's DOI appears in the document,100.0,0.36,True,False,True,9,9,1.0,True,True,9163,13,,ADA58T6R,,Study protocol for type II hybrid implementation-effectiveness trial of strategies for depression care task-sharing in community health stations in  Vietnam: DEP Project.
XKJE293I,unlabelled,NIMH,VERIFIED,DOI_MATCH,Zotero's DOI appears in the document,100.0,0.011,True,False,True,21,21,1.0,True,True,11818,12,,NCZRBQ3M,,Digital training for non-specialist health workers to deliver a brief psychological treatment for depression in India: Protocol for a three-arm  randomized controlled trial.
786UNAU7,unlabelled,NIMH,VERIFIED,DOI_MATCH,Zotero's DOI appears in the document,100.0,0.002,True,False,True,5,5,1.0,True,True,8907,12,,3S7VQJB5,,Integration of HIV testing services into family planning services: a systematic review.
2UM5FXLV,unlabelled,NIMH,VERIFIED,DOI_MATCH,Zotero's DOI appears in the document,100.0,0.001,True,False,True,7,7,1.0,True,True,12368,8,10.1002/jia2.25515/full,AIY9BAXH,,Male partner testing and sexual behaviour following provision of multiple HIV self-tests to Kenyan women at higher risk of HIV infection in a cluster  randomized trial.
VCN8ECH3,unlabelled,NIMH,VERIFIED,DOI_MATCH,Zotero's DOI appears in the document,100.0,0.002,True,False,True,9,9,1.0,True,False,10879,10,,9XA9TPNS,,Peer Pressure and Risk-Taking Behaviors Among Adolescent Girls in a Region Impacted by HIV/AIDS in Southwestern Uganda.
I75KHHFP,unlabelled,NIMH,VERIFIED,DOI_MATCH,Zotero's DOI appears in the document,100.0,0.012,True,False,True,8,8,1.0,True,True,9823,14,,743J4HFG,,Suubi4Stigma study protocol: a pilot cluster randomized controlled trial to address HIV-associated stigma among adolescents living with HIV in Uganda.
BBRJI5EP,unlabelled,NIMH,VERIFIED,DOI_MATCH,Zotero's DOI appears in the document,100.0,0.003,True,False,True,10,10,1.0,True,True,9874,11,,K5TDB5ZI,,Prevalence and correlates of depressive symptoms among high school adolescent girls in southern Uganda.
8C5FF9VN,unlabelled,NIMH,VERIFIED,DOI_MATCH,Zotero's DOI appears in the document,100.0,0.0,True,False,True,4,11,0.364,True,False,6555,15,,75WXAGEH,,Predictors of Depressive Symptoms and Post Traumatic Stress Disorder Among Women Engaged in Commercial Sex Work in Southern Uganda.
JESKQ7J8,unlabelled,NIMH,VERIFIED,DOI_MATCH,Zotero's DOI appears in the document,100.0,0.0,True,False,True,7,8,0.875,True,False,7351,17,,S88MTHHJ,,The impact of an economic empowerment intervention on intimate partner violence among women engaged in sex work in southern Uganda: A cluster randomized control  trial.
H6A7ZU2Q,unlabelled,NIMH,VERIFIED,DOI_MATCH,Zotero's DOI appears in the document,100.0,0.001,True,False,True,12,12,1.0,True,True,10150,19,,4H75R2P5,,A Multilevel Integrated Intervention to Reduce the Impact of HIV Stigma on HIV Treatment Outcomes Among Adolescents Living With HIV in Uganda: Protocol for a  Randomized Controlled Trial.
3I9ZKVDX,unlabelled,NIMH,VERIFIED,DOI_MATCH,Zotero's DOI appears in the document,100.0,0.002,True,False,True,10,10,1.0,True,True,9297,9,,DURYRCXM,,The impact of Cognitive Processing Therapy on stigma among survivors of sexual violence in eastern Democratic Republic of Congo: results from a cluster  randomized controlled trial.
KJ32DPW3,unlabelled,NIMH,VERIFIED,DOI_MATCH,Zotero's DOI appears in the document,100.0,0.0,True,False,True,11,11,1.0,True,False,7011,19,,8AVNNX9H,,Impact of a brief intervention to improve engagement in a recovery program for young adults with serious mental illness.
IKBTL3CZ,unlabelled,NIMH,VERIFIED,DOI_MATCH,Zotero's DOI appears in the document,100.0,0.047,True,False,True,6,6,1.0,True,True,4606,26,10.1177/0886260515625910Journal,EZKTM3SU,,"Perpetration and Victimization of Intimate Partner Violence Among Young Men and Women in Dar es Salaam, Tanzania."
NE394TS7,unlabelled,NIMH,VERIFIED,DOI_MATCH,Zotero's DOI appears in the document,100.0,0.002,True,False,True,10,10,1.0,True,True,8688,15,,EKYXGNNV,,Evaluating the efficacy of the HITSystem 2.1 to improve PMTCT retention and maternal viral suppression in Kenya: Study protocol of a cluster-randomized  trial.
935WEI86,unlabelled,NIMH,VERIFIED,DOI_MATCH,Zotero's DOI appears in the document,100.0,0.016,True,False,True,17,17,1.0,True,True,11441,9,10.1002/jia2.26201/full,9YRQCI26,,"""I felt special!"": a qualitative study of peer-delivered HIV self-tests, STI self-sampling kits and PrEP for transgender women in Uganda."
B9ERTQKG,unlabelled,NIMH,VERIFIED,DOI_MATCH,Zotero's DOI appears in the document,100.0,0.0,True,False,True,5,5,1.0,True,False,6971,20,,2WB2G7JJ,,The impact of early intervention for first episode psychosis on cognitive functioning.
H5FVRRL2,unlabelled,NIMH,VERIFIED,DOI_MATCH,Zotero's DOI appears in the document,100.0,0.0,True,False,True,18,18,1.0,True,False,5215,29,,R8VKA8NW,,Implementation and fidelity assessment of the NAVIGATE treatment program for first episode psychosis in a multi-site study.
H5MG9S64,unlabelled,NIMH,VERIFIED,DOI_MATCH,Zotero's DOI appears in the document,100.0,0.018,True,False,True,14,14,1.0,True,True,6849,10,,RJIF9AU6,,Depressive disorder at the household level: prevalence and correlates of depressive symptoms among household members.
KUF4LFG6,unlabelled,NIMH,VERIFIED,DOI_MATCH,Zotero's DOI appears in the document,100.0,0.0,True,False,True,6,6,1.0,True,True,13031,14,,GWL44U92,,Cluster randomized trial of the classroom SCERTS intervention for elementary students with autism spectrum disorder.
UN9KS5NR,unlabelled,NIMH,VERIFIED,DOI_MATCH,Zotero's DOI appears in the document,100.0,0.025,True,False,True,7,8,0.875,True,True,6587,19,,BU77ZQ6X,,Matters of Fidelity: School Provider Adherence and Competence in a Clustered Study of Adaptive Implementation Strategies.
SR4PYGAT,unlabelled,NIMH,VERIFIED,DOI_MATCH,Zotero's DOI appears in the document,100.0,0.0,True,False,True,13,13,1.0,True,False,6290,19,,9QX93ZFW,,Design of a hybrid implementation effectiveness cluster randomized controlled trial of delivering written exposure therapy for PTSD in underserved primary care  settings.
A6JA4WWM,unlabelled,NIMH,VERIFIED,DOI_MATCH,Zotero's DOI appears in the document,100.0,0.0,True,False,True,11,11,1.0,True,False,6052,19,,CD35XRWA,,Reducing Suicidal Ideation Through Insomnia Treatment (REST-IT): A Randomized Clinical Trial.
GRNHDDJF,unlabelled,NIMH,VERIFIED,DOI_MATCH,Zotero's DOI appears in the document,100.0,0.01,True,False,True,28,28,1.0,True,True,9705,17,,387PXGLU,,OnTrack Chile for people with early psychosis: a study protocol for a Hybrid Type 1 trial.
BQPB2EEU,unlabelled,NIMH,VERIFIED,DOI_MATCH,Zotero's DOI appears in the document,100.0,0.002,True,False,True,11,14,0.786,True,False,8896,10,,IDQ4AI5H,,Community-Based Accompaniment with Supervised Antiretrovirals for HIV-Positive Adults in Peru: A Cluster-Randomized Trial.
INK5RFJ6,unlabelled,NIMH,VERIFIED,TITLE_AUTHOR_MATCH,title matches (100.0) and first author present; no DOI in text,100.0,0.002,False,False,True,7,8,0.875,True,True,9726,14,,WZR6KURE,,Participation in a Community-Based Women's Health Education Program and At-Risk Child Development in Rural Kenya: Developmental Screening Questionnaire Results  Analysis.
986U7HAT,unlabelled,NIMH,VERIFIED,DOI_MATCH,Zotero's DOI appears in the document,100.0,0.003,True,False,True,7,7,1.0,True,True,9182,13,,DNSB9LXJ,,"Connecting the Dots: a cluster-randomized clinical trial integrating standardized autism spectrum disorders screening, high-quality treatment, and long-term  outcomes."
NKMRWMRF,unlabelled,NIMH,VERIFIED,DOI_MATCH,Zotero's DOI appears in the document,100.0,0.012,True,False,True,8,8,1.0,True,True,9365,13,,M44CEMSX,,A Cluster-Randomized Trial of Traditional Healer-Delivered Counseling and Rapid HIV Testing in Tanzania.
GU7VBP59,unlabelled,NIMH,VERIFIED,DOI_MATCH,Zotero's DOI appears in the document,100.0,0.003,True,False,True,17,17,1.0,True,False,8819,15,,NLTJAEKD,,Protocol for a hybrid type 2 cluster randomized trial of trauma-focused cognitive behavioral therapy and a pragmatic individual-level implementation strategy.
5ZYEYEFF,unlabelled,NIMH,VERIFIED,DOI_MATCH,Zotero's DOI appears in the document,100.0,0.001,True,False,True,16,16,1.0,True,True,9552,10,,BMDYLQN8,,"Mobile Health-Supported HIV Self-Testing Strategy Among Urban Refugee and Displaced Youth in Kampala, Uganda: Protocol for a Cluster Randomized Trial  (Tushirikiane, Supporting Each Other)."
NH3QXMVU,unlabelled,NIMH,VERIFIED,TITLE_AUTHOR_MATCH,title matches (100.0) and first author present; no DOI in text,100.0,0.0,False,False,True,6,6,1.0,True,True,9987,9,,RBFXKP3F,,A School-Based Intervention for Mental Illness Stigma: A Cluster Randomized Trial.
I5SJ8CG8,unlabelled,NIMH,VERIFIED,DOI_MATCH,Zotero's DOI appears in the document,100.0,0.018,True,False,True,8,8,1.0,True,True,6362,10,,T4XRFGL8,,Impact of Community Support Workers in Rural Ethiopia on Emotional and Psychosocial Health of Persons Living with HIV: Results of a Three-Year  Randomized Community Trial.
CT5JHH68,unlabelled,NIMH,VERIFIED,DOI_MATCH,Zotero's DOI appears in the document,100.0,0.016,True,False,True,8,8,1.0,True,True,5973,6,,49L5I7D5,,Implementing measurement based care in community mental health: a description of tailored and standardized methods.
AMT87D3I,unlabelled,NIMH,VERIFIED,DOI_MATCH,Zotero's DOI appears in the document,100.0,0.011,True,False,True,4,4,1.0,True,False,9246,18,,FARB44BI,,Mediators of measurement-based care implementation in community mental health settings: results from a mixed-methods evaluation.
QCS9WV5U,unlabelled,NIMH,VERIFIED,DOI_MATCH,Zotero's DOI appears in the document,100.0,0.008,True,False,True,11,11,1.0,True,True,8076,14,,XS4ANCKJ,,Effect of Enhanced Medical Rehabilitation on Functional Recovery in Older Adults Receiving Skilled Nursing Care After Acute Rehabilitation: A Randomized Clinical  Trial.
ETEIYHIC,unlabelled,NIMH,VERIFIED,DOI_MATCH,Zotero's DOI appears in the document,100.0,0.102,True,False,True,19,19,1.0,True,True,9375,14,,NBCMZDA7,,Initial adaptation of the OnTrack coordinated specialty care model in Chile: An application of the Dynamic Adaptation Process.
MAFVKW3X,unlabelled,NIMH,VERIFIED,DOI_MATCH,Zotero's DOI appears in the document,100.0,0.135,True,False,True,8,8,1.0,True,True,9476,10,,HYEY7I6X,,Implementation resources to support teachers' use of behavioral classroom interventions: protocol of a randomized pilot trial.
ED473NRU,unlabelled,NIMH,VERIFIED,DOI_MATCH,Zotero's DOI appears in the document,100.0,0.012,True,False,True,13,13,1.0,True,False,9180,14,,XXUYXXQF,,Care team and practice-level implementation strategies to optimize pediatric collaborative care: study protocol for a cluster-randomized hybrid type III  trial.
X5YDQ9MR,unlabelled,NIMH,VERIFIED,DOI_MATCH,Zotero's DOI appears in the document,100.0,0.012,True,False,True,19,19,1.0,True,False,8954,16,,HXBJX9ZE,,Implementation strategy in collaboration with people with lived experience of mental illness to reduce stigma among primary care providers in Nepal (RESHAPE):  protocol for a type 3 hybrid implementation effectiveness cluster randomized  controlled trial.
3TAMLPYJ,unlabelled,NIMH,VERIFIED,DOI_MATCH,Zotero's DOI appears in the document,100.0,0.021,True,False,True,13,13,1.0,True,True,6563,18,,P2SIJ488,,Collaboration With People With Lived Experience of Mental Illness to Reduce Stigma and Improve Primary Care Services: A Pilot Cluster Randomized Clinical  Trial.
TR383XSK,unlabelled,NIMH,VERIFIED,DOI_MATCH,Zotero's DOI appears in the document,100.0,0.003,True,False,True,10,10,1.0,True,True,9038,18,,J54CGW86,,Reducing stigma among healthcare providers to improve mental health services (RESHAPE): protocol for a pilot cluster randomized controlled trial of a stigma  reduction intervention for training primary healthcare workers in Nepal.
BKZA2NYF,unlabelled,NIMH,VERIFIED,DOI_MATCH,Zotero's DOI appears in the document,100.0,0.0,True,False,True,3,3,1.0,True,True,12222,7,,UNFIX2PZ,,Enhancing Adherence to Antiretroviral Therapy Among Adolescents Living With HIV Through Group-Based Therapeutic Approaches in Uganda: Findings From a Pilot  Cluster-Randomized Controlled Trial.
RACDW842,unlabelled,NIMH,VERIFIED,DOI_MATCH,Zotero's DOI appears in the document,100.0,0.0,True,False,True,9,9,1.0,True,False,12662,12,,TJD3XL5W,,Long-term mediation of a sexual risk-reduction intervention for South African adolescents.
Z8C7NKBD,unlabelled,NIMH,VERIFIED,DOI_MATCH,Zotero's DOI appears in the document,100.0,0.002,True,False,True,14,15,0.933,True,True,7426,12,,BQVCXDB4,,Community-level chlamydial serology for assessing trachoma elimination in trachoma-endemic Niger.
8TILNXKG,unlabelled,NIMH,VERIFIED,DOI_MATCH,Zotero's DOI appears in the document,100.0,0.001,True,False,True,4,4,1.0,True,False,12248,11,,IQ36WW32,,Combining Asset Accumulation and Multifamily Group Intervention to Improve Mental Health for Adolescent Girls: A Cluster-Randomized Trial in Uganda.
ZLVNAG8L,unlabelled,NIMH,VERIFIED,DOI_MATCH,Zotero's DOI appears in the document,100.0,0.01,True,False,True,10,10,1.0,True,True,9151,14,,TSIG8T8G,,"Rudi Kundini, Pamoja Kundini (RKPK): study protocol for a hybrid type 1 randomized effectiveness-implementation trial using data science and economic  incentive strategies to strengthen the continuity of care among people living  with HIV in Tanzania."
PKZFSUXD,unlabelled,NIMH,VERIFIED,DOI_MATCH,Zotero's DOI appears in the document,100.0,0.002,True,False,True,11,14,0.786,True,True,7573,16,,FBYN6BM7,,A peer-facilitated psychological group intervention for perinatal women living with HIV and depression in Tanzania-Healthy Options: A cluster-randomized  controlled trial.
3DBTDWCG,unlabelled,NIMH,VERIFIED,DOI_MATCH,Zotero's DOI appears in the document,100.0,0.002,True,False,True,9,13,0.692,True,True,8952,22,10.1371/journal; 10.7924/r4gh9jq3g,5KR4CCNA,,"Effectiveness of Group Problem Management Plus, a brief psychological intervention for adults affected by humanitarian disasters in Nepal: A cluster  randomized controlled trial."
4LRLTKSM,unlabelled,NIMH,VERIFIED,DOI_MATCH,Zotero's DOI appears in the document,100.0,0.001,True,False,True,10,11,0.909,True,True,8724,14,,PQTJ5S8C,,Comparing Implementation Strategies for an Evidence-Based Weight Management Program Delivered in Community Mental Health Programs: Protocol for a Pilot  Randomized Controlled Trial.
XF5NJ7RH,unlabelled,NIMH,VERIFIED,DOI_MATCH,Zotero's DOI appears in the document,100.0,0.0,True,False,True,7,7,1.0,True,True,12030,12,10.1037/vio0000136.supp,DSFRAD8E,,An Integrated Approach to Increasing Women's Empowerment and Reducing Domestic Violence: Results of a Cluster-Randomized Controlled Trial in a West African  Country.
9VHHMX8Z,unlabelled,NIMH,VERIFIED,DOI_MATCH,Zotero's DOI appears in the document,100.0,0.0,True,False,True,10,10,1.0,True,False,6717,14,,VUVJEAAJ,,Attention Test Improvements from a Cluster Randomized Controlled Trial of Caregiver Training for HIV-Exposed/Uninfected Ugandan Preschool Children.
EX9ZTEHA,unlabelled,NIMH,VERIFIED,DOI_MATCH,Zotero's DOI appears in the document,100.0,0.015,True,False,True,8,8,1.0,True,True,8962,16,,RG2B8XSN,,Advancing scalability and impacts of a teacher training program for promoting child mental health in Ugandan primary schools: protocol for a hybrid-type II  effectiveness-implementation cluster randomized trial.
YTTNMCKH,unlabelled,NIMH,VERIFIED,TITLE_AUTHOR_MATCH,title matches (100.0) and first author present; no DOI in text,100.0,0.002,False,False,True,4,4,1.0,True,False,11289,10,,QFF73EAV,,Impact of Stressful Climates on Provider Perceptions of Integrated Behavioral Health Services in Pediatric Primary Care: An Exploratory Study.
UJLD6YLW,unlabelled,NIMH,VERIFIED,DOI_MATCH,Zotero's DOI appears in the document,100.0,0.013,True,False,True,10,10,1.0,True,False,7462,12,,JRCD2MJC,,Effectiveness of a community-based intervention to prevent childhood TB in Lesotho.
FE6XSU5E,unlabelled,NIMH,VERIFIED,DOI_MATCH,Zotero's DOI appears in the document,100.0,0.014,True,False,True,11,11,1.0,True,True,9200,12,,W6M8G6NJ,,Implementing an evidence-based behavioral weight-loss program in community mental health centers: A randomized pilot study.
QGYV7YR8,unlabelled,NIMH,VERIFIED,DOI_MATCH,Zotero's DOI appears in the document,100.0,0.013,True,False,True,11,11,1.0,True,True,9276,11,,LKLCR9U7,,A Pilot Study to Evaluate the Impact of the HIV Infant Tracking System (HITSystem 2.0) on Priority Prevention of Mother-to-Child Transmission (PMTCT) Outcomes.
WGVFYM8S,unlabelled,NIMH,VERIFIED,DOI_MATCH,Zotero's DOI appears in the document,100.0,0.0,True,False,True,21,21,1.0,True,False,12030,12,,3MHCTNYF,,"Mixed-methods evaluation of a group psychosocial intervention for refugee, migrant and host community women in Ecuador and Panamá: Results from the Entre  Nosotras cluster randomized feasibility trial."
CQ8GJ22F,unlabelled,NIMH,VERIFIED,DOI_MATCH,Zotero's DOI appears in the document,100.0,0.0,True,False,True,11,11,1.0,True,False,12737,11,,H43GIQ2R,,Combining a guided self-help and brief alcohol intervention to improve mental health and reduce substance use among refugee men in Uganda: a cluster-randomized  feasibility trial.
SPB7VUWI,unlabelled,NIMH,VERIFIED,DOI_MATCH,Zotero's DOI appears in the document,100.0,0.0,True,False,True,4,4,1.0,True,False,11192,9,,E8Q429QI,,The impact of school support on depression among adolescent orphans: a cluster-randomized trial in Kenya.
L5GW7RPB,unlabelled,NIMH,VERIFIED,DOI_MATCH,Zotero's DOI appears in the document,100.0,0.0,True,False,True,1,6,0.167,True,False,6608,16,,UBU5MB7G,,"Adverse childhood experiences, adult anxiety and social capital among women in rural Kenya."
CEW8TCFI,unlabelled,NIMH,VERIFIED,DOI_MATCH,Zotero's DOI appears in the document,100.0,0.0,True,False,True,1,17,0.059,True,False,6297,15,,2GZ6N7UR,,Practice-based research networks add value to evidence-based quality improvement.
8KXTMJS4,unlabelled,NIMH,VERIFIED,DOI_MATCH,Zotero's DOI appears in the document,100.0,0.0,True,False,True,4,4,1.0,True,False,6931,21,,FNAAV4ZN,,Pilot randomized controlled trial of a video self-help intervention for depression based on acceptance and commitment therapy: Feasibility and  acceptability.
344WCQ25,unlabelled,NIMH,VERIFIED,DOI_MATCH,Zotero's DOI appears in the document,100.0,0.0,True,False,True,10,10,1.0,True,False,6349,18,,W7CCPZDG,,Integrating Youth Readiness Intervention and Entrepreneurship in Sierra Leone: A Hybrid Type II Cluster Randomized Trial.
BA5W46LR,unlabelled,NIMH,VERIFIED,DOI_MATCH,Zotero's DOI appears in the document,100.0,0.002,True,False,True,13,13,1.0,True,True,8058,22,,7M77K4M3,,Autism Caregiver Coaching in Africa (ACACIA): Protocol for a type 1-hybrid effectiveness-implementation trial.
BIDY9IEE,unlabelled,NIMH,VERIFIED,DOI_MATCH,Zotero's DOI appears in the document,100.0,0.367,True,False,True,11,11,1.0,True,True,8882,9,,UBY32E8T,,Treatment of Perinatal Depression and Correlates of Treatment Response Among Pregnant Women Living with HIV in Uganda.
EQTH4X7Z,unlabelled,NIMH,VERIFIED,DOI_MATCH,Zotero's DOI appears in the document,100.0,0.018,True,False,True,8,9,0.889,True,True,13424,12,,HMDF3G6H,,A systematic review of the engagement with social media-delivered interventions for improving health outcomes among sexual and gender minorities.
YCBXQNZJ,unlabelled,NIMH,VERIFIED,DOI_MATCH,Zotero's DOI appears in the document,100.0,0.011,True,False,True,15,15,1.0,True,True,9450,17,,5EAV8LWZ,,"Study protocol: cluster randomized trial of consultation strategies for the sustainment of mental health interventions in under-resourced urban schools:  rationale, design, and methods."
RCH9DS2X,unlabelled,NIMH,VERIFIED,DOI_MATCH,Zotero's DOI appears in the document,100.0,0.0,True,False,True,6,6,1.0,True,False,6182,18,,Q7HTIETB,,School Mental Health Curriculum Effects on Peer Violence Victimization and Perpetration: A Cluster-Randomized Trial.
SV3ZMW6V,unlabelled,NIMH,VERIFIED,DOI_MATCH,Zotero's DOI appears in the document,100.0,0.026,True,False,True,5,5,1.0,True,False,5553,13,,YUA55CK2,,Impact of Therapist Training on Parent Attendance in Mental Health Services for Children with ASD.
7U4A7DJX,unlabelled,NIMH,VERIFIED,DOI_MATCH,Zotero's DOI appears in the document,100.0,0.012,True,False,True,7,7,1.0,True,True,8812,8,,RMH3LTA9,,Standard Precautions are for everyone: The role of HIV stigma and implications for nursing education in India.
XY8FSK7D,unlabelled,NIMH,VERIFIED,DOI_MATCH,Zotero's DOI appears in the document,100.0,0.036,True,False,True,6,6,1.0,True,True,9458,11,,4A6F3BF9,,A Randomized Controlled Trial of the Effects of Early Intervention Services On Insight in First Episode Psychosis.
J3QCNUTC,unlabelled,NIMH,VERIFIED,DOI_MATCH,Zotero's DOI appears in the document,100.0,0.382,True,False,True,6,6,1.0,True,True,9591,11,,NSYYGYJQ,,Advancing sustainable implementation of an evidence-based mental health intervention in Sierra Leone's schools: protocol for a hybrid type 3  implementation-effectiveness trial.
2FHYXRIS,unlabelled,NIMH,VERIFIED,DOI_MATCH,Zotero's DOI appears in the document,100.0,0.017,True,False,True,8,8,1.0,True,True,11751,21,,JKZKB7UX,,Universal Teacher-Child Interaction Training in early childhood special education: A cluster randomized control trial.
DY89L5PP,unlabelled,NIMH,VERIFIED,DOI_MATCH,Zotero's DOI appears in the document,100.0,0.001,True,False,True,9,9,1.0,True,True,9802,16,,NSYUAWMP,,Harnessing Innovative Technologies to Train Nurses in Suicide Safety Planning With Hospitalized Patients: Protocol for Formative and Pilot Feasibility  Research.
KLK84DR3,unlabelled,NIMH,VERIFIED,DOI_MATCH,Zotero's DOI appears in the document,100.0,0.012,True,False,True,11,11,1.0,True,False,8939,18,,VUAZSBGV,,Systems analysis and improvement approach to optimize outpatient mental health treatment cascades in Mozambique (SAIA-MH): study protocol for a cluster  randomized trial.
FH65QPJH,unlabelled,NIMH,VERIFIED,DOI_MATCH,Zotero's DOI appears in the document,100.0,0.002,True,False,True,5,5,1.0,True,True,8137,13,10.1371/journal,GR89XJKQ,,"Assessing the efficacy of an integrated intervention to create demand for fishermen's schistosomiasis and HIV services (FISH) in Mangochi, Malawi: Study  protocol for a cluster randomized control trial."
ACF9HMZZ,unlabelled,NIMH,VERIFIED,DOI_MATCH,Zotero's DOI appears in the document,100.0,0.002,True,False,True,7,8,0.875,True,True,7985,18,10.7910/DVN/,I96PZQIV,,Effectiveness of integrated care for older adults with depression and hypertension in rural China: A cluster randomized controlled trial.
EYBLSWJ8,unlabelled,NIMH,VERIFIED,DOI_MATCH,Zotero's DOI appears in the document,100.0,0.003,True,False,True,7,7,1.0,True,True,9677,9,,5QK2FVDU,,Protocol of an ongoing randomized controlled trial of care management for comorbid depression and hypertension: the Chinese Older Adult Collaborations in  Health (COACH) study.
VMA794LJ,unlabelled,NIMH,VERIFIED,DOI_MATCH,Zotero's DOI appears in the document,100.0,-1.0,True,False,True,13,13,1.0,True,False,5372,17,,3CZ4UREB,,Implementation Science in Thailand: Design and Methods of a Geriatric Mental Health Cluster-Randomized Trial.
38YD53KC,unlabelled,NIMH,VERIFIED,DOI_MATCH,Zotero's DOI appears in the document,100.0,0.016,True,False,True,10,10,1.0,True,True,7962,20,,X5EZNNTI,,Lean Mass Improvement from Nutrition Education and Protein Supplementation among Rural Indian Women Living with HIV/AIDS: Results from Cluster Randomized  Factorial Trial at 18-Month Follow-Up.
UTCS2UU4,unlabelled,NIMH,VERIFIED,DOI_MATCH,Zotero's DOI appears in the document,100.0,0.003,True,False,True,11,11,1.0,True,True,9391,13,,ESVLR8JP,,Violence against children and intimate partner violence against women: overlap and common contributing factors among caregiver-adolescent dyads.
4LCCGNX4,unlabelled,NIMH,VERIFIED,DOI_MATCH,Zotero's DOI appears in the document,100.0,0.018,True,False,True,7,7,1.0,True,False,3524,21,,HSALM6MI,,Training Community Therapists in AIM HI: Individual Family and Neighborhood Factors and Child/Caregiver Outcomes.
G6MQ8LME,unlabelled,NIMH,VERIFIED,DOI_MATCH,Zotero's DOI appears in the document,100.0,0.0,True,False,True,6,6,1.0,True,False,6099,17,,XDPAZ6AI,,Psychotropic Medication Use by Children with Autism Served in Publicly Funded Mental Health Settings.
ZT7K54TX,unlabelled,NIMH,VERIFIED,DOI_MATCH,Zotero's DOI appears in the document,100.0,0.136,True,False,True,14,14,1.0,True,True,9144,19,,E7IW7M4A,,The Transdiagnostic Intervention for Sleep and Circadian Dysfunction (TranS-C) for serious mental illness in community mental health part 2: study protocol for  a hybrid type 2 effectiveness-implementation cluster-randomized trial using  train-the-trainer.
KV2ZVEL8,unlabelled,NIMH,VERIFIED,DOI_MATCH,Zotero's DOI appears in the document,100.0,0.002,True,False,True,5,5,1.0,True,False,11551,9,,N4ESZ3DU,,Patterns of and Factors Associated With Mental Health Service Utilization Among School-Going Adolescent Girls in Southwestern Uganda: A Latent Class Analysis.
Y2FW4WDH,unlabelled,NIMH,VERIFIED,DOI_MATCH,Zotero's DOI appears in the document,100.0,0.0,True,False,True,7,7,1.0,True,False,7175,17,10.1186/s12889-018-5604-5,M35Q8QHN,,The Short-Term Impact of a Combination Intervention on Depressive Symptoms Among School-Going Adolescent Girls in Southwestern Uganda: The Suubi4Her Cluster  Randomized Trial.
FBYWBD43,unlabelled,NIMH,VERIFIED,DOI_MATCH,Zotero's DOI appears in the document,100.0,0.03,True,False,True,11,11,1.0,True,True,7216,16,,RHXE45SE,,The longitudinal impact of an evidence-based multiple family group intervention (Amaka Amasanyufu) on family cohesion among children in Uganda: Analysis of the  cluster randomized SMART Africa-Uganda scale-up study (2016-2022).
BY9EH47B,unlabelled,NIMH,VERIFIED,DOI_MATCH,Zotero's DOI appears in the document,100.0,0.0,True,False,True,5,5,1.0,True,True,11071,10,,RDQE66I3,,Effectiveness of Training Therapists to Deliver An Individualized Mental Health Intervention for Children With ASD in Publicly Funded Mental Health Services: A  Cluster Randomized Clinical Trial.
I56L9JM9,unlabelled,NIMH,VERIFIED,DOI_MATCH,Zotero's DOI appears in the document,100.0,0.0,True,False,True,5,5,1.0,True,False,6684,22,,E8NM4K9S,,Training Community Therapists to Deliver an Individualized Mental Health Intervention for Autism Spectrum Disorder: Changes in Caregiver Outcomes and  Mediating Role on Child Outcomes.
LIRRU3J2,unlabelled,NIMH,VERIFIED,DOI_MATCH,Zotero's DOI appears in the document,100.0,0.002,True,False,True,8,8,1.0,True,False,11321,10,,66HR2KX5,,"Impact of Economic and Family Intervention on Adolescent Girls' Education Performance, School Absenteeism, and Behavior in School: The Suubi4Her Study."
3ZIS8AI2,unlabelled,NIMH,VERIFIED,DOI_MATCH,Zotero's DOI appears in the document,100.0,0.0,True,False,True,3,4,0.75,True,False,6836,24,,7QQJ7XRM,,A Method for Tracking Implementation Strategies: An Exemplar Implementing Measurement-Based Care in Community Behavioral Health Clinics.
3IRBAJ47,unlabelled,NIMH,VERIFIED,DOI_MATCH,Zotero's DOI appears in the document,100.0,0.051,True,False,True,11,11,1.0,True,True,10405,15,,C9J9N76B,,"Remote coaching for supporting the implementation of treatment for depression in primary care in Madhya Pradesh, India: protocol for a cluster randomized  controlled trial."
CGVYF8L3,unlabelled,NIMH,VERIFIED,DOI_MATCH,Zotero's DOI appears in the document,100.0,0.013,True,False,True,9,9,1.0,True,True,9048,16,,6ZYKMT2A,,Alternate delivery platforms and implementation models for bringing evidence-based behavioral interventions to scale for youth facing adversity: a  case study in West Africa.
EMLJCXF7,unlabelled,NIMH,VERIFIED,DOI_MATCH,Zotero's DOI appears in the document,100.0,0.001,True,False,True,9,9,1.0,True,True,10216,9,,73JY3NIH,,Mobile Mental Health in Women's Community-Based Organizations: Protocol for a Pilot Randomized Controlled Trial.
EJATNCJR,unlabelled,NIMH,VERIFIED,DOI_MATCH,Zotero's DOI appears in the document,100.0,0.0,True,False,True,8,8,1.0,True,False,6435,9,,XX52PG7D,,Longitudinal Remote Coaching for Implementation of Perinatal Collaborative Care: A Mixed-Methods Analysis.
A3E4SB57,unlabelled,NIMH,VERIFIED,DOI_MATCH,Zotero's DOI appears in the document,100.0,0.011,True,False,True,9,9,1.0,True,True,9200,17,,UF65CTKF,,Treatment Preferences for Pharmacological versus Psychological Interventions among Primary Care Providers in Nepal: Mixed Methods Analysis of a Pilot Cluster  Randomized Controlled Trial.
FIFGHE4Y,unlabelled,NIMH,VERIFIED,DOI_MATCH,Zotero's DOI appears in the document,100.0,0.0,True,False,True,10,10,1.0,True,False,6454,15,,VJTKIBQ6,,Youth Functioning and Organizational Success for West African Regional Development (Youth FORWARD): Study Protocol.
WJ8URXVX,unlabelled,NIMH,VERIFIED,DOI_MATCH,Zotero's DOI appears in the document,100.0,0.0,True,False,True,8,10,0.8,True,False,6535,22,,VR3R42V5,,"A religiously-tailored, multilevel intervention in African American churches to increase HIV testing: Rationale and design of the Taking It to the Pews cluster  randomized trial."
XKA6NEIX,unlabelled,NIMH,VERIFIED,DOI_MATCH,Zotero's DOI appears in the document,100.0,0.098,True,False,True,2,2,1.0,True,True,8698,9,,SCMWHZFB,,Socioeconomic status and the effectiveness of treatment for first-episode psychosis.
CZLTLHPV,unlabelled,NIMH,VERIFIED,DOI_MATCH,Zotero's DOI appears in the document,100.0,0.003,True,False,True,22,22,1.0,True,False,8954,16,,CDFS8SH6,,Study protocol for a type III hybrid effectiveness-implementation trial of strategies to implement firearm safety promotion as a universal suicide  prevention strategy in pediatric primary care.
YXASMVMY,unlabelled,NIMH,VERIFIED,DOI_MATCH,Zotero's DOI appears in the document,100.0,0.35,True,False,True,13,13,1.0,True,True,10017,16,,NJV5X2FN,,Virtual Learning Collaborative Compared to Technical Assistance as a Strategy for Implementing Health Promotion in Routine Mental Health Settings: A Hybrid Type 3  Cluster Randomized Trial.
Z7RGX4NC,unlabelled,NIMH,VERIFIED,DOI_MATCH,Zotero's DOI appears in the document,100.0,0.002,True,False,True,10,10,1.0,True,False,9594,8,,49YMU6ZG,,Development and implementation of a process evaluation for intervention quality improvement of a community-based behavioral HIV intervention trial in Tanzania.
H68GJTTC,unlabelled,NIMH,VERIFIED,DOI_MATCH,Zotero's DOI appears in the document,100.0,0.0,True,False,True,6,6,1.0,True,False,12881,9,,DLK2C3ZK,,"Effectiveness of a family violence prevention program on mental health outcomes for adult men and women in North Kivu, Democratic Republic of Congo: Insights  from a pilot trial."
FAB2W2PG,unlabelled,NIMH,VERIFIED,DOI_MATCH,Zotero's DOI appears in the document,100.0,0.0,True,False,True,2,18,0.111,True,False,6249,16,,W4CKRMFR,,Partners-based HIV treatment for seroconcordant couples attending antenatal and postnatal care in rural Mozambique: A cluster randomized trial protocol.
HZLCNBDC,unlabelled,NIMH,VERIFIED,DOI_MATCH,Zotero's DOI appears in the document,100.0,0.0,True,False,True,11,11,1.0,True,False,6583,21,,74E64QN6,,A virtual learning collaborative to implement health promotion in routine mental health settings: Protocol for a cluster randomized trial.
PS28LFVA,unlabelled,NIMH,VERIFIED,DOI_MATCH,Zotero's DOI appears in the document,100.0,0.011,True,False,True,13,13,1.0,True,False,12741,4,,VC5MTHX6,,Malaria Parasitemia and Nutritional Status during the Low Transmission Season in the Presence of Azithromycin Distribution among Preschool Children in Niger.
HZEJSB9F,unlabelled,NIMH,VERIFIED,DOI_MATCH,Zotero's DOI appears in the document,100.0,0.0,True,False,True,20,20,1.0,True,True,10828,11,,GWXBRBXA,,Effect of a Digital Intervention on Depressive Symptoms in Patients With Comorbid Hypertension or Diabetes in Brazil and Peru: Two Randomized Clinical Trials.
7YBX6GZ3,unlabelled,NIMH,VERIFIED,DOI_MATCH,Zotero's DOI appears in the document,100.0,0.02,True,False,True,11,11,1.0,True,True,5993,8,,SUCH72S3,,Community-level Association between Clinical Trachoma and Ocular Chlamydia Infection after MASS Azithromycin Distribution in a Mesoendemic Region of Niger.
6ZQ86YFI,unlabelled,NIMH,VERIFIED,TITLE_AUTHOR_MATCH,title matches (100.0) and first author present; no DOI in text,100.0,0.0,False,False,True,4,4,1.0,True,False,5914,5,,UR3LD48N,,Elevated homocysteine and depression outcomes in patients with comorbid medical conditions in rural primary care.
VCNVZJTG,unlabelled,NIMHD; NINR,VERIFIED,DOI_MATCH,Zotero's DOI appears in the document,100.0,0.0,True,False,True,13,13,1.0,True,False,6752,23,,CP3RMPUR,,Design and methodology of a cluster-randomized trial in early care and education centers to meet physical activity guidelines: Sustainability via Active Garden  Education (SAGE).
Y5ENNJAP,unlabelled,NIMHD; NINR,VERIFIED,DOI_MATCH,Zotero's DOI appears in the document,100.0,0.0,True,False,True,1,12,0.083,True,False,6907,18,,54NKUSCF,,Rationale and design of the Heart-to-Heart study: A church-based intervention to reduce blood pressure in African Americans.
7GDPM3GF,unlabelled,NIMHD; NINR,VERIFIED,DOI_MATCH,Zotero's DOI appears in the document,100.0,0.002,True,False,True,4,4,1.0,True,True,9245,6,,45QKVFAM,,Two Questions About the Design of Cluster Randomized Trials: A Tutorial.
JI6JH36Q,unlabelled,NIMHD,VERIFIED,DOI_MATCH,Zotero's DOI appears in the document,100.0,0.391,True,False,True,8,8,1.0,True,False,9472,18,,H2827X27,,Kids SIPsmartER reduces sugar-sweetened beverages among Appalachian middle-school students and their caregivers: a cluster randomized controlled trial.
PPBNLKC9,unlabelled,NIMHD,VERIFIED,DOI_MATCH,Zotero's DOI appears in the document,100.0,0.0,True,False,True,1,9,0.111,True,False,6670,38,,QFWSDBQQ,,"Kids SIPsmartER, a cluster randomized controlled trial and multi-level intervention to improve sugar-sweetened beverages behaviors among Appalachian  middle-school students: Rationale, design & methods."
8J6K7ZKU,unlabelled,NIMHD,VERIFIED,DOI_MATCH,Zotero's DOI appears in the document,100.0,0.002,True,False,True,10,10,1.0,True,False,10216,9,,S37GB7LE,,"Reach and Adoption of a Randomized Weight Loss Maintenance Trial in Rural African Americans of Faith: The WORD (Wholeness, Oneness, Righteousness, Deliverance)."
AB54UAKU,unlabelled,NIMHD,VERIFIED,DOI_MATCH,Zotero's DOI appears in the document,100.0,-1.0,True,False,True,6,6,1.0,True,False,6436,22,,6ZKJ3DUF,,The WORD: Outcomes of a Behavioral Weight Loss Maintenance Effectiveness Trial in Rural Black Adults of Faith.
NT6G599L,unlabelled,NIMHD,VERIFIED,DOI_MATCH,Zotero's DOI appears in the document,100.0,0.0,True,False,True,6,6,1.0,True,False,6529,15,,ZB8TZ7VX,,A parish-based multilevel cluster randomized controlled trial to reduce stigma and mental health treatment disparities among Latino communities.
AQB4Z5DG,unlabelled,NIMHD,VERIFIED,DOI_MATCH,Zotero's DOI appears in the document,100.0,0.0,True,False,True,15,15,1.0,True,False,11855,7,,DR8ADJAF,,HIV Prevention for Black Heterosexual Men: The Barbershop Talk with Brothers Cluster Randomized Trial.
DIM8AZI8,unlabelled,NIMHD,VERIFIED,DOI_MATCH,Zotero's DOI appears in the document,100.0,0.154,True,False,True,15,15,1.0,True,True,7866,18,,CAZM4UNQ,,Community Health workers United to Reduce Colorectal cancer and cardiovascular disease among people at Higher risk (CHURCH): study protocol for a randomized  controlled trial.
74QMEVDK,unlabelled,NIMHD,VERIFIED,DOI_MATCH,Zotero's DOI appears in the document,100.0,0.0,True,False,True,1,13,0.077,True,False,7080,25,,34NN8PJR,,Methods and rationale to assess the efficacy of a parenting intervention targeting diet improvement and substance use prevention among Latinx adolescents.
DBDV8T22,unlabelled,NIMHD,VERIFIED,DOI_MATCH,Zotero's DOI appears in the document,100.0,0.011,True,False,True,16,16,1.0,True,True,8699,24,,752TLKPX,,"Comparing two advance care planning conversation activities to motivate advance directive completion in underserved communities across the USA: The Project Talk  Trial study protocol for a cluster, randomized controlled trial."
S6DL478T,unlabelled,NIMHD,VERIFIED,DOI_MATCH,Zotero's DOI appears in the document,100.0,0.014,True,False,True,3,3,1.0,True,True,9166,11,,LQ9WU7FW,,A Cluster-Randomized Controlled Trial to Evaluate a Community-Based Healthy Eating and Nutrition Label Interpretation Intervention Among Latinx Immigrant  Mothers and Their Daughters.
NZJ9UL2Y,unlabelled,NIMHD,VERIFIED,DOI_MATCH,Zotero's DOI appears in the document,100.0,0.012,True,False,True,13,13,1.0,True,True,9215,12,,W9TZZMS6,,Community Walks: a cluster randomized controlled trial of a multilevel physical activity intervention for low income public housing residents.
GFMDQ3XU,unlabelled,NIMHD,VERIFIED,DOI_MATCH,Zotero's DOI appears in the document,100.0,0.02,True,False,True,13,13,1.0,True,True,13169,7,,265DMZU7,,Study protocol for family model diabetes self-management education with Marshallese participants in faith-based organizations.
NFB85JUN,unlabelled,NIMHD,VERIFIED,DOI_MATCH,Zotero's DOI appears in the document,100.0,0.0,True,False,True,4,4,1.0,True,False,9919,12,,BDUL8MKK,,The Role of Culture of Origin on the Effectiveness of a Parents-Involved Intervention to Prevent Substance Use Among Latino Middle School Youth: Results  of a Cluster Randomized Controlled Trial.
AZPI2DU9,unlabelled,NIMHD,VERIFIED,DOI_MATCH,Zotero's DOI appears in the document,100.0,-1.0,True,False,True,8,8,1.0,True,False,9993,12,,N669R4A8,,Better Me Within Randomized Trial: Faith-Based Diabetes Prevention Program for Weight Loss in African American Women.
BVP23UDL,unlabelled,NIMHD,VERIFIED,DOI_MATCH,Zotero's DOI appears in the document,100.0,0.132,True,False,True,6,6,1.0,True,True,9591,12,,R3MGGDJV,,Barriers and facilitators to implementing evidence-based interventions in the context of a randomized clinical trial in the United States: a qualitative study.
4IMAY622,unlabelled,NIMHD,VERIFIED,DOI_MATCH,Zotero's DOI appears in the document,100.0,0.01,True,False,True,1,8,0.125,True,True,13492,9,,U4H4XR8C,,"""iAlegrate!""-A culturally adapted positive psychological intervention for Hispanics/Latinos with hypertension: Rationale, design, and methods."
RAKVRPKK,unlabelled,NIMHD,VERIFIED,DOI_MATCH,Zotero's DOI appears in the document,100.0,0.389,True,False,True,9,9,1.0,True,False,9777,9,,3YBCN777,,The cost-efficacy of a healthy food box for managing hypertension within a native American population: a group randomized controlled trial.
BYSBU4XN,unlabelled,NIMHD,VERIFIED,DOI_MATCH,Zotero's DOI appears in the document,100.0,0.231,True,False,True,3,3,1.0,True,True,10017,17,10.1177/15579883231193235American,L73IC86T,,"Mighty Men: A Pilot Test of the Feasibility and Acceptability of a Faith-Based, Individually Tailored, Cluster-Randomized Weight Loss Trial for Middle-Aged and  Older African American Men."
LBB9QBKU,unlabelled,NIMHD,VERIFIED,DOI_MATCH,Zotero's DOI appears in the document,100.0,0.0,True,False,True,15,15,1.0,True,False,5406,16,,S6RZJWQU,,Lessons Learned from the Implementation of a Shared Community-Academic HIV Prevention Intervention.
INT3B8HW,unlabelled,NIMHD,VERIFIED,DOI_MATCH,Zotero's DOI appears in the document,100.0,0.039,True,False,True,9,9,1.0,True,True,11000,10,,KGUN5TRA,,Protocol for a Parallel Group Randomized Clinical Trial Comparing a Culturally Adapted Cognitive Behavioral Telerehabilitation Intervention to Usual Physical  Therapy for Latino Patients With Chronic Spine Pain.
VF6MM34V,unlabelled,NIMHD,VERIFIED,TITLE_AUTHOR_MATCH,title matches (100.0) and first author present; no DOI in text,100.0,0.0,False,False,True,5,5,1.0,True,True,9528,8,,9UE5P7A9,,A Social Care System Implemented in Pediatric Primary Care: A Cluster RCT.
PI6S6RYA,unlabelled,NIMHD,VERIFIED,DOI_MATCH,Zotero's DOI appears in the document,100.0,0.0,True,False,True,11,11,1.0,True,False,6492,19,,M8IEND78,,Vales+Tú: a cluster-randomized pilot study to reduce workplace injuries among US Latino day laborers.
MCEN2EXE,unlabelled,NIMHD,VERIFIED,DOI_MATCH,Zotero's DOI appears in the document,100.0,0.002,True,False,True,6,6,1.0,True,True,8341,14,10.1371/journal,E9PK66TM,,IMARA: A mother-daughter group randomized controlled trial to reduce sexually transmitted infections in Black/African-American adolescents.
WHIB7DT6,unlabelled,NIMHD,VERIFIED,DOI_MATCH,Zotero's DOI appears in the document,100.0,0.0,True,False,True,3,3,1.0,True,False,13496,11,,CPX25SJP,,HIV-risk reduction intervention for juvenile offenders on probation: The PHAT Life group randomized controlled trial.
UTRAIS84,unlabelled,NIMHD,VERIFIED,DOI_MATCH,Zotero's DOI appears in the document,100.0,0.002,True,False,True,9,11,0.818,True,False,9315,11,,3XI9HQFT,,"Eat, Pray, Move: A Pilot Cluster Randomized Controlled Trial of a Multilevel Church-Based Intervention to Address Obesity Among African Americans and Latinos."
PDRJNTJE,unlabelled,NIMHD,VERIFIED,DOI_MATCH,Zotero's DOI appears in the document,100.0,0.005,True,False,True,19,19,1.0,True,True,10643,14,,WKFADBLB,,Design of the Focus on Restaurant Engagement to Strengthen Health (FRESH) study: leveraging systems science to work with independently-owned restaurants to  increase access to and promotion of healthful foods.
M5CP2SBY,unlabelled,NIMHD,VERIFIED,DOI_MATCH,Zotero's DOI appears in the document,100.0,0.004,True,False,True,8,8,1.0,True,True,8543,13,,E2IXWQQW,,Effect of Telehealth Treatment by Lay Counselors vs by Clinicians on Depressive Symptoms Among Older Adults Who Are Homebound: A Randomized Clinical Trial.
YR2VCQ2C,unlabelled,NIMHD,VERIFIED,DOI_MATCH,Zotero's DOI appears in the document,100.0,0.0,True,False,True,7,7,1.0,True,True,11912,7,,7HUMTI3U,,Effectiveness of a Pediatric Primary Care Intervention to Increase Maternal Folate Use: Results from a Cluster Randomized Controlled Trial.
GIBMDRIQ,unlabelled,NIMHD,VERIFIED,DOI_MATCH,Zotero's DOI appears in the document,100.0,0.0,True,False,True,8,8,1.0,True,False,5815,21,,DDU2INMG,,Improving Depression Care for Adults With Serious Mental Illness in Underresourced Areas: Community Coalitions Versus Technical Support.
AUH7K3MQ,unlabelled,NINDS,VERIFIED,DOI_MATCH,Zotero's DOI appears in the document,100.0,0.0,True,False,True,6,7,0.857,True,True,6310,16,,TJA6VQ9V,,Improving Community Stroke Preparedness in the HHS (Hip-Hop Stroke) Randomized Clinical Trial.
EBH9FCBT,unlabelled,NINDS,VERIFIED,DOI_MATCH,Zotero's DOI appears in the document,100.0,0.001,True,False,True,18,18,1.0,True,False,8362,9,,LQLHXWW3,,Phone-based intervention for blood pressure control among Ghanaian stroke survivors: A pilot randomized controlled trial.
QE8MYCPB,unlabelled,NINDS,VERIFIED,DOI_MATCH,Zotero's DOI appears in the document,100.0,0.003,True,False,True,8,8,1.0,True,True,9228,11,,LKJVW4PY,,Stroke Minimization through Additive Anti-atherosclerotic Agents in Routine Treatment (SMAART): study protocol for a randomized controlled trial.
CXS3NMGB,unlabelled,NINDS,VERIFIED,DOI_MATCH,Zotero's DOI appears in the document,100.0,0.288,True,False,True,11,11,1.0,True,True,8152,10,,Y4SDMM39,,"Geographically Targeted Interventions versus Mass Drug Administration to Control Taenia solium Cysticercosis, Peru."
BRFLDQ65,unlabelled,NINDS,VERIFIED,DOI_MATCH,Zotero's DOI appears in the document,100.0,0.013,True,False,True,1,5,0.2,True,True,9600,8,,X9IASXJD,,Shake Rattle & Roll - Design and rationale for a pragmatic trial to improve blood pressure control among blacks with persistent hypertension.
4XJYKAQB,unlabelled,NINDS,VERIFIED,DOI_MATCH,Zotero's DOI appears in the document,100.0,0.0,True,False,True,16,63,0.254,True,True,11058,13,,KNZPKJXD,,Effect of Different Corticosteroid Dosing Regimens on Clinical Outcomes in Boys With Duchenne Muscular Dystrophy: A Randomized Clinical Trial.
ZY8UXIEH,unlabelled,NINR,VERIFIED,DOI_MATCH,Zotero's DOI appears in the document,100.0,0.0,True,False,True,10,10,1.0,True,True,11804,11,,ZAGJHWI2,,Effect of Varying Repositioning Frequency on Pressure Injury Prevention in Nursing Home Residents: TEAM-UP Trial Results.
NLB56I9J,unlabelled,NINR,VERIFIED,DOI_MATCH,Zotero's DOI appears in the document,100.0,0.02,True,False,True,15,15,1.0,True,True,12766,8,,I57PQBDW,,"Design of Lung Transplant Go (LTGO): A randomized controlled trial evaluating the efficacy of a telerehabilitation behavioral exercise intervention to improve  physical activity, physical function, and blood pressure control after lung  transplantation."
VFVDL8XM,unlabelled,NINR,VERIFIED,DOI_MATCH,Zotero's DOI appears in the document,100.0,0.001,True,False,True,4,4,1.0,True,True,10276,13,,IHTCUFZT,,"Promoting Small Business Support of Youth Physical Activity in Low-Income, Minority Neighborhoods: Protocol for a Randomized Controlled Trial."
XXPD75PY,unlabelled,NINR,VERIFIED,DOI_MATCH,Zotero's DOI appears in the document,100.0,0.0,True,False,True,1,8,0.125,True,False,6861,16,,9TDJAQIK,,SPIRIT trial: A phase III pragmatic trial of an advance care planning intervention in ESRD.
XUVH4DL3,unlabelled,NINR,VERIFIED,DOI_MATCH,Zotero's DOI appears in the document,100.0,0.004,True,False,True,11,11,1.0,True,True,8420,14,,PZFT9S63,,Effectiveness of an Advance Care Planning Intervention in Adults Receiving Dialysis and Their Families: A Cluster Randomized Clinical Trial.
CZ9NG9YT,unlabelled,NINR,VERIFIED,DOI_MATCH,Zotero's DOI appears in the document,100.0,0.0,True,False,True,3,3,1.0,True,False,6315,10,,NEB8RSXK,,Educating Nursing Home Staff in Dementia Sensitive Communication: Impact on Antipsychotic Medication Use.
NY45C2LX,unlabelled,NINR,VERIFIED,DOI_MATCH,Zotero's DOI appears in the document,100.0,0.001,True,False,True,19,19,1.0,True,True,9211,9,,7SDKEP4F,,The Communicating Narrative Concerns Entered by Registered Nurses (CONCERN) Clinical Decision Support Early Warning System: Protocol for a Cluster Randomized  Pragmatic Clinical Trial.
VNZDTWPG,unlabelled,NINR,VERIFIED,DOI_MATCH,Zotero's DOI appears in the document,100.0,0.012,True,False,True,6,6,1.0,True,True,9116,11,,F5SKQDTL,,Protocol for a multicenter-cluster randomized clinical trial of a motor skills intervention to promote physical activity and health in children: the CHAMP  afterschool program study.
M8JJPHT2,unlabelled,NINR,VERIFIED,DOI_MATCH,Zotero's DOI appears in the document,100.0,0.132,True,False,True,3,3,1.0,True,True,9280,14,,6CQUGNLB,,"Efficacy of DigiKnowItNews: Teen, a multimedia educational website for adolescents about pediatric clinical trials: study protocol for a randomized  controlled trial."
F8UC5X6G,unlabelled,NINR,VERIFIED,DOI_MATCH,Zotero's DOI appears in the document,100.0,0.007,True,False,True,5,5,1.0,True,False,8763,14,,7RF5TJ4X,,Nursing Assessment of Pressure Injury Risk with the Braden Scale Validated against Sensor-Based Measurement of Movement.
PUG2MK24,unlabelled,NINR,VERIFIED,DOI_MATCH,Zotero's DOI appears in the document,100.0,0.0,True,False,True,7,7,1.0,True,False,6212,25,,RNWM3R3X,,"Retention, adherence, and acceptability testing of a digital health intervention in a 3-group randomized controlled trial for chronic musculoskeletal pain."
8438VZYD,unlabelled,NINR,VERIFIED,DOI_MATCH,Zotero's DOI appears in the document,100.0,0.003,True,False,True,5,5,1.0,True,True,8996,10,,CX6I5MSM,,Online prenatal trial in mindfulness sleep management (OPTIMISM): protocol for a pilot randomized controlled trial.
QDEGQD4A,unlabelled,NINR,VERIFIED,DOI_MATCH,Zotero's DOI appears in the document,100.0,0.0,True,False,True,13,14,0.929,True,True,10708,10,,XT8KPF6G,,High-Flow Nasal Cannula Therapy for Exertional Dyspnea in Patients with Cancer: A Pilot Randomized Clinical Trial.
34S5YMAM,unlabelled,NINR,VERIFIED,DOI_MATCH,Zotero's DOI appears in the document,100.0,0.0,True,False,True,14,14,1.0,True,False,7105,26,,J3MG356G,,Facilitating communication for critically ill patients and their family members: Study protocol for two randomized trials implemented in the U.S. and France.
NK7JI63T,unlabelled,NINR,VERIFIED,DOI_MATCH,Zotero's DOI appears in the document,100.0,0.021,True,False,True,1,5,0.2,True,True,6284,23,,CLMGPCQW,,You-Me-Us: Results of a Cluster Randomized Trial of a Healthy Relationships Approach to Sexual Risk Reduction.
BGRBEJDC,unlabelled,NINR,VERIFIED,DOI_MATCH,Zotero's DOI appears in the document,100.0,0.197,True,False,True,12,12,1.0,True,True,12888,11,,A3FVE4E9,,Remote Therapy to Improve Outcomes in Lung Transplant Recipients: Design of the INSPIRE-III Randomized Clinical Trial.
NTWRLPLR,unlabelled,NINR,VERIFIED,DOI_MATCH,Zotero's DOI appears in the document,100.0,0.06,True,False,True,3,3,1.0,True,True,11151,10,10.1161/STROKEAHA.121.034090,WKR64X6K,,Systematic Review of the Evidence for Stroke Family Caregiver and Dyad Interventions.
FJG7PUGY,unlabelled,NINR,VERIFIED,DOI_MATCH,Zotero's DOI appears in the document,100.0,0.003,True,False,True,6,6,1.0,True,True,9069,9,,4B4HKPD7,,A cluster randomized controlled trial to assess the efficacy of a telehealth-based train-the-trainer mealtime intervention delivered by respite  care center volunteers to caregivers of persons with dementia to improve  nutritional outcomes and quality of life.
AI6IGYUX,unlabelled,NINR,VERIFIED,TITLE_AUTHOR_MATCH,title matches (100.0) and first author present; no DOI in text,100.0,0.0,False,False,True,3,3,1.0,True,False,5960,13,,S5YBLTT4,,A Health Literacy-Focused Self-Management Intervention for African Americans with High Blood Pressure: A Pilot Randomized Controlled Trial.
YS8G343M,unlabelled,NLM,VERIFIED,DOI_MATCH,Zotero's DOI appears in the document,100.0,0.044,True,False,True,3,3,1.0,True,True,4791,27,,HNEA2TSW,,Cluster Randomized Trials Designed to Support Generalizable Inferences.
9GYMMDHS,unlabelled,NLM,VERIFIED,DOI_MATCH,Zotero's DOI appears in the document,100.0,0.003,True,False,True,9,9,1.0,True,False,10414,10,,MQ56DB5R,,Using CDS Hooks to increase SMART on FHIR app utilization: a cluster-randomized trial.
4X4LV7H7,human_labelled,FinalCollectionFor Publication,VERIFIED,DOI_MATCH,Zotero's DOI appears in the document,100.0,0.003,True,False,True,5,5,1.0,True,True,8688,11,,PD9WKL77,,Colorectal Cancer Knowledge and Screening Change in African Americans: Implementation Phase Results of the EPICS Cluster RCT
RE9NAY8K,human_labelled,FinalCollectionFor Publication,VERIFIED,DOI_MATCH,Zotero's DOI appears in the document,100.0,0.004,True,False,True,14,14,1.0,True,True,13317,10,,BHLTJCE2,,Low-dose versus High-dose Carfilzomib with Dexamethasone (S1304) in Patients with Relapsed-Refractory Multiple Myeloma
767M69JK,human_labelled,FinalCollectionFor Publication,VERIFIED,DOI_MATCH,Zotero's DOI appears in the document,100.0,0.024,True,False,True,9,9,1.0,True,True,11531,6,,J53XFEB2,,Challenges and adaptations for a cluster-randomized control trial targeting parents of pediatric cancer survivors with obesity during the COVID-19 pandemic
X2MP4F7R,human_labelled,FinalCollectionFor Publication,VERIFIED,DOI_MATCH,Zotero's DOI appears in the document,100.0,-1.0,True,False,True,18,18,1.0,True,True,9396,10,,CTY7KBPF,,"Low-touch, team-based care for co-morbidity management in cancer patients: the ONE TEAM randomized controlled trial"
UMV6NC2L,human_labelled,FinalCollectionFor Publication,VERIFIED,DOI_MATCH,Zotero's DOI appears in the document,100.0,0.003,True,False,True,11,11,1.0,True,False,8535,16,,2VYU8KLF,,A cluster randomized controlled trial comparing Virtual Learning Collaborative and Technical Assistance strategies to implement an early palliative care program for patients with advanced cancer and their caregivers: a study protocol
NCY67FZ9,human_labelled,Both NCI and NHLBI,VERIFIED,DOI_MATCH,Zotero's DOI appears in the document,100.0,0.021,True,False,True,7,7,1.0,True,False,3019,21,,XKGDU2X5,,Changes in Moderate Intensity Physical Activity Are Associated With Better Cognition in the Multilevel Intervention for Physical Activity in Retirement Communities (MIPARC) Study
7MXH2IXG,human_labelled,FinalCollectionFor Publication,VERIFIED,DOI_MATCH,Zotero's DOI appears in the document,100.0,0.012,True,False,True,12,12,1.0,True,True,10289,9,,MG7ZJ8JM,,The shared uncertainty experience of older adults with advanced cancer and their caregivers
H2GLBZE4,human_labelled,FinalCollectionFor Publication,VERIFIED,DOI_MATCH,Zotero's DOI appears in the document,100.0,0.0,True,False,True,3,3,1.0,True,True,8615,9,,FZ6AWGJJ,,Randomized Controlled Trials
BR4Y6FSS,human_labelled,FinalCollectionFor Publication,VERIFIED,DOI_MATCH,Zotero's DOI appears in the document,100.0,0.003,True,False,True,8,8,1.0,True,False,9497,10,,XBGTMIGS,,"Utilization of Mobile Reminders in Improving the Completeness and Timeliness of Routine Childhood Immunization in Kano Metropolis, Nigeria: A Randomized Controlled Trial"
R7T6WKEW,human_labelled,FinalCollectionFor Publication,VERIFIED,DOI_MATCH,Zotero's DOI appears in the document,100.0,0.0,True,False,True,23,23,1.0,True,True,10447,12,,W8UQRIMP,,"Protocol paper: Multi-site, cluster-randomized clinical trial for optimizing functional outcomes of older cancer survivors after chemotherapy"
36I94AIH,human_labelled,FinalCollectionFor Publication,VERIFIED,DOI_MATCH,Zotero's DOI appears in the document,100.0,0.0,True,False,True,10,10,1.0,True,False,6627,17,,IIMTJGR9,,Protocol for a cluster-randomized trial of a school-based skin cancer preventive intervention for adolescents
BKND5GCR,human_labelled,FinalCollectionFor Publication,VERIFIED,DOI_MATCH,Zotero's DOI appears in the document,100.0,0.013,True,False,True,11,11,1.0,True,True,8878,9,,WDTCLT7R,,Successes and challenges of implementing a cancer care delivery intervention in community oncology practices: lessons learned from SWOG S1415CD
JW9782P3,human_labelled,FinalCollectionFor Publication,VERIFIED,DOI_MATCH,Zotero's DOI appears in the document,100.0,0.002,True,False,True,6,6,1.0,True,True,8860,5,,3ZQMGFUI,,A Comparison of Rural and Urban Hospice Family Caregivers' Cancer Pain Knowledge and Experience
EBWFU9KS,human_labelled,FinalCollectionFor Publication,VERIFIED,DOI_MATCH,Zotero's DOI appears in the document,100.0,0.002,True,False,True,8,8,1.0,True,False,11162,11,,KS2NSXZ8,,Assessment of COVID-19 Messaging Strategies to Increase Testing for Students With Intellectual and Developmental Disabilities
CMD8N46A,human_labelled,FinalCollectionFor Publication,VERIFIED,DOI_MATCH,Zotero's DOI appears in the document,100.0,0.003,True,False,True,7,7,1.0,True,False,9725,12,,7PYJXHJX,,"Developing an evidence-based program sustainability training curriculum: a group randomized, multi-phase approach"
KJSH6EBW,human_labelled,FinalCollectionFor Publication,VERIFIED,DOI_MATCH,Zotero's DOI appears in the document,100.0,-1.0,True,False,True,9,9,1.0,True,True,9308,14,,PPQS8RAZ,,Comparison of an automated smartphone-based smoking cessation intervention versus standard quitline-delivered treatment among underserved smokers: protocol for a randomized controlled trial
IB825UX2,human_labelled,FinalCollectionFor Publication,VERIFIED,DOI_MATCH,Zotero's DOI appears in the document,100.0,0.001,True,False,True,9,9,1.0,True,True,10307,17,,7QRCX9QS,,Evaluating the Efficacy of Automated Smoking Treatment for People With HIV: Protocol for a Randomized Controlled Trial
2RDD8DGI,human_labelled,FinalCollectionFor Publication,VERIFIED,DOI_MATCH,Zotero's DOI appears in the document,100.0,0.0,True,False,True,9,9,1.0,True,True,10187,8,,W9EANT3G,,Efficacy of Mobile Phone-Delivered Smoking Cessation Interventions for Socioeconomically Disadvantaged Individuals: A Randomized Clinical Trial
FRK7DQLC,human_labelled,FinalCollectionFor Publication,VERIFIED,DOI_MATCH,Zotero's DOI appears in the document,100.0,0.0,True,False,True,6,6,1.0,True,True,6302,17,,KWGSR9N9,,"Knowledge of colorectal cancer screening guidelines and intention to obtain screening among nonadherent Filipino, Hmong, and Korean Americans"
ZKY8XW5M,human_labelled,FinalCollectionFor Publication,VERIFIED,DOI_MATCH,Zotero's DOI appears in the document,100.0,0.012,True,False,True,3,3,1.0,True,True,9571,8,,E3GM3ZVJ,,Factors associated with HPV vaccination decision-making among Korean American women
W75ICDYI,human_labelled,FinalCollectionFor Publication,VERIFIED,DOI_MATCH,Zotero's DOI appears in the document,100.0,0.004,True,False,True,8,8,1.0,True,True,11305,7,,966PPGKC,,Association between advanced cancer patient-caregiver agreement regarding prognosis and hospice enrollment
CKCARQYN,human_labelled,FinalCollectionFor Publication,VERIFIED,DOI_MATCH,Zotero's DOI appears in the document,100.0,0.022,True,False,True,10,10,1.0,True,False,9347,9,,GSPAXE4X,,"Optimizing accrual to a large-scale, clinically integrated randomized trial in anesthesiology: A 2-year analysis of recruitment"
C69UAKKB,human_labelled,FinalCollectionFor Publication,VERIFIED,DOI_MATCH,Zotero's DOI appears in the document,100.0,0.0,True,False,True,13,13,1.0,True,False,6603,30,,KVUAAVRT,,Using increased trust in medical researchers to increase minority recruitment: The RECRUIT cluster randomized clinical trial
677HVIFJ,human_labelled,FinalCollectionFor Publication,VERIFIED,DOI_MATCH,Zotero's DOI appears in the document,100.0,0.004,True,False,True,23,23,1.0,True,True,11683,10,,3FVG5WXR,,Decision aids for localized prostate cancer in diverse minority men: Primary outcome results from a multicenter cancer care delivery trial (Alliance A191402CD)
WY9D5UIK,human_labelled,FinalCollectionFor Publication,VERIFIED,DOI_MATCH,Zotero's DOI appears in the document,100.0,0.0,True,False,True,7,7,1.0,True,True,10411,5,,W7MDQHN3,,"Oral cancer screening using mobile phone-based(mHealth) approach versus conventional oral examination approach, protocol of a cluster randomized study with cost-effectiveness analysis"
PDP273K4,human_labelled,FinalCollectionFor Publication,VERIFIED,DOI_MATCH,Zotero's DOI appears in the document,100.0,0.003,True,False,True,23,23,1.0,True,False,8948,12,,99SU9XNT,,Behavioral economic implementation strategies to improve serious illness communication between clinicians and high-risk patients with cancer: protocol for a cluster randomized pragmatic trial
9LTSBSEE,human_labelled,FinalCollectionFor Publication,VERIFIED,DOI_MATCH,Zotero's DOI appears in the document,100.0,0.0,True,False,True,18,18,1.0,True,True,10734,10,,CEFSFNLC,,Effect of Training Pediatric Clinicians in Human Papillomavirus Communication Strategies on Human Papillomavirus Vaccination Rates: A Cluster Randomized Clinical Trial
WZJBF75Y,human_labelled,FinalCollectionFor Publication,VERIFIED,DOI_MATCH,Zotero's DOI appears in the document,100.0,0.012,True,False,True,4,4,1.0,True,True,9585,14,,PGBVPN3H,,"Implementation fidelity, attitudes, and influence: a novel approach to classifying implementer behavior"
9JP85XCL,human_labelled,FinalCollectionFor Publication,PDF_UNREADABLE,NO_TEXT,no PDF on disk at data\raw_pdfs\Human Labelled Set\9JP85XCL.pdf,0.0,,,,,,,,,,0,0,,J95MVMM7,,The Development and Testing of a Point-of-Sale E-Cigarette Health Communication Campaign
2NRLZW3M,human_labelled,FinalCollectionFor Publication,VERIFIED,DOI_MATCH,Zotero's DOI appears in the document,100.0,0.017,True,False,True,12,12,1.0,True,True,7081,13,,CHDBAN6S,,Point-of-Sale Health Communication Campaigns for Cigarillos and Waterpipe Tobacco: Effects and Lessons Learned from Two Cluster Randomized Trials
IUEMQRU4,human_labelled,FinalCollectionFor Publication,VERIFIED,DOI_MATCH,Zotero's DOI appears in the document,100.0,0.0,True,False,True,1,9,0.111,True,False,6986,19,,5XV6UZAU,,A cluster-randomized control trial targeting parents of pediatric cancer survivors with obesity: Rationale and study protocol of NOURISH-T
54ZXRGZ7,human_labelled,FinalCollectionFor Publication,VERIFIED,DOI_MATCH,Zotero's DOI appears in the document,100.0,0.004,True,False,True,12,12,1.0,True,False,7940,9,,WNTXEGFM,,Priorities Wizard: Multisite Web-Based Primary Care Clinical Decision Support Improved Chronic Care Outcomes with High Use Rates and High Clinician Satisfaction Rates
J4BU3EEE,human_labelled,FinalCollectionFor Publication,VERIFIED,DOI_MATCH,Zotero's DOI appears in the document,100.0,0.0,True,False,True,4,4,1.0,True,False,5709,16,,2EAUERBC,,Leisure-Time Physical Activity and Characteristics of Social Network Support for Exercise Among Latinas
9DKJKFAS,human_labelled,FinalCollectionFor Publication,VERIFIED,DOI_MATCH,Zotero's DOI appears in the document,100.0,0.13,True,False,True,7,7,1.0,True,True,9432,18,,BW4VRWHL,,Effectiveness and implementation of mPATH™-CRC: a mobile health system for colorectal cancer screening
E92KWK4B,human_labelled,Both NCI and NHLBI,PDF_UNREADABLE,NO_TEXT,no PDF on disk at data\raw_pdfs\Human Labelled Set\E92KWK4B.pdf,0.0,,,,,,,,,,0,0,,ZWVHNBKP,,Process of Engaging Community and Scientific Partners in the Development of the CIRCL-Chicago Study Protocol
4RJRGIRQ,human_labelled,FinalCollectionFor Publication,VERIFIED,DOI_MATCH,Zotero's DOI appears in the document,100.0,0.001,True,False,True,6,6,1.0,True,True,8131,8,,LSPIDBC9,,Social support and breast cancer screening in rural Appalachia
46MFLID4,human_labelled,FinalCollectionFor Publication,VERIFIED,DOI_MATCH,Zotero's DOI appears in the document,100.0,0.027,True,False,True,12,12,1.0,True,True,8624,12,,XYJSVZ45,,"Nutritional impairment, psychological health and quality of life among older adults with advanced cancer: A secondary analysis of a randomized clinical trial"
SJVU6KJ3,human_labelled,FinalCollectionFor Publication,VERIFIED,DOI_MATCH,Zotero's DOI appears in the document,100.0,0.011,True,False,True,10,10,1.0,False,False,8505,13,10.1200/OP; 10.1200/OP.21,WVT65J3H,,"Effects of an Oncology Nurse-Led, Primary Palliative Care Intervention (CONNECT) on Illness Expectations Among Patients With Advanced Cancer"
PWWEDNNK,human_labelled,FinalCollectionFor Publication,VERIFIED,DOI_MATCH,Zotero's DOI appears in the document,100.0,0.0,True,False,True,11,12,0.917,True,False,6605,15,,5RW95BVQ,,"Assessing barriers to providing tobacco use disorder treatment in community mental health settings with a revised version of the Smoking Knowledge, Attitudes, and Practices (S-KAP) instrument"
M7JCMFJ7,human_labelled,FinalCollectionFor Publication,VERIFIED,DOI_MATCH,Zotero's DOI appears in the document,100.0,0.002,True,False,True,7,7,1.0,True,False,8686,9,,HEB59YKI,,Application of an innovative high-throughput liquid chromatography-tandem mass spectrometry method for simultaneous analysis of 18 hazardous drugs to rule out accidental acute chemotherapy exposures in health care workers
ZETJJPRR,human_labelled,FinalCollectionFor Publication,VERIFIED,DOI_MATCH,Zotero's DOI appears in the document,100.0,0.039,True,False,True,7,7,1.0,True,False,10666,8,,GPDUJGYH,,Effectiveness of a Multicomponent Strategy for Implementing Guidelines for Treating Tobacco Use in Vietnam Commune Health Centers
R8DWVW84,human_labelled,FinalCollectionFor Publication,VERIFIED,DOI_MATCH,Zotero's DOI appears in the document,100.0,0.012,True,False,True,6,6,1.0,True,True,11729,7,,JG3YFINW,,An analysis of adaptations to multi-level intervention strategies to enhance implementation of clinical practice guidelines for treating tobacco use in dental care settings
62TBCTHX,human_labelled,Both NCI and NHLBI,VERIFIED,DOI_MATCH,Zotero's DOI appears in the document,100.0,0.002,True,False,True,8,8,1.0,True,True,9385,10,,J64V58KH,,Examining Caregiver Outcomes in the CONNECT Intervention for Patients With Advanced Cancer
G4WN7HVX,human_labelled,FinalCollectionFor Publication,VERIFIED,DOI_MATCH,Zotero's DOI appears in the document,100.0,0.015,True,False,True,8,8,1.0,True,True,3931,21,,3PTGDS3X,,Poor patient health is associated with higher caregiver burden for older adults with advanced cancer
PWPJMUUS,human_labelled,FinalCollectionFor Publication,VERIFIED,DOI_MATCH,Zotero's DOI appears in the document,100.0,0.01,True,False,True,6,6,1.0,True,False,8948,12,,PS76UC7K,,"COVID-19 Related Protocol Considerations and Modifications within a Rural, Community-Engaged Health Promotion Randomized Trial"
VWDH6W8E,human_labelled,FinalCollectionFor Publication,VERIFIED,DOI_MATCH,Zotero's DOI appears in the document,100.0,0.012,True,False,True,15,15,1.0,True,True,9547,17,,YZ26TVDY,,Evaluation of a civic engagement approach to catalyze built environment change and promote healthy eating and physical activity among rural residents: a cluster (community) randomized controlled trial
EEIQW8EX,human_labelled,FinalCollectionFor Publication,VERIFIED,DOI_MATCH,Zotero's DOI appears in the document,100.0,0.0,True,False,True,15,15,1.0,True,True,10411,12,,MLIBNQFA,,Effect of a Mammography Screening Decision Aid for Women 75 Years and Older: A Cluster Randomized Clinical Trial
IWSKLNSK,human_labelled,FinalCollectionFor Publication,VERIFIED,TITLE_AUTHOR_MATCH,title matches (100.0) and first author present; no DOI in text,100.0,0.037,False,False,True,14,14,1.0,True,False,3754,30,,HMTJQX4F,,A randomized clinical trial testing two implementation strategies to promote the treatment of tobacco dependence in community mental healthcare
HJICVPT7,human_labelled,FinalCollectionFor Publication,VERIFIED,DOI_MATCH,Zotero's DOI appears in the document,100.0,0.002,True,False,True,13,13,1.0,True,True,12187,7,,GGVFQZBY,,An international randomized phase III trial of pulse actinomycin-D versus multi-day methotrexate for the treatment of low risk gestational trophoblastic neoplasia; NRG/GOG 275
HPIL7WVW,human_labelled,Both NCI and NHLBI,VERIFIED,DOI_MATCH,Zotero's DOI appears in the document,100.0,0.0,True,False,True,12,12,1.0,True,True,10690,10,,VQWWWRUQ,,Effect of an Oncology Nurse-Led Primary Palliative Care Intervention on Patients With Advanced Cancer: The CONNECT Cluster Randomized Clinical Trial
ASUUZY3Z,human_labelled,FinalCollectionFor Publication,VERIFIED,DOI_MATCH,Zotero's DOI appears in the document,100.0,0.0,True,False,True,3,3,1.0,True,True,7146,22,,B2C4DC9Z,,"HPV vaccine uptake among daughters of Latinx immigrant mothers: Findings from a cluster randomized controlled trial of a community-based, culturally relevant intervention"
ILWWS7LD,human_labelled,FinalCollectionFor Publication,VERIFIED,DOI_MATCH,Zotero's DOI appears in the document,100.0,0.01,True,False,True,10,10,1.0,True,True,9306,15,,DEA6XLHN,,The Transdiagnostic Intervention for Sleep and Circadian Dysfunction (TranS-C) for serious mental illness in community mental health part 3: study protocol to evaluate sustainment in a hybrid type 2 effectiveness-implementation cluster-randomized trial
8NX9CDB5,human_labelled,FinalCollectionFor Publication,VERIFIED,DOI_MATCH,Zotero's DOI appears in the document,100.0,0.0,True,False,True,14,14,1.0,True,False,6618,30,,MPT6WUZU,,"The Head and Neck Survivorship Tool (HN-STAR) Trial (WF-1805CD): A protocol for a cluster-randomized, hybrid effectiveness-implementation, pragmatic trial to improve the follow-up care of head and neck cancer survivors"
9U8SD7BK,human_labelled,FinalCollectionFor Publication,VERIFIED,DOI_MATCH,Zotero's DOI appears in the document,100.0,0.138,True,False,True,14,14,1.0,True,True,9307,12,,3LX8NGL2,,An effectiveness-implementation hybrid trial of phone-based tobacco cessation interventions in the Lebanese primary healthcare system: protocol for project PHOENICS
CKEF67C5,human_labelled,FinalCollectionFor Publication,VERIFIED,DOI_MATCH,Zotero's DOI appears in the document,100.0,0.0,True,False,True,15,15,1.0,True,True,10883,9,,E55YAE2Q,,Personalized Multilevel Intervention for Improving Appropriate Use of Colorectal Cancer Screening in Older Adults: A Cluster Randomized Clinical Trial
Y5J6YZK2,human_labelled,FinalCollectionFor Publication,VERIFIED,DOI_MATCH,Zotero's DOI appears in the document,100.0,0.03,True,False,True,7,7,1.0,True,True,8740,9,,NDI2LJFX,,Engaging diverse midlife and older adults in a multilevel participatory physical activity intervention: evaluating impacts using Ripple Effects Mapping
GISQ3U2U,human_labelled,FinalCollectionFor Publication,PDF_UNREADABLE,NO_TEXT,no PDF on disk at data\raw_pdfs\Human Labelled Set\GISQ3U2U.pdf,0.0,,,,,,,,,,0,0,,W6FBHT7C,,"A multi-level intervention in worksites to increase fruit and vegetable access and intake: Rationale, design and methods of the 'Good to Go' cluster randomized trial"
JM9T8XDZ,human_labelled,FinalCollectionFor Publication,VERIFIED,DOI_MATCH,Zotero's DOI appears in the document,100.0,0.003,True,False,True,10,10,1.0,True,True,9193,8,,YG26MPTF,,A randomized wait-list controlled trial of a social support intervention for caregivers of patients with primary malignant brain tumor
KMRQTRP3,human_labelled,FinalCollectionFor Publication,VERIFIED,DOI_MATCH,Zotero's DOI appears in the document,100.0,0.0,True,False,True,15,15,1.0,True,False,6754,17,,R3UZD6QM,,Clinician Prompts for Human Papillomavirus Vaccination: A Cluster Randomized Trial
BWZDZGKD,human_labelled,FinalCollectionFor Publication,VERIFIED,DOI_MATCH,Zotero's DOI appears in the document,100.0,0.004,True,False,True,16,16,1.0,True,True,8271,13,,9M5FP6X3,,Effects of a Guideline-Informed Clinical Decision Support System Intervention to Improve Colony-Stimulating Factor Prescribing: A Cluster Randomized Clinical Trial
S7VJ7LXE,human_labelled,FinalCollectionFor Publication,VERIFIED,DOI_MATCH,Zotero's DOI appears in the document,100.0,0.027,True,False,True,7,7,1.0,True,True,10475,8,,768GLCTY,,Decreasing polypharmacy in older adults with cancer: A pilot cluster-randomized trial protocol
GVSXRYPK,human_labelled,FinalCollectionFor Publication,VERIFIED,DOI_MATCH,Zotero's DOI appears in the document,100.0,0.0,True,False,True,10,10,1.0,True,False,6805,17,,97SD6F5E,,"Geriatric assessment-driven polypharmacy discussions between oncologists, older patients, and their caregivers"
I6GH9T7T,human_labelled,FinalCollectionFor Publication,VERIFIED,DOI_MATCH,Zotero's DOI appears in the document,100.0,0.0,True,False,True,12,12,1.0,True,True,9501,9,,98MVLAF3,,A Geriatric Assessment Intervention to Reduce Treatment Toxicity Among Older Adults With Advanced Lung Cancer: A Subgroup Analysis From a Cluster Randomized Controlled Trial
5KIH2CZ8,human_labelled,FinalCollectionFor Publication,VERIFIED,DOI_MATCH,Zotero's DOI appears in the document,100.0,0.003,True,False,True,15,15,1.0,True,True,9072,13,,WVE7NWQ5,,Improving the implementation and sustainment of evidence-based practices in community mental health organizations: a study protocol for a matched-pair cluster randomized pilot study of the Collaborative Organizational Approach to Selecting and Tailoring Implementation Strategies (COAST-IS)
CN8B23MZ,human_labelled,FinalCollectionFor Publication,VERIFIED,DOI_MATCH,Zotero's DOI appears in the document,100.0,0.022,True,False,True,5,5,1.0,True,True,9980,6,,PLTC8IV3,,Effects of a Faith-Based Obesity Intervention on African American and Latino Adults' Children
I6DQCI97,human_labelled,FinalCollectionFor Publication,VERIFIED,DOI_MATCH,Zotero's DOI appears in the document,100.0,0.003,True,False,True,15,15,1.0,True,False,8554,11,,HFRXNGPM,,Efficacy of the 'Stand and Move at Work' multicomponent workplace intervention to reduce sedentary time and improve cardiometabolic risk: a group randomized clinical trial
JBUFJCLU,human_labelled,FinalCollectionFor Publication,VERIFIED,DOI_MATCH,Zotero's DOI appears in the document,100.0,0.026,True,False,True,16,16,1.0,True,True,4833,2,,FKZCJ2QK,,"Correction to: A cluster randomized controlled trial for a multi-level, clinic-based smoking cessation program with women in Appalachian communities: study protocol for the ""Break Free"" program"
IT2B87LL,human_labelled,FinalCollectionFor Publication,PDF_UNREADABLE,NO_TEXT,no PDF on disk at data\raw_pdfs\Human Labelled Set\IT2B87LL.pdf,0.0,,,,,,,,,,0,0,,W3CKRXXA,,"A cluster randomized controlled trial for a multi-level, clinic-based smoking cessation program with women in Appalachian communities: study protocol for the ""Break Free"" program"
Z236TJTT,human_labelled,FinalCollectionFor Publication,PDF_UNREADABLE,NO_TEXT,no PDF on disk at data\raw_pdfs\Human Labelled Set\Z236TJTT.pdf,0.0,,,,,,,,,,0,0,,4U4QKIWV,,Healthy Pregnancies Project: Cluster Randomized Controlled Trial of a Community Intervention to Reduce Tobacco Use among Alaska Native Women
NQZZPYI4,human_labelled,FinalCollectionFor Publication,PDF_UNREADABLE,NO_TEXT,no PDF on disk at data\raw_pdfs\Human Labelled Set\NQZZPYI4.pdf,0.0,,,,,,,,,,0,0,,2RLCLLKC,,"Association of Tobacco Use During Pregnancy, Perceived Stress, and Depression Among Alaska Native Women Participants in the Healthy Pregnancies Project"
9THPD86J,human_labelled,FinalCollectionFor Publication,VERIFIED,DOI_MATCH,Zotero's DOI appears in the document,100.0,0.0,True,False,True,1,11,0.091,True,False,6150,24,,X3RKUF4U,,The Healthy Pregnancies Project: Study protocol and baseline characteristics for a cluster-randomized controlled trial of a community intervention to reduce tobacco use among Alaska Native pregnant women
URKTMCIE,human_labelled,FinalCollectionFor Publication,PDF_UNREADABLE,NO_TEXT,no PDF on disk at data\raw_pdfs\Human Labelled Set\URKTMCIE.pdf,0.0,,,,,,,,,,0,0,,LJWME6K8,,"Accelerating Colorectal Cancer Screening and Follow-up through Implementation Science (ACCSIS) in Appalachia: protocol for a group randomized, delayed intervention trial"
DJE2PNQA,human_labelled,FinalCollectionFor Publication,PDF_UNREADABLE,NO_TEXT,no PDF on disk at data\raw_pdfs\Human Labelled Set\DJE2PNQA.pdf,0.0,,,,,,,,,,0,0,,IPYJVGLX,,A randomized study to prevent lymphedema in women treated for breast cancer: CALGB 70305 (Alliance)
DEKG3YAI,human_labelled,FinalCollectionFor Publication,PDF_UNREADABLE,NO_TEXT,no PDF on disk at data\raw_pdfs\Human Labelled Set\DEKG3YAI.pdf,0.0,,,,,,,,,,0,0,,4WX72SZS,,A Group Randomized Trial to Reduce Obesity among Appalachian Church Members: The Walk by Faith Study
AQVRGUP7,human_labelled,FinalCollectionFor Publication,VERIFIED,DOI_MATCH,Zotero's DOI appears in the document,100.0,0.005,True,False,True,10,10,1.0,True,True,8231,8,,ZNK5HKCQ,,A randomized study to improve care for young women with breast cancer at community and academic medical oncology practices in the United States: The Young and Strong study
LPIT2KM5,human_labelled,FinalCollectionFor Publication,VERIFIED,DOI_MATCH,Zotero's DOI appears in the document,100.0,0.001,True,False,True,11,11,1.0,True,True,9787,7,,FLSGMB9Z,,Cancer worry and empathy moderate the effect of a survivorship-focused intervention on quality of life
CJ2GF4QD,human_labelled,FinalCollectionFor Publication,VERIFIED,DOI_MATCH,Zotero's DOI appears in the document,100.0,0.004,True,False,True,14,14,1.0,True,True,10480,10,,XNEUMW3P,,Efficacy of a survivorship-focused consultation versus a time-controlled rehabilitation consultation in patients with lymphoma: A cluster randomized controlled trial
3I2K6X84,human_labelled,FinalCollectionFor Publication,VERIFIED,DOI_MATCH,Zotero's DOI appears in the document,100.0,0.138,True,False,True,5,5,1.0,True,True,9030,12,,RESVU4WA,,Implementation of an mHealth intervention to increase adherence to triage among HPV positive women with HPV-self-collection (ATICA study): post-implementation evaluation from the women's perspective
DM2HM3XH,human_labelled,FinalCollectionFor Publication,VERIFIED,DOI_MATCH,Zotero's DOI appears in the document,100.0,0.0,True,False,True,22,22,1.0,True,True,10488,7,,V7CKGC4K,,Association of Long-term Outcomes With Stereotactic Radiosurgery vs Whole-Brain Radiotherapy for Resected Brain Metastasis: A Secondary Analysis of The N107C/CEC.3 (Alliance for Clinical Trials in Oncology/Canadian Cancer Trials Group) Randomized Clinical Trial
FCXQJYSP,human_labelled,FinalCollectionFor Publication,VERIFIED,DOI_MATCH,Zotero's DOI appears in the document,100.0,0.0,True,False,True,7,7,1.0,True,False,5898,8,10.1200/JCO.2018.36.30_suppl.175,UGXQMDHV,,Lessons learned from conducting the first cancer care delivery trial in the Alliance for Clinical Trials in Oncology (Alliance A191402CD)
BAABE7JM,human_labelled,FinalCollectionFor Publication,VERIFIED,DOI_MATCH,Zotero's DOI appears in the document,100.0,0.003,True,False,True,19,19,1.0,True,True,9239,9,,WZ38YF3W,,"The comparative effectiveness of decision aids in diverse populations with early stage prostate cancer: a study protocol for a cluster-randomized controlled trial in the NCI Community Oncology Research Program (NCORP), Alliance A191402CD"
IPP52WKG,human_labelled,FinalCollectionFor Publication,VERIFIED,DOI_MATCH,Zotero's DOI appears in the document,100.0,0.018,True,False,True,5,5,1.0,True,True,6623,10,,5XWRTFSZ,,Comparison of patient flow and provider efficiency of two delivery strategies for HPV-based cervical cancer screening in Western Kenya: a time and motion study
KI6F3YXL,human_labelled,FinalCollectionFor Publication,VERIFIED,DOI_MATCH,Zotero's DOI appears in the document,100.0,0.021,True,False,True,7,7,1.0,True,False,10682,6,,RFLUE725,,Depressive Symptoms in Caregivers of Hospice Cancer Patients
YQC5A963,human_labelled,FinalCollectionFor Publication,VERIFIED,DOI_MATCH,Zotero's DOI appears in the document,100.0,0.14,True,False,True,12,12,1.0,True,False,8997,16,,A6H6L5KH,,Comparative effectiveness of implementation strategies for Accelerating Cervical Cancer Elimination through the integration of Screen-and-treat Services (ACCESS study): protocol for a cluster randomized hybrid type III trial in Nigeria
3YMCRN5A,human_labelled,FinalCollectionFor Publication,VERIFIED,DOI_MATCH,Zotero's DOI appears in the document,100.0,0.003,True,False,True,7,7,1.0,True,True,8966,10,,4B468EZ6,,Perspectives of women participating in a cervical cancer screening campaign with community-based HPV self-sampling in rural western Kenya: a qualitative study
BYJKEDQI,human_labelled,FinalCollectionFor Publication,VERIFIED,DOI_MATCH,Zotero's DOI appears in the document,100.0,0.011,True,False,True,5,5,1.0,True,True,9474,12,,2IPWSA38,,The smoke-free home study: study protocol for a cluster randomized controlled trial of a smoke-free home intervention in permanent supportive housing
HLQA5RI6,human_labelled,Both NCI and NHLBI,PDF_UNREADABLE,NO_TEXT,no PDF on disk at data\raw_pdfs\Human Labelled Set\HLQA5RI6.pdf,0.0,,,,,,,,,,0,0,,AP5YM343,,Teaching Medical Students to Help Patients Manage Their Weight: Outcomes of an Eight-School Randomized Controlled Trial
I4N8RJX7,human_labelled,FinalCollectionFor Publication,VERIFIED,DOI_MATCH,Zotero's DOI appears in the document,100.0,0.0,True,False,True,19,19,1.0,True,False,6049,23,,DQ6HBNXJ,,Design and rationale of the medical students learning weight management counseling skills (MSWeight) group randomized controlled trial
SUANA8ET,human_labelled,FinalCollectionFor Publication,VERIFIED,DOI_MATCH,Zotero's DOI appears in the document,100.0,0.002,True,False,True,5,5,1.0,True,True,9380,12,,DZI5FDP3,,Moderators of the effectiveness of an intervention to increase colorectal cancer screening through mailed fecal immunochemical test kits: results from a pragmatic randomized trial
DGEX5HE7,human_labelled,FinalCollectionFor Publication,VERIFIED,DOI_MATCH,Zotero's DOI appears in the document,100.0,0.005,True,False,True,8,8,1.0,True,True,7699,14,,FQ5D9FAW,,Impact of Vaping Prevention Advertisements on US Adolescents: A Randomized Clinical Trial
93TLFX62,human_labelled,FinalCollectionFor Publication,VERIFIED,DOI_MATCH,Zotero's DOI appears in the document,100.0,0.167,True,False,True,6,6,1.0,True,True,8564,10,10.1177/1757975919854032Scholarly,JZKGKKPF,,Impact of a tobacco cessation intervention on adherence to tobacco use treatment guidelines among village health workers in Vietnam
BZHD4F63,human_labelled,FinalCollectionFor Publication,VERIFIED,DOI_MATCH,Zotero's DOI appears in the document,100.0,0.004,True,False,True,16,16,1.0,True,True,11452,10,,PBR67AFA,,Health-related quality of life outcomes for the LEAP study-CALGB 70305 (Alliance): A lymphedema prevention intervention trial for newly diagnosed breast cancer patients
XSWEUIXG,human_labelled,FinalCollectionFor Publication,VERIFIED,DOI_MATCH,Zotero's DOI appears in the document,100.0,0.002,True,False,True,6,6,1.0,True,True,11206,8,,HWSK2VY7,,Smoking Cessation Treatment for Parents Who Dual Use E-Cigarettes and Traditional Cigarettes
LWBKGLCW,human_labelled,FinalCollectionFor Publication,VERIFIED,DOI_MATCH,Zotero's DOI appears in the document,100.0,0.002,True,False,True,8,8,1.0,True,False,10668,7,,NHBNX6CP,,A Cluster Randomized Controlled Trial of a Primary Care Provider-Delivered Social Media Counseling Intervention
LNWR884A,human_labelled,FinalCollectionFor Publication,VERIFIED,DOI_MATCH,Zotero's DOI appears in the document,100.0,0.012,True,False,True,8,8,1.0,True,False,9454,11,,7J4DY4ZH,,Action planning for building public health program sustainability: results from a group-randomized trial
4HG9V6HL,human_labelled,FinalCollectionFor Publication,VERIFIED,DOI_MATCH,Zotero's DOI appears in the document,100.0,0.009,True,False,True,4,4,1.0,True,False,10148,11,,ABHUW9L4,,Psychological and behavioral pathways between perceived stress and weight change in a behavioral weight loss intervention
25SMNHQG,human_labelled,FinalCollectionFor Publication,VERIFIED,DOI_MATCH,Zotero's DOI appears in the document,100.0,0.376,True,False,True,12,12,1.0,True,True,9123,8,,Z4DRQ9DA,,Self-reported cardiovascular disease risk factor screening among people living with HIV vs. members of the general population in Botswana: a community-based study
D7FNGV5H,human_labelled,FinalCollectionFor Publication,VERIFIED,DOI_MATCH,Zotero's DOI appears in the document,100.0,0.0,True,False,True,24,24,1.0,True,True,10821,9,,2J4RZ5MZ,,Communication With Older Patients With Cancer Using Geriatric Assessment: A Cluster-Randomized Clinical Trial From the National Cancer Institute Community Oncology Research Program
GQ47R7MS,human_labelled,FinalCollectionFor Publication,VERIFIED,DOI_MATCH,Zotero's DOI appears in the document,100.0,0.01,True,False,True,10,10,1.0,True,True,9652,7,10.21203/rs.3.rs-,XVEL9587,,Symptom Burden and Shared Care Planning in an Oncology Nurse-Led Primary Palliative Care Intervention (CONNECT) for Patients with Advanced Cancer
SU8TVFGH,human_labelled,FinalCollectionFor Publication,VERIFIED,DOI_MATCH,Zotero's DOI appears in the document,100.0,0.053,True,False,True,8,8,1.0,True,False,6159,12,,98KDPH8E,,Cost and cost-effectiveness of the 'Stand and Move at Work' multicomponent intervention to reduce workplace sedentary time and cardiometabolic risk
X9X3VGJK,human_labelled,FinalCollectionFor Publication,VERIFIED,DOI_MATCH,Zotero's DOI appears in the document,100.0,0.0,True,False,True,4,4,1.0,True,False,6505,17,,79B4AV9A,,A cost-effectiveness analysis of a colorectal cancer screening program in safety net clinics
C9P63S2B,human_labelled,FinalCollectionFor Publication,VERIFIED,DOI_MATCH,Zotero's DOI appears in the document,100.0,0.144,True,False,True,9,9,1.0,True,True,9008,14,,DIV2Z8BC,,Team-focused implementation strategies to improve implementation of mental health screening and referral in rural Children's Advocacy Centers: study protocol for a pilot cluster randomized hybrid type 2 trial
JJF6XXQG,human_labelled,FinalCollectionFor Publication,VERIFIED,TITLE_AUTHOR_MATCH,title matches (100.0) and first author present; no DOI in text,100.0,0.0,False,False,True,13,13,1.0,True,True,6134,21,,YBSAPJLT,,Community-Clinical Linkage Intervention to Improve Colorectal Cancer Screening Among Underserved Korean Americans
QGRTXZZH,human_labelled,FinalCollectionFor Publication,PDF_UNREADABLE,NO_TEXT,no PDF on disk at data\raw_pdfs\Human Labelled Set\QGRTXZZH.pdf,0.0,,,,,,,,,,0,0,,DCVVESPP,,Efficacy of a community-based participatory and multilevel intervention to enhance hepatitis B virus screening and vaccination in underserved Korean Americans
AAZLFUJE,human_labelled,FinalCollectionFor Publication,VERIFIED,DOI_MATCH,Zotero's DOI appears in the document,100.0,0.017,True,False,True,15,15,1.0,True,True,7738,10,,EKBFQC7R,,A pragmatic randomized trial of mailed fecal immunochemical testing to increase colorectal cancer screening among low-income and minoritized populations
99MJ924A,human_labelled,FinalCollectionFor Publication,VERIFIED,DOI_MATCH,Zotero's DOI appears in the document,100.0,0.004,True,False,True,9,9,1.0,True,True,10965,9,,6PW3PSRD,,"Prognostic accuracy of patients, caregivers, and oncologists in advanced cancer"
GVQJHIGK,human_labelled,FinalCollectionFor Publication,VERIFIED,DOI_MATCH,Zotero's DOI appears in the document,100.0,0.006,True,False,True,4,4,1.0,True,True,9131,15,,SHBUYHLC,,Efficacy of an Enhanced Implementation Strategy to Increase Parent Engagement with a Health Promotion Program in Childcare
GX655FV4,human_labelled,FinalCollectionFor Publication,VERIFIED,TITLE_AUTHOR_MATCH,title matches (100.0) and first author present; no DOI in text,100.0,0.001,False,False,True,12,12,1.0,True,False,2421,40,,CSTZ7946,,A protocol for a cluster randomized trial of care delivery models to improve the quality of smoking cessation and shared decision making for lung cancer screening
B6VJ22FA,human_labelled,Both NCI and NHLBI,VERIFIED,DOI_MATCH,Zotero's DOI appears in the document,100.0,0.027,True,False,True,8,8,1.0,True,True,8449,9,10.1177/02692163231214422Palliative,XHUL6KY2,,Hope and illness expectations: A cross-sectional study in patients with advanced cancer
IXGWRWKV,human_labelled,FinalCollectionFor Publication,VERIFIED,DOI_MATCH,Zotero's DOI appears in the document,100.0,0.011,True,False,True,11,11,1.0,True,False,9071,16,,E8SIZ8FF,,"Assessing the sustainability of the Systems Analysis and Improvement Approach to increase HIV testing in family planning clinics in Mombasa, Kenya: results of a cluster randomized trial"
ALFCPWRB,human_labelled,FinalCollectionFor Publication,VERIFIED,DOI_MATCH,Zotero's DOI appears in the document,100.0,0.0,True,False,True,19,19,1.0,True,True,11434,8,,WI7GBXBD,,"Caregiver-Oncologist Prognostic Concordance, Caregiver Mastery, and Caregiver Psychological Health and Quality of Life"
HA9IHJB6,human_labelled,FinalCollectionFor Publication,VERIFIED,DOI_MATCH,Zotero's DOI appears in the document,100.0,0.002,True,False,True,14,14,1.0,True,True,9038,8,,NWTGH6HD,,Associations of Caregiver-Oncologist Discordance in Prognostic Understanding With Caregiver-Reported Therapeutic Alliance and Anxiety
HI3CPFP8,human_labelled,FinalCollectionFor Publication,VERIFIED,DOI_MATCH,Zotero's DOI appears in the document,100.0,0.0,True,False,True,17,17,1.0,True,False,6475,10,,Z94PHRWW,,Relationships of self-perceived age with geriatric assessment domains in older adults with cancer
7BJRB6LP,human_labelled,FinalCollectionFor Publication,VERIFIED,DOI_MATCH,Zotero's DOI appears in the document,100.0,0.0,True,False,True,19,19,1.0,True,True,11645,11,,8JKYPWSP,,"Beliefs About Advanced Cancer Curability in Older Patients, Their Caregivers, and Oncologists"
RHQWSFTR,human_labelled,FinalCollectionFor Publication,VERIFIED,DOI_MATCH,Zotero's DOI appears in the document,100.0,0.001,True,False,True,4,4,1.0,True,True,9951,22,,ALB8VS65,,An overview of optimal designs under a given budget in cluster randomized trials with a binary outcome
4T9MTMMP,human_labelled,FinalCollectionFor Publication,VERIFIED,DOI_MATCH,Zotero's DOI appears in the document,100.0,0.003,True,False,True,8,8,1.0,True,True,10999,8,,KFMHPT9B,,Prevention of Alcohol-related Incidents in the U.S. Air Force: Results From a Cluster Randomized Trial
IR9N2LY8,human_labelled,FinalCollectionFor Publication,VERIFIED,DOI_MATCH,Zotero's DOI appears in the document,100.0,0.005,True,False,False,0,30,0.0,True,True,10916,12,,UIEPEAT5,,"A cluster-randomized trial of water, sanitation, handwashing and nutritional interventions on stress and epigenetic programming"
ULPYQHXX,human_labelled,FinalCollectionFor Publication,VERIFIED,DOI_MATCH,Zotero's DOI appears in the document,100.0,0.013,True,False,True,9,9,1.0,True,True,9612,9,,86ZL86GF,,Effects of an educational physical activity intervention in young women with newly diagnosed breast cancer: Findings from the Young and Strong Study
JMLTZFI8,human_labelled,FinalCollectionFor Publication,PDF_UNREADABLE,NO_TEXT,no PDF on disk at data\raw_pdfs\Human Labelled Set\JMLTZFI8.pdf,0.0,,,,,,,,,,0,0,,KDGUHZLL,,"A Cluster-Randomized Trial of a Mobile Produce Market Program in 12 Communities in North Carolina: Program Development, Methods, and Baseline Characteristics"
DKMFB69S,human_labelled,FinalCollectionFor Publication,VERIFIED,DOI_MATCH,Zotero's DOI appears in the document,100.0,0.002,True,False,True,8,8,1.0,True,False,9361,11,,G2V6C9PH,,Cluster randomized controlled trial of a mobile market intervention to increase fruit and vegetable intake among adults in lower-income communities in North Carolina
NMNK2UJG,human_labelled,FinalCollectionFor Publication,VERIFIED,DOI_MATCH,Zotero's DOI appears in the document,100.0,0.003,True,False,True,7,7,1.0,True,True,9106,14,,TAL28Q4L,,Assessing the effectiveness of training models for national scale-up of an evidence-based nutrition and physical activity intervention: a group randomized trial
ABV8X64G,human_labelled,FinalCollectionFor Publication,VERIFIED,DOI_MATCH,Zotero's DOI appears in the document,100.0,0.0,True,False,True,8,8,1.0,True,False,7798,23,,EDDXMCKE,,"Impact of the Out-of-School Nutrition and Physical Activity (OSNAP) Group Randomized Controlled Trial on Children's Food, Beverage, and Calorie Consumption among Snacks Served"
B9YG8GYQ,human_labelled,FinalCollectionFor Publication,VERIFIED,DOI_MATCH,Zotero's DOI appears in the document,100.0,0.014,True,False,True,11,11,1.0,True,True,9358,16,,FLFZ7HUC,,Sustainability via Active Garden Education: The Sustainability Action Plan Model and Process
2LUUC2WH,human_labelled,FinalCollectionFor Publication,VERIFIED,DOI_MATCH,Zotero's DOI appears in the document,100.0,0.0,True,False,True,10,10,1.0,True,False,6495,18,,9IN7VH2U,,The impact of a brief cessation induction intervention for waterpipe tobacco smoking: A pilot randomized clinical trial
VIYWFDG9,human_labelled,FinalCollectionFor Publication,VERIFIED,DOI_MATCH,Zotero's DOI appears in the document,100.0,0.03,True,False,True,10,10,1.0,True,True,4421,22,,6ITHYWI7,,Fear of cancer recurrence in lymphoma survivors: A descriptive study
BYZJM332,human_labelled,FinalCollectionFor Publication,VERIFIED,DOI_MATCH,Zotero's DOI appears in the document,100.0,0.007,True,False,True,13,13,1.0,True,True,8542,15,,A2SBLEXB,,Patient and Clinician Decision Support to Increase Genetic Counseling for Hereditary Breast and Ovarian Cancer Syndrome in Primary Care: A Cluster Randomized Clinical Trial
6XFGQN39,human_labelled,FinalCollectionFor Publication,VERIFIED,DOI_MATCH,Zotero's DOI appears in the document,100.0,-1.0,True,False,True,12,12,1.0,True,True,9100,14,,9UAFXNRV,,Enhanced care planning and clinical-community linkages versus usual care to address basic needs of patients with multiple chronic conditions: a clinician-level randomized controlled trial
JCPBMIPX,human_labelled,FinalCollectionFor Publication,VERIFIED,DOI_MATCH,Zotero's DOI appears in the document,100.0,0.436,True,False,True,11,11,1.0,True,False,12016,10,,9VNK8X82,,Cluster-randomized trial comparing organizationally tailored versus standard approach for integrating an evidence-based cancer control intervention into African American churches
VPCPTPZL,human_labelled,FinalCollectionFor Publication,VERIFIED,DOI_MATCH,Zotero's DOI appears in the document,100.0,0.014,True,False,True,14,14,1.0,False,False,6866,12,,TNZNHZZD,,Using Geriatric Assessment to Guide Conversations Regarding Comorbidities Among Older Patients With Advanced Cancer
DPPC94XT,human_labelled,Both NCI and NHLBI,PDF_UNREADABLE,NO_TEXT,no PDF on disk at data\raw_pdfs\Human Labelled Set\DPPC94XT.pdf,0.0,,,,,,,,,,0,0,,R3FTFUPB,,"Testing the effectiveness of community-engaged citizen science to promote physical activity, foster healthier neighborhood environments, and advance health equity in vulnerable communities: The Steps for Change randomized controlled trial design and methods"
X2MXMQA7,human_labelled,FinalCollectionFor Publication,VERIFIED,DOI_MATCH,Zotero's DOI appears in the document,100.0,0.0,True,False,True,12,12,1.0,True,True,10417,10,,BSCM9R3E,,Effects of Counseling by Peer Human Advisors vs Computers to Increase Walking in Underserved Populations: The COMPASS Randomized Clinical Trial
ZXHI8G3B,human_labelled,FinalCollectionFor Publication,VERIFIED,DOI_MATCH,Zotero's DOI appears in the document,100.0,0.004,True,False,True,14,14,1.0,True,False,8977,13,,XJ5U96ZI,,Impact of a Multidisciplinary Supportive Care Model Using Distress Screening at an Asian Ambulatory Cancer Center: A Cluster Randomized Controlled Trial
EYSSMC5T,human_labelled,FinalCollectionFor Publication,VERIFIED,DOI_MATCH,Zotero's DOI appears in the document,100.0,0.001,True,False,True,6,6,1.0,True,False,10150,10,,RFJLXJ4F,,"A Middle School Program to Prevent E-Cigarette Use: A Pilot Study of ""CATCH My Breath"""
RM444G67,human_labelled,FinalCollectionFor Publication,VERIFIED,DOI_MATCH,Zotero's DOI appears in the document,100.0,0.0,True,False,True,5,5,1.0,True,False,9239,8,,EC4F2WIP,,Assessing Colorectal Cancer Screening Barriers by Two Methods
3NJJIQJQ,human_labelled,FinalCollectionFor Publication,VERIFIED,DOI_MATCH,Zotero's DOI appears in the document,100.0,0.001,True,False,True,13,13,1.0,True,True,10009,11,,DUMQL4WA,,Evaluation of the Efficacy of a Smoking Cessation Intervention for Cervical Cancer Survivors and Women With High-Grade Cervical Dysplasia: Protocol for a Randomized Controlled Trial
SH5J2R2J,human_labelled,Both NCI and NHLBI,VERIFIED,DOI_MATCH,Zotero's DOI appears in the document,100.0,0.413,True,False,True,4,4,1.0,True,False,10334,11,,JG2ENMCB,,Evaluation of a walking school bus program: a cluster randomized controlled trial
XA8RYYSR,human_labelled,FinalCollectionFor Publication,VERIFIED,DOI_MATCH,Zotero's DOI appears in the document,100.0,0.015,True,False,True,6,6,1.0,True,True,10103,13,,G3A9522D,,A Cluster Randomized Controlled Trial of a Lay Health Worker Intervention to Increase Healthy Eating and Physical Activity Among Vietnamese Americans
SMQ7NINF,human_labelled,FinalCollectionFor Publication,VERIFIED,DOI_MATCH,Zotero's DOI appears in the document,100.0,0.039,True,False,True,7,7,1.0,True,False,10594,7,,NLEDALXE,,Effectiveness of Village Health Worker-Delivered Smoking Cessation Counseling in Vietnam
F4KF42R4,human_labelled,FinalCollectionFor Publication,VERIFIED,DOI_MATCH,Zotero's DOI appears in the document,100.0,0.005,True,False,True,30,30,1.0,True,False,9407,12,,W9VZ3L9L,,Cluster Randomized Pragmatic Clinical Trial Testing Behavioral Economic Implementation Strategies to Improve Tobacco Treatment for Patients With Cancer Who Smoke
BLWKH6C8,human_labelled,FinalCollectionFor Publication,VERIFIED,DOI_MATCH,Zotero's DOI appears in the document,100.0,0.004,True,False,True,24,24,1.0,True,False,7713,12,,XHHRKIW5,,Rationale and protocol for a cluster randomized pragmatic clinical trial testing behavioral economic implementation strategies to improve tobacco treatment rates for cancer patients who smoke
PV2Z7J77,human_labelled,FinalCollectionFor Publication,VERIFIED,DOI_MATCH,Zotero's DOI appears in the document,100.0,0.0,True,False,True,13,13,1.0,True,True,7295,18,,RATC2E6M,,Modifiable fall risk factors among older adults with advanced cancer: Secondary analysis of a cluster-randomized clinical trial
69KLSK53,human_labelled,FinalCollectionFor Publication,VERIFIED,DOI_MATCH,Zotero's DOI appears in the document,100.0,0.01,True,False,True,16,16,1.0,True,False,9395,12,10.1200/OP.22,ITBHQA4S,,Communication About Fall Risk in Community Oncology Practice: The Role of Geriatric Assessment
J7CUNUHF,human_labelled,FinalCollectionFor Publication,VERIFIED,DOI_MATCH,Zotero's DOI appears in the document,100.0,0.004,True,False,True,19,19,1.0,True,True,8952,14,,YI2DQJ4I,,Association of Oncologist-Patient Communication With Functional Status and Physical Performance in Older Adults: A Secondary Analysis of a Cluster Randomized Clinical Trial
VKY7UK64,human_labelled,Both NCI and NHLBI,VERIFIED,DOI_MATCH,Zotero's DOI appears in the document,100.0,0.029,True,False,False,0,8,0.0,True,False,7369,6,,U5IVSC2N,,A practical decision tree to support editorial adjudication of submitted parallel cluster randomized controlled trials
PSCSKNSV,human_labelled,FinalCollectionFor Publication,VERIFIED,DOI_MATCH,Zotero's DOI appears in the document,100.0,0.005,True,False,True,22,22,1.0,True,False,12111,10,10.1200/JCO; 10.1200/JCO.2017,WADAWH6W,,Extensive Molecular and Clinical Heterogeneity in Patients With Histologically Diagnosed CNS-PNET Treated as a Single Entity: A Report From the Children's Oncology Group Randomized ACNS0332 Trial
72N55PAH,human_labelled,FinalCollectionFor Publication,VERIFIED,DOI_MATCH,Zotero's DOI appears in the document,100.0,0.002,True,False,True,13,14,0.929,True,False,10319,12,,2GBVE4SI,,Diagnosing Cervical Neoplasia in Rural Brazil Using a Mobile Van Equipped with In Vivo Microscopy: A Cluster-Randomized Community Trial
F4QDRKEG,human_labelled,FinalCollectionFor Publication,VERIFIED,DOI_MATCH,Zotero's DOI appears in the document,100.0,0.0,True,False,True,9,9,1.0,True,False,5823,20,,M6BZWB7X,,Physician Intervention and Chinese Americans' Colorectal Cancer Screening
E6B5T4RY,human_labelled,FinalCollectionFor Publication,VERIFIED,DOI_MATCH,Zotero's DOI appears in the document,100.0,0.002,True,False,True,5,5,1.0,True,False,9412,8,,SHSMA5IB,,How Providing Cervical Cancer Screening Results via Cell Phone Affects Patient Follow-Up Rates in Western Kenya
HRZIZRJP,human_labelled,FinalCollectionFor Publication,VERIFIED,DOI_MATCH,Zotero's DOI appears in the document,100.0,0.0,True,False,True,7,7,1.0,True,False,6487,15,,BCCKVNJP,,Cervical cancer screening through human papillomavirus testing in community health campaigns versus health facilities in rural western Kenya
FMXPAUEI,human_labelled,FinalCollectionFor Publication,VERIFIED,DOI_MATCH,Zotero's DOI appears in the document,100.0,0.002,True,False,True,7,7,1.0,True,False,10656,10,,MTDUEDF4,,Web-based versus in-person methods for training lay community health advisors to implement health promotion workshops: participant outcomes from a cluster-randomized trial
A9KIMSNR,human_labelled,FinalCollectionFor Publication,VERIFIED,DOI_MATCH,Zotero's DOI appears in the document,100.0,0.196,True,False,True,10,10,1.0,True,True,10488,10,10.1177/21501327211057643Journal,PHAQ7VWC,,Feasibility and Acceptability of a Type 2 Diabetes Prevention Intervention for Mothers and Children at a Federally Qualified Healthcare Center
TIP639KQ,human_labelled,FinalCollectionFor Publication,VERIFIED,DOI_MATCH,Zotero's DOI appears in the document,100.0,0.004,True,False,True,9,9,1.0,True,True,8543,10,,TPK4TAT5,,Intervention Nonadherence in the TrACER (S1415CD) Study: A Pragmatic Randomized Trial of a Standardized Order Entry for CSF Prescribing
NZYS3BX2,human_labelled,FinalCollectionFor Publication,VERIFIED,DOI_MATCH,Zotero's DOI appears in the document,100.0,0.002,True,False,True,14,14,1.0,False,False,9089,14,10.1200/JCO.22,ZQ52HAVN,,A Pragmatic Cluster-Randomized Trial of a Standing Order Entry Intervention for Colony-Stimulating Factor Use Among Patients at Intermediate Risk for Febrile Neutropenia
LJW4HEIA,human_labelled,FinalCollectionFor Publication,VERIFIED,DOI_MATCH,Zotero's DOI appears in the document,100.0,0.025,True,False,True,5,5,1.0,True,False,8866,9,,8TR8E8HS,,Cost-Effectiveness of Community-to-Clinic Tailored Navigation for Colorectal Cancer Screening in an Underserved Population: Economic Evaluation Alongside a Group-Randomized Trial
XVG5NIVQ,human_labelled,FinalCollectionFor Publication,VERIFIED,DOI_MATCH,Zotero's DOI appears in the document,100.0,0.017,True,False,True,13,13,1.0,True,True,7723,12,,WPJJERXT,,Human Papillomavirus vaccination clinical decision support for young adults in an upper midwestern healthcare system: a clinic cluster-randomized control trial
XPS9DCVL,human_labelled,FinalCollectionFor Publication,VERIFIED,DOI_MATCH,Zotero's DOI appears in the document,100.0,0.012,True,False,True,12,12,1.0,True,True,9216,14,,5YW5TAYB,,Primary care clinicians' opinions before and after implementation of cancer screening and prevention clinical decision support in a clinic cluster-randomized control trial: a survey research study
YCYESWU8,human_labelled,FinalCollectionFor Publication,VERIFIED,DOI_MATCH,Zotero's DOI appears in the document,100.0,0.003,True,False,True,10,10,1.0,True,True,9199,15,,X3R4GNRB,,Pre-implementation adaptation of primary care cancer prevention clinical decision support in a predominantly rural healthcare system
DXI976EC,human_labelled,FinalCollectionFor Publication,VERIFIED,DOI_MATCH,Zotero's DOI appears in the document,100.0,0.026,True,False,True,8,8,1.0,True,False,8719,11,,3E32QWCX,,Pathways to Employee Outcomes in a Workplace Health Promotion Program
U4A6LS8G,human_labelled,FinalCollectionFor Publication,VERIFIED,DOI_MATCH,Zotero's DOI appears in the document,100.0,0.014,True,False,True,19,19,1.0,True,True,4145,17,,UIVKASCN,,Prostate-Specific Antigen After Neoadjuvant Androgen Suppression in Prostate Cancer Patients Receiving Short-Term Androgen Suppression and External Beam Radiation Therapy: Pooled Analysis of Four NRG Oncology Radiation Therapy Oncology Group Randomized Clinical Trials
R3FT4BF3,human_labelled,FinalCollectionFor Publication,VERIFIED,DOI_MATCH,Zotero's DOI appears in the document,100.0,0.0,True,False,True,23,23,1.0,True,False,6182,19,,URT2G5EN,,Multilevel Follow-up of Cancer Screening (mFOCUS): Protocol for a multilevel intervention to improve the follow-up of abnormal cancer screening test results
TFGQKUCF,human_labelled,FinalCollectionFor Publication,VERIFIED,DOI_MATCH,Zotero's DOI appears in the document,100.0,0.009,True,False,True,2,5,0.4,True,True,13098,7,,CVRE54WB,,Challenges in assessing population reach in a pragmatic trial
BWAGKCVT,human_labelled,FinalCollectionFor Publication,VERIFIED,DOI_MATCH,Zotero's DOI appears in the document,100.0,-1.0,True,False,True,5,5,1.0,True,False,8381,9,,BDMMMJXX,,Using a continuum of hybrid effectiveness-implementation studies to put research-tested colorectal screening interventions into practice
G75A8PEN,human_labelled,FinalCollectionFor Publication,VERIFIED,DOI_MATCH,Zotero's DOI appears in the document,100.0,0.19,True,False,True,6,6,1.0,True,False,10229,9,10.1177/1090198117712333Health,PWGHJP8A,,Social Support for Changing Multiple Behaviors: Factors Associated With Seeking Support and the Impact of Offered Support
ZEQRVXQG,human_labelled,FinalCollectionFor Publication,VERIFIED,DOI_MATCH,Zotero's DOI appears in the document,100.0,0.416,True,False,True,12,12,1.0,True,False,11427,10,,75I477VV,,Implementation of quality improvement coaching versus physician communication training for improving human papillomavirus vaccination in primary care: a randomized implementation trial
UJB4QA99,human_labelled,FinalCollectionFor Publication,VERIFIED,DOI_MATCH,Zotero's DOI appears in the document,100.0,0.025,True,False,True,20,20,1.0,False,False,2241,29,,YIBHZHK6,,The Relationship Between Frailty and Emotional Health in Older Patients with Advanced Cancer
4FJHYJ4R,human_labelled,FinalCollectionFor Publication,VERIFIED,DOI_MATCH,Zotero's DOI appears in the document,100.0,0.006,True,False,True,6,6,1.0,True,False,10231,6,,HLV75VQR,,Impact of Brief Quality Improvement Coaching on Adolescent HPV Vaccination Coverage: A Pragmatic Cluster Randomized Trial
I47BDCKU,human_labelled,FinalCollectionFor Publication,PDF_UNREADABLE,NO_TEXT,no PDF on disk at data\raw_pdfs\Human Labelled Set\I47BDCKU.pdf,0.0,,,,,,,,,,0,0,,J2EZHUUP,,Coaching and Communication Training for HPV Vaccination: A Cluster Randomized Trial
Z7NF2G6Q,human_labelled,Both NCI and NHLBI,PDF_UNREADABLE,NO_TEXT,no PDF on disk at data\raw_pdfs\Human Labelled Set\Z7NF2G6Q.pdf,0.0,,,,,,,,,,0,0,,HHLL4X4Y,,Objective Measures of Physical Activity in Rural Communities: Factors Associated With a Valid Wear and Lessons Learned
SGCHKJTH,human_labelled,FinalCollectionFor Publication,VERIFIED,DOI_MATCH,Zotero's DOI appears in the document,100.0,0.003,True,False,True,9,9,1.0,True,False,8717,18,,W7VLBTTT,,"Multilevel approaches to increase fruit and vegetable intake in low-income housing communities: final results of the 'Live Well, Viva Bien' cluster-randomized trial"
D6FQ47HW,human_labelled,FinalCollectionFor Publication,VERIFIED,DOI_MATCH,Zotero's DOI appears in the document,100.0,0.0,True,False,True,6,6,1.0,True,True,9905,6,,7G5LNI84,,Machine Learning-Based Prediction of Hospitalization During Chemoradiotherapy With Daily Step Counts
EAJAKXKC,human_labelled,FinalCollectionFor Publication,VERIFIED,DOI_MATCH,Zotero's DOI appears in the document,100.0,0.0,True,False,True,9,9,1.0,True,False,6531,15,,9G6QEVZM,,The ecology of patient and caregiver participation in consultations involving advanced cancer
JSRXWSXE,human_labelled,FinalCollectionFor Publication,VERIFIED,DOI_MATCH,Zotero's DOI appears in the document,100.0,0.026,True,False,True,12,12,1.0,True,True,13528,6,,58N25HNS,,Addressing cancer survivors' cardiovascular health using the automated heart health assessment (AH-HA) EHR tool: Initial protocol and modifications to address COVID-19 challenges
LCAG76F4,human_labelled,FinalCollectionFor Publication,PDF_UNREADABLE,NO_TEXT,no PDF on disk at data\raw_pdfs\Human Labelled Set\LCAG76F4.pdf,0.0,,,,,,,,,,0,0,,74QCFK6J,,The Optimizing Lung Screening Trial (WF-20817CD): Multicenter Randomized Effectiveness Implementation Trial to Increase Tobacco Use Cessation for Individuals Undergoing Lung Screening
49C5LL2B,human_labelled,FinalCollectionFor Publication,VERIFIED,DOI_MATCH,Zotero's DOI appears in the document,100.0,0.0,True,False,True,13,13,1.0,True,False,6387,21,,NG7PMQ2U,,"The OaSiS trial: A hybrid type II, national cluster randomized trial to implement smoking cessation during CT screening for lung cancer"
WKMKUPTU,human_labelled,FinalCollectionFor Publication,VERIFIED,DOI_MATCH,Zotero's DOI appears in the document,100.0,0.043,True,False,True,10,10,1.0,True,False,10495,9,,XRQI8L2N,,A Cluster-Randomized Clinical Trial Testing the Effectiveness of the Addressing Tobacco Through Organizational Change Model for Improving the Treatment of Tobacco Use in Community Mental Health Care: Preliminary Study Feasibility and Baseline Findings
Z6DJN9CQ,human_labelled,FinalCollectionFor Publication,VERIFIED,DOI_MATCH,Zotero's DOI appears in the document,100.0,0.002,True,False,True,12,12,1.0,True,True,9774,10,,FXIIZ8EQ,,Completion of Patient-Reported Outcome Questionnaires Among Older Adults with Advanced Cancer
WD74R75C,human_labelled,FinalCollectionFor Publication,VERIFIED,TITLE_AUTHOR_MATCH,title matches (100.0) and first author present; no DOI in text,100.0,-1.0,False,False,True,16,16,1.0,False,False,3621,31,,RZH33R6E,,Performance Feedback for Human Papillomavirus Vaccination: A Randomized Trial From the American Academy of Pediatrics Pediatric Research in Office Settings Research Network
F2BPPKMI,human_labelled,FinalCollectionFor Publication,VERIFIED,DOI_MATCH,Zotero's DOI appears in the document,100.0,0.003,True,False,True,19,19,1.0,True,False,8271,13,,ALJFT5QB,,"QuitSMART Utah: an implementation study protocol for a cluster-randomized, multi-level Sequential Multiple Assignment Randomized Trial to increase Reach and Impact of tobacco cessation treatment in Community Health Centers"
EJY33FGY,human_labelled,FinalCollectionFor Publication,VERIFIED,DOI_MATCH,Zotero's DOI appears in the document,100.0,0.013,True,False,True,7,7,1.0,True,True,9608,9,,3RSG7CGS,,Community-Based Cervical Cancer Education: Changes in Knowledge and Beliefs Among Vietnamese American Women
IASMJG49,human_labelled,FinalCollectionFor Publication,VERIFIED,DOI_MATCH,Zotero's DOI appears in the document,100.0,0.011,True,False,True,13,13,1.0,True,True,9245,11,,BIRP4AYN,,Adapting and implementing breast cancer follow-up in primary care: protocol for a mixed methods hybrid type 1 effectiveness-implementation cluster randomized study
CG56AVM4,human_labelled,FinalCollectionFor Publication,VERIFIED,DOI_MATCH,Zotero's DOI appears in the document,100.0,0.0,True,False,True,7,8,0.875,True,False,5961,18,,J665IX2U,,Scalability of cancer SurvivorLink™: A cluster randomized trial among pediatric cancer clinics
WCA66X4I,human_labelled,FinalCollectionFor Publication,VERIFIED,DOI_MATCH,Zotero's DOI appears in the document,100.0,0.0,True,False,True,13,13,1.0,True,False,6698,33,,X75DITVB,,Design and rationale of an intervention to improve cancer prevention using clinical decision support and shared decision making: A clinic-randomized trial
E3JZCW7P,human_labelled,FinalCollectionFor Publication,VERIFIED,DOI_MATCH,Zotero's DOI appears in the document,100.0,0.0,True,False,True,10,10,1.0,True,False,6686,12,,C9MG6IKW,,"The Duration of Antibiotics Prophylaxis at the Time of Catheter Removal after Radical Prostatectomy: Clinically Integrated, Cluster, Randomized Trial"
26LDPI8G,human_labelled,FinalCollectionFor Publication,VERIFIED,DOI_MATCH,Zotero's DOI appears in the document,100.0,0.011,True,False,True,10,10,1.0,True,False,9203,11,,UD3HYEBC,,"Results of a cluster randomized trial testing the Systems Analysis and Improvement Approach to increase cervical cancer screening in family planning clinics in Mombasa County, Kenya"
7EFQI5V4,human_labelled,FinalCollectionFor Publication,VERIFIED,DOI_MATCH,Zotero's DOI appears in the document,100.0,0.014,True,False,True,10,10,1.0,True,True,8749,12,,LX87WFAQ,,Qualitative evaluation of the Systems Analysis and Improvement Approach as a strategy to increase HIV testing in family planning clinics using the Consolidated Framework for Implementation Research and the Implementation Outcomes Framework
CVNVFN8Y,human_labelled,FinalCollectionFor Publication,VERIFIED,DOI_MATCH,Zotero's DOI appears in the document,100.0,0.0,True,False,True,10,10,1.0,True,False,6172,17,,S4GWNV8E,,Results of a cluster randomized trial testing the systems analysis and improvement approach to increase HIV testing in family planning clinics
32LERLVS,human_labelled,FinalCollectionFor Publication,VERIFIED,DOI_MATCH,Zotero's DOI appears in the document,100.0,0.003,True,False,True,10,10,1.0,True,True,9582,6,,3KAIAF53,,"Performance of family planning clinics in conducting recommended HIV counseling and testing in Mombasa County, Kenya: a cross-sectional study"
7HMIXSV8,human_labelled,FinalCollectionFor Publication,VERIFIED,DOI_MATCH,Zotero's DOI appears in the document,100.0,0.003,True,False,True,5,5,1.0,True,True,9379,10,,VRVBBRC3,,Barriers to symptom management care pathway implementation in pediatric Cancer
M7MJVIPL,human_labelled,FinalCollectionFor Publication,VERIFIED,DOI_MATCH,Zotero's DOI appears in the document,100.0,0.0,True,False,True,5,5,1.0,True,True,7043,18,,J68VJXMX,,Smoking Cessation Treatment for Parents Who Are Light or Very Light Smokers in the Pediatric Setting
ECH2D7BJ,human_labelled,FinalCollectionFor Publication,VERIFIED,DOI_MATCH,Zotero's DOI appears in the document,100.0,0.036,True,False,True,6,6,1.0,True,False,11397,8,,DX59HKWX,,Pediatric Office Delivery of Smoking Cessation Assistance for Breast-Feeding Mothers
MDUWF9YP,human_labelled,FinalCollectionFor Publication,VERIFIED,DOI_MATCH,Zotero's DOI appears in the document,100.0,0.0,True,False,True,4,4,1.0,True,False,6449,18,,CI4H99NA,,Characterizing Time to Diagnostic Resolution After an Abnormal Cancer Screening Exam in Older Adult Participants in the Ohio Patient Navigation Research Program
II5PE99X,human_labelled,FinalCollectionFor Publication,VERIFIED,DOI_MATCH,Zotero's DOI appears in the document,100.0,0.0,True,False,True,1,14,0.071,True,False,5973,20,,6KE3WB9W,,Linking churches and parks to promote physical activity among Latinos: Rationale and design of the Parishes & Parks cluster randomized trial
73BP3R5F,human_labelled,FinalCollectionFor Publication,VERIFIED,DOI_MATCH,Zotero's DOI appears in the document,100.0,0.027,True,False,True,7,7,1.0,True,True,8932,10,,TM5KKS7U,,Fertility concerns and treatment decision-making among national sample of young women with breast cancer
FGGJHPQ8,human_labelled,FinalCollectionFor Publication,VERIFIED,DOI_MATCH,Zotero's DOI appears in the document,100.0,0.002,True,False,True,17,17,1.0,False,False,9933,18,10.1200/JCO.22,B7TCMC9C,,Effects of a Geriatric Assessment Intervention on Patient-Reported Symptomatic Toxicity in Older Adults With Advanced Cancer
CR7JWN8H,human_labelled,FinalCollectionFor Publication,VERIFIED,DOI_MATCH,Zotero's DOI appears in the document,100.0,0.0,True,False,True,10,10,1.0,True,True,11079,8,,5R3EZRVG,,Results of a lay health education intervention to increase colorectal cancer screening among Filipino Americans: A cluster randomized controlled trial
PIZAETCG,human_labelled,FinalCollectionFor Publication,VERIFIED,DOI_MATCH,Zotero's DOI appears in the document,100.0,0.0,True,False,True,35,36,0.972,True,False,5424,21,,HT29PX53,,"Making Informed Choices On Incorporating Chemoprevention into carE (MiCHOICE, SWOG 1904): Design and methods of a cluster randomized controlled trial"
ERY25CXT,human_labelled,FinalCollectionFor Publication,VERIFIED,DOI_MATCH,Zotero's DOI appears in the document,100.0,0.0,True,False,True,4,4,1.0,True,False,13261,2,,4IAJDNDP,,Impact of Walking School Bus Programs on Self-Efficacy and Outcome Expectations
7MHFEUZL,human_labelled,FinalCollectionFor Publication,VERIFIED,DOI_MATCH,Zotero's DOI appears in the document,100.0,0.135,True,False,True,8,8,1.0,True,True,9655,12,,HMWJ39R8,,Methods for scaling up an outreach intervention to increase colorectal cancer screening rates in rural areas
TBFRUAMD,human_labelled,FinalCollectionFor Publication,VERIFIED,DOI_MATCH,Zotero's DOI appears in the document,100.0,0.014,True,False,True,12,12,1.0,True,True,9216,15,,FHM5TGRD,,Mailed fecal testing and patient navigation versus usual care to improve rates of colorectal cancer screening and follow-up colonoscopy in rural Medicaid enrollees: a cluster-randomized controlled trial
KJQKEW8Y,human_labelled,FinalCollectionFor Publication,VERIFIED,DOI_MATCH,Zotero's DOI appears in the document,100.0,0.0,True,False,True,7,7,1.0,True,True,9750,8,,27NERKF6,,Effectiveness of a Mailed Colorectal Cancer Screening Outreach Program in Community Health Clinics: The STOP CRC Cluster Randomized Clinical Trial
Y65DB7TT,human_labelled,Both NCI and NHLBI,VERIFIED,DOI_MATCH,Zotero's DOI appears in the document,100.0,0.0,True,False,True,8,8,1.0,True,False,9064,8,,Z6TFR6GR,,Primary Palliative Care Improves Uptake of Advance Care Planning Among Patients With Advanced Cancers
XYJLRGVC,human_labelled,Both NCI and NHLBI,VERIFIED,DOI_MATCH,Zotero's DOI appears in the document,100.0,0.002,True,False,True,5,5,1.0,True,True,9016,17,,ULFUACPZ,,"Quality of Communication and Trust in Patients With Serious Illness: An Exploratory Study of the Relationships of Race/Ethnicity, Socioeconomic Status, and Religiosity"
WTLH8PPX,human_labelled,FinalCollectionFor Publication,VERIFIED,DOI_MATCH,Zotero's DOI appears in the document,100.0,0.0,True,False,True,7,7,1.0,True,False,7097,20,,AFXP2HXV,,Implementation of a cluster randomized controlled trial: Identifying student peer leaders to lead E-cigarette interventions
TYUTRABV,human_labelled,FinalCollectionFor Publication,VERIFIED,DOI_MATCH,Zotero's DOI appears in the document,100.0,0.135,True,False,True,5,5,1.0,True,True,9906,12,,HFNY3R9A,,The impact of text message reminders on cryotherapy uptake among women testing positive for HPV in western Kenya: a prospective cohort study
6Y7FJ56I,human_labelled,FinalCollectionFor Publication,VERIFIED,DOI_MATCH,Zotero's DOI appears in the document,100.0,0.0,True,False,True,4,5,0.8,True,False,6625,15,,9JZ7C9V3,,"A Qualitative Exploration of Women's Experiences with a Community Health Volunteer-Led Cervical Cancer Educational Module in Migori County, Kenya"
TGIBPA3M,human_labelled,FinalCollectionFor Publication,VERIFIED,DOI_MATCH,Zotero's DOI appears in the document,100.0,0.0,True,False,True,3,3,1.0,True,False,6889,30,,75IDGN4U,,A stochastic second-order generalized estimating equations approach for estimating association parameters
U7PLGE75,human_labelled,FinalCollectionFor Publication,VERIFIED,DOI_MATCH,Zotero's DOI appears in the document,100.0,0.011,True,False,True,2,8,0.25,True,True,12740,7,,FHMFBE7K,,Improving adherence to endocrine hormonal therapy among breast cancer patients: Study protocol for a randomized controlled trial
6UFMVCDF,human_labelled,FinalCollectionFor Publication,VERIFIED,DOI_MATCH,Zotero's DOI appears in the document,100.0,0.017,True,False,True,12,12,1.0,True,True,3770,20,,725FT7HU,,"Hub-and-Spoke centralized intervention to optimize colorectal cancer screening and follow-up: A pragmatic, cluster-randomized controlled trial protocol"
VD74N4DN,human_labelled,FinalCollectionFor Publication,VERIFIED,DOI_MATCH,Zotero's DOI appears in the document,100.0,0.009,True,False,True,6,6,1.0,True,True,9902,7,,2K89QI5I,,Satisfaction with Care and Attention to Age-Specific Concerns by Race and Ethnicity in a National Sample of Young Women with Breast Cancer
F9X8Z6SZ,human_labelled,FinalCollectionFor Publication,VERIFIED,TITLE_AUTHOR_MATCH,title matches (100.0) and first author present; no DOI in text,100.0,0.0,False,False,True,12,13,0.923,True,False,3928,32,,BF3MR5MF,,Increasing the adoption of evidence-based communication practices for HPV vaccination in primary care clinics: The HPV ECHO study protocol for a cluster randomized controlled trial
NFIAY6NV,human_labelled,FinalCollectionFor Publication,VERIFIED,DOI_MATCH,Zotero's DOI appears in the document,100.0,0.004,True,False,True,8,8,1.0,True,True,10525,9,,WQGXB7WC,,Effects by educational attainment of a mammography screening patient decision aid for women aged 75 years and older
LNE655AM,human_labelled,FinalCollectionFor Publication,VERIFIED,DOI_MATCH,Zotero's DOI appears in the document,100.0,0.001,True,False,True,18,18,1.0,True,True,9513,11,,VWTRKQR3,,Ending Tobacco Use Through Interactive Tailored Messaging for Cambodian People With HIV (Project EndIT): Protocol for a Randomized Controlled Trial
ZH47UTGY,human_labelled,FinalCollectionFor Publication,VERIFIED,DOI_MATCH,Zotero's DOI appears in the document,100.0,0.0,True,False,True,3,3,1.0,True,False,6820,15,,7IVWMVMF,,"Cluster Randomized Trial of Teens Against Tobacco Use: Youth Empowerment for Tobacco Control in El Paso, Texas"
9PGIWTZJ,human_labelled,FinalCollectionFor Publication,VERIFIED,DOI_MATCH,Zotero's DOI appears in the document,100.0,0.042,True,False,True,11,11,1.0,True,False,9696,8,,H4SKXU4P,,Twelve-Month Outcomes of a Group-Randomized Community Health Advocate-Led Smoking Cessation Intervention in Public Housing
FHVQQIX3,human_labelled,FinalCollectionFor Publication,VERIFIED,DOI_MATCH,Zotero's DOI appears in the document,100.0,0.0,True,False,True,8,8,1.0,True,False,6428,27,,GVGMGUQK,,"Community-based, cluster-randomized pilot trial of a cardiovascular mHealth intervention: Rationale, design, and baseline findings of the FAITH! Trial"
MCKQDWYQ,human_labelled,FinalCollectionFor Publication,VERIFIED,DOI_MATCH,Zotero's DOI appears in the document,100.0,0.007,True,False,True,3,3,1.0,True,True,9203,14,,8XCUI6FJ,,Racial Differences in Pain Management for Patients Receiving Hospice Care
I6KDJ44E,human_labelled,FinalCollectionFor Publication,VERIFIED,DOI_MATCH,Zotero's DOI appears in the document,100.0,0.006,True,False,True,17,17,1.0,True,False,8300,13,,UI6RBX4X,,Financial Toxicity Monitoring in a Randomized Controlled Trial of Patient-Reported Outcomes During Cancer Treatment (Alliance AFT-39)
FPX2G3LA,human_labelled,FinalCollectionFor Publication,VERIFIED,DOI_MATCH,Zotero's DOI appears in the document,100.0,0.007,True,False,True,12,12,1.0,True,True,11341,10,,9AK3T8MS,,Examining local smoke-free coalitions in Armenia and Georgia: context and outcomes of a matched-pairs community-randomised controlled trial
6M6JS3W5,human_labelled,FinalCollectionFor Publication,VERIFIED,DOI_MATCH,Zotero's DOI appears in the document,100.0,0.002,True,False,True,10,10,1.0,True,True,8265,11,,2C5RC4GU,,Group Randomized Trial of Healthy Eating and Gardening Intervention in Navajo Elementary Schools (Yéego!)
8X3V8X64,human_labelled,FinalCollectionFor Publication,VERIFIED,DOI_MATCH,Zotero's DOI appears in the document,100.0,0.009,True,False,True,18,18,1.0,True,False,9266,10,,WX64TYVE,,An evaluation of stakeholder engagement in comparative effectiveness research: lessons learned from SWOG S1415CD
RJD9XX6D,human_labelled,Both NCI and NHLBI,PDF_UNREADABLE,NO_TEXT,no PDF on disk at data\raw_pdfs\Human Labelled Set\RJD9XX6D.pdf,0.0,,,,,,,,,,0,0,,6FIV57BQ,,A multilevel approach for promoting physical activity in rural communities: a cluster randomized controlled trial
T46GFUVP,human_labelled,FinalCollectionFor Publication,VERIFIED,DOI_MATCH,Zotero's DOI appears in the document,100.0,0.0,True,False,True,10,10,1.0,True,False,12429,7,,98JLZ8JX,,Breakfast in the Classroom Initiative and Students' Breakfast Consumption Behaviors: A Group Randomized Trial
3H4J4BGD,human_labelled,FinalCollectionFor Publication,VERIFIED,DOI_MATCH,Zotero's DOI appears in the document,100.0,0.0,True,False,True,29,29,1.0,True,True,10805,10,,ZD7CRNR7,,Effect of Electronic Symptom Monitoring on Patient-Reported Outcomes Among Patients With Metastatic Cancer: A Randomized Clinical Trial
VGG3KIMT,human_labelled,Both NCI and NHLBI,PDF_UNREADABLE,NO_TEXT,no PDF on disk at data\raw_pdfs\Human Labelled Set\VGG3KIMT.pdf,0.0,,,,,,,,,,0,0,,SGGRC3YZ,,"Scaling up a brief alcohol intervention to prevent HIV infection in Vietnam: a cluster randomized, implementation trial"
BCPZNXV7,human_labelled,Both NCI and NHLBI,VERIFIED,DOI_MATCH,Zotero's DOI appears in the document,100.0,0.002,True,False,True,2,2,1.0,True,True,8025,13,,B95EFKLZ,,"Eating Occasions, Obesity and Related Behaviors in Working Adults: Does it Matter When You Snack?"
4T3I54L2,human_labelled,FinalCollectionFor Publication,VERIFIED,DOI_MATCH,Zotero's DOI appears in the document,100.0,0.0,True,False,True,20,20,1.0,True,True,11222,8,,ZVZSP44F,,"Prostate Cancer Screening With PSA, Kallikrein Panel, and MRI: The ProScreen Randomized Trial"
PJ3LJPS4,human_labelled,FinalCollectionFor Publication,VERIFIED,DOI_MATCH,Zotero's DOI appears in the document,100.0,0.0,True,False,True,15,15,1.0,True,True,10603,11,,W4YTQ5AK,,A Multilevel Primary Care Intervention to Improve Follow-Up of Overdue Abnormal Cancer Screening Test Results: A Cluster Randomized Clinical Trial
QHUGZ86T,human_labelled,FinalCollectionFor Publication,PDF_UNREADABLE,NO_TEXT,no PDF on disk at data\raw_pdfs\Human Labelled Set\QHUGZ86T.pdf,0.0,,,,,,,,,,0,0,,532JNMFM,,Implementing a Novel Workplace Smoking Cessation Intervention Targeting Hispanic/Latino Construction Workers: A Pilot Cluster Randomized Trial
DDKM5E29,human_labelled,FinalCollectionFor Publication,VERIFIED,DOI_MATCH,Zotero's DOI appears in the document,100.0,0.0,True,False,True,10,11,0.909,True,False,6661,21,,CMA2QTIR,,A cluster randomized pilot trial of a tailored worksite smoking cessation intervention targeting Hispanic/Latino construction workers: Intervention development and research design
B3KTU9TU,human_labelled,FinalCollectionFor Publication,VERIFIED,DOI_MATCH,Zotero's DOI appears in the document,100.0,0.003,True,False,True,6,6,1.0,True,True,8686,12,,269RMQJT,,Mixed-methods approach to evaluate an mHealth intervention to increase adherence to triage of human papillomavirus-positive women who have performed self-collection (the ATICA study): study protocol for a hybrid type I cluster randomized effectiveness-implementation trial
DFJE8ALD,human_labelled,FinalCollectionFor Publication,VERIFIED,DOI_MATCH,Zotero's DOI appears in the document,100.0,0.011,True,False,True,11,11,1.0,True,False,10007,10,,UT5QD5P6,,Two-year outcomes of Faith in Action/Fe en Acción: a randomized controlled trial of physical activity promotion in Latinas
HBD3Y6S2,human_labelled,FinalCollectionFor Publication,VERIFIED,DOI_MATCH,Zotero's DOI appears in the document,100.0,0.004,True,False,True,20,20,1.0,True,True,8543,13,,JDK4GALU,,Assessment of Financial Toxicity Among Older Adults With Advanced Cancer
QQRYLPB6,human_labelled,Locked_26_01_08_337,PDF_UNREADABLE,NO_TEXT,no PDF on disk at data\raw_pdfs\Human Labelled Set\QQRYLPB6.pdf,0.0,,,,,,,,,,0,0,,8FFQCTD3,,Achieving cardiovascular health equity in community mental health: study protocol for a cluster-randomized hybrid Type 3 effectiveness-implementation trial
44SJ3WXZ,human_labelled,Locked_26_01_08_337,VERIFIED,DOI_MATCH,Zotero's DOI appears in the document,100.0,0.163,True,False,True,21,21,1.0,True,True,7541,13,,P8LD7R8D,,Designing an implementation science clinical trial to integrate hypertension and cardiovascular diseases care into existing HIV services package in Botswana (InterCARE)
TZF282NC,human_labelled,Locked_26_01_08_337,PDF_UNREADABLE,NO_TEXT,no PDF on disk at data\raw_pdfs\Human Labelled Set\TZF282NC.pdf,0.0,,,,,,,,,,0,0,,CSG258D5,,Use of Asthma APGAR Tools in Primary Care Practices: A Cluster-Randomized Controlled Trial
2MCVHA74,human_labelled,Locked_26_01_08_337,PDF_UNREADABLE,NO_TEXT,no PDF on disk at data\raw_pdfs\Human Labelled Set\2MCVHA74.pdf,0.0,,,,,,,,,,0,0,,N69MN83R,,"Community mobilisation for adoption of clean cookstoves and clean fuel to reduce household air pollution and blood pressure in Lagos, Nigeria: protocol for a cluster-randomised trial"
IKEB2FHD,human_labelled,Locked_26_01_08_337,PDF_UNREADABLE,NO_TEXT,no PDF on disk at data\raw_pdfs\Human Labelled Set\IKEB2FHD.pdf,0.0,,,,,,,,,,0,0,,I4UNGEQU,,Reducing paediatric overweight and obesity through motivational interviewing: study protocol for a randomised controlled trial in the AAP PROS research network
7UB2532H,human_labelled,Locked_26_01_08_337,PDF_UNREADABLE,NO_TEXT,no PDF on disk at data\raw_pdfs\Human Labelled Set\7UB2532H.pdf,0.0,,,,,,,,,,0,0,,BMHTSP7G,,Protocol paper: Stepped wedge cluster randomized trial translating the ABCS into optimizing cardiovascular care for people living with HIV
KQHQ9KMW,human_labelled,Locked_26_01_08_337,PDF_UNREADABLE,NO_TEXT,no PDF on disk at data\raw_pdfs\Human Labelled Set\KQHQ9KMW.pdf,0.0,,,,,,,,,,0,0,,Y8VPQFCB,,Training Models for Implementing Evidence-Based Psychological Treatment: A Cluster-Randomized Trial in College Counseling Centers
MQ5HUF7T,human_labelled,Locked_26_01_08_337,PDF_UNREADABLE,NO_TEXT,no PDF on disk at data\raw_pdfs\Human Labelled Set\MQ5HUF7T.pdf,0.0,,,,,,,,,,0,0,,L75GBPRA,,Practical Anemia Bundle and Hemoglobin Recovery in Critical Illness: A Randomized Clinical Trial
TVL564PH,human_labelled,Locked_26_01_08_337,PDF_UNREADABLE,NO_TEXT,no PDF on disk at data\raw_pdfs\Human Labelled Set\TVL564PH.pdf,0.0,,,,,,,,,,0,0,,DVI6JMWJ,,Keys to healthy family child care homes: Results from a cluster randomized trial
3INBZHKN,human_labelled,Locked_26_01_08_337,VERIFIED,DOI_MATCH,Zotero's DOI appears in the document,100.0,0.01,True,False,True,9,9,1.0,True,True,12969,7,,GERYK9IT,,Recruitment and enrollment of participants in an online diabetes self-management intervention in a virtual environment
RZ7YH2DN,human_labelled,Locked_26_01_08_337,PDF_UNREADABLE,NO_TEXT,no PDF on disk at data\raw_pdfs\Human Labelled Set\RZ7YH2DN.pdf,0.0,,,,,,,,,,0,0,,UZU8RAZ6,,Decision Support Intervention and Anticoagulation for Emergency Department Atrial Fibrillation: The O'CAFÉ Stepped-Wedge Cluster Randomized Clinical Trial
HKJXZKTF,human_labelled,Locked_26_01_08_337,PDF_UNREADABLE,NO_TEXT,no PDF on disk at data\raw_pdfs\Human Labelled Set\HKJXZKTF.pdf,0.0,,,,,,,,,,0,0,,N8VS3NSW,,A Cluster-Randomized Trial of Blood-Pressure Reduction in Black Barbershops
SFJI363E,human_labelled,Locked_26_01_08_337,VERIFIED,DOI_MATCH,Zotero's DOI appears in the document,100.0,0.001,True,False,True,5,5,1.0,True,True,11719,10,,2YU3ZD66,,The impact of avocado intake on anthropometric measures among Hispanic/Latino children and adolescents: A cluster randomized controlled trial
NPK22LGL,human_labelled,Locked_26_01_08_337,PDF_UNREADABLE,NO_TEXT,no PDF on disk at data\raw_pdfs\Human Labelled Set\NPK22LGL.pdf,0.0,,,,,,,,,,0,0,,ZZTKAGEI,,The TELEhealth Shared decision-making COaching and navigation in Primary carE (TELESCOPE) intervention: a study protocol for delivering shared decision-making for lung cancer screening by patient navigators
Y526PL9L,human_labelled,Locked_26_01_08_337,PDF_UNREADABLE,NO_TEXT,no PDF on disk at data\raw_pdfs\Human Labelled Set\Y526PL9L.pdf,0.0,,,,,,,,,,0,0,,6XFLRZGH,,"Protocol for a Type 3 hybrid effectiveness-implementation cluster randomized trial to evaluate multi-ethnic, multilevel strategies and community engagement to eliminate hypertension disparities in Los Angeles County"
G78NBYUH,human_labelled,Locked_26_01_08_337,PDF_UNREADABLE,NO_TEXT,no PDF on disk at data\raw_pdfs\Human Labelled Set\G78NBYUH.pdf,0.0,,,,,,,,,,0,0,,CQYIFDNT,,Disseminating and implementing a lifestyle-based healthy weight program for mothers in a national organization: a study protocol for a cluster randomized trial
HMVQGBWN,human_labelled,Locked_26_01_08_337,PDF_UNREADABLE,NO_TEXT,no PDF on disk at data\raw_pdfs\Human Labelled Set\HMVQGBWN.pdf,0.0,,,,,,,,,,0,0,,DU6YCXL6,,Update to the study protocol for an implementation-effectiveness trial comparing two education strategies for improving the uptake of noninvasive ventilation in patients with severe COPD exacerbation
67EE29T7,human_labelled,Locked_26_01_08_337,PDF_UNREADABLE,NO_TEXT,no PDF on disk at data\raw_pdfs\Human Labelled Set\67EE29T7.pdf,0.0,,,,,,,,,,0,0,,5LY7MLPM,,Protocol of a patient randomized clinical trial to improve medication adherence in primary care
VUUKHBPX,human_labelled,Locked_26_01_08_337,PDF_UNREADABLE,NO_TEXT,no PDF on disk at data\raw_pdfs\Human Labelled Set\VUUKHBPX.pdf,0.0,,,,,,,,,,0,0,,V3AT72YR,,Assessing the effectiveness and implementation of a chronic disease self-management programme in faith-based organisations in Barbados: protocol for a cluster randomised parallel trial
ML5BF6U5,human_labelled,Locked_26_01_08_337,PDF_UNREADABLE,NO_TEXT,no PDF on disk at data\raw_pdfs\Human Labelled Set\ML5BF6U5.pdf,0.0,,,,,,,,,,0,0,,5ZXSAX6Q,,Community intervention to reduce cardiovascular disease in Chicago (CIRCL-Chicago): protocol for a type 3 hybrid effectiveness-implementation study using a parallel cluster-randomized trial design
GZ8L53HZ,human_labelled,Locked_26_01_08_337,PDF_UNREADABLE,NO_TEXT,no PDF on disk at data\raw_pdfs\Human Labelled Set\GZ8L53HZ.pdf,0.0,,,,,,,,,,0,0,,3UUJ2ME6,,Patient Safety Outcomes under Flexible and Standard Resident Duty-Hour Rules
XW5VH2RS,human_labelled,Locked_26_01_08_337,PDF_UNREADABLE,NO_TEXT,no PDF on disk at data\raw_pdfs\Human Labelled Set\XW5VH2RS.pdf,0.0,,,,,,,,,,0,0,,WHNPNAG9,,Solving insomnia electronically: Sleep treatment for asthma (SIESTA): A study protocol for a randomized controlled trial
YHKIB4RS,human_labelled,Locked_26_01_08_337,PDF_UNREADABLE,NO_TEXT,no PDF on disk at data\raw_pdfs\Human Labelled Set\YHKIB4RS.pdf,0.0,,,,,,,,,,0,0,,IUUIJC5V,,Oxygen-Saturation Targets for Critically Ill Adults Receiving Mechanical Ventilation
9QH3NF2M,human_labelled,Locked_26_01_08_337,PDF_UNREADABLE,NO_TEXT,no PDF on disk at data\raw_pdfs\Human Labelled Set\9QH3NF2M.pdf,0.0,,,,,,,,,,0,0,,DZBXM7VZ,,Comparison of 3 optimized delivery strategies for completion of isoniazid-rifapentine (3HP) for tuberculosis prevention among people living with HIV in Uganda: A single-center randomized trial
8EIXU8CQ,human_labelled,Locked_26_01_08_337,PDF_UNREADABLE,NO_TEXT,no PDF on disk at data\raw_pdfs\Human Labelled Set\8EIXU8CQ.pdf,0.0,,,,,,,,,,0,0,,2MGFVI5M,,"Improvements and Maintenance of Clinical and Functional Measures Among Rural Women: Strong Hearts, Healthy Communities-2. 0 Cluster Randomized Trial"
3UETLCGR,human_labelled,Locked_26_01_08_337,VERIFIED,DOI_MATCH,Zotero's DOI appears in the document,100.0,0.134,True,False,True,18,18,1.0,True,False,9077,17,,ZZJKMW8A,,Successful implementation of stroke risk screening for sickle cell anemia in the DISPLACE study: results of a cluster randomized trial
B34VFBK3,human_labelled,Locked_26_01_08_337,VERIFIED,DOI_MATCH,Zotero's DOI appears in the document,100.0,0.016,True,False,True,22,22,1.0,True,False,8251,10,,YWCSQ8HY,,Fixed-dose combination therapy-based protocol compared with free pill combination protocol: Results of a cluster randomized trial
GV6RHLHV,human_labelled,Locked_26_01_08_337,PDF_UNREADABLE,NO_TEXT,no PDF on disk at data\raw_pdfs\Human Labelled Set\GV6RHLHV.pdf,0.0,,,,,,,,,,0,0,,PLHA3P9X,,Meta Salud Diabetes study protocol: a cluster-randomised trial to reduce cardiovascular risk among a diabetic population of Mexico
VFJZH9TR,human_labelled,Locked_26_01_08_337,VERIFIED,DOI_MATCH,Zotero's DOI appears in the document,100.0,0.025,True,False,True,18,18,1.0,True,True,10238,9,,UTU49T6E,,The design and rationale of a multicenter real-world trial: The Southeastern Collaboration to Improve Blood Pressure Control in the US Black Belt - Addressing the Triple Threat
VXZHWRTC,human_labelled,Locked_26_01_08_337,VERIFIED,DOI_MATCH,Zotero's DOI appears in the document,100.0,0.007,True,False,True,14,14,1.0,True,True,8148,14,,4Q4NWLHN,,Sitting Time Reduction and Blood Pressure in Older Adults: A Randomized Clinical Trial
ZN4GPW43,human_labelled,Locked_26_01_08_337,VERIFIED,DOI_MATCH,Zotero's DOI appears in the document,100.0,0.003,True,False,True,9,11,0.818,True,True,7153,11,,CBDGF5UP,,Meta Salud Diabetes for cardiovascular disease prevention in Mexico: a cluster-randomized behavioural clinical trial
BJM4IT6J,human_labelled,Locked_26_01_08_337,VERIFIED,DOI_MATCH,Zotero's DOI appears in the document,99.5,0.0,True,False,True,14,14,1.0,True,False,6454,28,,X8FYQYHH,,"A community-based, multi-level, multi-setting, multi-component intervention to reduce weight gain among low socioeconomic status Latinx children with overweight or obesity: The Stanford GOALS randomised controlled trial"
NBAQH3Y3,human_labelled,Locked_26_01_08_337,PDF_UNREADABLE,NO_TEXT,no PDF on disk at data\raw_pdfs\Human Labelled Set\NBAQH3Y3.pdf,0.0,,,,,,,,,,0,0,,KSVLCMBV,,"Protocol for a cluster randomized clinical trial of a mastery-climate motor skills intervention, Children's Health Activity and Motor Program (CHAMP), on self-regulation in preschoolers"
AT7Y2KKR,human_labelled,Locked_26_01_08_337,VERIFIED,DOI_MATCH,Zotero's DOI appears in the document,100.0,0.002,True,False,True,8,8,1.0,True,False,8819,8,,CFYJ8X4D,,"Intervention Effects of ""Girls on the Move"" on Increasing Physical Activity: A Group Randomized Trial"
WGQGTBTE,human_labelled,Locked_26_01_08_337,VERIFIED,DOI_MATCH,Zotero's DOI appears in the document,100.0,0.003,True,False,True,13,13,1.0,True,True,9407,20,,LIX6ANC4,,Dulce Digital-Me: protocol for a randomized controlled trial of an adaptive mHealth intervention for underserved Hispanics with diabetes
2HLT4Y2J,human_labelled,Locked_26_01_08_337,VERIFIED,DOI_MATCH,Zotero's DOI appears in the document,100.0,0.005,True,False,True,8,8,1.0,True,True,11486,10,,GM2RNWAH,,Effectiveness of Long-lasting Insecticide-Impregnated Bed Nets in Controlling Phlebotomus argentipes in Sri Lanka: A Cluster Randomized Controlled Trial
LGEECHQM,human_labelled,Locked_26_01_08_337,VERIFIED,DOI_MATCH,Zotero's DOI appears in the document,100.0,0.0,True,False,True,6,6,1.0,True,False,6485,25,,RPDXKGTR,,A mHealth intervention to preserve and promote ideal cardiovascular health in college students: Design and protocol of a cluster randomized controlled trial
FTYU2BLT,human_labelled,Locked_26_01_08_337,VERIFIED,TITLE_AUTHOR_MATCH,title matches (100.0) and first author present; no DOI in text,100.0,0.0,False,False,True,7,7,1.0,True,False,4722,23,,BYZKJG7N,,Results of an asthma education program delivered via telemedicine in rural schools
ZPEDLYBK,human_labelled,Locked_26_01_08_337,VERIFIED,DOI_MATCH,Zotero's DOI appears in the document,100.0,0.007,True,False,True,13,13,1.0,True,False,9631,13,,D42XXH6N,,A pediatric primary care practice-based obesity intervention to support families: a cluster-randomized clinical trial
YR23V33N,human_labelled,Locked_26_01_08_337,VERIFIED,DOI_MATCH,Zotero's DOI appears in the document,100.0,0.0,True,False,True,9,9,1.0,True,True,12112,13,,UAYZZ5KD,,The Emergency Medical Services Sleep Health Study: A cluster-randomized trial
6FZNPBXP,human_labelled,Locked_26_01_08_337,VERIFIED,TITLE_AUTHOR_MATCH,title matches (100.0) and first author present; no DOI in text,100.0,0.0,False,False,True,7,7,1.0,True,True,10341,11,,RBCJ5LWI,,Effectiveness of a School Drinking Water Promotion and Access Program for Overweight Prevention
ZQ2U7SAI,human_labelled,Locked_26_01_08_337,VERIFIED,DOI_MATCH,Zotero's DOI appears in the document,100.0,0.007,True,False,True,9,9,1.0,True,True,12307,11,10.1136/​,VS53ZZXP,,Optimization of Inspired Oxygen during Mechanical Ventilation (OPTI-OXYGEN): rationale and design of a pragmatic randomised controlled trial
QJRBBVLY,human_labelled,Locked_26_01_08_337,VERIFIED,DOI_MATCH,Zotero's DOI appears in the document,100.0,0.0,True,False,True,6,6,1.0,True,True,9251,7,,SYZBADPB,,Family-Based Interventions to Promote Weight Management in Adults: Results From a Cluster Randomized Controlled Trial in India
H7N83IW2,human_labelled,Locked_26_01_08_337,VERIFIED,DOI_MATCH,Zotero's DOI appears in the document,100.0,0.003,True,False,True,13,13,1.0,True,True,9066,11,,5USHPMFL,,Evaluating a multicomponent program to improve hypertension control in Guatemala: study protocol for an effectiveness-implementation cluster randomized trial
GYRIVJLS,human_labelled,Locked_26_01_08_337,VERIFIED,DOI_MATCH,Zotero's DOI appears in the document,100.0,0.131,True,False,True,16,16,1.0,True,True,9356,11,,QT9NKGET,,Robotic versus Electromagnetic bronchoscopy for pulmonary LesIon AssessmeNT: the RELIANT pragmatic randomized trial
UPVYYFVQ,human_labelled,Locked_26_01_08_337,VERIFIED,DOI_MATCH,Zotero's DOI appears in the document,100.0,0.002,True,False,True,5,5,1.0,True,True,8810,39,,LTPMXTJH,,Effects of Different Allotments of Avocados on the Nutritional Status of Families: A Cluster Randomized Controlled Trial
Y7PRFE3Z,human_labelled,Locked_26_01_08_337,VERIFIED,DOI_MATCH,Zotero's DOI appears in the document,100.0,0.008,True,False,True,7,7,1.0,True,False,13964,8,,RDVASN9Z,,"Weight loss maintenance among truck drivers in the SHIFT randomised controlled trial, USA"
4TRC3UDD,human_labelled,Locked_26_01_08_337,VERIFIED,DOI_MATCH,Zotero's DOI appears in the document,100.0,0.01,True,False,True,7,7,1.0,True,True,9153,20,,CQJTVHBZ,,Improving diabetic patients' adherence to treatment and prevention of cardiovascular disease (Office Guidelines Applied to Practice-IMPACT Study)-a cluster randomized controlled effectiveness trial
XFPCQLGP,human_labelled,Locked_26_01_08_337,VERIFIED,DOI_MATCH,Zotero's DOI appears in the document,100.0,0.002,True,False,True,13,13,1.0,True,True,8433,17,10.5061/dryad.16c9m51,LT8VU24P,,Health insurance coverage with or without a nurse-led task shifting strategy for hypertension control: A pragmatic cluster randomized trial in Ghana
ME2XJGEW,human_labelled,Locked_26_01_08_337,VERIFIED,DOI_MATCH,Zotero's DOI appears in the document,100.0,0.012,True,False,True,20,20,1.0,True,True,2126,26,,HM3CKXE8,,Does prior coronary angioplasty affect outcomes of surgical coronary revascularization? Insights from the STICH trial
2BDG7GVP,human_labelled,Locked_26_01_08_337,VERIFIED,DOI_MATCH,Zotero's DOI appears in the document,100.0,0.0,True,False,True,10,10,1.0,True,False,6044,17,,SSTMV5MT,,A Group Randomized Intervention Trial Increases Participation in the School Breakfast Program in 16 Rural High Schools in Minnesota
L3XSIHDW,human_labelled,Locked_26_01_08_337,PDF_UNREADABLE,NO_TEXT,no PDF on disk at data\raw_pdfs\Human Labelled Set\L3XSIHDW.pdf,0.0,,,,,,,,,,0,0,,QD5GWDRZ,,Design and pilot implementation for the BETTER CARE-HF trial: A pragmatic cluster-randomized controlled trial comparing two targeted approaches to ambulatory clinical decision support for cardiologists
PQNBSQLX,human_labelled,Locked_26_01_08_337,PDF_UNREADABLE,NO_TEXT,no PDF on disk at data\raw_pdfs\Human Labelled Set\PQNBSQLX.pdf,0.0,,,,,,,,,,0,0,,V2452SBT,,Cluster-Randomized Trial Comparing Ambulatory Decision Support Tools to Improve Heart Failure Care
NT3UR2AB,human_labelled,Locked_26_01_08_337,VERIFIED,DOI_MATCH,Zotero's DOI appears in the document,100.0,0.0,True,False,True,4,4,1.0,True,False,6313,14,,ZSJERZ63,,The Impact of a Healthy Weight Intervention Embedded in a Home-Visiting Program on Children's Weight and Mothers' Feeding Practices
R4ZI2TKH,human_labelled,Locked_26_01_08_337,PDF_UNREADABLE,NO_TEXT,no PDF on disk at data\raw_pdfs\Human Labelled Set\R4ZI2TKH.pdf,0.0,,,,,,,,,,0,0,,F9N2FBB3,,"A cluster-randomized controlled trial of an elementary school drinking water access and promotion intervention: Rationale, study design, and protocol"
GMFGJ3S5,human_labelled,Locked_26_01_08_337,VERIFIED,DOI_MATCH,Zotero's DOI appears in the document,100.0,0.002,True,False,True,5,5,1.0,True,False,9147,11,,3KEF3LFZ,,The Effect of a Priest-Led Intervention on the Choice and Preference of Soda Beverages: A Cluster-Randomized Controlled Trial in Catholic Parishes
9LX3EYI2,human_labelled,Locked_26_01_08_337,VERIFIED,DOI_MATCH,Zotero's DOI appears in the document,100.0,0.093,True,False,True,7,7,1.0,True,False,9138,12,,L8ISIVX6,,Mastery-oriented motor competence intervention improves behavioral but not cognitive self-regulation in head start preschoolers: Randomized controlled trial results
7KTF6M73,human_labelled,Locked_26_01_08_337,VERIFIED,DOI_MATCH,Zotero's DOI appears in the document,100.0,0.122,True,False,True,17,17,1.0,True,True,10309,12,,7XAL7CTR,,Implementation of Multifaceted Patient-Centered Treatment Strategies for Intensive Blood Pressure Control (IMPACTS): Rationale and design of a cluster-randomized trial
W95M9S6N,human_labelled,Locked_26_01_08_337,VERIFIED,DOI_MATCH,Zotero's DOI appears in the document,100.0,0.003,True,False,True,12,12,1.0,True,True,8712,13,,7ULCFRQH,,Strengthening Referral Networks for Management of Hypertension Across the Health System (STRENGTHS) in western Kenya: a study protocol of a cluster randomized trial
PQVNQR33,human_labelled,Locked_26_01_08_337,VERIFIED,DOI_MATCH,Zotero's DOI appears in the document,100.0,0.0,True,False,True,14,14,1.0,True,False,6602,23,,7ED2CBYQ,,Addressing Pediatric Asthma Disparities through RI-AIR's Community Approach: A Randomized Trial
28SJBT73,human_labelled,Locked_26_01_08_337,VERIFIED,DOI_MATCH,Zotero's DOI appears in the document,100.0,0.115,True,False,True,9,9,1.0,True,True,9286,15,,6LHMG3JN,,Using implementation mapping to optimize the impact of Universal School meals: a type III hybrid implementation-effectiveness study protocol
T3W2WZCX,human_labelled,Locked_26_01_08_337,VERIFIED,DOI_MATCH,Zotero's DOI appears in the document,100.0,0.003,True,False,True,14,14,1.0,True,True,8873,14,,5UQM9E9H,,Social Mobile Approaches to Reducing Weight (SMART) 2.0: protocol of a randomized controlled trial among young adults in university settings
6PNE2R2W,human_labelled,Locked_26_01_08_337,VERIFIED,DOI_MATCH,Zotero's DOI appears in the document,100.0,0.002,True,False,True,22,22,1.0,True,True,11328,14,,BM3HMTY9,,Impact of the CAPTURE Chronic Obstructive Pulmonary Disease Screening Tool in U.S. Primary Care: A Cluster-Randomized Trial
DCYTWR4N,human_labelled,Locked_26_01_08_337,VERIFIED,DOI_MATCH,Zotero's DOI appears in the document,100.0,0.002,True,False,True,13,13,1.0,True,False,10160,8,,YIN67RAW,,Impact of Clinical Decision Support on Antibiotic Prescribing for Acute Respiratory Infections: a Cluster Randomized Implementation Trial
GKVUXT8J,human_labelled,Locked_26_01_08_337,VERIFIED,DOI_MATCH,Zotero's DOI appears in the document,100.0,0.013,True,False,True,6,6,1.0,True,True,10189,13,,CMA9D6WC,,Implementation of Coach McLungsSM into primary care using a cluster randomized stepped wedge trial design
S47B3QEJ,human_labelled,Locked_26_01_08_337,VERIFIED,DOI_MATCH,Zotero's DOI appears in the document,100.0,0.357,True,False,True,18,18,1.0,True,True,8869,13,,2ZZ5VWDR,,"Implementation strategies to integrate HIV and hypertension care in Kampala and Wakiso districts, Uganda: study protocol for a stepped wedge cluster randomized trial (PULESA-Uganda)"
52L6RCJY,human_labelled,Locked_26_01_08_337,VERIFIED,DOI_MATCH,Zotero's DOI appears in the document,100.0,0.001,True,False,True,15,15,1.0,True,True,10641,13,,EVCKYUYG,,Implementing remote patient monitoring to improve hypertension control in a primary care network: Rationale and design of the monitor-BP Cluster Randomized Trial
FDVX9XTR,human_labelled,Locked_26_01_08_337,VERIFIED,DOI_MATCH,Zotero's DOI appears in the document,100.0,0.003,True,False,True,6,6,1.0,True,True,9087,11,,DNJMJYXA,,System Level Informatics to Improve Triage Practices for Sickle Cell Disease Vaso-Occlusive Crisis: A Cluster Randomized Controlled Trial
ER2TALDD,human_labelled,Locked_26_01_08_337,VERIFIED,DOI_MATCH,Zotero's DOI appears in the document,100.0,0.009,True,False,True,15,15,1.0,True,True,10299,12,,BMT4KNI7,,Protocol for a randomised trial of an interprofessional team-delivered intervention to support surrogate decision-makers in ICUs
KDH4XJIC,human_labelled,Locked_26_01_08_337,VERIFIED,DOI_MATCH,Zotero's DOI appears in the document,100.0,0.003,True,False,True,13,13,1.0,True,True,8150,8,,SFBWV7V9,,"Financial incentives versus standard of care to improve patient compliance with live kidney donor follow-up: protocol for a multi-center, parallel-group randomized controlled trial"
Y9EY4XQ8,human_labelled,Locked_26_01_08_337,VERIFIED,DOI_MATCH,Zotero's DOI appears in the document,100.0,0.001,True,False,True,14,14,1.0,True,True,10050,10,,C5L6W4KU,,"Reducing ethnic and racial disparities by improving undertreatment, control, and engagement in blood pressure management with health information technology (REDUCE-BP) hybrid effectiveness-implementation pragmatic trial: Rationale and design"
ZS5WVT7S,human_labelled,Locked_26_01_08_337,VERIFIED,DOI_MATCH,Zotero's DOI appears in the document,100.0,0.002,True,False,True,26,26,1.0,True,False,11833,7,,27ENHQT7,,Prospective Assessment of the Feasibility of a Trial of Low-Tidal Volume Ventilation for Patients with Acute Respiratory Failure
MWYKAIL4,human_labelled,Locked_26_01_08_337,VERIFIED,DOI_MATCH,Zotero's DOI appears in the document,100.0,0.002,True,False,True,11,11,1.0,True,True,9167,16,,TRWURDPT,,"Impact of a School-Based Gardening, Cooking, Nutrition Intervention on Diet Intake and Quality: The TX Sprouts Randomized Controlled Trial"
4NGYJQ62,human_labelled,Locked_26_01_08_337,VERIFIED,DOI_MATCH,Zotero's DOI appears in the document,100.0,0.0,True,False,True,10,10,1.0,True,False,10680,8,,TNVWY2IC,,Optimizing Huddle Engagement Through Leadership and Problem Solving Within Primary Care: Results from a Cluster-Randomized Trial
EZW26HK2,human_labelled,Locked_26_01_08_337,VERIFIED,DOI_MATCH,Zotero's DOI appears in the document,100.0,0.004,True,False,True,13,13,1.0,True,True,7912,11,,63LWMKB9,,A Multifaceted Implementation Strategy to Increase Out-of-Office Blood Pressure Monitoring: The EMBRACE Cluster Randomized Clinical Trial
NQ4Y7FIA,human_labelled,Locked_26_01_08_337,VERIFIED,DOI_MATCH,Zotero's DOI appears in the document,100.0,0.0,True,False,True,13,13,1.0,True,False,5019,38,,J3CVXWQ2,,Caring for the elderly at work and home: Can a randomized organizational intervention improve psychological health?
XEIAGV9H,human_labelled,Locked_26_01_08_337,VERIFIED,DOI_MATCH,Zotero's DOI appears in the document,100.0,0.088,True,False,True,34,34,1.0,True,True,10286,10,10.1161/CIRCULATIONAHA.122.062507,C6648ZYV,,Effectiveness of the Family Heart Talk Communication Tool in Improving Family Member Screening for Dilated Cardiomyopathy: Results of a Randomized Trial
8QKAXQVW,human_labelled,Locked_26_01_08_337,VERIFIED,DOI_MATCH,Zotero's DOI appears in the document,100.0,0.0,True,False,True,9,9,1.0,True,False,6193,18,,L8PGBMJN,,Evaluation of an Electronic Clinical Decision Support Tool for Incident Elevated BP in Adolescents
3XPH2HI6,human_labelled,Locked_26_01_08_337,VERIFIED,DOI_MATCH,Zotero's DOI appears in the document,100.0,0.002,True,False,True,11,11,1.0,True,False,10140,9,,BS65I95I,,Cluster randomized controlled trial of a multilevel physical activity intervention for older adults
25GIEATL,human_labelled,Locked_26_01_08_337,VERIFIED,DOI_MATCH,Zotero's DOI appears in the document,100.0,0.013,True,False,True,11,11,1.0,True,True,10610,7,,3XEVV4B8,,Dissemination of a telehealth cardiovascular risk service: The CVRS live protocol
L8CPLJYW,human_labelled,Locked_26_01_08_337,VERIFIED,DOI_MATCH,Zotero's DOI appears in the document,100.0,0.0,True,False,True,11,11,1.0,True,True,8609,8,,LEMECLQ7,,A study protocol to engage religious leaders to reduce blood pressure in Tanzanian communities: A cluster randomized trial
KSSYVX7X,human_labelled,Locked_26_01_08_337,VERIFIED,DOI_MATCH,Zotero's DOI appears in the document,100.0,0.018,True,False,True,22,22,1.0,True,True,10725,10,10.1002/jia2.26195/full,DK46CWCU,,A community-based dynamic choice model for HIV prevention improves PrEP and PEP coverage in rural Uganda and Kenya: a cluster randomized trial
YJDJH8TY,human_labelled,Locked_26_01_08_337,VERIFIED,DOI_MATCH,Zotero's DOI appears in the document,100.0,0.0,True,False,True,15,16,0.938,True,True,10742,11,,HZ3ERX7H,,Cardiovascular risk factor reduction by community health workers in rural India: A cluster randomized trial
VMHXT33Z,human_labelled,Locked_26_01_08_337,VERIFIED,DOI_MATCH,Zotero's DOI appears in the document,100.0,0.001,True,False,True,23,23,1.0,True,True,11090,11,,P3J8489U,,Randomized evaluation of decision support interventions for atrial fibrillation: Rationale and design of the RED-AF study
LIJH82T5,human_labelled,Locked_26_01_08_337,VERIFIED,DOI_MATCH,Zotero's DOI appears in the document,100.0,0.007,True,False,True,23,23,1.0,True,True,11967,13,,PECU57IB,,A cluster randomised trial of cookstove interventions to improve infant health in Ghana
M8CXW6PU,human_labelled,Locked_26_01_08_337,VERIFIED,DOI_MATCH,Zotero's DOI appears in the document,100.0,0.001,True,False,True,12,12,1.0,True,False,10841,12,,NYYTG5LR,,Clinical and economic effectiveness of a pharmacy and primary care collaborative transition of care program
65U9AYL7,human_labelled,Locked_26_01_08_337,VERIFIED,DOI_MATCH,Zotero's DOI appears in the document,100.0,0.0,True,False,True,3,49,0.061,True,True,10894,12,,344QBA5L,,Effect of Physiologic Point-of-Care Cardiopulmonary Resuscitation Training on Survival With Favorable Neurologic Outcome in Cardiac Arrest in Pediatric ICUs: A Randomized Clinical Trial
D29P9RKT,human_labelled,Locked_26_01_08_337,VERIFIED,DOI_MATCH,Zotero's DOI appears in the document,100.0,0.974,True,False,True,17,17,1.0,True,True,10414,12,,PNIE45YH,,Effect of a Quality Improvement Intervention on Clinical Outcomes in Patients in India With Acute Myocardial Infarction: The ACS QUIK Randomized Clinical Trial
XEKC6EFN,human_labelled,Locked_26_01_08_337,VERIFIED,DOI_MATCH,Zotero's DOI appears in the document,100.0,0.281,True,False,True,9,9,1.0,True,True,9114,12,10.1161/CIRCULATIONAHA.117.030617,CLWALKNH,,Reversing the Cardiac Effects of Sedentary Aging in Middle Age-A Randomized Controlled Trial: Implications For Heart Failure Prevention
DZSYHDZB,human_labelled,Locked_26_01_08_337,VERIFIED,DOI_MATCH,Zotero's DOI appears in the document,100.0,0.008,True,False,True,13,13,1.0,True,True,8487,11,,RUTI425K,,The impact of 2 years of high-intensity exercise training on a model of integrated cardiovascular regulation
NVVGHG2W,human_labelled,Locked_26_01_08_337,VERIFIED,DOI_MATCH,Zotero's DOI appears in the document,100.0,0.003,True,False,True,11,11,1.0,True,True,9365,10,,NZRSFNVH,,Monitoring Study Participants and Implementation with Phone Calls to Support Hypertension Control During the COVID-19 Pandemic: The Case of a Multicomponent Intervention Trial in Guatemala
R2P2KPRE,human_labelled,Locked_26_01_08_337,VERIFIED,DOI_MATCH,Zotero's DOI appears in the document,100.0,0.007,True,False,True,22,22,1.0,True,True,12226,10,10.1136/​,YRHXI3DZ,,Best Case/Worst Case: protocol for a multisite randomised clinical trial of a scenario planning intervention for patients with kidney failure
MPJA6L2H,human_labelled,Locked_26_01_08_337,VERIFIED,DOI_MATCH,Zotero's DOI appears in the document,100.0,0.002,True,False,True,6,6,1.0,True,False,10608,7,,7Z4CAEFT,,Breakfast Is Brain Food? The Effect on Grade Point Average of a Rural Group Randomized Program to Promote School Breakfast
WUNIU4CC,human_labelled,Locked_26_01_08_337,VERIFIED,DOI_MATCH,Zotero's DOI appears in the document,100.0,0.005,True,False,True,9,9,1.0,True,False,11175,9,,SDQLC8ND,,Household- Versus Incentive-Based Contact Investigation for Tuberculosis in Rural South Africa: A Cluster-Randomized Trial
BW2B5H9P,human_labelled,Locked_26_01_08_337,VERIFIED,DOI_MATCH,Zotero's DOI appears in the document,100.0,0.034,True,False,True,4,4,1.0,True,True,10250,8,,RVIYBJK6,,Design of the Equity in Prevention and Progression of Hypertension by Addressing Barriers to Nutrition and Physical Activity Study: A Cluster Randomized Trial
7M6ST2JQ,human_labelled,Locked_26_01_08_337,VERIFIED,DOI_MATCH,Zotero's DOI appears in the document,100.0,0.02,True,False,True,8,8,1.0,True,False,5607,14,,SRIMKEKA,,Effect of the School-Based Asthma Care for Teens (SB-ACT) program on asthma morbidity: a 3-arm randomized controlled trial
9J2SL67D,human_labelled,Locked_26_01_08_337,VERIFIED,DOI_MATCH,Zotero's DOI appears in the document,100.0,0.003,True,False,True,12,12,1.0,True,True,8784,14,,WT7V7LSP,,Conquering hypertension in Vietnam-solutions at grassroots level: study protocol of a cluster randomized controlled trial
BBQSQ5GY,human_labelled,Locked_26_01_08_337,VERIFIED,DOI_MATCH,Zotero's DOI appears in the document,100.0,0.009,True,False,True,6,6,1.0,True,True,12647,9,,Z3FTMGI8,,Using virtual agents to increase physical activity in young children with the virtual fitness buddy ecosystem: Study protocol for a cluster randomized trial
QUEFXEQY,human_labelled,Locked_26_01_08_337,VERIFIED,DOI_MATCH,Zotero's DOI appears in the document,100.0,0.012,True,False,True,13,13,1.0,True,False,9116,16,,L7SC9M9T,,"Implementation of coordinated spontaneous awakening and breathing trials using telehealth-enabled, real-time audit and feedback for clinician adherence (TEACH): a type II hybrid effectiveness-implementation cluster-randomized trial"
GK558E5R,human_labelled,Locked_26_01_08_337,VERIFIED,DOI_MATCH,Zotero's DOI appears in the document,100.0,0.002,True,False,True,28,28,1.0,True,True,9220,22,,ZG7LLCKB,,Influence of hydrometeorological risk factors on child diarrhea and enteropathogens in rural Bangladesh
5VWZPNEQ,human_labelled,Locked_26_01_08_337,VERIFIED,DOI_MATCH,Zotero's DOI appears in the document,100.0,0.0,True,False,True,2,53,0.038,True,False,9548,33,,SQK589KW,,"Putting patients at the center of kidney care transitions: PREPARE NOW, a cluster randomized controlled trial"
L2VHUDMD,human_labelled,Locked_26_01_08_337,VERIFIED,DOI_MATCH,Zotero's DOI appears in the document,100.0,0.008,True,False,True,6,6,1.0,True,True,9850,9,,GKCLCSSA,,Visit Planning Using a Waiting Room Health IT Tool: The Aligning Patients and Providers Randomized Controlled Trial
3B8K39D8,human_labelled,Locked_26_01_08_337,VERIFIED,DOI_MATCH,Zotero's DOI appears in the document,100.0,0.006,True,False,True,18,18,1.0,True,True,7838,15,,ZLQ5PR4W,,Effect of Clinical Decision Support at Community Health Centers on the Risk of Cardiovascular Disease: A Cluster Randomized Clinical Trial
LU33978L,human_labelled,Locked_26_01_08_337,VERIFIED,DOI_MATCH,Zotero's DOI appears in the document,100.0,0.0,True,False,True,14,14,1.0,True,False,11139,11,,RHJNT5G9,,Improving Communication in Heart Failure Patient Care
4QHFZPVG,human_labelled,Locked_26_01_08_337,VERIFIED,DOI_MATCH,Zotero's DOI appears in the document,100.0,0.003,True,False,True,24,24,1.0,True,False,9197,14,,MV47U8GH,,Systems analysis and improvement approach to optimize the hypertension diagnosis and care cascade for PLHIV individuals (SAIA-HTN): a hybrid type III cluster randomized trial
KMKSIU5U,human_labelled,Locked_26_01_08_337,VERIFIED,DOI_MATCH,Zotero's DOI appears in the document,100.0,0.0,True,False,True,10,10,1.0,True,False,2218,35,,XNUCC8PV,,School-supervised use of a once-daily inhaled corticosteroid regimen: A cluster randomized trial
QURVUDB5,human_labelled,Locked_26_01_08_337,VERIFIED,DOI_MATCH,Zotero's DOI appears in the document,100.0,0.011,True,False,True,11,11,1.0,True,False,9280,18,,4GS6XU5D,,A multi-component tailored intervention in family childcare homes improves diet quality and sedentary behavior of preschool children compared to an attention control: results from the Healthy Start-Comienzos Sanos cluster randomized trial
EI9D54I4,human_labelled,Locked_26_01_08_337,VERIFIED,DOI_MATCH,Zotero's DOI appears in the document,100.0,0.176,True,False,True,13,13,1.0,True,True,6940,15,,Q9XVM796,,"Awareness with paralysis and symptoms of post-traumatic stress disorder among mechanically ventilated emergency department survivors (ED-AWARENESS-2 Trial): study protocol for a pragmatic, multicenter, stepped wedge cluster randomized trial"
Z6WDVTKT,human_labelled,Locked_26_01_08_337,VERIFIED,DOI_MATCH,Zotero's DOI appears in the document,100.0,0.134,True,False,True,12,12,1.0,True,True,9094,12,,H7KJHQGD,,Assessment of implementation methods in sepsis: study protocol for a cluster-randomized hybrid type 2 trial
IDKFPWGH,human_labelled,Locked_26_01_08_337,VERIFIED,DOI_MATCH,Zotero's DOI appears in the document,100.0,0.0,True,False,True,10,10,1.0,True,False,9805,11,,PCFFRKA7,,A Cluster Randomized Trial of a Community-Based Intervention Among African-American Adults: Effects on Dietary and Physical Activity Outcomes
6ZV568P4,human_labelled,Locked_26_01_08_337,VERIFIED,DOI_MATCH,Zotero's DOI appears in the document,100.0,0.263,True,False,True,13,13,1.0,True,True,8853,10,10.1161/CIRCOUTCOMES.119.006378,T5ET277R,,Evidence-Based Policy Making for Public Health Interventions in Cardiovascular Diseases: Formally Assessing the Feasibility of Clinical Trials
W2VQEXEG,human_labelled,Locked_26_01_08_337,VERIFIED,DOI_MATCH,Zotero's DOI appears in the document,100.0,0.015,True,False,True,11,14,0.786,True,False,4096,34,,36YMN8PW,,"Medical assistant health coaching (""MAC"") for type 2 diabetes in diverse primary care settings: A pragmatic, cluster-randomized controlled trial protocol"
4B9BMDV7,human_labelled,Locked_26_01_08_337,VERIFIED,DOI_MATCH,Zotero's DOI appears in the document,100.0,0.004,True,False,True,15,15,1.0,True,True,8662,13,,FXCCUYAN,,Effectiveness of a Digital Cognitive Behavior Therapy-Guided Self-Help Intervention for Eating Disorders in College Women: A Cluster Randomized Clinical Trial
8H9BUEWH,human_labelled,Locked_26_01_08_337,VERIFIED,DOI_MATCH,Zotero's DOI appears in the document,100.0,0.0,True,False,True,10,10,1.0,False,False,9517,8,,C6Y2CB3B,,Blood Pressure Visit Intensification in Treatment (BP-Visit) Findings: a Pragmatic Stepped Wedge Cluster Randomized Trial
3ETDUWRH,human_labelled,Locked_26_01_08_337,VERIFIED,DOI_MATCH,Zotero's DOI appears in the document,100.0,0.011,True,False,True,9,9,1.0,True,False,8629,8,,TX5UW83C,,"Simultaneously implementing pathways for improving asthma, pneumonia, and bronchiolitis care for hospitalized children: Protocol for a hybrid effectiveness-implementation, cluster-randomized trial"
IRIMYPZ3,human_labelled,Locked_26_01_08_337,VERIFIED,DOI_MATCH,Zotero's DOI appears in the document,100.0,0.015,True,False,True,13,13,1.0,True,True,9001,7,,HSVZG833,,Team-based home blood pressure monitoring for blood pressure equity a protocol for a stepped wedge cluster randomized trial
AUCUKPB9,human_labelled,Locked_26_01_08_337,VERIFIED,DOI_MATCH,Zotero's DOI appears in the document,100.0,0.006,True,False,True,4,4,1.0,True,True,9481,8,,JSFJ6ETJ,,Barbershop Management of Hypertension in the African American Population: Pitfalls and Opportunities for Extension to Other Underserved Communities
7NYXSVAI,human_labelled,Locked_26_01_08_337,VERIFIED,DOI_MATCH,Zotero's DOI appears in the document,100.0,0.0,True,False,True,25,25,1.0,True,False,13015,9,,VVAN8JVJ,,Effect of targeting normoxemia on supplemental oxygen-free days for adults with acute thermal burns: A stepped wedge cluster randomized clinical trial
ZR3LJXGK,human_labelled,Locked_26_01_08_337,VERIFIED,DOI_MATCH,Zotero's DOI appears in the document,100.0,0.01,True,False,True,17,17,1.0,True,True,13136,11,,TYHCLREH,,"Implementing a prediabetes clinical decision support system in a large primary care system: Design, methods, and pre-implementation results"
4NV8FP3G,human_labelled,Locked_26_01_08_337,PDF_UNREADABLE,NO_TEXT,no PDF on disk at data\raw_pdfs\Human Labelled Set\4NV8FP3G.pdf,0.0,,,,,,,,,,0,0,,Q97GMFGI,,"Design and participant characteristics of TX sprouts: A school-based cluster randomized gardening, nutrition, and cooking intervention"
D25VKDJV,human_labelled,Locked_26_01_08_337,VERIFIED,DOI_MATCH,Zotero's DOI appears in the document,100.0,0.003,True,False,True,14,14,1.0,True,False,8778,14,,G3VRUHGA,,"School-based gardening, cooking and nutrition intervention increased vegetable intake but did not reduce BMI: Texas sprouts - a cluster randomized controlled trial"
74ARW7SL,human_labelled,Locked_26_01_08_337,VERIFIED,DOI_MATCH,Zotero's DOI appears in the document,100.0,0.003,True,False,True,8,9,0.889,True,True,9876,10,,M85CSC46,,Methods in the design and implementation of the Randomized Evaluation of Sedation Titration for Respiratory Failure (RESTORE) clinical trial
CKWBYHEN,human_labelled,Locked_26_01_08_337,VERIFIED,DOI_MATCH,Zotero's DOI appears in the document,100.0,0.02,True,False,True,3,8,0.375,True,True,3136,34,,QDMTEBY9,,"Change in GPS-assessed walking locations following a cluster-randomized controlled physical activity trial in older adults, results from the MIPARC trial"
SAT93UFL,human_labelled,Locked_26_01_08_337,VERIFIED,DOI_MATCH,Zotero's DOI appears in the document,100.0,0.012,True,False,True,12,12,1.0,True,False,9051,15,,YEZYWF4L,,Health effects and cost-effectiveness of a multilevel physical activity intervention in low-income older adults; results from the PEP4PA cluster randomized controlled trial
TEXLFQSL,human_labelled,Locked_26_01_08_337,VERIFIED,DOI_MATCH,Zotero's DOI appears in the document,100.0,0.006,True,False,True,17,17,1.0,True,True,8188,17,,CYEX2BSJ,,Mobile Application-Based Communication Facilitation Platform for Family Members of Critically Ill Patients: A Randomized Clinical Trial
FUCS56UM,human_labelled,Locked_26_01_08_337,PDF_UNREADABLE,NO_TEXT,no PDF on disk at data\raw_pdfs\Human Labelled Set\FUCS56UM.pdf,0.0,,,,,,,,,,0,0,,57RTNN4R,,Mobile App-Facilitated Collaborative Palliative Care Intervention for Critically Ill Older Adults: A Randomized Clinical Trial
QMLU4TM8,human_labelled,Locked_26_01_08_337,VERIFIED,DOI_MATCH,Zotero's DOI appears in the document,100.0,0.002,True,False,True,17,17,1.0,True,False,11605,11,,RW3IJMC8,,Prognosticating Outcomes and Nudging Decisions with Electronic Records in the Intensive Care Unit Trial Protocol
84YU8UCD,human_labelled,Locked_26_01_08_337,VERIFIED,DOI_MATCH,Zotero's DOI appears in the document,100.0,0.072,True,False,True,19,19,1.0,True,True,9410,13,10.1161/CIRCULATIONAHA.124.069622,4XZHCAYU,,Equitable Care for Hypertension: Blood Pressure and Patient-Reported Outcomes of the RICH LIFE Cluster Randomized Trial
DJYB2MPK,human_labelled,Locked_26_01_08_337,VERIFIED,DOI_MATCH,Zotero's DOI appears in the document,100.0,0.002,True,False,True,11,11,1.0,True,True,9752,12,,USDC3M6Z,,Design and rationale of the cardiometabolic health program linked with community health workers and mobile health telemonitoring to reduce health disparities (LINKED-HEARTS) program
5PV3ES8S,human_labelled,Locked_26_01_08_337,VERIFIED,DOI_MATCH,Zotero's DOI appears in the document,100.0,0.004,True,False,True,8,8,1.0,True,True,8115,13,,HIDHAFXD,,Efficacy of Community-Based Exercise Therapy Among African American Patients With Peripheral Artery Disease: A Randomized Clinical Trial
TT7PIVLD,human_labelled,Locked_26_01_08_337,VERIFIED,DOI_MATCH,Zotero's DOI appears in the document,100.0,0.002,True,False,True,9,11,0.818,True,True,9257,24,,FGA96QAA,,Point-of-care C-reactive protein measurement by community health workers safely reduces antimicrobial use among children with respiratory illness in rural Uganda: A stepped wedge cluster randomized trial
AKJ8USST,human_labelled,Locked_26_01_08_337,VERIFIED,DOI_MATCH,Zotero's DOI appears in the document,100.0,0.002,True,False,True,17,23,0.739,True,True,9373,14,,YY7SGLAB,,"Novel community health worker strategy for HIV service engagement in a hyperendemic community in Rakai, Uganda: A pragmatic, cluster-randomized trial"
XHFTHUCG,human_labelled,Locked_26_01_08_337,VERIFIED,DOI_MATCH,Zotero's DOI appears in the document,100.0,0.336,True,False,True,22,22,1.0,True,True,9095,10,,K469ZW29,,Multicomponent Strategy with Decentralized Molecular Testing for Tuberculosis
FEHWGZSQ,human_labelled,Locked_26_01_08_337,VERIFIED,DOI_MATCH,Zotero's DOI appears in the document,100.0,0.002,True,False,True,8,12,0.667,True,True,8926,19,10.1371/journal,WC45TDTZ,,"Evaluation of an adapted version of the Diabetes Prevention Program for low- and middle-income countries: A cluster randomized trial to evaluate ""Lifestyle Africa"" in South Africa"
UHEKLJLC,human_labelled,Locked_26_01_08_337,VERIFIED,DOI_MATCH,Zotero's DOI appears in the document,100.0,0.0,True,False,True,8,8,1.0,True,False,12372,11,,XP2JTII6,,A Cluster-Randomized Evaluation of the SuperShelf Intervention in Choice-Based Food Pantries
4IBT3NAD,human_labelled,Locked_26_01_08_337,VERIFIED,DOI_MATCH,Zotero's DOI appears in the document,100.0,0.257,True,False,True,10,10,1.0,True,True,8872,10,10.1161/CIRCOUTCOMES.117.004188,YXAELJMI,,Cluster-Randomized Trial to Evaluate a Centralized Clinical Pharmacy Service in Private Family Medicine Offices
K4DMDMSQ,human_labelled,Locked_26_01_08_337,VERIFIED,DOI_MATCH,Zotero's DOI appears in the document,100.0,0.002,True,False,True,15,15,1.0,True,True,9286,18,10.2196/12601,QDKPCKDY,,The Effect of an mHealth Self-Monitoring Intervention (MI-BP) on Blood Pressure Among Black Individuals With Uncontrolled Hypertension: Randomized Controlled Trial
IPR6QU8P,human_labelled,Locked_26_01_08_337,VERIFIED,DOI_MATCH,Zotero's DOI appears in the document,100.0,0.0,True,False,True,8,8,1.0,True,True,10171,10,,58G7JN4K,,Community Health Workers Linking Clinics and Schools and Asthma Control: A Randomized Clinical Trial
Z2W7K5DA,human_labelled,Locked_26_01_08_337,VERIFIED,DOI_MATCH,Zotero's DOI appears in the document,100.0,0.001,True,False,True,8,8,1.0,True,False,10920,8,,AEW2TS8D,,A Randomized Controlled Trial of Heart Failure Disease Management in Skilled Nursing Facilities
E5W8I8AR,human_labelled,Locked_26_01_08_337,VERIFIED,TITLE_AUTHOR_MATCH,title matches (100.0) and first author present; no DOI in text,100.0,0.0,False,False,True,5,5,1.0,False,False,4476,22,,3YYZ3B9W,,Can a private sector engagement intervention that prioritizes pro-poor strategies improve healthcare access and quality? A randomized field experiment in Kenya
GJGVIKMM,human_labelled,Locked_26_01_08_337,VERIFIED,DOI_MATCH,Zotero's DOI appears in the document,100.0,0.0,True,False,True,7,7,1.0,True,False,12423,9,10.1037/hea0000853.supp,KS3QN43F,,Intervening on fear after acute cardiac events: Rationale and design of the INFORM randomized clinical trial
3JVAWNIE,human_labelled,Locked_26_01_08_337,VERIFIED,DOI_MATCH,Zotero's DOI appears in the document,100.0,0.358,True,False,True,10,10,1.0,True,True,12002,13,,ZCG8MT2Z,,Effect of salt substitution on community-wide blood pressure and hypertension incidence
8RFFGGMQ,human_labelled,Locked_26_01_08_337,VERIFIED,DOI_MATCH,Zotero's DOI appears in the document,100.0,0.0,True,False,True,14,14,1.0,True,False,8687,10,,RPY3LAW7,,"Employee Cardiometabolic Risk Following a Cluster-Randomized Workplace Intervention From the Work, Family and Health Network, 2009-2013"
55D8SN85,human_labelled,Locked_26_01_08_337,VERIFIED,DOI_MATCH,Zotero's DOI appears in the document,100.0,0.005,True,False,True,14,14,1.0,True,True,8293,13,,63V4FWHP,,Effect of Patient Financial Incentives on Statin Adherence and Lipid Control: A Randomized Clinical Trial
TGSIADX6,human_labelled,Locked_26_01_08_337,VERIFIED,DOI_MATCH,Zotero's DOI appears in the document,100.0,0.0,True,False,True,11,11,1.0,True,True,10203,10,,HXUYWZUX,,Design and rationale of a pragmatic trial integrating routine screening for atrial fibrillation at primary care visits: The VITAL-AF trial
VAKS8AI7,human_labelled,Locked_26_01_08_337,VERIFIED,DOI_MATCH,Zotero's DOI appears in the document,100.0,0.0,True,False,True,10,10,1.0,True,True,6280,18,,2BEWG2SL,,Pharmacist Intervention for Blood Pressure Control in Patients with Diabetes and/or Chronic Kidney Disease
MQF2Y5AM,human_labelled,Locked_26_01_08_337,VERIFIED,DOI_MATCH,Zotero's DOI appears in the document,100.0,0.008,True,False,True,20,20,1.0,True,True,11598,12,10.1136/​,TGWZZ7Y8,,"Behavioural 'nudging' interventions to reduce low-value care for low back pain in the emergency department (NUDG-ED): protocol for a 2×2 factorial, before-after, cluster randomised trial"
GN4JGZR9,human_labelled,Locked_26_01_08_337,VERIFIED,DOI_MATCH,Zotero's DOI appears in the document,100.0,0.012,True,False,True,15,15,1.0,True,True,9239,13,,ECE539X2,,Integration of a task strengthening strategy for hypertension management into HIV care in Nigeria: a cluster randomized controlled trial study protocol
J72RMLRJ,human_labelled,Locked_26_01_08_337,PDF_UNREADABLE,NO_TEXT,no PDF on disk at data\raw_pdfs\Human Labelled Set\J72RMLRJ.pdf,0.0,,,,,,,,,,0,0,,GJWVRIMD,,Study design and protocol of a stepped wedge cluster randomized trial using a practical implementation strategy as a model for hypertension-HIV integration - the MAP-IT trial
4GUDDLNQ,human_labelled,Locked_26_01_08_337,VERIFIED,DOI_MATCH,Zotero's DOI appears in the document,100.0,0.136,True,False,True,7,7,1.0,True,False,9616,16,,N3QFR6CN,,A cluster randomized factorial trial of school-lunch salad bars and marketing on elementary students' objectively measured fruit and vegetable consumption
D24FD6G2,human_labelled,Locked_26_01_08_337,VERIFIED,DOI_MATCH,Zotero's DOI appears in the document,100.0,0.002,True,False,True,20,20,1.0,True,False,9838,10,,U2IJCE2G,,"Automated symptom and treatment side effect monitoring for improved quality of life among adults with diabetic peripheral neuropathy in primary care: a pragmatic, cluster, randomized, controlled trial"
VG2ZZL79,human_labelled,Locked_26_01_08_337,VERIFIED,DOI_MATCH,Zotero's DOI appears in the document,100.0,0.0,True,False,True,26,26,1.0,True,False,2593,34,,6W6H2MSI,,"Hydroxyurea for primary stroke prevention in children with sickle cell anaemia in Nigeria (SPRING): a double-blind, multicentre, randomised, phase 3 trial"
MTLFVN94,human_labelled,Locked_26_01_08_337,VERIFIED,DOI_MATCH,Zotero's DOI appears in the document,100.0,0.011,True,False,True,7,7,1.0,True,True,12303,9,,E2FBTNT4,,Managing high cardiovascular disease risk among adults in Argentina using a multicomponent strategy linking key aspects of care: A two-arm cluster-randomized clinical trial (PRIMECare) protocol
QEHREYLH,human_labelled,Locked_26_01_08_337,VERIFIED,DOI_MATCH,Zotero's DOI appears in the document,100.0,0.014,True,False,True,38,39,0.974,True,False,3202,17,,DZJJIPZ7,,Sodium Bicarbonate Use During Pediatric Cardiopulmonary Resuscitation: A Secondary Analysis of the ICU-RESUScitation Project Trial
98PU32ET,human_labelled,Locked_26_01_08_337,VERIFIED,DOI_MATCH,Zotero's DOI appears in the document,100.0,0.013,True,False,True,5,5,1.0,True,False,9760,17,,TCZZ5LJZ,,Leveraging baseline covariates to analyze small cluster-randomized trials with a rare binary outcome
8UI7B8NY,human_labelled,Locked_26_01_08_337,VERIFIED,DOI_MATCH,Zotero's DOI appears in the document,100.0,0.001,True,False,True,5,5,1.0,True,False,12514,6,,26RZZMIT,,Disease Management in Skilled Nursing Facilities Improves Outcomes for Patients With a Primary Diagnosis of Heart Failure
SZ3FBTVJ,human_labelled,Locked_26_01_08_337,VERIFIED,DOI_MATCH,Zotero's DOI appears in the document,100.0,0.003,True,False,True,10,10,1.0,True,True,11790,11,,FWLE2IP9,,Long-Term Outcomes after Protocolized Sedation versus Usual Care in Ventilated Pediatric Patients
2QQAF298,human_labelled,Locked_26_01_08_337,PDF_UNREADABLE,NO_TEXT,no PDF on disk at data\raw_pdfs\Human Labelled Set\2QQAF298.pdf,0.0,,,,,,,,,,0,0,,9X2SV2N4,,"Workplace health and safety intervention for child care staff: Rationale, design, and baseline results from the CARE cluster randomized control trial"
8NC76BQP,human_labelled,Locked_26_01_08_337,VERIFIED,DOI_MATCH,Zotero's DOI appears in the document,100.0,0.002,True,False,True,13,13,1.0,True,False,11343,8,,U6N88GKN,,Effect of Hospitalizations on Physical Activity Patterns in Mobility-Limited Older Adults
34PR6YXH,human_labelled,Locked_26_01_08_337,VERIFIED,DOI_MATCH,Zotero's DOI appears in the document,100.0,0.014,True,False,True,8,8,1.0,True,True,9327,18,,42FJ5RVA,,A mixed model approach to estimate the survivor average causal effect in cluster-randomized trials
K5PURRCS,human_labelled,Locked_26_01_08_337,VERIFIED,DOI_MATCH,Zotero's DOI appears in the document,100.0,0.011,True,False,True,2,2,1.0,True,True,9580,8,,MCAS37Z6,,A comparative study of R functions for clustered data analysis
GJ9ZU4N5,human_labelled,Locked_26_01_08_337,VERIFIED,DOI_MATCH,Zotero's DOI appears in the document,100.0,0.019,True,False,True,3,3,1.0,True,False,10747,18,,3U2U2EGU,,Predicting physical activity among urban adolescent girls: A test of the health promotion model
E2MNEMB8,human_labelled,Locked_26_01_08_337,VERIFIED,DOI_MATCH,Zotero's DOI appears in the document,100.0,0.36,True,False,True,11,11,1.0,True,True,8666,10,10.1161/CIRCULATIONAHA.118.038165,A32TJH9Z,,Sustainability of Blood Pressure Reduction in Black Barbershops
CWWSSM8V,human_labelled,Locked_26_01_08_337,PDF_UNREADABLE,NO_TEXT,no PDF on disk at data\raw_pdfs\Human Labelled Set\CWWSSM8V.pdf,0.0,,,,,,,,,,0,0,,67SRZJVN,,Community Health Workers Improve Linkage to Hypertension Care in Western Kenya
TT59I4HB,human_labelled,Locked_26_01_08_337,PDF_UNREADABLE,NO_TEXT,no PDF on disk at data\raw_pdfs\Human Labelled Set\TT59I4HB.pdf,0.0,,,,,,,,,,0,0,,9H9QQ2E4,,Group Medical Visit and Microfinance Intervention for Patients With Diabetes or Hypertension in Kenya
BNPVWAIY,human_labelled,Locked_26_01_08_337,PDF_UNREADABLE,NO_TEXT,no PDF on disk at data\raw_pdfs\Human Labelled Set\BNPVWAIY.pdf,0.0,,,,,,,,,,0,0,,ZN4UVTR8,,The impact of basic vs. enhanced Go NAPSACC on child care centers' healthy eating and physical activity practices: protocol for a type 3 hybrid effectiveness-implementation cluster-randomized trial
J2XGTHGE,human_labelled,Locked_26_01_08_337,PDF_UNREADABLE,NO_TEXT,no PDF on disk at data\raw_pdfs\Human Labelled Set\J2XGTHGE.pdf,0.0,,,,,,,,,,0,0,,BXIS6RA2,,"Evaluating a child care-based social marketing approach for improving children's diet and physical activity: results from the Healthy Me, Healthy We cluster-randomized controlled trial"
V4KK3YW4,human_labelled,Locked_26_01_08_337,VERIFIED,DOI_MATCH,Zotero's DOI appears in the document,100.0,0.002,True,False,True,5,5,1.0,True,False,11116,13,,WAJW855K,,"Using a social marketing approach to develop Healthy Me, Healthy We: a nutrition and physical activity intervention in early care and education"
UVKTJIEB,human_labelled,Locked_26_01_08_337,VERIFIED,DOI_MATCH,Zotero's DOI appears in the document,100.0,0.014,True,False,True,6,6,1.0,True,True,3932,20,,2HE9C6A4,,Dietary Psychosocial Mediators of Vegetable Intake in Schoolchildren From Low-Income and Racial and Ethnic Minority US Families: Findings From the Texas Sprouts Intervention
6QNQDH2P,human_labelled,Locked_26_01_08_337,VERIFIED,DOI_MATCH,Zotero's DOI appears in the document,100.0,0.0,True,False,True,7,7,1.0,True,True,9947,18,,S4FUHI9A,,Early Emotion Knowledge and Later Academic Achievement Among Children of Color in Historically Disinvested Neighborhoods
9MM6Z5CZ,human_labelled,Locked_26_01_08_337,VERIFIED,DOI_MATCH,Zotero's DOI appears in the document,100.0,0.001,True,False,True,17,17,1.0,True,True,12051,15,,JRYWR5CB,,A Pilot Pragmatic Cluster Randomized Trial of School-Supervised Therapy to Improve Pediatric Asthma Control
8MGIPU3P,human_labelled,Locked_26_01_08_337,VERIFIED,DOI_MATCH,Zotero's DOI appears in the document,100.0,0.019,True,False,True,10,10,1.0,True,True,8037,5,,E7GFFHLY,,Incorporating systems-level stakeholder perspectives into the clinical trial design of school-supervised asthma therapy
VGZFSIYN,human_labelled,Locked_26_01_08_337,VERIFIED,DOI_MATCH,Zotero's DOI appears in the document,100.0,0.003,True,False,True,6,6,1.0,True,True,10999,6,,IDPXZQSW,,Impact of COVID-19 on childhood obesity: Data from a paediatric weight management trial
LRDYLR4Y,human_labelled,Locked_26_01_08_337,VERIFIED,DOI_MATCH,Zotero's DOI appears in the document,100.0,0.0,True,False,True,9,9,1.0,False,True,10433,12,,UFMLLJV4,,Modifying the Environment and Policy Assessment and Observation (EPAO) to better capture feeding practices of family childcare home providers
BDSYFVYJ,human_labelled,Locked_26_01_08_337,VERIFIED,DOI_MATCH,Zotero's DOI appears in the document,100.0,0.0,True,False,True,7,7,1.0,True,False,6459,16,,APQENIV2,,Nutritional Quality of Meals and Snacks Served and Consumed in Family Child Care
6UICIGP2,human_labelled,Locked_26_01_08_337,VERIFIED,DOI_MATCH,Zotero's DOI appears in the document,100.0,0.136,True,False,True,4,4,1.0,True,True,9532,14,,3CWXHITI,,Accounting for expected attrition in the planning of cluster randomized trials for assessing treatment effect heterogeneity
C9R7RUUN,human_labelled,Locked_26_01_08_337,VERIFIED,DOI_MATCH,Zotero's DOI appears in the document,100.0,0.021,True,False,True,6,6,1.0,True,False,9597,10,,U8AXCHRP,,Hierarchical Bayesian modeling of heterogeneous outcome variance in cluster randomized trials
PVIMTUBL,human_labelled,Locked_26_01_08_337,VERIFIED,DOI_MATCH,Zotero's DOI appears in the document,100.0,0.098,True,False,True,7,7,1.0,True,True,1385,12,,QGD5ZJ62,,A Bayesian Approach for Estimating the Survivor Average Causal Effect When Outcomes Are Truncated by Death in Cluster-Randomized Trials
ZFMGD92P,human_labelled,Locked_26_01_08_337,VERIFIED,DOI_MATCH,Zotero's DOI appears in the document,100.0,0.002,True,False,True,11,11,1.0,True,True,9650,8,,7BBNIZXW,,"A qualitative evaluation of a simplified cardiovascular management program in Tibet, China"
D7BLIJDT,human_labelled,Locked_26_01_08_337,VERIFIED,DOI_MATCH,Zotero's DOI appears in the document,100.0,0.037,True,False,True,3,16,0.188,True,True,1476,11,,KNGBNYE5,,Multicomponent strategy with decentralised molecular testing for tuberculosis in Uganda: a cost and cost-effectiveness analysis
YAIMEWET,human_labelled,Locked_26_01_08_337,VERIFIED,DOI_MATCH,Zotero's DOI appears in the document,100.0,0.012,True,False,True,18,18,1.0,True,True,9046,11,,85EJD96Q,,Network characteristics of a referral system for patients with hypertension in Western Kenya: results from the Strengthening Referral Networks for Management of Hypertension Across the Health System (STRENGTHS) study
K8TKE6RJ,human_labelled,Locked_26_01_08_337,VERIFIED,DOI_MATCH,Zotero's DOI appears in the document,100.0,0.208,True,False,True,4,4,1.0,True,True,8529,12,,B5GW95PI,,"Longitudinal Changes in Allostatic Load during a Randomized Church-based, Lifestyle Intervention in African American Women"
H9URCYAK,human_labelled,Locked_26_01_08_337,PDF_UNREADABLE,NO_TEXT,no PDF on disk at data\raw_pdfs\Human Labelled Set\H9URCYAK.pdf,0.0,,,,,,,,,,0,0,,KXXQTY3G,,Reducing cardiovascular risk among people living with HIV: Rationale and design of the INcreasing Statin Prescribing in HIV Behavioral Economics REsearch (INSPIRE) randomized controlled trial
KNXWXYX2,human_labelled,Locked_26_01_08_337,VERIFIED,DOI_MATCH,Zotero's DOI appears in the document,100.0,0.001,True,False,True,3,3,1.0,True,False,10628,12,,R2ZL45X8,,A successful intervention to improve medication adherence in Black patients with hypertension: Mediation analysis of 28-site TEAM trial
5CPW9STM,human_labelled,Locked_26_01_08_337,VERIFIED,DOI_MATCH,Zotero's DOI appears in the document,100.0,0.002,True,False,True,9,9,1.0,True,False,9401,12,,RQJA2WCM,,"Successful Trial of Practice Facilitation for Plan, Do, Study, Act Quality Improvement"
6IYYT6CC,human_labelled,Locked_26_01_08_337,VERIFIED,DOI_MATCH,Zotero's DOI appears in the document,100.0,0.01,True,False,True,11,11,1.0,True,False,9399,9,,88LPY7EW,,Four-Year Accelerometry Outcomes from a Cluster Randomized Whole of Systems Trial of Prevention Strategies for Childhood Obesity
YFHGVNZN,human_labelled,Locked_26_01_08_337,VERIFIED,DOI_MATCH,Zotero's DOI appears in the document,100.0,0.002,True,False,True,13,13,1.0,True,False,8836,16,,S9NSR5IB,,Implementation and acceptability of a heart attack quality improvement intervention in India: a mixed methods analysis of the ACS QUIK trial
TY62B2MZ,human_labelled,Locked_26_01_08_337,PDF_UNREADABLE,NO_TEXT,no PDF on disk at data\raw_pdfs\Human Labelled Set\TY62B2MZ.pdf,0.0,,,,,,,,,,0,0,,JI2PM5N7,,Development of the individualised Comparative Effectiveness of Models Optimizing Patient Safety and Resident Education (iCOMPARE) trial: a protocol summary of a national cluster-randomised trial of resident duty hour policies in internal medicine
WK6HCXYF,human_labelled,Locked_26_01_08_337,VERIFIED,DOI_MATCH,Zotero's DOI appears in the document,100.0,0.066,True,False,True,10,10,1.0,True,True,9513,11,10.1161/CIRCOUTCOMES.124.011482,QDDGC6AL,,Identifying a Heterogeneous Effect of Atrial Fibrillation Screening in Older Adults: A Secondary Analysis of the VITAL-AF Trial
NESLQUNP,human_labelled,Locked_26_01_08_337,PDF_UNREADABLE,NO_TEXT,no PDF on disk at data\raw_pdfs\Human Labelled Set\NESLQUNP.pdf,0.0,,,,,,,,,,0,0,,CKQMHMJQ,,Balanced Crystalloids versus Saline in Critically Ill Adults
KESZW83P,human_labelled,Locked_26_01_08_337,VERIFIED,DOI_MATCH,Zotero's DOI appears in the document,100.0,0.0,True,False,True,3,3,1.0,True,False,7477,17,,PCUC8VXB,,Balanced Crystalloids versus Saline in Critically Ill Adults
U9LEIXXF,human_labelled,Locked_26_01_08_337,VERIFIED,DOI_MATCH,Zotero's DOI appears in the document,100.0,0.005,True,False,True,20,20,1.0,True,True,8207,13,,63GYIMTW,,Clinical Effects of Balanced Crystalloids vs Saline in Adults With Diabetic Ketoacidosis: A Subgroup Analysis of Cluster Randomized Clinical Trials
Q6PZ52E8,human_labelled,Locked_26_01_08_337,VERIFIED,DOI_MATCH,Zotero's DOI appears in the document,100.0,0.005,True,False,True,7,7,1.0,True,True,5475,14,,FEJ53RK6,,Early Neuromuscular Blockade in Moderate-to-Severe Pediatric Acute Respiratory Distress Syndrome
GLTX296E,human_labelled,Locked_26_01_08_337,VERIFIED,DOI_MATCH,Zotero's DOI appears in the document,100.0,0.005,True,False,True,4,4,1.0,True,True,10511,8,,2H5E7YI8,,Nutritional quality of foods according to the Nova food classification system after a behavioral economics intervention in food pantries
LD7CNGD5,human_labelled,Locked_26_01_08_337,VERIFIED,DOI_MATCH,Zotero's DOI appears in the document,100.0,0.0,True,False,True,3,3,1.0,True,False,6810,17,,C8F9ZTPN,,"Mediators of Physical Activity Behavior Change in the ""Girls on the Move"" Intervention"
KG4JI677,human_labelled,Locked_26_01_08_337,VERIFIED,DOI_MATCH,Zotero's DOI appears in the document,100.0,0.002,True,False,True,3,3,1.0,True,True,13193,8,,NPS9WGIU,,Moderators in a physical activity intervention for adolescent girls
EKAEST6G,human_labelled,Locked_26_01_08_337,VERIFIED,DOI_MATCH,Zotero's DOI appears in the document,100.0,0.003,True,False,True,3,3,1.0,True,False,8638,5,,7FFE9YFC,,Attending After-School Physical Activity Club 2 Days a Week Attenuated an Increase in Percentage Body Fat and a Decrease in Fitness Among Adolescent Girls at Risk for Obesity
5XNKT7KH,human_labelled,Locked_26_01_08_337,PDF_UNREADABLE,NO_TEXT,no PDF on disk at data\raw_pdfs\Human Labelled Set\5XNKT7KH.pdf,0.0,,,,,,,,,,0,0,,ST8XLC2Y,,"Improving nutrition and physical activity environments of family child care homes: the rationale, design and study protocol of the 'Healthy Start/Comienzos Sanos' cluster randomized trial"
FI4T6J44,human_labelled,Locked_26_01_08_337,VERIFIED,DOI_MATCH,Zotero's DOI appears in the document,100.0,0.0,True,False,True,3,8,0.375,True,False,6590,15,,Y6V9Q6GK,,Cost-effectiveness of a faith-based lifestyle intervention for diabetes prevention among African Americans: A within-trial analysis
YKCJ78UM,human_labelled,Locked_26_01_08_337,PDF_UNREADABLE,NO_TEXT,no PDF on disk at data\raw_pdfs\Human Labelled Set\YKCJ78UM.pdf,0.0,,,,,,,,,,0,0,,HXYEX9HA,,Study protocol: a cluster randomized trial to evaluate the effectiveness and implementation of onsite GeneXpert testing at community health centers in Uganda (XPEL-TB)
Q5KYTZM8,human_labelled,Locked_26_01_08_337,VERIFIED,DOI_MATCH,Zotero's DOI appears in the document,100.0,0.011,True,False,True,7,7,1.0,True,True,8821,11,,HK6Y4PNR,,"Heterogeneity in Health Outcomes in the Strong Hearts, Healthy Communities-2.0 Multilevel Intervention in a Community-Randomized Trial: An Exploratory Study of Moderators"
S6JAD5PD,human_labelled,Locked_26_01_08_337,VERIFIED,DOI_MATCH,Zotero's DOI appears in the document,100.0,0.001,True,False,True,3,3,1.0,True,True,9083,4,10.1371/journal,XC8MY9NQ,,Is C-reactive protein sufficient to guide antimicrobial therapy for lower respiratory tract infections among children? Results from a stepped-wedge cluster randomized trial in Uganda
XVICZIA8,human_labelled,Locked_26_01_08_337,VERIFIED,DOI_MATCH,Zotero's DOI appears in the document,100.0,0.137,True,False,True,8,8,1.0,True,False,9103,11,,F8CHYLLA,,Cost-effectiveness of train-the-trainer versus expert consultation training models for implementing interpersonal psychotherapy in college mental health settings: evidence from a national cluster randomized trial
EIE8ET3D,human_labelled,Locked_26_01_08_337,VERIFIED,DOI_MATCH,Zotero's DOI appears in the document,100.0,0.026,True,False,True,4,5,0.8,True,False,8836,6,,US3UM366,,School Poverty Level Moderates the Effectiveness of a Physical Activity Intervention
8R8U6VMX,human_labelled,Locked_26_01_08_337,VERIFIED,DOI_MATCH,Zotero's DOI appears in the document,100.0,0.002,True,False,True,13,13,1.0,True,True,9972,11,,4ZZ6G9FE,,Cluster Randomized Trial for Hypertension Control: Effect on Lifestyles and Body Weight
S42UTYP4,human_labelled,Locked_26_01_08_337,VERIFIED,DOI_MATCH,Zotero's DOI appears in the document,100.0,0.004,True,False,True,15,15,1.0,True,True,8240,16,,DB8M26AW,,Human-centered implementation research: a new approach to develop and evaluate implementation strategies for strengthening referral networks for hypertension in western Kenya
C37DMGX6,human_labelled,Locked_26_01_08_337,VERIFIED,DOI_MATCH,Zotero's DOI appears in the document,100.0,0.003,True,False,True,8,8,1.0,True,True,9980,8,,NASKKUZG,,Effects of the Girls on the Move randomized trial on adiposity and aerobic performance (secondary outcomes) in low-income adolescent girls
MMJBXYNB,human_labelled,Locked_26_01_08_337,VERIFIED,DOI_MATCH,Zotero's DOI appears in the document,100.0,0.002,True,False,True,10,10,1.0,True,True,10773,18,,EMB6IFJC,,Water First School Water Promotion and Access Intervention: A Cost Analysis Study
8JZS4D8F,human_labelled,Locked_26_01_08_337,PDF_UNREADABLE,NO_TEXT,no PDF on disk at data\raw_pdfs\Human Labelled Set\8JZS4D8F.pdf,0.0,,,,,,,,,,0,0,,Q43HNIY8,,Supporting families of children with overweight and obesity to live healthy lifestyles: Design and rationale for the Fitline cluster randomized controlled pediatric practice-based trial
5B6YAKGZ,human_labelled,Locked_26_01_08_337,VERIFIED,DOI_MATCH,Zotero's DOI appears in the document,100.0,0.007,True,False,True,4,4,1.0,True,True,8963,19,,A2CJ8F36,,Changes in Biomarkers of Non-Alcoholic Fatty Liver Disease (NAFLD) upon Access to Avocados in Hispanic/Latino Adults: Secondary Data Analysis of a Cluster Randomized Controlled Trial
PT2PSKAP,human_labelled,Locked_26_01_08_337,VERIFIED,DOI_MATCH,Zotero's DOI appears in the document,100.0,0.004,True,False,True,6,6,1.0,True,True,10953,22,,VWUCI3QA,,Power and Sample Size Calculations for Cluster Randomized Hybrid Type 2 Effectiveness-Implementation Studies
DEN3TJZ5,human_labelled,Locked_26_01_08_337,VERIFIED,DOI_MATCH,Zotero's DOI appears in the document,100.0,0.006,True,False,True,14,14,1.0,True,True,8876,14,,VSNUKU7Z,,A Virtual Cardiometabolic Health Program Among African Immigrants in the US: A Pilot Cluster-Randomized Clinical Trial
W8PNS3ZQ,human_labelled,Locked_26_01_08_337,VERIFIED,DOI_MATCH,Zotero's DOI appears in the document,100.0,0.132,True,False,True,47,47,1.0,True,False,9309,13,,NDDKGK8B,,Early bolus epinephrine administration during pediatric cardiopulmonary resuscitation for bradycardia with poor perfusion: an ICU-resuscitation study
Q2S96SJ9,human_labelled,Locked_26_01_08_337,VERIFIED,DOI_MATCH,Zotero's DOI appears in the document,100.0,0.021,True,False,True,13,13,1.0,True,True,7522,5,,LMXY9K7Q,,Strategies to improve the recruitment and retention of underserved children and families in clinical trials: A case example of a school-supervised asthma therapy pilot
PKIN6R35,human_labelled,Locked_26_01_08_337,VERIFIED,DOI_MATCH,Zotero's DOI appears in the document,100.0,0.002,True,False,True,9,9,1.0,True,False,12044,10,,Z2UNRJND,,Association of Race and Ethnicity with Sedation Management in Pediatric Intensive Care
TZ8BIHD2,human_labelled,Locked_26_01_08_337,VERIFIED,DOI_MATCH,Zotero's DOI appears in the document,100.0,0.005,True,False,True,13,13,1.0,True,True,8178,11,,BNKCMTT2,,Temporal Trends in End-Tidal Capnography and Outcomes in Out-of-Hospital Cardiac Arrest: A Secondary Analysis of a Randomized Clinical Trial
KCV63L9X,human_labelled,Locked_26_01_08_337,VERIFIED,DOI_MATCH,Zotero's DOI appears in the document,100.0,0.0,True,False,True,11,11,1.0,True,False,9313,10,,2YH9R6JQ,,Impact of Visit Volume on the Effectiveness of Electronic Tools to Improve Heart Failure Care
ZBPWT8RC,human_labelled,Locked_26_01_08_337,VERIFIED,DOI_MATCH,Zotero's DOI appears in the document,100.0,0.01,True,False,True,45,45,1.0,True,False,4726,12,,EKX5UK5J,,The Temporal Association of the COVID-19 Pandemic and Pediatric Cardiopulmonary Resuscitation Quality and Outcomes
VZQD5RZ8,human_labelled,Locked_26_01_08_337,VERIFIED,DOI_MATCH,Zotero's DOI appears in the document,100.0,0.022,True,False,True,5,5,1.0,True,True,10745,11,,8TQCZCR3,,Disease and Race-Based Differences in Inpatient Palliative Care Consultation in Cancer and Noncancer Serious Illnesses
6CEJB5CI,human_labelled,Locked_26_01_08_337,VERIFIED,DOI_MATCH,Zotero's DOI appears in the document,100.0,0.004,True,False,True,16,16,1.0,True,True,8719,13,,YAY6GYQQ,,"Microeconomic Costs, Insurance, and Catastrophic Health Spending Among Patients With Acute Myocardial Infarction in India: Substudy of a Randomized Clinical Trial"
UBM2R4MP,human_labelled,Locked_26_01_08_337,VERIFIED,DOI_MATCH,Zotero's DOI appears in the document,100.0,0.0,True,False,True,6,6,1.0,True,False,7205,18,,A6VPD36G,,Patient-Reported Receipt of Goal-Concordant Care Among Seriously Ill Outpatients-Prevalence and Associated Factors
MZ3T9PWI,human_labelled,Locked_26_01_08_337,VERIFIED,DOI_MATCH,Zotero's DOI appears in the document,100.0,0.013,True,False,True,8,8,1.0,True,True,3528,18,,9SNYAK25,,Seriously Ill Patients' Prioritized Goals and Their Clinicians' Perceptions of Those Goals
TB7DEJ83,human_labelled,Locked_26_01_08_337,VERIFIED,DOI_MATCH,Zotero's DOI appears in the document,100.0,0.002,True,False,True,7,7,1.0,True,True,9491,12,,4ID3TZXH,,Toward Understanding the Relationship Between Prioritized Values and Preferences for Cardiopulmonary Resuscitation Among Seriously Ill Adults
UIB8ZYW3,human_labelled,Locked_26_01_08_337,VERIFIED,DOI_MATCH,Zotero's DOI appears in the document,100.0,0.0,True,False,True,6,6,1.0,True,False,6528,16,,BP2UWGCP,,"Did a Goals-of-Care Discussion Happen? Differences in the Occurrence of Goals-of-Care Discussions as Reported by Patients, Clinicians, and in the Electronic Health Record"
5Y4N2K9P,human_labelled,Locked_26_01_08_337,VERIFIED,DOI_MATCH,Zotero's DOI appears in the document,100.0,0.001,True,False,True,3,3,1.0,True,True,8278,17,,T5BGPRRH,,An optimal Wilcoxon-Mann-Whitney test of mortality and a continuous outcome
88XZGAZQ,human_labelled,Locked_26_01_08_337,VERIFIED,DOI_MATCH,Zotero's DOI appears in the document,100.0,0.024,True,False,True,14,14,1.0,True,False,8629,13,,LDQWRC9W,,Decision Aid Implementation among Left Ventricular Assist Device Programs Participating in the DECIDE-LVAD Stepped-Wedge Trial
85UJCVKA,human_labelled,Locked_26_01_08_337,VERIFIED,DOI_MATCH,Zotero's DOI appears in the document,100.0,0.012,True,False,True,7,7,1.0,True,True,12389,7,,FZ5J24AH,,"Association of perinatal depression and postpartum contraception intent, choice, and actual use"
G32FILRQ,human_labelled,Locked_26_01_08_337,PDF_UNREADABLE,NO_TEXT,no PDF on disk at data\raw_pdfs\Human Labelled Set\G32FILRQ.pdf,0.0,,,,,,,,,,0,0,,FCWTU5XX,,Cognitive Outcomes in the Pragmatic Investigation of optimaL Oxygen Targets (CO-PILOT) trial: protocol and statistical analysis plan
WJWMFQRJ,human_labelled,Locked_26_01_08_337,VERIFIED,DOI_MATCH,Zotero's DOI appears in the document,100.0,0.002,True,False,True,8,8,1.0,True,False,10756,10,,8Q7KIGF4,,Networks for prevention in 19 communities at the start of a large-scale community-based obesity prevention initiative
XGSXVHMB,human_labelled,Locked_26_01_08_337,VERIFIED,DOI_MATCH,Zotero's DOI appears in the document,100.0,0.006,True,False,True,6,6,1.0,True,False,11311,11,,L8RRCFZK,,Task-sharing interventions for improving control of diabetes in low-income and middle-income countries: a systematic review and meta-analysis
GBK9FE9L,human_labelled,Locked_26_01_08_337,VERIFIED,DOI_MATCH,Zotero's DOI appears in the document,100.0,0.328,True,False,True,11,11,1.0,True,False,14049,7,,EUSDMPCR,,Cardiovascular Events and Costs With Home Blood Pressure Telemonitoring and Pharmacist Management for Uncontrolled Hypertension
9HBYKQR8,human_labelled,Locked_26_01_08_337,VERIFIED,DOI_MATCH,Zotero's DOI appears in the document,100.0,0.005,True,False,True,11,11,1.0,True,True,7775,13,,SFNM53B8,,Long-term Outcomes of the Effects of Home Blood Pressure Telemonitoring and Pharmacist Management on Blood Pressure Among Adults With Uncontrolled Hypertension: Follow-up of a Cluster Randomized Clinical Trial
EH85EJ36,human_labelled,Locked_26_01_08_337,VERIFIED,DOI_MATCH,Zotero's DOI appears in the document,100.0,0.0,True,False,True,3,3,1.0,True,False,7120,19,,ZCNLDGSI,,Reducing metabolic syndrome through a community-based lifestyle intervention in African American women
RUYVCGHY,human_labelled,Locked_26_01_08_337,VERIFIED,DOI_MATCH,Zotero's DOI appears in the document,100.0,0.001,True,False,True,8,8,1.0,True,False,11177,10,,H9GZWE6S,,Targeting Sedentary Behavior in CKD: A Pilot and Feasibility Randomized Controlled Trial
2UPNUCNS,human_labelled,Locked_26_01_08_337,VERIFIED,DOI_MATCH,Zotero's DOI appears in the document,100.0,0.45,True,False,True,6,6,1.0,True,False,10101,12,,N2ZUW87E,,"Fidelity and factors influencing implementation of Healthy Me, Healthy: process evaluation of a social marketing campaign for diet and physical activity behaviors of children in childcare"
YCFJFHMC,human_labelled,Locked_26_01_08_337,VERIFIED,DOI_MATCH,Zotero's DOI appears in the document,100.0,0.003,True,False,True,4,4,1.0,True,True,10972,9,,KGXTJCJZ,,Contributions of Early Care and Education Programs to Diet Quality in Children Aged 3 to 4 Years in Central North Carolina
S7KB7TFR,human_labelled,Locked_26_01_08_337,VERIFIED,DOI_MATCH,Zotero's DOI appears in the document,100.0,0.014,True,False,True,11,11,1.0,True,True,9107,9,,WBCNCV5Y,,Balanced Crystalloid versus Saline in Adults with Traumatic Brain Injury: Secondary Analysis of a Clinical Trial
NLT3RNI6,human_labelled,Locked_26_01_08_337,VERIFIED,DOI_MATCH,Zotero's DOI appears in the document,100.0,0.42,True,False,True,6,6,1.0,True,True,10466,10,,HHYJ97BF,,Two-part model for ventilator-free days in a cluster randomized cross-over clinical trial
4ME98BI9,human_labelled,Locked_26_01_08_337,VERIFIED,DOI_MATCH,Zotero's DOI appears in the document,100.0,0.013,True,False,True,2,2,1.0,True,True,9787,4,,J223WPX4,,Commentary: Right truncation in cluster randomized trials can attenuate the power of a marginal analysis
3MBN8DIA,human_labelled,Locked_26_01_08_337,VERIFIED,DOI_MATCH,Zotero's DOI appears in the document,100.0,0.023,True,False,True,5,5,1.0,True,False,5628,2,10.3945/ajcn.114.105072; 10.1080/24733938.2022.2114604; 10.2105/AJPH.94.3.423,7D6YVMBN,,"Individually randomized trial mislabeled as a cluster-randomized trial. Comment on: ""Effectiveness of wearable technology to optimize youth soccer players' off-training behaviour and training responses: a cluster-randomized trial"""
3SUSMNR7,human_labelled,Locked_26_01_08_337,VERIFIED,DOI_MATCH,Zotero's DOI appears in the document,100.0,0.002,True,False,True,13,13,1.0,True,True,12180,9,,P3UYRXIU,,"Prenatal Household Air Pollution Is Associated with Impaired Infant Lung Function with Sex-Specific Effects. Evidence from GRAPHS, a Cluster Randomized Cookstove Intervention Trial"
4Q7JQUVU,human_labelled,Locked_26_01_08_337,VERIFIED,DOI_MATCH,Zotero's DOI appears in the document,100.0,0.345,True,False,True,22,22,1.0,True,True,9115,10,,RM6DQ7VD,,Effect on Patient Safety of a Resident Physician Schedule without 24-Hour Shifts
YNAD85P3,human_labelled,Locked_26_01_08_337,VERIFIED,DOI_MATCH,Zotero's DOI appears in the document,100.0,0.003,True,False,True,9,9,1.0,True,True,8831,7,,3KENM5XB,,Use of a Geographic Information System to create treatment groups for group-randomized community trials: The Minnesota Heart Health Program
3DSAACUW,human_labelled,Locked_26_01_08_337,VERIFIED,DOI_MATCH,Zotero's DOI appears in the document,100.0,0.01,True,False,True,5,5,1.0,True,False,9650,8,,RF8U4ADD,,A systematic review and meta-analysis of enrollment into ARDS and sepsis trials published between 2009 and 2019 in major journals
ZYMG88D6,human_labelled,Locked_26_01_08_337,PDF_UNREADABLE,NO_TEXT,no PDF on disk at data\raw_pdfs\Human Labelled Set\ZYMG88D6.pdf,0.0,,,,,,,,,,0,0,,6XRJ4SLZ,,Structured Lifestyle Modification Interventions Involving Frontline Health Workers for Population-Level Blood Pressure Reduction: Results of a Cluster Randomized Controlled Trial in India (DISHA Study)
UHLRHMGI,human_labelled,Locked_26_01_08_337,VERIFIED,DOI_MATCH,Zotero's DOI appears in the document,100.0,0.019,True,False,True,4,4,1.0,True,True,6795,20,10.1146/annurev-publhealth-,9Z5M5BUE,,Adaptive Designs in Implementation Science and Practice: Their Promise and the Need for Greater Understanding and Improved Communication
JDABTKG9,human_labelled,Locked_26_01_08_337,VERIFIED,DOI_MATCH,Zotero's DOI appears in the document,100.0,0.018,True,False,True,17,17,1.0,True,True,10801,12,10.1002/jia2.26499/full,ZH3PNH2X,,Early findings from the integration of hypertension care into differentiated service delivery models for HIV in Uganda: a mixed-method study
G6V5HPHL,human_labelled,Locked_26_01_08_337,VERIFIED,DOI_MATCH,Zotero's DOI appears in the document,100.0,0.005,True,False,True,11,11,1.0,True,True,9355,9,,9YDCWQKJ,,Intraclass correlation coefficients for weight loss cluster randomized trials in primary care: The PROPEL trial
JPXXAFJZ,human_labelled,Locked_26_01_08_337,VERIFIED,DOI_MATCH,Zotero's DOI appears in the document,100.0,0.002,True,False,True,4,4,1.0,False,True,7951,10,10.1093/ije/dyac131/6644521,HY5JJYTY,,Estimands in cluster-randomized trials: choosing analyses that answer the right question
AHQ8IGXQ,human_labelled,Locked_26_01_08_337,VERIFIED,DOI_MATCH,Zotero's DOI appears in the document,100.0,0.02,True,False,True,6,6,1.0,True,False,9378,9,,BSWAFGVP,,Informative cluster size in cluster-randomised trials: A case study from the TRIGGER trial
PG83SQ3X,human_labelled,Locked_26_01_08_337,VERIFIED,DOI_MATCH,Zotero's DOI appears in the document,100.0,0.003,True,False,True,7,7,1.0,True,True,8289,22,,UCJILGQS,,Demystifying estimands in cluster-randomised trials
9XSGVFTU,human_labelled,Locked_26_01_08_337,VERIFIED,DOI_MATCH,Zotero's DOI appears in the document,100.0,0.001,True,False,True,9,9,1.0,True,False,4095,23,,3GXTEJP7,,Development of a consensus extension of the estimands framework for cluster randomised trials (CRT-estimands): results from an international Delphi study
EVS2FEUS,human_labelled,Locked_26_01_08_337,VERIFIED,DOI_MATCH,Zotero's DOI appears in the document,100.0,0.003,True,False,True,3,3,1.0,True,True,9668,9,,KBSIEZLC,,Associations between healthy eating index and anthropometric outcomes in multiethnic elementary-aged children
PVP9PWD9,human_labelled,Locked_26_01_08_337,VERIFIED,DOI_MATCH,Zotero's DOI appears in the document,100.0,0.021,True,False,True,8,8,1.0,True,False,9551,11,,RKGA6GX9,,Assessing the representativeness of cluster randomized trials: Evidence from two large pragmatic trials in United States nursing homes
2LB9GQLG,human_labelled,Locked_26_01_08_337,VERIFIED,DOI_MATCH,Zotero's DOI appears in the document,100.0,0.002,True,False,True,9,9,1.0,True,True,10888,12,,58K4NGPM,,Ethnic Differences in Family Childcare Providers' Nutrition- and Activity-Related Attitudes and Barriers
LD2EYF43,human_labelled,Locked_26_01_08_337,VERIFIED,DOI_MATCH,Zotero's DOI appears in the document,100.0,0.015,True,False,True,8,8,1.0,True,True,10168,12,,XIJX76MP,,Effect of Applying Best Practices for Physical Activity and Screen Time to Family Childcare Homes
P6QS3RSX,human_labelled,Locked_26_01_08_337,VERIFIED,DOI_MATCH,Zotero's DOI appears in the document,100.0,0.002,True,False,True,7,7,1.0,True,True,10670,13,,H6JMZ23Q,,Nutrition Practices of Family Child Care Home Providers and Children's Diet Quality
S89CIJ46,human_labelled,Locked_26_01_08_337,VERIFIED,DOI_MATCH,Zotero's DOI appears in the document,100.0,0.01,True,False,True,7,7,1.0,True,True,8707,8,,6RSVQBEL,,Effect of a Multicomponent Food Pantry Intervention in Client Subgroups
TZW76NJB,human_labelled,Locked_26_01_08_337,VERIFIED,DOI_MATCH,Zotero's DOI appears in the document,100.0,0.002,True,False,True,4,4,1.0,True,True,9427,6,,VQFRPWA9,,Heterogeneity of Treatment Effect in a Randomized Trial of a Communication Intervention
9G96XQ7M,human_labelled,Locked_26_01_08_337,PDF_UNREADABLE,NO_TEXT,no PDF on disk at data\raw_pdfs\Human Labelled Set\9G96XQ7M.pdf,0.0,,,,,,,,,,0,0,,NPYS6QW5,,"Efficacy of a family-based cardiovascular risk reduction intervention in individuals with a family history of premature coronary heart disease in India (PROLIFIC): an open-label, single-centre, cluster randomised controlled trial"
CKHANCR8,human_labelled,Locked_26_01_08_337,VERIFIED,DOI_MATCH,Zotero's DOI appears in the document,100.0,0.011,True,False,True,8,8,1.0,True,True,5047,13,,WWXEPJSM,,"Effects of a School-Based Gardening, Cooking, and Nutrition Cluster Randomized Controlled Trial on Unprocessed and Ultra-Processed Food Consumption"
CU6USZZG,human_labelled,Locked_26_01_08_337,VERIFIED,DOI_MATCH,Zotero's DOI appears in the document,100.0,0.002,True,False,True,8,8,1.0,True,True,10663,15,,JEQHVE8K,,"Comparison of School vs Home Breakfast Consumption with Cardiometabolic and Dietary Parameters in Low-Income, Multiracial/Ethnic Elementary School-Aged Children"
P3KQJM4H,human_labelled,Locked_26_01_08_337,VERIFIED,DOI_MATCH,Zotero's DOI appears in the document,100.0,0.003,True,False,True,6,6,1.0,True,True,8095,3,10.2196/43018]; 10.1002/oby.23373]; 10.3945/ajcn.114.105072],64NVKMM3,,Ambiguity in Statistical Analysis Methods and Nonconformity With Prespecified Commitment to Data Sharing in a Cluster Randomized Controlled Trial
JQH7C7QZ,human_labelled,Locked_26_01_08_337,VERIFIED,DOI_MATCH,Zotero's DOI appears in the document,100.0,0.421,True,False,True,7,7,1.0,True,True,9202,3,10.1186/s12888-,4JXKF2FR,,"Corrected analysis of ""the effects of bright light treatment on affective symptoms in people with dementia: a 24-week cluster randomized controlled trial"" that accounts for clustering and nesting verifies conclusions"
QLJ7HTJU,human_labelled,Locked_26_01_08_337,VERIFIED,DOI_MATCH,Zotero's DOI appears in the document,100.0,0.003,True,False,True,4,4,1.0,True,True,10089,17,,BQQCZ3QB,,Weighting methods for truncation by death in cluster-randomized trials
RKXS5GKB,human_labelled,Locked_26_01_08_337,VERIFIED,DOI_MATCH,Zotero's DOI appears in the document,100.0,0.126,True,False,True,10,10,1.0,True,True,9714,10,,4PE366UM,,Social Determinants of Health as Potential Influencers of a Collaborative Care Intervention for Patients with Hypertension
S26WZS8D,human_labelled,Locked_26_01_08_337,VERIFIED,DOI_MATCH,Zotero's DOI appears in the document,100.0,0.017,True,False,True,21,21,1.0,True,True,10941,12,10.1002/jia2.26500/full,B7VUZJPJ,,A prospective cohort study of the SEARCH integrated HIV/hypertension community health worker-led intervention in rural Kenya and Uganda
HQYY8IVG,human_labelled,Locked_26_01_08_337,PDF_UNREADABLE,NO_TEXT,no PDF on disk at data\raw_pdfs\Human Labelled Set\HQYY8IVG.pdf,0.0,,,,,,,,,,0,0,,XXTCRN7S,,"Parent and child care provider partnerships: Protocol for the Healthy Me, Healthy We (HMHW) cluster randomized control trial"
IJE7MVNS,human_labelled,Locked_26_01_08_337,VERIFIED,DOI_MATCH,Zotero's DOI appears in the document,100.0,0.01,True,False,True,6,6,1.0,True,True,5399,10,,SZ4G8EY6,,An Increase in Food Insecurity Correlated with an Increase in Plasma Triglycerides among Latinx Children
6XSR8DVR,human_labelled,Locked_26_01_08_337,VERIFIED,DOI_MATCH,Zotero's DOI appears in the document,100.0,0.0,True,False,True,15,15,1.0,True,False,12890,9,,Z8XFKEV5,,Prehospital low titer group O whole blood is feasible and safe: Results of a prospective randomized pilot trial
TUYKW32A,human_labelled,Locked_26_01_08_337,VERIFIED,DOI_MATCH,Zotero's DOI appears in the document,100.0,0.0,True,False,True,15,15,1.0,True,False,6263,10,,6V8BFB5Z,,Moderators and mediators of a digital cognitive behavior therapy-guided self-help intervention for eating disorders: Informing future design efforts
WPF7MUCV,human_labelled,Locked_26_01_08_337,VERIFIED,DOI_MATCH,Zotero's DOI appears in the document,100.0,0.001,True,False,True,4,4,1.0,True,False,10162,2,,LQHYMT34,,Incorrect Analyses of Cluster-Randomized Trials that Do Not Take Clustering and Nesting into Account Likely Lead to p-Values that Are Too Small
S64FLLB6,human_labelled,Locked_26_01_08_337,VERIFIED,DOI_MATCH,Zotero's DOI appears in the document,100.0,0.017,True,False,True,9,9,1.0,True,True,12371,6,,FLYDK7L7,,Evaluation of the type I error rate when using parametric bootstrap analysis of a cluster randomized controlled trial with binary outcomes and a small number of clusters
SRGFMEL6,human_labelled,Locked_26_01_08_337,VERIFIED,DOI_MATCH,Zotero's DOI appears in the document,95.2,0.0,True,False,True,5,5,1.0,True,False,7263,12,,364QR4RB,,Identifying Which Urban Children With Asthma Benefit Most From Clinician Prompting: Subgroup Analyses From the Prompting Asthma Intervention in Rochester-Uniting Parents and Providers (PAIR-UP) Trial
M36AICFG,human_labelled,Locked_26_01_08_337,VERIFIED,DOI_MATCH,Zotero's DOI appears in the document,100.0,0.004,True,False,True,6,6,1.0,True,True,10945,8,,IUC6D5L7,,Using the socioecological model to explore factors associated with obesity among reproductive age women
H2HJLXGH,human_labelled,Locked_26_01_08_337,VERIFIED,DOI_MATCH,Zotero's DOI appears in the document,100.0,0.014,True,False,True,7,7,1.0,True,True,12248,7,,AI3FCUWP,,The impact of a water promotion and access intervention on elementary school students in the presence of food insecurity
ZLU75I88,human_labelled,Locked_26_01_08_337,VERIFIED,DOI_MATCH,Zotero's DOI appears in the document,100.0,0.001,True,False,True,12,12,1.0,True,True,10690,6,,C77KPHTT,,Non-Concordance between Patient and Clinician Estimates of Prognosis in Advanced Heart Failure
WIYCPY8U,human_labelled,Locked_26_01_08_337,VERIFIED,DOI_MATCH,Zotero's DOI appears in the document,100.0,0.004,True,False,True,5,5,1.0,True,True,11919,18,,4GHIX63L,,Analysis of Cohort Stepped Wedge Cluster-Randomized Trials With Nonignorable Dropout via Joint Modeling
CRIGG2QL,human_labelled,Locked_26_01_08_337,VERIFIED,DOI_MATCH,Zotero's DOI appears in the document,100.0,0.0,True,False,True,9,9,1.0,True,False,10137,18,,GAJU8REH,,Nutrition-Related Practices of Family Child Care Providers and Differences by Ethnicity
WTQJUCGN,human_labelled,Locked_26_01_08_337,VERIFIED,DOI_MATCH,Zotero's DOI appears in the document,100.0,0.01,True,False,True,6,6,1.0,True,False,9303,10,,ZAN7TTJR,,Physical Activity and Screen Time Practices of Family Child Care Providers: Do They Meet Best Practice Guidelines?
7NGXRYU7,human_labelled,Locked_26_01_08_337,VERIFIED,DOI_MATCH,Zotero's DOI appears in the document,100.0,0.002,True,False,True,14,14,1.0,True,False,4311,18,,V8ZGJABF,,Protocol for a multi-site randomized trial testing an integrated behavioral treatment for improving nocturia and insomnia symptoms in older adults (MINT)
HFCRYZ8E,human_labelled,Locked_26_01_08_337,VERIFIED,DOI_MATCH,Zotero's DOI appears in the document,100.0,0.001,True,False,True,11,11,1.0,True,False,10324,4,,JHUIF7VX,,Maintenance of Training Effects of Two Models for Implementing Evidence-Based Psychological Treatment
URUAWZAY,human_labelled,Locked_26_01_08_337,VERIFIED,DOI_MATCH,Zotero's DOI appears in the document,100.0,0.143,True,False,True,46,46,1.0,True,False,7713,11,,68T4HEV4,,Survival With Favorable Neurologic Outcome and Quality of Cardiopulmonary Resuscitation Following In-Hospital Cardiac Arrest in Children With Cardiac Disease Compared With Noncardiac Disease
F7UIGLIK,human_labelled,Locked_26_01_08_337,VERIFIED,DOI_MATCH,Zotero's DOI appears in the document,100.0,0.011,True,False,True,3,3,1.0,True,False,8376,16,,QTKG8IIY,,While-alive regression analysis of composite survival endpoints
LTKDUUD2,human_labelled,Locked_26_01_08_337,PDF_UNREADABLE,NO_TEXT,no PDF on disk at data\raw_pdfs\Human Labelled Set\LTKDUUD2.pdf,0.0,,,,,,,,,,0,0,,WF9LX99N,,Targeted Normoxemia and Supplemental Oxygen-Free Days in Critically Injured Adults: A Stepped-Wedge Cluster Randomized Clinical Trial
REZJUIXS,human_labelled,Locked_26_01_08_337,VERIFIED,DOI_MATCH,Zotero's DOI appears in the document,100.0,0.002,True,False,True,11,11,1.0,True,True,10684,6,,HZKPD56C,,Effects of a School-Based Garden Program on Academic Performance: A Cluster Randomized Controlled Trial
DSB4NKC5,human_labelled,Locked_26_01_08_337,VERIFIED,DOI_MATCH,Zotero's DOI appears in the document,100.0,0.007,True,False,True,8,8,1.0,True,True,8362,13,,JBE9ZIJB,,"Effects of a School-Based Nutrition, Gardening, and Cooking Intervention on Metabolic Parameters in High-risk Youth: A Secondary Analysis of a Cluster Randomized Clinical Trial"
U4546RAU,human_labelled,Locked_26_01_08_337,VERIFIED,DOI_MATCH,Zotero's DOI appears in the document,100.0,0.0,True,False,True,16,16,1.0,True,True,14904,12,,2SAT5FFM,,Prenatal Household Air Pollution Exposure and Childhood Blood Pressure in Rural Ghana
E8BGTQDI,human_labelled,Locked_26_01_08_337,VERIFIED,DOI_MATCH,Zotero's DOI appears in the document,100.0,0.0,True,False,True,10,10,1.0,True,False,6044,20,,7YV6EK6Y,,"Design and rationale of the ""Sedation strategy and cognitive outcome after critical illness in early childhood"" study"
G53UN529,human_labelled,Locked_26_01_08_337,PDF_UNREADABLE,NO_TEXT,no PDF on disk at data\raw_pdfs\Human Labelled Set\G53UN529.pdf,0.0,,,,,,,,,,0,0,,283MV944,,The RICH LIFE Project: A cluster randomized pragmatic trial comparing the effectiveness of health system only vs. health system Plus a collaborative/stepped care intervention to reduce hypertension disparities
4EYIVLJR,human_labelled,Locked_26_01_08_337,VERIFIED,DOI_MATCH,Zotero's DOI appears in the document,100.0,0.412,True,False,True,8,8,1.0,True,False,11309,12,,EIH2VLVR,,Process evaluation of a medical assistant health coaching intervention for type 2 diabetes in diverse primary care settings
ZC3442HS,human_labelled,Locked_26_01_08_337,VERIFIED,DOI_MATCH,Zotero's DOI appears in the document,100.0,0.013,True,False,True,14,14,1.0,True,True,8917,11,,8VA87JF5,,"TransPrEP: Results from the Pilot Study of a Social Network-Based Intervention to Support PrEP Adherence Among Transgender Women in Lima, Peru"
5LPG6NIV,human_labelled,Locked_26_01_08_337,PDF_UNREADABLE,NO_TEXT,no PDF on disk at data\raw_pdfs\Human Labelled Set\5LPG6NIV.pdf,0.0,,,,,,,,,,0,0,,6SPBZIZZ,,"Effect of a Remotely Delivered Tailored Multicomponent Approach to Enhance Medication Taking for Patients With Hyperlipidemia, Hypertension, and Diabetes: The STIC2IT Cluster Randomized Clinical Trial"
PZYLIX7V,human_labelled,Locked_26_01_08_337,PDF_UNREADABLE,NO_TEXT,no PDF on disk at data\raw_pdfs\Human Labelled Set\PZYLIX7V.pdf,0.0,,,,,,,,,,0,0,,LBC8LUCK,,Effect of a Biopsychosocial Intervention or Postural Therapy on Disability and Health Care Spending Among Patients With Acute and Subacute Spine Pain: The SPINE CARE Randomized Clinical Trial
XVK2U8K6,human_labelled,Locked_26_01_08_337,VERIFIED,DOI_MATCH,Zotero's DOI appears in the document,100.0,0.0,True,False,True,9,9,1.0,True,False,11697,9,,YEGCCYD3,,Effect of an mHealth weight loss intervention on Healthy Eating Index diet quality: the SMARTER randomised controlled trial
AZPPGG26,human_labelled,Locked_26_01_08_337,VERIFIED,TITLE_AUTHOR_MATCH,title matches (100.0) and first author present; no DOI in text,100.0,0.006,False,False,True,14,14,1.0,True,False,10852,12,,FUCL5536,,Cost-effectiveness of group medical visits and microfinance interventions versus usual care to manage hypertension in Kenya: a secondary modelling analysis of data from the Bridging Income Generation with Group Integrated Care (BIGPIC) trial
YUL5IEIT,human_labelled,Locked_26_01_08_337,VERIFIED,DOI_MATCH,Zotero's DOI appears in the document,100.0,0.001,True,False,True,9,9,1.0,True,False,5461,27,,73CMDLKI,,Early-life nutrition supplementation and epigenetic age in middle-adulthood among Guatemalan adults
Q5UBAJFB,human_labelled,Locked_26_01_08_337,VERIFIED,DOI_MATCH,Zotero's DOI appears in the document,100.0,0.0,True,False,True,11,11,1.0,True,True,10336,8,,RCN33S54,,Assessment of Inpatient Time Allocation Among First-Year Internal Medicine Residents Using Time-Motion Observations
EBNIKQJT,human_labelled,Locked_26_01_08_337,PDF_UNREADABLE,NO_TEXT,no PDF on disk at data\raw_pdfs\Human Labelled Set\EBNIKQJT.pdf,0.0,,,,,,,,,,0,0,,W8W2ZGHL,,Adapting the Diabetes Prevention Program for low and middle-income countries: protocol for a cluster randomised trial to evaluate 'Lifestyle Africa'
S59FZ9BB,human_labelled,Locked_26_01_08_337,VERIFIED,DOI_MATCH,Zotero's DOI appears in the document,100.0,0.442,True,False,True,14,14,1.0,True,False,11455,9,,E684MHBN,,Adapting the Diabetes Prevention Program for low- and middle-income countries: preliminary implementation findings from lifestyle Africa
ZVIZFQCJ,human_labelled,Locked_26_01_08_337,VERIFIED,TITLE_AUTHOR_MATCH,title matches (100.0) and first author present; no DOI in text,100.0,0.0,False,False,True,43,43,1.0,True,True,4401,29,,TSSIZZUN,,Association of CPR simulation program characteristics with simulated and actual performance during paediatric in-hospital cardiac arrest
LSLZLVAS,human_labelled,Locked_26_01_08_337,VERIFIED,DOI_MATCH,Zotero's DOI appears in the document,100.0,0.175,True,False,True,2,14,0.143,True,True,5233,9,,ZF7SBENK,,Examining the relationship between household air pollution and infant microbial nasal carriage in a Ghanaian cohort
YZ7GZ47B,human_labelled,Locked_26_01_08_337,VERIFIED,DOI_MATCH,Zotero's DOI appears in the document,100.0,0.004,True,False,True,9,9,1.0,True,False,10024,8,,TUKM7JIA,,"Effects of a Flexibility/Support Intervention on Work Performance: Evidence From the Work, Family, and Health Network"
UD8UUMUN,human_labelled,Locked_26_01_08_337,VERIFIED,DOI_MATCH,Zotero's DOI appears in the document,100.0,0.002,True,False,True,7,7,1.0,True,False,9051,12,,2LNES2ZN,,Does Clinical Decision Support Increase Appropriate Medication Prescribing for Cardiovascular Risk Reduction?
MFCQSDMF,human_labelled,Locked_26_01_08_337,VERIFIED,DOI_MATCH,Zotero's DOI appears in the document,100.0,0.012,True,False,True,16,16,1.0,True,False,9157,15,,6N3VR5MP,,Sustainable deimplementation of continuous pulse oximetry monitoring in children hospitalized with bronchiolitis: study protocol for the Eliminating Monitor Overuse (EMO) type III effectiveness-deimplementation cluster-randomized trial
I7VKXNIC,human_labelled,Locked_26_01_08_337,VERIFIED,TITLE_AUTHOR_MATCH,title matches (100.0) and first author present; no DOI in text,100.0,0.012,False,False,True,2,2,1.0,True,False,3702,21,10.1161/circulationaha.118.038165; 10.1161/CIRCULATIONAHA.118.038165,FT684LXH,,Sustainability of blood pressure reduction in black barbershops
2KYMUP96,human_labelled,Locked_26_01_08_337,VERIFIED,DOI_MATCH,Zotero's DOI appears in the document,100.0,0.001,True,False,True,4,4,1.0,True,True,9723,19,,UG8I5EYZ,,Assessing treatment effect heterogeneity in the presence of missing effect modifier data in cluster-randomized trials
NCULGT7Q,human_labelled,Locked_26_01_08_337,VERIFIED,DOI_MATCH,Zotero's DOI appears in the document,100.0,0.002,True,False,True,10,10,1.0,True,True,9575,16,,WDNR2887,,Acceptability and feasibility of mobile phone-based ecological momentary assessment and intervention in Uganda: A pilot randomized controlled trial
XXY9RT8Q,human_labelled,Locked_26_01_08_337,VERIFIED,DOI_MATCH,Zotero's DOI appears in the document,100.0,0.01,True,False,True,17,17,1.0,True,True,11866,22,,MEAMHDML,,Extension of efficacy range for targeted malaria-elimination interventions due to spillover effects
DG93HVAX,human_labelled,Locked_26_01_08_337,VERIFIED,DOI_MATCH,Zotero's DOI appears in the document,100.0,0.002,True,False,True,2,2,1.0,True,True,9975,10,,VULCR4RP,,The mixed model for repeated measures for cluster randomized trials: a simulation study investigating bias and type I error with missing continuous data
DHSYLQCG,human_labelled,Locked_26_01_08_337,VERIFIED,DOI_MATCH,Zotero's DOI appears in the document,100.0,0.009,True,False,True,4,8,0.5,True,True,13072,6,,XFMLTAEL,,Economic evaluation of a group randomized controlled trial on healthy eating and physical activity in afterschool programs
2EQE8HSV,human_labelled,Locked_26_01_08_337,VERIFIED,DOI_MATCH,Zotero's DOI appears in the document,100.0,0.003,True,False,True,9,9,1.0,True,True,11273,10,,VUWK6BK7,,Does Extracorporeal Membrane Oxygenation Improve Survival in Pediatric Acute Respiratory Failure?
9SZ8F7SB,human_labelled,Locked_26_01_08_337,VERIFIED,DOI_MATCH,Zotero's DOI appears in the document,100.0,0.053,True,False,True,9,9,1.0,True,False,11516,8,,UG2DNVC6,,Conditional Cash Transfers to Incentivize Tuberculosis Screening: Description of a Novel Strategy for Contact Investigation in Rural South Africa
FZB8IQSZ,human_labelled,Locked_26_01_08_337,VERIFIED,DOI_MATCH,Zotero's DOI appears in the document,100.0,0.0,True,False,True,10,10,1.0,True,False,6160,18,,TSMZI8D3,,Cost-Effectiveness of a Comprehensive Approach for Hypertension Control in Low-Income Settings in Argentina: Trial-Based Analysis of the Hypertension Control Program in Argentina
F5VFFT7X,human_labelled,Locked_26_01_08_337,VERIFIED,DOI_MATCH,Zotero's DOI appears in the document,100.0,0.139,True,False,True,8,8,1.0,True,True,8994,9,,VKKMA5ND,,Screening for undiagnosed atrial fibrillation using a single-lead electrocardiogram at primary care visits: patient uptake and practitioner perspectives from the VITAL-AF trial
D8BXQHHL,human_labelled,Locked_26_01_08_337,VERIFIED,DOI_MATCH,Zotero's DOI appears in the document,100.0,0.003,True,False,True,12,12,1.0,True,True,8952,13,,CHCWTM7F,,Uptake of Task-Strengthening Strategy for Hypertension (TASSH) control within Community-Based Health Planning Services in Ghana: study protocol for a cluster randomized controlled trial
ZDP4YJ9U,human_labelled,Locked_26_01_08_337,VERIFIED,DOI_MATCH,Zotero's DOI appears in the document,100.0,0.009,True,False,True,11,11,1.0,True,True,5544,13,,MLVHXJ85,,WASH interventions and child diarrhea at the interface of climate and socioeconomic position in Bangladesh
X7YLMXWH,human_labelled,Locked_26_01_08_337,PDF_UNREADABLE,NO_TEXT,no PDF on disk at data\raw_pdfs\Human Labelled Set\X7YLMXWH.pdf,0.0,,,,,,,,,,0,0,,T5K8V5UU,,Design and rationale for evaluating salad bars and students' fruit and vegetable consumption: A cluster randomized factorial trial with objective assessments
AFKVRFM8,human_labelled,Locked_26_01_08_337,VERIFIED,TITLE_AUTHOR_MATCH,title matches (100.0) and first author present; no DOI in text,100.0,0.003,False,False,True,16,16,1.0,True,True,11846,10,,NT68Y5SA,,Hydroxyurea for secondary stroke prevention in children with sickle cell anemia in Nigeria: a randomized controlled trial
JZHSJF4P,human_labelled,Locked_26_01_08_337,VERIFIED,DOI_MATCH,Zotero's DOI appears in the document,100.0,0.006,True,False,True,9,9,1.0,True,True,10405,8,,DNVUX8ZK,,"Treatment Intensity, Prescribing Patterns, and Blood Pressure Control in Rural Black Patients with Uncontrolled Hypertension"
V6LBW3SS,human_labelled,Locked_26_01_08_337,VERIFIED,DOI_MATCH,Zotero's DOI appears in the document,100.0,0.385,True,False,True,4,4,1.0,True,False,8610,9,,FCNLLUJ2,,Symptom prevalence in patients with advanced heart failure and its association with quality of life and activities of daily living
CZKI8WKJ,human_labelled,Locked_26_01_08_337,VERIFIED,DOI_MATCH,Zotero's DOI appears in the document,100.0,0.0,True,False,True,13,13,1.0,True,True,10813,11,,69C26SEK,,"Effects of the Million Hearts Model on Myocardial Infarctions, Strokes, and Medicare Spending: A Randomized Clinical Trial"
EMQMPLJ5,unlabelled,NCATS; NIAID; NIDDK,VERIFIED,DOI_MATCH,Zotero's DOI appears in the document,100.0,0.003,True,False,True,7,7,1.0,True,False,9305,14,,5GGY7SZJ,,Disseminating and implementing a lifestyle-based healthy weight program for mothers in a national organization: a study protocol for a cluster randomized  trial.
KVYE5RWF,unlabelled,NCATS; NIA; NIGMS,VERIFIED,DOI_MATCH,Zotero's DOI appears in the document,100.0,0.0,True,False,True,18,18,1.0,True,False,6895,17,,JA6UZV7K,,Balanced Crystalloids versus Saline in Critically Ill Adults.
DH6IG7JY,unlabelled,NCATS,VERIFIED,DOI_MATCH,Zotero's DOI appears in the document,100.0,-1.0,True,False,True,13,13,1.0,True,True,8040,11,,Z85JZU6X,,A Cluster-Randomized Trial of Blood-Pressure Reduction in Black Barbershops.
N35XJ5YV,unlabelled,NCATS,VERIFIED,DOI_MATCH,Zotero's DOI appears in the document,100.0,0.0,True,False,True,18,18,1.0,True,False,5812,19,,K6QH9UVW,,Oxygen-Saturation Targets for Critically Ill Adults Receiving Mechanical Ventilation.
8YQN99UA,unlabelled,NCATS,VERIFIED,DOI_MATCH,Zotero's DOI appears in the document,100.0,0.003,True,False,True,20,20,1.0,True,False,8704,11,,RDI2AE4R,,Study protocol: a cluster randomized trial to evaluate the effectiveness and implementation of onsite GeneXpert testing at community health centers in Uganda  (XPEL-TB).
PDUGS7DP,unlabelled,NCATS,VERIFIED,DOI_MATCH,Zotero's DOI appears in the document,100.0,0.013,True,False,True,16,16,1.0,True,True,9491,15,,WKAIRPCL,,"A cluster randomized controlled trial for a multi-level, clinic-based smoking cessation program with women in Appalachian communities: study protocol for the  ""Break Free"" program."
TZAGY4NU,unlabelled,NCATS,VERIFIED,DOI_MATCH,Zotero's DOI appears in the document,100.0,0.0,True,False,True,16,16,1.0,True,True,6689,18,,5R5TJWPV,,A randomized study to prevent lymphedema in women treated for breast cancer: CALGB 70305 (Alliance).
CM3Z8D7D,unlabelled,NCATS,VERIFIED,DOI_MATCH,Zotero's DOI appears in the document,100.0,0.0,True,False,True,13,13,1.0,True,False,6217,17,,UPK7C8MA,,A Group Randomized Trial to Reduce Obesity among Appalachian Church Members: The Walk by Faith Study.
TDLGKW2I,unlabelled,NCATS,VERIFIED,DOI_MATCH,Zotero's DOI appears in the document,100.0,0.0,True,False,True,12,12,1.0,True,False,6648,16,,KGC7VZZC,,Design and pilot implementation for the BETTER CARE-HF trial: A pragmatic cluster-randomized controlled trial comparing two targeted approaches to  ambulatory clinical decision support for cardiologists.
4GPSLLBZ,unlabelled,NCATS,VERIFIED,DOI_MATCH,Zotero's DOI appears in the document,100.0,0.003,True,False,True,12,12,1.0,True,False,9400,14,,5577S6S8,,Cluster-Randomized Trial Comparing Ambulatory Decision Support Tools to Improve Heart Failure Care.
DVTPLYEC,unlabelled,NIA; NIDDK; NIMHD,VERIFIED,DOI_MATCH,Zotero's DOI appears in the document,100.0,0.003,True,False,True,20,20,1.0,True,True,10248,9,,DUA4S3W7,,Process of Engaging Community and Scientific Partners in the Development of the CIRCL-Chicago Study Protocol.
FP3HZHGS,unlabelled,NIAID,VERIFIED,DOI_MATCH,Zotero's DOI appears in the document,100.0,0.013,True,False,True,6,6,1.0,True,True,6509,11,,DMTGJYKG,,Use of Asthma APGAR Tools in Primary Care Practices: A Cluster-Randomized Controlled Trial.
LTKIP9MK,unlabelled,NIAID,VERIFIED,DOI_MATCH,Zotero's DOI appears in the document,100.0,0.0,True,False,True,17,17,1.0,True,False,9614,10,,Y5VNB96D,,Community Health Workers Improve Linkage to Hypertension Care in Western Kenya.
RXFQY4XC,unlabelled,NIBIB,VERIFIED,DOI_MATCH,Zotero's DOI appears in the document,100.0,0.0,True,False,True,15,15,1.0,True,False,7768,31,,6PPHK3QD,,"Testing the effectiveness of community-engaged citizen science to promote physical activity, foster healthier neighborhood environments, and advance health  equity in vulnerable communities: The Steps for Change randomized controlled  trial design and methods."
STH5NWUN,unlabelled,NIDDK; NINR,VERIFIED,DOI_MATCH,Zotero's DOI appears in the document,100.0,0.003,True,False,True,9,9,1.0,True,True,11022,12,,7KV5EC3T,,"A Cluster-Randomized Trial of a Mobile Produce Market Program in 12 Communities in North Carolina: Program Development, Methods, and Baseline Characteristics."
NPU43H6S,unlabelled,NIDDK; NIMH,VERIFIED,DOI_MATCH,Zotero's DOI appears in the document,100.0,0.003,True,False,True,9,9,1.0,True,False,8696,15,,CG3KPBTX,,The impact of basic vs. enhanced Go NAPSACC on child care centers' healthy eating and physical activity practices: protocol for a type 3 hybrid  effectiveness-implementation cluster-randomized trial.
TCS56FZY,unlabelled,NIDDK; NIMH,VERIFIED,DOI_MATCH,Zotero's DOI appears in the document,100.0,0.0,True,False,True,10,10,1.0,True,True,10675,9,,KBHX8HJP,,Training Models for Implementing Evidence-Based Psychological Treatment: A Cluster-Randomized Trial in College Counseling Centers.
3BRBKRE4,unlabelled,NIDDK,VERIFIED,DOI_MATCH,Zotero's DOI appears in the document,100.0,0.0,True,False,True,9,9,1.0,True,False,6545,26,,PKDHAUU2,,"Workplace health and safety intervention for child care staff: Rationale, design, and baseline results from the CARE cluster randomized control trial."
VH6KS89D,unlabelled,NIDDK,VERIFIED,DOI_MATCH,Zotero's DOI appears in the document,100.0,0.0,True,False,True,7,7,1.0,True,False,6212,21,,ZXVGPIM9,,Keys to healthy family child care homes: Results from a cluster randomized trial.
6AUXHCLQ,unlabelled,NIDDK,VERIFIED,DOI_MATCH,Zotero's DOI appears in the document,100.0,0.536,True,False,True,9,9,1.0,True,False,8741,10,,U7DSZ2MQ,,"Evaluating a child care-based social marketing approach for improving children's diet and physical activity: results from the Healthy Me, Healthy We  cluster-randomized controlled trial."
YBR6NA98,unlabelled,NIDDK,VERIFIED,DOI_MATCH,Zotero's DOI appears in the document,100.0,0.0,True,False,True,4,4,1.0,True,False,9743,8,,WSXTUY6D,,Objective Measures of Physical Activity in Rural Communities: Factors Associated With a Valid Wear and Lessons Learned.
7KFKZX8A,unlabelled,NIDDK,VERIFIED,DOI_MATCH,Zotero's DOI appears in the document,100.0,0.003,True,False,True,11,11,1.0,True,True,9472,10,,RHR2JAAS,,A multilevel approach for promoting physical activity in rural communities: a cluster randomized controlled trial.
Q472RUI9,unlabelled,NIMHD,VERIFIED,DOI_MATCH,Zotero's DOI appears in the document,100.0,0.0,True,False,True,12,12,1.0,True,True,11291,10,,CCHHZ8W9,,Efficacy of a community-based participatory and multilevel intervention to enhance hepatitis B virus screening and vaccination in underserved Korean  Americans.
