paper_id,set,flags,n_flags,chars,pages,chars_per_page,abstract_chars,title
2UM5FXLV,unlabelled,F3_NO_REFERENCES,1,44879,8,5610,2495,Male partner testing and sexual behaviour following provision of multiple HIV self-tests t
3D94JQV3,unlabelled,F2_MULTI_ARTICLE,1,81506,23,3544,2165,Health care providers' perspectives on delivering gender equity focused family planning pr
3L7C4W4M,unlabelled,F3_NO_REFERENCES,1,47407,8,5926,2374,Index participant characteristics and HIV assisted partner services efficacy in Kenya: res
3QSZDDKM,unlabelled,F3_NO_REFERENCES,1,45658,7,6523,2219,The efficacy and cost-effectiveness of a family-based economic empowerment intervention (S
537XY6CJ,unlabelled,F4_THIN_PER_PAGE,1,48770,31,1573,1420,Competing Effects of Indirect Protection and Clustering on the Power of Cluster-Randomized
67P4RDC7,unlabelled,F3_NO_REFERENCES,1,72128,13,5548,2373,"Spinning plates: livelihood mobility, household responsibility and anti-retroviral treatme"
6BGC43UM,unlabelled,F4_THIN_PER_PAGE,1,61164,41,1492,2936,"Effect of an Intervention to Promote Breastfeeding on Asthma, Lung Function, and Atopic Ec"
7U4A7DJX,unlabelled,F2_MULTI_ARTICLE,1,36495,8,4562,1800,Standard Precautions are for everyone: The role of HIV stigma and implications for nursing
8WAJWQ7J,unlabelled,F3_NO_REFERENCES,1,50771,9,5641,2371,Impact of SMS and peer navigation on retention in HIV care among adults in South Africa: r
9P27ITQQ,unlabelled,F3_NO_REFERENCES,1,46809,11,4255,1936,"Rationale, Design, and Patient Characteristics of a Cluster-Randomized Pragmatic Trial to "
A7JWJW43,unlabelled,F4_THIN_PER_PAGE,1,36713,28,1311,2203,Efficacy of Wolbachia-Infected Mosquito Deployments for the Control of Dengue.
AUCUKPB9,human_labelled,F2_MULTI_ARTICLE,1,41969,8,5246,1210,Barbershop Management of Hypertension in the African American Population: Pitfalls and Opp
BAXIEMAV,unlabelled,F2_MULTI_ARTICLE,1,83200,26,3200,2034,Do differentiated service delivery models for HIV treatment in sub-Saharan Africa save mon
C7QFVRM7,unlabelled,F3_NO_REFERENCES,1,60464,10,6046,2701,Pathways for reduction of HIV-related stigma: a model derived from longitudinal qualitativ
EQTH4X7Z,unlabelled,F2_MULTI_ARTICLE,1,77047,12,6421,2585,A systematic review of the engagement with social media-delivered interventions for improv
ERY25CXT,human_labelled,F3_NO_REFERENCES,1,13262,2,6631,1330,Impact of Walking School Bus Programs on Self-Efficacy and Outcome Expectations
F4X8P769,unlabelled,F3_NO_REFERENCES,1,49888,11,4535,2512,A cluster-randomized controlled trial of a combination HIV risk reduction and microfinance
F9X8Z6SZ,human_labelled,F4_THIN_PER_PAGE,1,54193,32,1694,1922,Increasing the adoption of evidence-based communication practices for HPV vaccination in p
G2HT8C7B,unlabelled,F3_NO_REFERENCES,1,39518,8,4940,2303,Economic evaluation of facility-based HIV self-testing among adult outpatients in Malawi.
GDGSLXJ9,unlabelled,F3_NO_REFERENCES,1,84619,16,5289,2488,Development of parallel measures to assess HIV stigma and discrimination among people livi
GSTMJS9Q,unlabelled,F2_MULTI_ARTICLE,1,60387,21,2876,1517,The arc of HIV epidemics in sub-Saharan Africa: new challenges with concentrating epidemic
GX655FV4,human_labelled,F4_THIN_PER_PAGE,1,53678,40,1342,1791,A protocol for a cluster randomized trial of care delivery models to improve the quality o
HNZ4TWSX,unlabelled,F4_THIN_PER_PAGE,1,45476,28,1624,2009,Mental Health Distress and Delayed Contraception Among Older Adolescents and Young Adults.
HRENXTRC,unlabelled,F3_NO_REFERENCES,1,57129,10,5713,2310,Early child development in children who are HIV-exposed uninfected compared to children wh
IL7BHWT6,unlabelled,F4_THIN_PER_PAGE,1,64980,37,1756,2033,"Effect of a mindfulness training app on a cigarette quit attempt: an investigator-blinded,"
KCV63L9X,human_labelled,F3_NO_REFERENCES,1,42170,10,4217,1983,Impact of Visit Volume on the Effectiveness of Electronic Tools to Improve Heart Failure C
KMKSIU5U,human_labelled,F4_THIN_PER_PAGE,1,56321,35,1609,1866,School-supervised use of a once-daily inhaled corticosteroid regimen: A cluster randomized
L7B87JQG,unlabelled,F2_MULTI_ARTICLE,1,70059,23,3046,2185,Economic outcomes among microfinance group members receiving community-based chronic disea
LU33978L,human_labelled,F3_NO_REFERENCES,1,54250,11,4932,1956,Improving Communication in Heart Failure Patient Care
ME2XJGEW,human_labelled,F4_THIN_PER_PAGE,1,40681,26,1565,1720,Does prior coronary angioplasty affect outcomes of surgical coronary revascularization? In
MQC52PL5,unlabelled,F3_NO_REFERENCES,1,63494,11,5772,2603,Effectiveness of a psychological intervention delivered by general nurses for alcohol use 
MRAHGVSS,unlabelled,F3_NO_REFERENCES,1,13300,2,6650,1008,Physical Activity in Hospitalized Persons With Dementia: Feasibility and Validity of the M
MYASS2HR,unlabelled,F3_NO_REFERENCES,1,65478,12,5456,2354,Community mobilization to modify harmful gender norms and reduce HIV risk: results from a 
P5P4GMBD,unlabelled,F3_NO_REFERENCES,1,40774,11,3707,2280,Electronic Alerts to Improve Heart Failure Therapy in Outpatient Practice: A Cluster Rando
U6N5AUAQ,unlabelled,F7_REPETITIVE,1,61782,15,4119,3152,Co-occurrence of Violence-Related Risk and Protective Behaviors and Adult Support Among Ma
UHLRHMGI,human_labelled,F3_NO_REFERENCES,1,78144,20,3907,1172,Adaptive Designs in Implementation Science and Practice: Their Promise and the Need for Gr
UJB4QA99,human_labelled,F4_THIN_PER_PAGE,1,50359,29,1737,2131,The Relationship Between Frailty and Emotional Health in Older Patients with Advanced Canc
UPVYYFVQ,human_labelled,F7_REPETITIVE,1,108489,39,2782,1457,Effects of Different Allotments of Avocados on the Nutritional Status of Families: A Clust
UQK87UZH,unlabelled,F3_NO_REFERENCES,1,47751,9,5306,2172,A mobile health-facilitated behavioural intervention for community health workers improves
VQYIB59P,unlabelled,F2_MULTI_ARTICLE,1,47471,8,5934,2457,Post-exposure Lopinavir-Ritonavir Prophylaxis versus Surveillance for Individuals Exposed 
WD74R75C,human_labelled,F4_THIN_PER_PAGE,1,51441,31,1659,1838,Performance Feedback for Human Papillomavirus Vaccination: A Randomized Trial From the Ame
XG2URWAA,unlabelled,F3_NO_REFERENCES,1,54166,8,6771,2621,"Households, fluidity, and HIV service delivery in Zambia and South Africa - an exploratory"
Z97CGZK3,unlabelled,F3_NO_REFERENCES,1,50495,9,5611,2550,Home-Based Intervention to Test and Start (HITS): a community-randomized controlled trial 
ZVIZFQCJ,human_labelled,F4_THIN_PER_PAGE,1,46534,29,1605,1890,Association of CPR simulation program characteristics with simulated and actual performanc
23BCYRBE,unlabelled,,0,59800,12,4983,2738,Reducing sugary drink intake through youth empowerment: results from a pilot-site randomiz
23XRI9U5,unlabelled,,0,59340,13,4565,2074,The 6-Month Efficacy of an Intensive Lifestyle Modification Program on Type 2 Diabetes Ris
249KKB72,unlabelled,,0,49518,10,4952,1519,"Economic Empowerment, HIV Risk Behavior, and Mental Health Among School-Going Adolescent G"
24NP2GPC,unlabelled,,0,43701,17,2571,1755,Building Blocks for Healthy Children: Evaluation of a Child Care Center-Based Obesity Prev
25GIEATL,human_labelled,,0,53800,7,7686,1783,Dissemination of a telehealth cardiovascular risk service: The CVRS live protocol
25SMNHQG,human_labelled,,0,41884,8,5236,2268,Self-reported cardiovascular disease risk factor screening among people living with HIV vs
26LDPI8G,human_labelled,,0,53389,11,4854,2245,Results of a cluster randomized trial testing the Systems Analysis and Improvement Approac
27HHPVDB,unlabelled,,0,48963,13,3766,3026,The design and conduct of a pragmatic cluster randomized trial of an advance care planning
27K2Z9XE,unlabelled,,0,29283,7,4183,1925,"Reach, acceptability, and perceived success of a telehealth diabetes prevention program am"
28SJBT73,human_labelled,,0,85968,15,5731,2681,Using implementation mapping to optimize the impact of Universal School meals: a type III 
2B5I3A2Q,unlabelled,,0,48439,12,4037,2110,A Cluster Randomized Trial Comparing Strategies for Translating Self-Management Support in
2BDG7GVP,human_labelled,,0,44081,17,2593,2349,A Group Randomized Intervention Trial Increases Participation in the School Breakfast Prog
2BU5VVAS,unlabelled,,0,53171,19,2798,2000,Effectiveness of training physical therapists in pain neuroscience education for patients 
2BYWH8DR,unlabelled,,0,42551,10,4255,1671,Examining Participant Dosage and Skill Utilization Associated with Receipt of a Perinatal 
2CRQDIHN,unlabelled,,0,60151,11,5468,1084,"The effects of cooperative learning on self-reported peer relations, peer support, and cla"
2DMZ4K8H,unlabelled,,0,66791,13,5138,1909,Effects of the Communities that Heal (CTH) intervention on perceived opioid-related commun
2EQE8HSV,human_labelled,,0,51680,10,5168,1920,Does Extracorporeal Membrane Oxygenation Improve Survival in Pediatric Acute Respiratory F
2EUBGI6V,unlabelled,,0,48146,13,3704,2145,The long-term effects of a family based economic empowerment intervention (Suubi+Adherence
2FHYXRIS,unlabelled,,0,132138,21,6292,1888,Universal Teacher-Child Interaction Training in early childhood special education: A clust
2HLT4Y2J,human_labelled,,0,45737,10,4574,1837,Effectiveness of Long-lasting Insecticide-Impregnated Bed Nets in Controlling Phlebotomus 
2KYMUP96,human_labelled,,0,78320,19,4122,1453,Assessing treatment effect heterogeneity in the presence of missing effect modifier data i
2LB9GQLG,human_labelled,,0,63955,12,5330,1957,Ethnic Differences in Family Childcare Providers' Nutrition- and Activity-Related Attitude
2LQ9IQJP,unlabelled,,0,49214,19,2590,2085,"Poverty, economic strengthening, and mental health among AIDS orphaned children in Uganda:"
2LUUC2WH,human_labelled,,0,43941,18,2441,1683,The impact of a brief cessation induction intervention for waterpipe tobacco smoking: A pi
2M5S9SWT,unlabelled,,0,40894,18,2272,1921,Rationale and design of a pragmatic trial aimed at improving treatment of hyperlipidemia i
2MUC87T4,unlabelled,,0,34334,9,3815,1480,Can a Clinic-Based Community Health Worker Intervention Buffer the Negative Impact of the 
2MWISP7C,unlabelled,,0,42819,9,4758,2908,Electronic Decision Support for Management of CKD in Primary Care: A Pragmatic Randomized 
2MX6BZR5,unlabelled,,0,45185,16,2824,2259,Weight Loss in Underserved Patients - A Cluster-Randomized Trial.
2NRLZW3M,human_labelled,,0,65609,13,5047,1708,Point-of-Sale Health Communication Campaigns for Cigarillos and Waterpipe Tobacco: Effects
2NT7ULNN,unlabelled,,0,53601,13,4123,1380,"The Association of Recurrent and Multiple Types of Abuse with Adverse Mental Health, Subst"
2NUR4ISP,unlabelled,,0,78953,16,4935,2864,Adaptation of the World Health Organization Electronic Mental Health Gap Action Programme 
2QNELAPY,unlabelled,,0,72013,18,4001,1703,"""My wellbeing-their wellbeing ""- An eHealth intervention for managing obesity in early car"
2QQF68M7,unlabelled,,0,48224,9,5358,2050,Predictors of oral rotavirus vaccine immunogenicity in rural Zimbabwean infants.
2RCCARWL,unlabelled,,0,53033,15,3536,1711,'I never hoped for anything … now I have other plans': The role of microfinance in HIV int
2RDD8DGI,human_labelled,,0,46963,8,5870,2911,Efficacy of Mobile Phone-Delivered Smoking Cessation Interventions for Socioeconomically D
2RJUK6SQ,unlabelled,,0,64513,18,3584,3730,High CD4 counts associated with better economic outcomes for HIV-positive adults and their
2RZV777D,unlabelled,,0,61822,13,4756,3464,"Providing Lesbian, Gay, Bisexual, Transgender, Nonbinary, and Queer Adolescents With Nurtu"
2SRFPGLT,unlabelled,,0,44029,16,2752,1657,Reduction in Stigma Drivers Partially Mediates the Effect of a Stigma Reduction Interventi
2SWXRURB,unlabelled,,0,57216,11,5201,2011,Optimizing the efficiency and implementation of cash transfers to improve adherence to ant
2T5PZEAW,unlabelled,,0,46144,9,5127,1797,Evaluating a patient-centred intervention to increase disclosure and promote resilience fo
2UMNRGCW,unlabelled,,0,54683,20,2734,1950,Economic Evaluation: A Randomized Pragmatic Trial of a Primary Care-based Cognitive Behavi
2UPNUCNS,human_labelled,,0,65362,12,5447,1890,"Fidelity and factors influencing implementation of Healthy Me, Healthy: process evaluation"
2W2VMC7U,unlabelled,,0,69640,16,4352,2247,Developing and Testing Remote Implementation for the Changing Talk Online (CHATO) Communic
2W5BZWB2,unlabelled,,0,48172,10,4817,2361,Community-based program to increase use of hearing conservation practices among farm and r
2WCBD5J7,unlabelled,,0,53416,20,2671,2093,"Eat, Sleep, Console Approach or Usual Care for Neonatal Opioid Withdrawal."
2WCRQ479,unlabelled,,0,46046,10,4605,2450,Formative research implications on design of a randomized controlled trial for oral health
2X4CB7R3,unlabelled,,0,54895,11,4990,2319,Risk-based versus universal PrEP delivery during pregnancy: a cluster randomized trial in 
2YE5BGIJ,unlabelled,,0,37372,14,2669,2767,First Aid Practices for Injured Children in Rural Ghana: A Cluster-Random Population-Based
2YGU8BKG,unlabelled,,0,44079,11,4007,2187,Evaluation of video-assisted HPV education in government-supported clinics in Western Keny
2YZJN5IB,unlabelled,,0,61526,19,3238,3531,Participation in adherence clubs and on-time drug pickup among HIV-infected adults in Zamb
32LERLVS,human_labelled,,0,31737,6,5290,2272,Performance of family planning clinics in conducting recommended HIV counseling and testin
33G3JZ96,unlabelled,,0,48230,9,5359,2556,The Coordination Toolkit and Coaching Project: Cluster-Randomized Quality Improvement Init
344WCQ25,unlabelled,,0,49220,18,2734,4438,Integrating Youth Readiness Intervention and Entrepreneurship in Sierra Leone: A Hybrid Ty
34PR6YXH,human_labelled,,0,80311,18,4462,1532,A mixed model approach to estimate the survivor average causal effect in cluster-randomize
34S5YMAM,unlabelled,,0,86839,26,3340,1793,Facilitating communication for critically ill patients and their family members: Study pro
36HV682B,unlabelled,,0,28737,7,4105,1677,Risk factors for corneal abrasions in Nepal: a community-based study.
36I94AIH,human_labelled,,0,54639,17,3214,1801,Protocol for a cluster-randomized trial of a school-based skin cancer preventive intervent
36XA3V3Y,unlabelled,,0,65026,17,3825,2196,Factors associated with program effectiveness in the implementation of a sexual risk reduc
389YZXVK,unlabelled,,0,67782,24,2824,2142,Father involvement and early child development in a low-resource setting.
389ZASKJ,unlabelled,,0,59063,8,7383,1800,Designing a virtual mental health consultation program to support and strengthen childcare
38R9U3WA,unlabelled,,0,39943,12,3329,1821,Linear growth in preschool children treated with mass azithromycin distributions for trach
38YD53KC,unlabelled,,0,63992,20,3200,1440,Lean Mass Improvement from Nutrition Education and Protein Supplementation among Rural Ind
392RTAL7,unlabelled,,0,170753,46,3712,6115,Vitamin A and fish oils for preventing the progression of retinitis pigmentosa.
3A9HMGYL,unlabelled,,0,70057,15,4670,2494,"Body, Soul and Spirit, an adaptation of two evidence-based interventions to promote physic"
3B8K39D8,human_labelled,,0,63428,15,4229,2843,Effect of Clinical Decision Support at Community Health Centers on the Risk of Cardiovascu
3BDHTNBA,unlabelled,,0,56671,25,2267,2418,Universal Sexual Violence Intervention Effects in a Cluster-Randomized Trial: Moderation b
3DBTDWCG,unlabelled,,0,74890,22,3404,4343,"Effectiveness of Group Problem Management Plus, a brief psychological intervention for adu"
3DSAACUW,human_labelled,,0,34423,8,4303,1986,A systematic review and meta-analysis of enrollment into ARDS and sepsis trials published 
3E6TGDWS,unlabelled,,0,60158,15,4011,3145,Effect of Clinical Decision Support on Cardiovascular Risk Among Adults With Bipolar Disor
3ETDUWRH,human_labelled,,0,40894,8,5112,1927,"Simultaneously implementing pathways for improving asthma, pneumonia, and bronchiolitis ca"
3GD35SCN,unlabelled,,0,51622,10,5162,1852,A youth empowerment intervention to prevent childhood obesity: design and methods for a cl
3GS3B7XP,unlabelled,,0,43086,8,5386,1847,The Impact of Family Economic Empowerment Intervention on Psychological Difficulties and P
3H4J4BGD,human_labelled,,0,57219,10,5722,3166,Effect of Electronic Symptom Monitoring on Patient-Reported Outcomes Among Patients With M
3HNEWU2Y,unlabelled,,0,48275,13,3713,2610,Randomized Trial of Motivational Interviewing to Prevent Early Childhood Caries in Public 
3I2K6X84,human_labelled,,0,59395,12,4950,2324,Implementation of an mHealth intervention to increase adherence to triage among HPV positi
3I9ZKVDX,unlabelled,,0,49848,9,5539,2042,The impact of Cognitive Processing Therapy on stigma among survivors of sexual violence in
3IGYKNGH,unlabelled,,0,37760,13,2905,1995,Role of Hand Hygiene Ambassador and Implementation of Directly Observed Hand Hygiene Among
3INBZHKN,human_labelled,,0,44626,7,6375,1450,Recruitment and enrollment of participants in an online diabetes self-management intervent
3IRBAJ47,unlabelled,,0,79351,15,5290,2135,Remote coaching for supporting the implementation of treatment for depression in primary c
3JVAWNIE,human_labelled,,0,64813,13,4986,1338,Effect of salt substitution on community-wide blood pressure and hypertension incidence
3KWKT9FQ,unlabelled,,0,69171,15,4611,2611,"Toward Safer Opioid Prescribing in HIV care (TOWER): a mixed-methods, cluster-randomized t"
3KYGTLUB,unlabelled,,0,50358,13,3874,1090,Relationship Between Mental Health and HIV Transmission Knowledge and Prevention Attitudes
3LBN72KK,unlabelled,,0,67151,14,4796,1968,Pragmatic cluster-randomized trial of home-based preventive treatment for TB in Ethiopia a
3LHY56PV,unlabelled,,0,43388,9,4821,2230,Health Within Reach-a Patient-Centered Intervention to Increase Hepatitis B Screening Amon
3LMFCU9V,unlabelled,,0,74958,14,5354,3206,The Feasibility of Using the National PulsePoint Cardiopulmonary Resuscitation Responder N
3LREUQU9,unlabelled,,0,44983,7,6426,2183,Uptake of guideline-recommended postpartum diabetes screening among diverse women with ges
3MBN8DIA,human_labelled,,0,5629,2,2814,0,"Individually randomized trial mislabeled as a cluster-randomized trial. Comment on: ""Effec"
3MPI8AD8,unlabelled,,0,45209,10,4521,1617,Reducing Partner Violence Against Women who Exchange Sex and use Drugs through a Combinati
3N5XV697,unlabelled,,0,68363,14,4883,1941,"The TiME Trial: A Fully Embedded, Cluster-Randomized, Pragmatic Trial of Hemodialysis Sess"
3NFJBP2C,unlabelled,,0,56476,13,4344,2059,"Theory, Measurement, and Psychometric Properties of Risk and Protective Factors for Drug M"
3NJJIQJQ,human_labelled,,0,56842,11,5167,2955,Evaluation of the Efficacy of a Smoking Cessation Intervention for Cervical Cancer Survivo
3Q2CRGE2,unlabelled,,0,75384,15,5026,2741,Organizational culture and climate as moderators of enhanced outreach for persons with ser
3QM2PHF7,unlabelled,,0,67330,12,5611,2485,Study design and rationale for a cluster randomized trial of a safe child feces management
3QQZB4ZH,unlabelled,,0,53693,10,5369,2834,Effect of Doxycycline on Aneurysm Growth Among Patients With Small Infrarenal Abdominal Ao
3SUSMNR7,human_labelled,,0,54199,9,6022,2113,Prenatal Household Air Pollution Is Associated with Impaired Infant Lung Function with Sex
3SZRVFPC,unlabelled,,0,113646,21,5412,2463,A combination intervention addressing sexual risk-taking behaviors among vulnerable women 
3TAMLPYJ,unlabelled,,0,75572,18,4198,3264,Collaboration With People With Lived Experience of Mental Illness to Reduce Stigma and Imp
3TX27AJH,unlabelled,,0,61598,12,5133,1282,Cultivating Innovative Pragmatic Cluster-Randomized Registry Trials Embedded in Hemodialys
3U39FM4S,unlabelled,,0,57208,18,3178,2140,A cluster-randomized trial of client and provider directed financial interventions to alig
3UETLCGR,human_labelled,,0,71518,17,4207,2691,Successful implementation of stroke risk screening for sickle cell anemia in the DISPLACE 
3UEX8VI8,unlabelled,,0,43253,8,5407,2193,Prescribers' satisfaction with delivering medications for opioid use disorder.
3UHZZJXT,unlabelled,,0,42853,8,5357,2257,Screening for CKD To Improve Processes of Care among Nondiabetic Veterans with Hypertensio
3UVLBHAP,unlabelled,,0,36290,7,5184,1766,Development of a Randomized Trial Comparing ICP-Monitor-Based Management of Severe Pediatr
3V4I9246,unlabelled,,0,53768,17,3163,2755,Mass azithromycin distribution for hyperendemic trachoma following a cluster-randomized tr
3WNQ9RHH,unlabelled,,0,46782,18,2599,1981,Universal HIV Testing and Treatment With Patient-Centered Care Improves ART Uptake and Vir
3XPH2HI6,human_labelled,,0,42409,9,4712,1818,Cluster randomized controlled trial of a multilevel physical activity intervention for old
3XXFLIAY,unlabelled,,0,45733,11,4158,3345,Implementing Infection Control and Quality of Life Best Practices in Nursing Homes With Pr
3YMCRN5A,human_labelled,,0,48483,10,4848,2166,Perspectives of women participating in a cervical cancer screening campaign with community
3ZIS8AI2,unlabelled,,0,64943,24,2706,2022,A Method for Tracking Implementation Strategies: An Exemplar Implementing Measurement-Base
424P5WIT,unlabelled,,0,59829,12,4986,2237,"Study protocol of ""Our Choice"": a randomized controlled trial of the integration of safer "
42EQYZHC,unlabelled,,0,68439,15,4563,1989,Virtual family-centered hospital rounds in the neonatal intensive care unit: protocol for 
42WCIVYS,unlabelled,,0,82908,17,4877,2815,Cost of community-led larval source management and house improvement for malaria control: 
4347I8U7,unlabelled,,0,75870,16,4742,3137,A Scalable Service to Improve Health Care Quality Through Precision Audit and Feedback: Pr
44B5KKXT,unlabelled,,0,57978,16,3624,2115,Results from a cluster-randomized trial to evaluate a microfinance and peer health leaders
44SJ3WXZ,human_labelled,,0,60757,13,4674,2174,Designing an implementation science clinical trial to integrate hypertension and cardiovas
44WLSHDT,unlabelled,,0,34632,7,4947,1368,Water Insecurity is Associated with Lack of Viral Suppression and Greater Odds of AIDS-Def
45BQ2AIY,unlabelled,,0,36348,9,4039,1982,Improving risk perception and uptake of pre-exposure prophylaxis (PrEP) through interactiv
45RMDS7F,unlabelled,,0,25426,4,6356,1771,Multi-modal Analgesic Strategies for Trauma (MAST): protocol for a pragmatic randomized tr
46MFLID4,human_labelled,,0,55080,12,4590,2214,"Nutritional impairment, psychological health and quality of life among older adults with a"
47K5IY6H,unlabelled,,0,42653,12,3554,1734,Relationship between HIV viral suppression and multidrug resistant tuberculosis treatment 
48LLFXMC,unlabelled,,0,53185,19,2799,1735,iCanCope with Sickle Cell Pain: Design of a randomized controlled trial of a smartphone an
49C5LL2B,human_labelled,,0,62419,21,2972,1765,"The OaSiS trial: A hybrid type II, national cluster randomized trial to implement smoking "
49U4IZAV,unlabelled,,0,55255,12,4605,2046,Factors related to recruitment and retention of patients into diabetes group visits in Fed
4A7J7XUT,unlabelled,,0,59876,12,4990,2521,NIATx-TI versus typical product training on e-health technology implementation: a clustere
4AY2WR3U,unlabelled,,0,43348,10,4335,1609,SHARING Choices: Lessons Learned from a Primary-Care Focused Advance Care Planning Interve
4B9B4HMN,unlabelled,,0,52544,10,5254,2315,Naloxone Co-Dispensing with Opioids: a Cluster Randomized Pragmatic Trial.
4B9BMDV7,human_labelled,,0,51157,13,3935,3476,Effectiveness of a Digital Cognitive Behavior Therapy-Guided Self-Help Intervention for Ea
4BDJUXEZ,unlabelled,,0,49311,7,7044,1797,Design of the Reducing Diagnostic Error to Improve Patient Safety (REDEfINE) in COPD and a
4BGJM745,unlabelled,,0,37312,8,4664,1605,Analysis of 'sensitive' periods of fetal and child growth.
4BMKXSKL,unlabelled,,0,38531,8,4816,2580,Protocol for serious fall injury adjudication in the Strategies to Reduce Injuries and Dev
4C9928PM,unlabelled,,0,83047,18,4614,2517,Integrating Behavioral Health and Primary Care (IBH-PC) to improve patient-centered outcom
4CNKNNSR,unlabelled,,0,38184,7,5455,1725,Prevalence of Pre-Existing Hearing Loss Among Patients With Drug-Resistant Tuberculosis in
4D23WKWV,unlabelled,,0,25116,7,3588,1870,Choice of Intensive Lifestyle Change and/or Metformin after Shared Decision Making for Dia
4D7XKSMF,unlabelled,,0,61199,11,5564,2520,Community-based amoxicillin treatment for fast breathing pneumonia in young infants 7-59 d
4EYIVLJR,human_labelled,,0,65359,12,5447,1737,Process evaluation of a medical assistant health coaching intervention for type 2 diabetes
4FJHYJ4R,human_labelled,,0,33597,6,5600,1826,Impact of Brief Quality Improvement Coaching on Adolescent HPV Vaccination Coverage: A Pra
4FL6J5P5,unlabelled,,0,51144,10,5114,1374,eHealth Interventions for Early Infant Diagnosis: Mothers' Satisfaction with the HIV Infan
4G67IF2E,unlabelled,,0,65692,14,4692,2761,The trial to reduce antimicrobial use in nursing home residents with Alzheimer's disease a
4GSI4FAA,unlabelled,,0,71083,25,2843,2023,"Effects of an ""Active-Workstation"" Cluster RCT on Daily Waking Physical Behaviors."
4GTAWDKF,unlabelled,,0,61254,21,2917,1780,A randomized controlled trial comparing a manual and computer version of CALM in VA commun
4GUDDLNQ,human_labelled,,0,75461,16,4716,2518,A cluster randomized factorial trial of school-lunch salad bars and marketing on elementar
4HG9V6HL,human_labelled,,0,58664,11,5333,1550,Psychological and behavioral pathways between perceived stress and weight change in a beha
4IBT3NAD,human_labelled,,0,53556,10,5356,2111,Cluster-Randomized Trial to Evaluate a Centralized Clinical Pharmacy Service in Private Fa
4IMAY622,unlabelled,,0,60907,9,6767,1854,"""iAlegrate!""-A culturally adapted positive psychological intervention for Hispanics/Latino"
4IVIRBZF,unlabelled,,0,53657,13,4127,2332,Implementing integrated services in routine behavioral health care: primary outcomes from 
4JDNFZC7,unlabelled,,0,37029,13,2848,2176,Three Nurse-administered Protocols Reduce Nutritional Decline and Frailty in Older Gastroi
4K27S6DD,unlabelled,,0,40728,17,2396,1745,Gender differences in outcomes of early intervention services for first episode psychosis.
4KHXZDRI,unlabelled,,0,54030,15,3602,1116,Randomization-based confidence intervals for cluster randomized trials.
4KPD94UD,unlabelled,,0,60831,22,2765,2121,The impact of poverty-reduction intervention on child mental health mediated by family rel
4L2VVRAS,unlabelled,,0,45326,18,2518,2078,Pragmatic Trial of Hospitalization Rate in Chronic Kidney Disease.
4LCCGNX4,unlabelled,,0,69732,21,3321,1863,Training Community Therapists in AIM HI: Individual Family and Neighborhood Factors and Ch
4LJNP9IY,unlabelled,,0,61197,9,6800,1745,Design of a randomized controlled trial of smoking cessation medications for alcohol reduc
4LKPGHIV,unlabelled,,0,57069,11,5188,2395,Advancing Rehabilitation Paradigms for Older Adults in Skilled Nursing Facilities: An Effe
4LRLTKSM,unlabelled,,0,59841,14,4274,3370,Comparing Implementation Strategies for an Evidence-Based Weight Management Program Delive
4M4YTVEM,unlabelled,,0,23180,7,3311,1453,Effect of a Peer-led Lifestyle Intervention on Individuals With Normal Weight Obesity: Ins
4ME98BI9,human_labelled,,0,16730,4,4182,0,Commentary: Right truncation in cluster randomized trials can attenuate the power of a mar
4MLYCF5B,unlabelled,,0,49728,10,4973,1970,Effect of the ASCENT Intervention to Increase Knowledge of Kidney Allocation Policy Change
4MQ6MTCP,unlabelled,,0,54043,10,5404,2667,A qualitative assessment of factors influencing implementation and sustainability of evide
4NA6ICX5,unlabelled,,0,54073,9,6008,3104,"Effect of the Tailored, Family-Involved Hospital Elder Life Program on Postoperative Delir"
4NGYJQ62,human_labelled,,0,36216,8,4527,2327,Optimizing Huddle Engagement Through Leadership and Problem Solving Within Primary Care: R
4PU2K5XJ,unlabelled,,0,43928,9,4881,1714,Community health worker intervention to improve tooth brushing in young children: Results 
4Q7JQUVU,human_labelled,,0,46936,10,4694,2408,Effect on Patient Safety of a Resident Physician Schedule without 24-Hour Shifts
4QHFZPVG,human_labelled,,0,65743,14,4696,2836,Systems analysis and improvement approach to optimize the hypertension diagnosis and care 
4RJRGIRQ,human_labelled,,0,40192,8,5024,1803,Social support and breast cancer screening in rural Appalachia
4T3I54L2,human_labelled,,0,48320,8,6040,3398,"Prostate Cancer Screening With PSA, Kallikrein Panel, and MRI: The ProScreen Randomized Tr"
4T9MTMMP,human_labelled,,0,43285,8,5411,1669,Prevention of Alcohol-related Incidents in the U.S. Air Force: Results From a Cluster Rand
4TDB7ESX,unlabelled,,0,47815,12,3985,1759,"A Randomized Controlled Trial to Measure Spillover Effects of a Combined Water, Sanitation"
4TRC3UDD,human_labelled,,0,101915,20,5096,2576,Improving diabetic patients' adherence to treatment and prevention of cardiovascular disea
4UQJBDTF,unlabelled,,0,49927,9,5547,1640,"The Contribution of Patient, Primary Care Physician, and Primary Care Clinic Factors to Go"
4X4LV7H7,human_labelled,,0,44164,11,4015,2297,Colorectal Cancer Knowledge and Screening Change in African Americans: Implementation Phas
4XJYKAQB,unlabelled,,0,81413,13,6263,3517,Effect of Different Corticosteroid Dosing Regimens on Clinical Outcomes in Boys With Duche
4Y2UKP4Y,unlabelled,,0,54595,16,3412,2774,Breastfeeding during infancy and neurocognitive function in adolescence: 16-year follow-up
4ZNM6VQE,unlabelled,,0,45463,7,6495,1575,Examining racial/ethnic inequities in treatment participation among perinatal individuals 
52L6RCJY,human_labelled,,0,66503,13,5116,2887,Implementing remote patient monitoring to improve hypertension control in a primary care n
52R34RAC,unlabelled,,0,46284,8,5786,2743,"Effect of Nudges to Clinicians, Patients, or Both to Increase Statin Prescribing: A Cluste"
53JMSN6N,unlabelled,,0,70999,14,5071,1397,Microfinance for women at high risk for HIV in Kazakhstan: study protocol for a cluster-ra
53VFQLPA,unlabelled,,0,74188,11,6744,2513,Effect of an Arsenic Mitigation Program on Arsenic Exposure in American Indian Communities
54QV3L64,unlabelled,,0,48026,11,4366,2644,Pay-it-forward gonorrhea and chlamydia testing among men who have sex with men in China: a
54ZXRGZ7,human_labelled,,0,36258,9,4029,1853,Priorities Wizard: Multisite Web-Based Primary Care Clinical Decision Support Improved Chr
558WILRC,unlabelled,,0,53018,12,4418,2347,A cluster-randomized controlled trial to improve the quality of integrated HIV-tuberculosi
55D8SN85,human_labelled,,0,52018,13,4001,3240,Effect of Patient Financial Incentives on Statin Adherence and Lipid Control: A Randomized
55ZNUP4N,unlabelled,,0,104624,16,6539,1922,A cluster randomized trial to reduce HIV risk from outside partnerships in Zambian HIV-Neg
56IHXJJI,unlabelled,,0,49035,18,2724,996,Resident-to-Resident Mistreatment: Evaluation of a Staff Training Program in the Reduction
56N7V4MC,unlabelled,,0,63541,9,7060,2217,Imagine HEALTH: Changes in diurnal salivary cortisol patterns following a 12-week guided i
584R6WDS,unlabelled,,0,61918,20,3096,2185,Using community health workers to deliver a scalable integrated parenting program in rural
59PWGT7I,unlabelled,,0,51987,11,4726,2255,Enhancing LPG adoption in Ghana (ELAG): a factorial cluster-randomized controlled trial to
5A9WH3WK,unlabelled,,0,58080,11,5280,3330,Prevalence of Childhood Hearing Loss in Rural Alaska.
5B6YAKGZ,human_labelled,,0,72139,19,3797,1435,Changes in Biomarkers of Non-Alcoholic Fatty Liver Disease (NAFLD) upon Access to Avocados
5CPW9STM,human_labelled,,0,47880,12,3990,1757,"Successful Trial of Practice Facilitation for Plan, Do, Study, Act Quality Improvement"
5DU9HPJJ,unlabelled,,0,75207,16,4700,2612,The effect of the participatory heat education and awareness tools (HEAT) intervention on 
5EGYIWZA,unlabelled,,0,37366,9,4152,2006,Higher compliance to a neuromuscular injury prevention program improves overall injury rat
5G2P944R,unlabelled,,0,64712,13,4978,1828,Application of a Heuristic Framework for Multilevel Interventions to Eliminate the Impact 
5HAM77TE,unlabelled,,0,40367,16,2523,1892,Intrauterine Devices and Sexually Transmitted Infection among Older Adolescents and Young 
5ILMUZDM,unlabelled,,0,46325,17,2725,1797,Progress Report on EMBED: A Pragmatic Trial of User-Centered Clinical Decision Support to 
5JHWBSSM,unlabelled,,0,45413,17,2671,1841,The Impact of Breastfeeding and Safe Sleep Mobile Health Messaging on Breastfeeding and Be
5JW6ZLVT,unlabelled,,0,48718,11,4429,1871,Pilot Cluster Randomized Controlled Trial of Integrative Nutritional Counseling Versus Sta
5KIH2CZ8,human_labelled,,0,77816,13,5986,2506,Improving the implementation and sustainment of evidence-based practices in community ment
5KN7Q7SX,unlabelled,,0,86740,25,3470,3635,"Evaluation of a community-based mobile video breastfeeding intervention in Khayelitsha, So"
5KSENBRK,unlabelled,,0,83140,17,4891,3479,Computer-Facilitated Screening and Brief Intervention for Alcohol Use Risk in Adolescent P
5LE3ZJDV,unlabelled,,0,50049,11,4550,2802,Using Assisted Partner Services for HIV Testing and the Treatment of Males and Their Femal
5M2K2D2U,unlabelled,,0,61393,18,3411,3523,Evaluation of an on-site sanitation intervention against childhood diarrhea and acute resp
5M3W8KDN,unlabelled,,0,66724,20,3336,3232,The safety of double- and triple-drug community mass drug administration for lymphatic fil
5N7AUT4I,unlabelled,,0,99757,18,5542,2542,The Transdiagnostic Intervention for Sleep and Circadian Dysfunction (TranS-C) for serious
5NL55D4T,unlabelled,,0,60583,24,2524,3971,Umbilical cord milking in nonvigorous infants: a cluster-randomized crossover trial.
5PV3ES8S,human_labelled,,0,54061,13,4159,2617,Efficacy of Community-Based Exercise Therapy Among African American Patients With Peripher
5QJIFBRP,unlabelled,,0,27709,12,2309,1392,Annual Versus Biannual Mass Azithromycin Distribution and Malaria Parasitemia During the P
5RGZSZ2C,unlabelled,,0,37766,8,4721,1675,Veteran Response to Dosage in Chiropractic Therapy (VERDICT): Study Protocol of a Pragmati
5S443YA7,unlabelled,,0,19466,5,3893,1803,The Livestock for Health Study: A Field Trial on Livestock Interventions to Prevent Acute 
5S8U6UT3,unlabelled,,0,64042,20,3202,1779,Training models for implementing evidence-based psychological treatment for college mental
5SZNV9V4,unlabelled,,0,34566,9,3841,1272,"Influencing cardiovascular health habits in the rural, deep south: results of a cluster ra"
5TB6X4ZN,unlabelled,,0,59545,23,2589,1146,A Comparative Effectiveness Trial of Depression Collaborative Care: Subanalysis of Comorbi
5UCUYE7F,unlabelled,,0,63576,13,4890,2675,Cost-effectiveness of a lifestyle intervention in high-risk individuals for diabetes in a 
5UKFSQDX,unlabelled,,0,36973,8,4622,1425,Growth During Infancy and Early Childhood and Its Association With Metabolic Risk Biomarke
5VTZH4XF,unlabelled,,0,59065,22,2685,2377,Maternal HIV does not affect resiliency among uninfected/HIV exposed South African childre
5VWZPNEQ,human_labelled,,0,90307,33,2737,1808,"Putting patients at the center of kidney care transitions: PREPARE NOW, a cluster randomiz"
5Y4N2K9P,human_labelled,,0,61914,17,3642,539,An optimal Wilcoxon-Mann-Whitney test of mortality and a continuous outcome
5ZUAHHB6,unlabelled,,0,61817,18,3434,2177,Care for patients living with chronic conditions using the ICAN Discussion Aid: A mixed me
5ZYEYEFF,unlabelled,,0,54006,10,5401,2833,Mobile Health-Supported HIV Self-Testing Strategy Among Urban Refugee and Displaced Youth 
62TBCTHX,human_labelled,,0,43884,10,4388,1717,Examining Caregiver Outcomes in the CONNECT Intervention for Patients With Advanced Cancer
62ZSZPVQ,unlabelled,,0,73953,15,4930,2044,Evaluation of a Circadian Rhythm and Sleep-Focused Mobile Health Intervention for the Prev
64LN27S7,unlabelled,,0,44282,12,3690,2006,Adherence to Combination Antiretroviral Therapy among Pregnant Women Enrolled in a HIV Pre
64RUSWF7,unlabelled,,0,57217,20,2861,1912,Shared decision-making in the BREATHE asthma intervention trial: A research protocol.
652BDZUA,unlabelled,,0,40125,8,5016,2133,The Partnership to Improve Diabetes Education Trial: a Cluster Randomized Trial Addressing
65U9AYL7,human_labelled,,0,67665,12,5639,3212,Effect of Physiologic Point-of-Care Cardiopulmonary Resuscitation Training on Survival Wit
668LFLRC,unlabelled,,0,27947,5,5589,1817,Hospital-Associated Complications of Older People: A Proposed Multicomponent Outcome for A
66PR49YS,unlabelled,,0,71335,21,3397,3676,Adherence clubs and decentralized medication delivery to support patient retention and sus
677HVIFJ,human_labelled,,0,49914,10,4991,1673,Decision aids for localized prostate cancer in diverse minority men: Primary outcome resul
67AFTHV2,unlabelled,,0,33845,7,4835,2256,Effects of Including Epidemiologic Data in Lumbar Spine Imaging Reports on Prescribing Non
69EXRVY7,unlabelled,,0,86471,16,5404,2874,"Community-Based, Cluster-Randomized Pilot Trial of a Cardiovascular Mobile Health Interven"
69KLSK53,human_labelled,,0,50977,12,4248,1839,Communication About Fall Risk in Community Oncology Practice: The Role of Geriatric Assess
6BN6G6DB,unlabelled,,0,51087,11,4644,2867,Methodological challenges in pragmatic trials in Alzheimer's disease and related dementias
6CEJB5CI,human_labelled,,0,58131,13,4472,2911,"Microeconomic Costs, Insurance, and Catastrophic Health Spending Among Patients With Acute"
6CGYTE67,unlabelled,,0,73172,13,5629,2441,Design and rationale for evaluating the impact of salad bars on elementary school students
6FAWJ6K8,unlabelled,,0,68245,18,3791,1826,Support Models for Addiction Related Treatment (SMART) for pregnant women: Study protocol 
6FZNPBXP,human_labelled,,0,50320,11,4575,1738,Effectiveness of a School Drinking Water Promotion and Access Program for Overweight Preve
6H5A9EG9,unlabelled,,0,32560,8,4070,2539,Preprocedural Ultrasound for Infant Lumbar Puncture: A Randomized Clinical Trial.
6IKCQB6I,unlabelled,,0,46941,10,4694,2232,Direct Delivery of Kidney Transplant Education to Black and Low-Income Patients Receiving 
6IYYT6CC,human_labelled,,0,44744,9,4972,1885,Four-Year Accelerometry Outcomes from a Cluster Randomized Whole of Systems Trial of Preve
6J9D36EE,unlabelled,,0,66744,15,4450,1724,Randomized Trial of Academic Training and Medication Decision-Making for Adolescents with 
6JFXBMVH,unlabelled,,0,34729,8,4341,2095,A platform trial design for preventive vaccines against Marburg virus and other emerging i
6JHI58QA,unlabelled,,0,52924,20,2646,1857,Helping individuals with firearm injuries: A cluster randomized trial.
6KTQZ8MF,unlabelled,,0,66430,12,5536,2397,A Nutrition-Sensitive Agroecology Intervention in Rural Tanzania Increases Children's Diet
6M6JS3W5,human_labelled,,0,50812,11,4619,2422,Group Randomized Trial of Healthy Eating and Gardening Intervention in Navajo Elementary S
6MW7LBJK,unlabelled,,0,51689,10,5169,1926,Virtual Training Is More Cost-Effective Than In-Person Training for Preparing Staff to Imp
6NZ2X7WN,unlabelled,,0,52407,19,2758,1428,Predictors of racial differences in weight loss: the PROPEL trial.
6PBVUYNN,unlabelled,,0,44224,9,4914,2756,Influence of provider openness and leadership behaviors on adherence to motivational inter
6PNE2R2W,human_labelled,,0,70612,14,5044,2551,Impact of the CAPTURE Chronic Obstructive Pulmonary Disease Screening Tool in U.S. Primary
6Q72BSA3,unlabelled,,0,67518,12,5626,2168,Portion size can be used strategically to increase intake of vegetables and fruits in youn
6QKZB5JR,unlabelled,,0,115869,36,3219,2553,Using structured implementation interventions to improve referral to substance use treatme
6QNQDH2P,human_labelled,,0,95691,18,5316,876,Early Emotion Knowledge and Later Academic Achievement Among Children of Color in Historic
6RHL77XN,unlabelled,,0,43013,16,2688,3065,Contraception after medication abortion in the United States: results from a cluster rando
6RHP4S6L,unlabelled,,0,41072,8,5134,1063,Accelerating guideline dissemination in nursing homes during the COVID-19 pandemic: A pati
6RK86SSU,unlabelled,,0,43950,9,4883,2269,Effects of Training on Use of Stimulant Diversion Prevention Strategies by Pediatric Prima
6RMHFT6B,unlabelled,,0,55689,13,4284,3368,Effect of 2 Clinical Decision Support Strategies on Chronic Kidney Disease Outcomes in Pri
6SAHHJTI,unlabelled,,0,40509,8,5064,2363,Effect of Long-term Exercise Training on Physical Performance and Cardiorespiratory Functi
6T44GULY,unlabelled,,0,57107,20,2855,1771,"Design and rationale of behavioral nudges for diabetes prevention (BEGIN): A pragmatic, cl"
6UFMVCDF,human_labelled,,0,52961,20,2648,1914,Hub-and-Spoke centralized intervention to optimize colorectal cancer screening and follow-
6UICIGP2,human_labelled,,0,65688,14,4692,1806,Accounting for expected attrition in the planning of cluster randomized trials for assessi
6VF8JJ2X,unlabelled,,0,45536,15,3036,1861,Reopening schools safely and educating youth (ROSSEY) study: Protocol for a community-base
6WVELNZV,unlabelled,,0,88992,23,3869,689,Bayesian semi-parametric inference for clustered recurrent events with zero inflation and 
6X9HP9JN,unlabelled,,0,50018,11,4547,1829,Community case management of chest indrawing pneumonia in children aged 2 to 59 months by 
6XFGQN39,human_labelled,,0,72091,14,5149,2463,Enhanced care planning and clinical-community linkages versus usual care to address basic 
6XK6CMCE,unlabelled,,0,46258,12,3855,2904,A quasi-experimental study estimating the impact of long-lasting insecticidal nets with an
6XSR8DVR,human_labelled,,0,47190,9,5243,2138,Prehospital low titer group O whole blood is feasible and safe: Results of a prospective r
6Y7FJ56I,human_labelled,,0,42065,15,2804,1776,A Qualitative Exploration of Women's Experiences with a Community Health Volunteer-Led Cer
6YWKB4HM,unlabelled,,0,83956,17,4939,2574,"Study protocol for a cluster randomized controlled trial to test ""¡Míranos! Look at Us, We"
6ZB536GP,unlabelled,,0,47443,10,4744,2082,The Effect of Longer-Term and Exclusive Breastfeeding Promotion on Visual Outcome in Adole
6ZBKV6U3,unlabelled,,0,51489,16,3218,2757,Protocol of a parallel group Randomized Control Trial (RCT) for Mobile-assisted Medication
6ZNEXP5Y,unlabelled,,0,71654,10,7165,1804,Model and approach for assessing implementation context and fidelity in the HEALing Commun
6ZQ86YFI,unlabelled,,0,12632,5,2526,759,Elevated homocysteine and depression outcomes in patients with comorbid medical conditions
6ZV568P4,human_labelled,,0,57526,10,5753,1974,Evidence-Based Policy Making for Public Health Interventions in Cardiovascular Diseases: F
72N55PAH,human_labelled,,0,49491,12,4124,1651,Diagnosing Cervical Neoplasia in Rural Brazil Using a Mobile Van Equipped with In Vivo Mic
73BP3R5F,human_labelled,,0,47712,10,4771,1925,Fertility concerns and treatment decision-making among national sample of young women with
73BXTUZD,unlabelled,,0,52833,10,5283,1452,Factors associated with loss-to-follow-up of HIV-positive mothers and their infants enroll
74ARW7SL,human_labelled,,0,53476,10,5348,2534,Methods in the design and implementation of the Randomized Evaluation of Sedation Titratio
74QMEVDK,unlabelled,,0,89201,25,3568,1793,Methods and rationale to assess the efficacy of a parenting intervention targeting diet im
767M69JK,human_labelled,,0,37908,6,6318,1777,Challenges and adaptations for a cluster-randomized control trial targeting parents of ped
786UNAU7,unlabelled,,0,52698,12,4392,2390,Integration of HIV testing services into family planning services: a systematic review.
78TKPTQL,unlabelled,,0,51183,11,4653,1758,A Health-Literacy Intervention for Early Childhood Obesity Prevention: A Cluster-Randomize
7B9CVL8W,unlabelled,,0,45383,8,5673,1706,Understanding factors influencing home pregnancy test use among women in western Kenya: A 
7BJRB6LP,human_labelled,,0,59288,11,5390,2722,"Beliefs About Advanced Cancer Curability in Older Patients, Their Caregivers, and Oncologi"
7BKPCXSF,unlabelled,,0,47589,10,4759,1801,Universal School-Based Substance Use Prevention Using Technology-Supported Cooperative Lea
7DGXAJHT,unlabelled,,0,43036,11,3912,2244,Improving uptake of prevention of mother-to-child HIV transmission services in Benue State
7DTYVILP,unlabelled,,0,57931,21,2759,2419,Referral to Community-Based Rehabilitation Following Acute Stroke: Findings From the COMPA
7DY25RVX,unlabelled,,0,53770,11,4888,2190,Effect of a Community Health Worker-Based Approach to Integrated Cardiovascular Risk Facto
7E4I8VGZ,unlabelled,,0,62117,10,6212,2127,Impact of the Change Starts at Home Trial on Women's experience of intimate partner violen
7E6RC38B,unlabelled,,0,40804,10,4080,1959,Implementation of Steps 1-9 to Successful Breastfeeding Reduces the Frequency of Mild and 
7EFQI5V4,human_labelled,,0,61318,12,5110,2549,Qualitative evaluation of the Systems Analysis and Improvement Approach as a strategy to i
7EUMUR7L,unlabelled,,0,39081,8,4885,2041,Effect of Peer Benchmarking on Specialist Electronic Consult Performance in a Los Angeles 
7EYVXCRP,unlabelled,,0,46910,18,2606,2008,Stigma interdependence among pregnant HIV-infected couples in a cluster randomized control
7FV77GHR,unlabelled,,0,74233,25,2969,1816,MIND at Home-Streamlined: Study protocol for a randomized trial of home-based care coordin
7GDPM3GF,unlabelled,,0,30158,6,5026,1598,Two Questions About the Design of Cluster Randomized Trials: A Tutorial.
7HEUDQUK,unlabelled,,0,48332,14,3452,1697,Nicotine replacement therapy sampling via primary care: Methods from a pragmatic cluster r
7HMIXSV8,human_labelled,,0,42593,10,4259,2044,Barriers to symptom management care pathway implementation in pediatric Cancer
7IP6HGIW,unlabelled,,0,47770,10,4777,1544,Associations Between Peer Network Gender Norms and the Perpetration of Intimate Partner Vi
7J243NU9,unlabelled,,0,34348,15,2290,1419,Time to care-seeking for TB symptoms.
7JHMUXBM,unlabelled,,0,54067,9,6007,2885,Effect of a Ward-Based Program on Hospital-Associated Complications and Length of Stay for
7JLBGBF2,unlabelled,,0,35451,13,2727,2211,Perceptions of Family Decision-makers of Nursing Home Residents With Advanced Dementia Reg
7KTF6M73,human_labelled,,0,55130,12,4594,1892,Implementation of Multifaceted Patient-Centered Treatment Strategies for Intensive Blood P
7LMAP35D,unlabelled,,0,57005,16,3563,1999,Leveraging family-based assets for Black men who have sex with men in House Ball Communiti
7LYGSSK9,unlabelled,,0,68738,18,3819,2522,The effect of supervision on community health workers' effectiveness with households in ru
7M6ST2JQ,human_labelled,,0,51879,14,3706,1761,Effect of the School-Based Asthma Care for Teens (SB-ACT) program on asthma morbidity: a 3
7MHFEUZL,human_labelled,,0,57631,12,4803,2290,Methods for scaling up an outreach intervention to increase colorectal cancer screening ra
7MXH2IXG,human_labelled,,0,47884,9,5320,1800,The shared uncertainty experience of older adults with advanced cancer and their caregiver
7NCQB6VM,unlabelled,,0,39701,7,5672,1702,Factors Associated With Poor Linkage to Human Immunodeficiency Virus Care Among Index Clie
7NGXRYU7,human_labelled,,0,85533,18,4752,2588,Protocol for a multi-site randomized trial testing an integrated behavioral treatment for 
7NHDV3J9,unlabelled,,0,65084,11,5917,3101,Effect of a Multicomponent Home-Based Physical Therapy Intervention on Ambulation After Hi
7NYXSVAI,human_labelled,,0,48590,9,5399,2329,Effect of targeting normoxemia on supplemental oxygen-free days for adults with acute ther
7Q8HUC5P,unlabelled,,0,48938,18,2719,2290,Impact of an Advance Care Planning Video Intervention on Care of Short-Stay Nursing Home P
7RCBALCA,unlabelled,,0,48912,8,6114,2012,The Pathways from a Behavior Change Communication Intervention to Infant and Young Child F
7RHBB6YS,unlabelled,,0,40192,10,4019,1716,Three-Year Outcomes After Brief Treatment of Substance Use and Mood Symptoms.
7SKQM2BG,unlabelled,,0,52251,10,5225,1895,"Effects of NGM282, an FGF19 variant, on colonic transit and bowel function in functional c"
7UP2FMMR,unlabelled,,0,44116,9,4902,1303,"Effects of Depression, Stigma and Intimate Partner Violence on Postpartum Women's Adherenc"
7WFZEPV4,unlabelled,,0,51734,12,4311,3009,A randomized evaluation of on-site monitoring nested in a multinational randomized trial.
7WY36RXR,unlabelled,,0,59167,15,3944,2917,Effect of 2 Integrated Interventions on Alcohol Abstinence and Viral Suppression Among Vie
7YBX6GZ3,unlabelled,,0,27913,8,3489,1700,Community-level Association between Clinical Trachoma and Ocular Chlamydia Infection after
7YEVYBVX,unlabelled,,0,82070,17,4828,2572,An Implementation Evaluation of A Group-Based Parenting Intervention to Promote Early Chil
82MXIXU5,unlabelled,,0,64283,23,2795,2067,Cluster randomized control trial promoting child self-regulation around energy-dense food.
83RPH6BD,unlabelled,,0,8062,2,4031,749,Only one cluster per condition is an invalid design for a cluster randomized trial and sho
8438VZYD,unlabelled,,0,49837,10,4984,2657,Online prenatal trial in mindfulness sleep management (OPTIMISM): protocol for a pilot ran
84YFKR8U,unlabelled,,0,46030,9,5114,2445,Using Targeted mHealth Messages to Address Hypertension and Diabetes Self-Management in Ca
84YU8UCD,human_labelled,,0,65279,13,5021,2642,Equitable Care for Hypertension: Blood Pressure and Patient-Reported Outcomes of the RICH 
85UJCVKA,human_labelled,,0,44817,7,6402,1923,"Association of perinatal depression and postpartum contraception intent, choice, and actua"
88XZGAZQ,human_labelled,,0,49374,13,3798,1866,Decision Aid Implementation among Left Ventricular Assist Device Programs Participating in
893TLJGV,unlabelled,,0,48234,10,4823,2456,Who can we reach and who can we keep? Predictors of intervention engagement and adherence 
89DMKZHU,unlabelled,,0,47057,18,2614,2029,Randomized controlled trial of a community-based intervention on HIV and nutritional outco
89GDG8X4,unlabelled,,0,41542,10,4154,1528,Socio-demographic predictors of gender inequality among heterosexual couples expecting a c
89SN754M,unlabelled,,0,31445,12,2620,1882,Effects of Primary Care Provider Characteristics on Changes in Behavioral Health Delivery 
89W3LEVE,unlabelled,,0,27288,5,5458,579,N-of-1 trials: The epitome of personalized medicine?
8A8JT5TV,unlabelled,,0,38055,9,4228,1677,"Satisfaction with modes of telemedicine delivery during COVID-19: A randomized, single-bli"
8AYDILPI,unlabelled,,0,67212,21,3201,1877,Design of a randomized trial testing a multi-level weight-control intervention to reduce o
8B8JBF2G,unlabelled,,0,43259,12,3605,1918,"Bright light shows promise in improving sleep, depression, and quality of life in women wi"
8C5FF9VN,unlabelled,,0,51292,15,3419,1397,Predictors of Depressive Symptoms and Post Traumatic Stress Disorder Among Women Engaged i
8D9X8CKG,unlabelled,,0,65625,14,4688,2390,Adapting in-person diabetes group visits to a virtual setting across federally qualified h
8EQ6XLKC,unlabelled,,0,48339,19,2544,1838,Design of Behavioral Economic Applications to Geriatrics Leveraging Electronic Health Reco
8EZG7HP9,unlabelled,,0,61344,10,6134,1611,Student-centered instruction can build social-emotional skills and peer relations: Finding
8FFEB5GP,unlabelled,,0,59981,12,4998,1738,"Home gardening improves dietary diversity, a cluster-randomized controlled trial among Tan"
8FUCYVJQ,unlabelled,,0,57435,13,4418,2593,"""If you have light, your heart will be at peace"": A qualitative study of household lightin"
8H7EQYY7,unlabelled,,0,54674,15,3645,3067,Long-term Effectiveness of a Peer-Led Asthma Self-management Program on Asthma Outcomes in
8H9BUEWH,human_labelled,,0,40075,8,5009,2241,Blood Pressure Visit Intensification in Treatment (BP-Visit) Findings: a Pragmatic Stepped
8HDDNJTI,unlabelled,,0,63778,17,3752,3245,A Pragmatic Cluster Randomized Trial of an Electronic Clinical Decision Support System to 
8IPVL2E6,unlabelled,,0,46607,9,5179,1643,Qualitative Examination of the Role and Influence of Mothers-in-Law on Young Married Coupl
8J6K7ZKU,unlabelled,,0,48315,9,5368,2281,Reach and Adoption of a Randomized Weight Loss Maintenance Trial in Rural African American
8KXTMJS4,unlabelled,,0,60101,21,2862,1784,Pilot randomized controlled trial of a video self-help intervention for depression based o
8LUVFBZQ,unlabelled,,0,76158,15,5077,3200,Adaptive interventions for optimizing malaria control: an implementation study protocol fo
8MGIPU3P,human_labelled,,0,24978,5,4996,1944,Incorporating systems-level stakeholder perspectives into the clinical trial design of sch
8NC76BQP,human_labelled,,0,45086,8,5636,2369,Effect of Hospitalizations on Physical Activity Patterns in Mobility-Limited Older Adults
8NRL8T54,unlabelled,,0,44411,8,5551,1806,Perceptions of event notification following discharge to improve geriatric care: qualitati
8NX9CDB5,human_labelled,,0,90082,30,3003,1784,The Head and Neck Survivorship Tool (HN-STAR) Trial (WF-1805CD): A protocol for a cluster-
8Q7AB3YY,unlabelled,,0,38872,8,4859,1239,The Long-term (5-year) Impact of a Family Economic Empowerment Intervention on Adolescents
8QKAXQVW,human_labelled,,0,38270,18,2126,1697,Evaluation of an Electronic Clinical Decision Support Tool for Incident Elevated BP in Ado
8R3JFVUF,unlabelled,,0,34130,7,4876,1856,Safety Huddle Intervention for Reducing Physiologic Monitor Alarms: A Hybrid Effectiveness
8R8U6VMX,human_labelled,,0,44632,11,4057,1828,Cluster Randomized Trial for Hypertension Control: Effect on Lifestyles and Body Weight
8RFFGGMQ,human_labelled,,0,49720,10,4972,1492,Employee Cardiometabolic Risk Following a Cluster-Randomized Workplace Intervention From t
8T4JJQJ3,unlabelled,,0,62537,13,4811,2306,Positive attitudes toward adoption of a multi-component intervention strategy aimed at imp
8TILNXKG,unlabelled,,0,65688,11,5972,1814,Combining Asset Accumulation and Multifamily Group Intervention to Improve Mental Health f
8U42N73M,unlabelled,,0,92393,17,5435,2418,Subthreshold opioid use disorder prevention (STOP) trial: a cluster randomized clinical tr
8UI7B8NY,human_labelled,,0,33348,6,5558,1713,Disease Management in Skilled Nursing Facilities Improves Outcomes for Patients With a Pri
8V7C4LYG,unlabelled,,0,48134,19,2533,2232,Effects of Bundling Medication for Opioid Use Disorder With an mHealth Intervention Target
8X3V8X64,human_labelled,,0,43432,10,4343,1117,An evaluation of stakeholder engagement in comparative effectiveness research: lessons lea
8X8VAVS2,unlabelled,,0,31091,5,6218,2484,A cluster randomized controlled trial to test the feasibility and preliminary effectivenes
8YD6VXVA,unlabelled,,0,56700,13,4362,2571,Integrated Care Delivery for HIV Prevention and Treatment in Adolescent Girls and Young Wo
92AATY27,unlabelled,,0,33468,7,4781,2191,Effect of Electronic Nicotine Delivery Systems on Cigarette Abstinence in Smokers With No 
92NWTTEZ,unlabelled,,0,65662,13,5051,3344,Comparing the Effectiveness of Clinicians and Paraprofessionals to Reduce Disparities in P
935WEI86,unlabelled,,0,55878,9,6209,2413,"""I felt special!"": a qualitative study of peer-delivered HIV self-tests, STI self-sampling"
93FNETVQ,unlabelled,,0,33998,12,2833,1826,Medication Use Quality and Safety in Older Adults: 2019 Update.
93TLFX62,human_labelled,,0,35820,10,3582,2057,Impact of a tobacco cessation intervention on adherence to tobacco use treatment guideline
94R66Z42,unlabelled,,0,66924,20,3346,1727,Protocol for a cluster-randomized controlled trial of a technology-assisted health coachin
95N9H87Y,unlabelled,,0,38067,9,4230,1871,Conflict resolution styles and skills and variation among medical students.
9732B3QR,unlabelled,,0,46216,10,4622,1686,A case series measuring campus and clinic level factors during implementation of a sexual 
975GWKXJ,unlabelled,,0,77786,13,5984,2367,Theory-Informed Design of a Tailored Strategy for Implementing Household TB Contact Invest
986U7HAT,unlabelled,,0,66272,13,5098,2874,Connecting the Dots: a cluster-randomized clinical trial integrating standardized autism s
987UU9R7,unlabelled,,0,59455,13,4573,1692,Impact of topical applications of sunflower seed oil on neonatal mortality and morbidity i
98PU32ET,human_labelled,,0,80092,17,4711,1336,Leveraging baseline covariates to analyze small cluster-randomized trials with a rare bina
99MJ924A,human_labelled,,0,45352,9,5039,1959,"Prognostic accuracy of patients, caregivers, and oncologists in advanced cancer"
9A76VE5R,unlabelled,,0,55231,9,6137,3355,Interventions to Reduce Ageism Against Older Adults: A Systematic Review and Meta-Analysis
9CML7LKG,unlabelled,,0,53221,19,2801,1998,Brief preoperative mind-body therapies for total joint arthroplasty patients: a randomized
9CXFBLKJ,unlabelled,,0,52152,11,4741,1862,Indirect Effects of a Cognitive-Behavioral Intervention on Adolescent Weight and Insulin R
9DAQ4H3E,unlabelled,,0,84824,12,7069,1488,Comparing delivery channels to promote nutrition-sensitive agriculture: A cluster-randomiz
9DKJKFAS,human_labelled,,0,88330,18,4907,2125,Effectiveness and implementation of mPATH™-CRC: a mobile health system for colorectal canc
9FHCNQLX,unlabelled,,0,42133,14,3010,1607,Effective prevention programming for reducing alcohol-related harms experienced by first y
9GYMMDHS,unlabelled,,0,38548,10,3855,1577,Using CDS Hooks to increase SMART on FHIR app utilization: a cluster-randomized trial.
9HBYKQR8,human_labelled,,0,52506,13,4039,2865,Long-term Outcomes of the Effects of Home Blood Pressure Telemonitoring and Pharmacist Man
9I377UY5,unlabelled,,0,47348,19,2492,1728,"Comparing depression screening tools (CESD-10, EPDS, PHQ-9, and PHQ-2) for diagnostic perf"
9I6YTA9P,unlabelled,,0,75419,23,3279,1160,"Randomization, design and analysis for interdependency in aging research: no person or mou"
9J2SL67D,human_labelled,,0,65795,14,4700,2449,Conquering hypertension in Vietnam-solutions at grassroots level: study protocol of a clus
9K6L8NPX,unlabelled,,0,42339,17,2491,1989,Standardized Versus Tailored Implementation of Measurement-Based Care for Depression in Co
9KP9QJHL,unlabelled,,0,42716,9,4746,2409,Factors influencing referrals for ultrasound-diagnosed complications during prenatal care 
9LTSBSEE,human_labelled,,0,60323,10,6032,3149,Effect of Training Pediatric Clinicians in Human Papillomavirus Communication Strategies o
9LX3EYI2,human_labelled,,0,56182,12,4682,1477,Mastery-oriented motor competence intervention improves behavioral but not cognitive self-
9MM6Z5CZ,human_labelled,,0,61585,15,4106,1993,A Pilot Pragmatic Cluster Randomized Trial of School-Supervised Therapy to Improve Pediatr
9NTCFVUF,unlabelled,,0,55175,12,4598,1707,How Can Programs Better Support Female Sex Workers to Avoid HIV Infection in Zimbabwe? A P
9PCK7ZJR,unlabelled,,0,49405,11,4491,2566,Implementing stratified care for acute low back pain in primary care using the STarT Back 
9PGIWTZJ,human_labelled,,0,44328,8,5541,2632,Twelve-Month Outcomes of a Group-Randomized Community Health Advocate-Led Smoking Cessatio
9QV6LKJA,unlabelled,,0,50984,17,2999,1910,A Cluster Randomized Controlled Trial Testing the Impact of Function and Behavior Focused 
9RTBX6PJ,unlabelled,,0,67376,14,4813,2917,Leveraging Community Health Workers and a Responsive Digital Health System to Improve Vacc
9RXB85CP,unlabelled,,0,47552,10,4755,1752,Social network-based group intervention to promote HIV prevention in Uganda: study protoco
9SZ8F7SB,human_labelled,,0,39172,8,4896,1922,Conditional Cash Transfers to Incentivize Tuberculosis Screening: Description of a Novel S
9THPD86J,human_labelled,,0,75858,24,3161,1876,The Healthy Pregnancies Project: Study protocol and baseline characteristics for a cluster
9U3H73WR,unlabelled,,0,35822,8,4478,2905,A case study of ascertainment bias for the primary outcome in the Strategies to Reduce Inj
9U8SD7BK,human_labelled,,0,61552,12,5129,2725,An effectiveness-implementation hybrid trial of phone-based tobacco cessation intervention
9UV44WUN,unlabelled,,0,80234,24,3343,4105,Improving rational use of ACTs through diagnosis-dependent subsidies: Evidence from a clus
9VHHMX8Z,unlabelled,,0,41665,14,2976,1829,Attention Test Improvements from a Cluster Randomized Controlled Trial of Caregiver Traini
9VR3RMAR,unlabelled,,0,50052,11,4550,1669,Prevalence of and risk factors for abnormal vaginal flora and its association with adverse
9X4PEVBD,unlabelled,,0,72712,15,4847,2270,"Mixed-Method, Multilevel Clustered-Randomized Control Trial for Menstrual Health Dispariti"
9XNWIRFN,unlabelled,,0,25787,9,2865,1773,Brief Report: HIV Assisted Partner Services Among Those With and Without a History of Inti
9XSGVFTU,human_labelled,,0,53372,23,2321,2132,Development of a consensus extension of the estimands framework for cluster randomised tri
9XYZI3GY,unlabelled,,0,49761,17,2927,1658,Reaching high-risk Black adults for diabetes prevention programming during a pandemic: The
9YDDGPRA,unlabelled,,0,51789,21,2466,2711,Effect of menopausal hormone therapy on arterial wall echomorphology: Results from the Ear
9YMKFR95,unlabelled,,0,42512,9,4724,2206,Translating CKD Research into Primary Care Practice: a Group-Randomized Study.
9Z97DMSM,unlabelled,,0,68536,14,4895,2965,Randomized Trial of an Organizational Implementation Strategy to Improve Measurement-Based
A285SV9J,unlabelled,,0,73705,19,3879,3272,"An mHealth Platform for People With HIV Receiving Care in Washington, District of Columbia"
A2IG2LVP,unlabelled,,0,119513,34,3515,1034,Paying for Happiness: Experimental Results from a Large Cash Transfer Program in Malawi.
A2THBVEB,unlabelled,,0,74894,19,3942,2166,Uptake and acceptability of oral HIV self-testing in the context of assisted partner servi
A32AJY6H,unlabelled,,0,74709,14,5336,2266,"Zwakala Ndoda: a cluster and individually randomized trial aimed at improving testing, lin"
A3DS3XMT,unlabelled,,0,41768,8,5221,1988,Digital detection of dementia (D(3)): a study protocol for a pragmatic cluster-randomized 
A3E4SB57,unlabelled,,0,66395,17,3906,1768,Treatment Preferences for Pharmacological versus Psychological Interventions among Primary
A4N5QPP2,unlabelled,,0,59182,21,2818,1952,A cluster randomized controlled trial to evaluate a resilience-based intervention for care
A6JA4WWM,unlabelled,,0,46986,19,2473,2034,Reducing Suicidal Ideation Through Insomnia Treatment (REST-IT): A Randomized Clinical Tri
A7CYSY54,unlabelled,,0,84879,14,6063,2998,Incentive programmes for smoking cessation: cluster randomized trial in workplaces in Thai
A9KIMSNR,human_labelled,,0,44582,10,4458,1898,Feasibility and Acceptability of a Type 2 Diabetes Prevention Intervention for Mothers and
A9YFYUW7,unlabelled,,0,49506,16,3094,2362,Randomized Trial to Reduce Risky Sexual Behavior Among Justice-Involved Adolescents.
AASG5VBF,unlabelled,,0,42263,8,5283,2183,Protocol and Statistical Analysis Plan for the Mode of Ventilation During Critical Illness
AAZLFUJE,human_labelled,,0,44074,10,4407,1965,A pragmatic randomized trial of mailed fecal immunochemical testing to increase colorectal
AB54UAKU,unlabelled,,0,54232,22,2465,1472,The WORD: Outcomes of a Behavioral Weight Loss Maintenance Effectiveness Trial in Rural Bl
AB6XKNVY,unlabelled,,0,44555,8,5569,2347,"When healthcare providers are supportive, 'I'd rather not test alone': Exploring uptake an"
ABV8X64G,human_labelled,,0,63210,23,2748,2276,Impact of the Out-of-School Nutrition and Physical Activity (OSNAP) Group Randomized Contr
ACF9HMZZ,unlabelled,,0,62979,18,3499,3666,Effectiveness of integrated care for older adults with depression and hypertension in rura
AEKPMZDH,unlabelled,,0,30487,6,5081,1756,Azithromycin Reduction to Reach Elimination of Trachoma (ARRET): study protocol for a clus
AFCWE9KZ,unlabelled,,0,54731,19,2881,2055,Effectiveness of a pharmacist-delivered primary care telemedicine intervention to increase
AFKVRFM8,human_labelled,,0,48262,10,4826,1717,Hydroxyurea for secondary stroke prevention in children with sickle cell anemia in Nigeria
AFXL27TZ,unlabelled,,0,62124,13,4779,2121,"""Our Choice"" improves use of safer conception methods among HIV serodiscordant couples in "
AHQ8IGXQ,human_labelled,,0,38957,9,4329,3513,Informative cluster size in cluster-randomised trials: A case study from the TRIGGER trial
AI6IGYUX,unlabelled,,0,33713,13,2593,1057,A Health Literacy-Focused Self-Management Intervention for African Americans with High Blo
AJ2JFE48,unlabelled,,0,53783,14,3842,2935,Effect of the Friendship Bench Intervention on Antiretroviral Therapy Outcomes and Mental 
AK5NKRHE,unlabelled,,0,55053,19,2898,2054,Effect of a Workshop to Break the Bias Habit for Internal Medicine Faculty: A Multisite Cl
AKJ8USST,human_labelled,,0,51774,14,3698,3166,Novel community health worker strategy for HIV service engagement in a hyperendemic commun
AL494NXV,unlabelled,,0,56320,12,4693,2051,Variable coverage in an Autocidal Gravid Ovitrap intervention impacts efficacy of Aedes ae
ALFCPWRB,human_labelled,,0,42364,8,5296,2559,"Caregiver-Oncologist Prognostic Concordance, Caregiver Mastery, and Caregiver Psychologica"
AMFFBXEX,unlabelled,,0,38134,7,5448,1904,Programmatic Effectiveness of a Pediatric Typhoid Conjugate Vaccine Campaign in Navi Mumba
AMT87D3I,unlabelled,,0,85277,18,4738,2919,Mediators of measurement-based care implementation in community mental health settings: re
ANIN6LRK,unlabelled,,0,41369,16,2586,1429,A community approach to promote healthcare services for people living with HIV who use dru
APKZZNH8,unlabelled,,0,59858,21,2850,2248,Nuestras Historias- Designing a novel digital story intervention through participatory met
AQB4Z5DG,unlabelled,,0,39711,7,5673,1433,HIV Prevention for Black Heterosexual Men: The Barbershop Talk with Brothers Cluster Rando
AQVRGUP7,human_labelled,,0,40288,8,5036,1877,A randomized study to improve care for young women with breast cancer at community and aca
ASKKVVKB,unlabelled,,0,70501,14,5036,2589,A Randomized Multiple Micronutrient Powder Point-of-Use Fortification Trial Implemented in
ASUUZY3Z,human_labelled,,0,57260,22,2603,2104,HPV vaccine uptake among daughters of Latinx immigrant mothers: Findings from a cluster ra
ASVT83G6,unlabelled,,0,42799,15,2853,1601,Pragmatic trial design of an intervention to reduce cardiovascular risk in people with ser
AT7Y2KKR,human_labelled,,0,30475,8,3809,1393,"Intervention Effects of ""Girls on the Move"" on Increasing Physical Activity: A Group Rando"
ATUXMR2R,unlabelled,,0,57565,11,5233,3168,Community Health Workers in Early Childhood Well-Child Care for Medicaid-Insured Children:
AUH7K3MQ,unlabelled,,0,40180,16,2511,2239,Improving Community Stroke Preparedness in the HHS (Hip-Hop Stroke) Randomized Clinical Tr
AULRV66J,unlabelled,,0,15561,4,3890,0,Post-antibiotic Ocular Surface Microbiome in Children: A Cluster-Randomized Trial.
AUPMUZSK,unlabelled,,0,33945,15,2263,2249,Representation in the Care Planning Process for Nursing Home Residents With Dementia.
AV72WSNF,unlabelled,,0,39192,8,4899,1743,Screening for Tuberculosis With Xpert MTB/RIF Assay Versus Fluorescent Microscopy Among Ad
AVNZGS8L,unlabelled,,0,54090,18,3005,1649,Ethical analysis of vulnerabilities in cluster randomized trials involving people living w
AVXCCBPP,unlabelled,,0,83786,18,4655,2550,"The effects of cool roofs on health, environmental, and economic outcomes in rural Africa:"
AWRICXTL,unlabelled,,0,28430,12,2369,1685,Brief Report: Proportion and Predictors of Adult TB Contacts Accepting HIV Testing During 
AWT9EB5R,unlabelled,,0,62297,11,5663,2518,Implementing a text-messaging intervention for unhealthy alcohol use in emergency departme
AX6KKX59,unlabelled,,0,28509,6,4752,2362,Nicotine on Children's Hands: Limited Protection of Smoking Bans and Initial Clinical Find
AZPI2DU9,unlabelled,,0,49159,12,4097,1653,Better Me Within Randomized Trial: Faith-Based Diabetes Prevention Program for Weight Loss
AZPPGG26,human_labelled,,0,64767,12,5397,3521,Cost-effectiveness of group medical visits and microfinance interventions versus usual car
B2XHWRIN,unlabelled,,0,50593,10,5059,1897,The fecal microbiome and rotavirus vaccine immunogenicity in rural Zimbabwean infants.
B34VFBK3,human_labelled,,0,47161,10,4716,1663,Fixed-dose combination therapy-based protocol compared with free pill combination protocol
B3KTU9TU,human_labelled,,0,55644,12,4637,2448,Mixed-methods approach to evaluate an mHealth intervention to increase adherence to triage
B3UVYJDJ,unlabelled,,0,50036,12,4170,2239,The Financial Lives and Capabilities of Women Engaged in Sex Work: Can Paradoxical Autonom
B4WIN2WY,unlabelled,,0,61053,13,4696,2660,The CombinADO study to assess the impact of a combination intervention strategy on viral s
B57IHJD4,unlabelled,,0,56870,19,2993,1471,Electronic health record based population health management to optimize care in CKD: Desig
B5PSHGJ9,unlabelled,,0,49915,19,2627,1867,Implementing Illness Management and Recovery Within Assertive Community Treatment: A Pilot
B6VJ22FA,human_labelled,,0,39817,9,4424,1774,Hope and illness expectations: A cross-sectional study in patients with advanced cancer
B7CXJE8G,unlabelled,,0,52434,17,3084,2421,Implementing School-Based Policies to Prevent Obesity: Cluster Randomized Trial.
B8KQBT87,unlabelled,,0,50928,11,4630,1102,Preliminary Effects of an Urban Gardens and Peer Nutritional Counseling Intervention on HI
B8SQQBBR,unlabelled,,0,65923,13,5071,1905,Evaluation of the SPIRIT Integrated Suicide Prevention Programme: study protocol for a clu
B9DLSRRG,unlabelled,,0,73563,24,3065,2033,Improving Chronic Illness Self-Management with the Apsáalooke Nation: The Báa nnilah Proje
B9ERTQKG,unlabelled,,0,59262,20,2963,1763,The impact of early intervention for first episode psychosis on cognitive functioning.
B9YG8GYQ,human_labelled,,0,61184,16,3824,1333,Sustainability via Active Garden Education: The Sustainability Action Plan Model and Proce
BA5W46LR,unlabelled,,0,81657,22,3712,2346,Autism Caregiver Coaching in Africa (ACACIA): Protocol for a type 1-hybrid effectiveness-i
BAABE7JM,human_labelled,,0,45709,9,5079,1926,The comparative effectiveness of decision aids in diverse populations with early stage pro
BAQ99QW8,unlabelled,,0,57808,11,5255,2616,Pay-for-performance as a cost-effective implementation strategy: results from a cluster ra
BB5EFB7Y,unlabelled,,0,36188,15,2413,2111,Resident Vignettes for Assessing Care Quality in Nursing Homes.
BBQSQ5GY,human_labelled,,0,60564,9,6729,1670,Using virtual agents to increase physical activity in young children with the virtual fitn
BBRJI5EP,unlabelled,,0,58342,11,5304,2293,Prevalence and correlates of depressive symptoms among high school adolescent girls in sou
BBXP6ADJ,unlabelled,,0,56513,11,5138,2151,Testing an Intervention to Improve Posthospital Outcomes in Persons Living With Dementia a
BCB3DW2H,unlabelled,,0,46826,12,3902,2741,Effect of Changing Electronic Health Record Opioid Analgesic Dispense Quantity Defaults on
BCPZNXV7,human_labelled,,0,41477,13,3191,1575,"Eating Occasions, Obesity and Related Behaviors in Working Adults: Does it Matter When You"
BDD2KZD6,unlabelled,,0,35756,8,4470,1561,Efficacy of a bivalent killed whole-cell cholera vaccine over five years: a re-analysis of
BDSYFVYJ,human_labelled,,0,45000,16,2812,2001,Nutritional Quality of Meals and Snacks Served and Consumed in Family Child Care
BE2FKCXY,unlabelled,,0,39748,12,3312,1687,A behavioral activation intervention administered in a 16-week freshman orientation course
BEQ38Q4E,unlabelled,,0,40354,11,3669,1704,Impact of a community-wide combination HIV prevention intervention on knowledge of HIV sta
BEQARD7N,unlabelled,,0,45514,8,5689,1140,"Aerosol, vapor, or chemicals? College student perceptions of harm from electronic cigarett"
BF5KCURR,unlabelled,,0,39885,7,5698,1702,Evaluating performance of covariate-constrained randomization (CCR) techniques under missp
BFGHJKXT,unlabelled,,0,36684,7,5241,1751,Cost Analysis of Short Messaging Service and Peer Navigator Interventions for Linking and 
BFRFSJDD,unlabelled,,0,58761,12,4897,3016,Preparing a financial incentive program to improve retention in HIV care and viral suppres
BGRBEJDC,unlabelled,,0,75503,11,6864,1664,Remote Therapy to Improve Outcomes in Lung Transplant Recipients: Design of the INSPIRE-II
BHPICT8X,unlabelled,,0,72304,12,6025,1737,The HEALing (Helping to End Addiction Long-term (SM)) Communities Study: Protocol for a cl
BI3UII4S,unlabelled,,0,44021,10,4402,2165,Partnering faith leaders with community health workers increases utilization of antenatal 
BIDY9IEE,unlabelled,,0,43520,9,4836,1802,Treatment of Perinatal Depression and Correlates of Treatment Response Among Pregnant Wome
BJM4IT6J,human_labelled,,0,77825,28,2779,2282,"A community-based, multi-level, multi-setting, multi-component intervention to reduce weig"
BK76F4GJ,unlabelled,,0,80953,16,5060,2627,Resident-to-resident elder mistreatment (R-REM) intervention for direct care staff in assi
BKND5GCR,human_labelled,,0,42415,9,4713,1986,Successes and challenges of implementing a cancer care delivery intervention in community 
BKS28DP7,unlabelled,,0,42075,10,4208,1468,"Correlated depressive symptoms within seroconcordant, expectant partners living with HIV i"
BKZA2NYF,unlabelled,,0,43832,7,6262,2088,Enhancing Adherence to Antiretroviral Therapy Among Adolescents Living With HIV Through Gr
BLWKH6C8,human_labelled,,0,54159,12,4513,2637,Rationale and protocol for a cluster randomized pragmatic clinical trial testing behaviora
BN94WEGC,unlabelled,,0,51590,11,4690,1835,"Development and Feasibility Testing of CATCH Healthy Smiles, an Oral Health Promotion Inte"
BNNWNRQ5,unlabelled,,0,104953,23,4563,3775,The implementation and sustainment facilitation strategy improved implementation effective
BPBIGTHF,unlabelled,,0,54664,9,6074,3295,The Trial to Reduce Antimicrobial Use in Nursing Home Residents With Alzheimer Disease and
BPHT6HTT,unlabelled,,0,73883,14,5277,1010,Project Nova: A Combination HIV Prevention and Microfinance Intervention for Women Who Eng
BQPB2EEU,unlabelled,,0,39468,10,3947,1097,Community-Based Accompaniment with Supervised Antiretrovirals for HIV-Positive Adults in P
BR4Y6FSS,human_labelled,,0,49294,10,4929,1074,Utilization of Mobile Reminders in Improving the Completeness and Timeliness of Routine Ch
BRFLDQ65,unlabelled,,0,51081,8,6385,1770,Shake Rattle & Roll - Design and rationale for a pragmatic trial to improve blood pressure
BRWIFV6N,unlabelled,,0,50598,10,5060,1835,Community Partners in Care: 6- and 12-month Outcomes of Community Engagement versus Techni
BVP23UDL,unlabelled,,0,64286,12,5357,2463,Barriers and facilitators to implementing evidence-based interventions in the context of a
BVWKLVHG,unlabelled,,0,42428,8,5304,1344,Ethical Issues in Pragmatic Cluster-Randomized Trials in Dialysis Facilities.
BW2B5H9P,human_labelled,,0,40164,8,5020,1768,Design of the Equity in Prevention and Progression of Hypertension by Addressing Barriers 
BWAGKCVT,human_labelled,,0,48378,9,5375,2633,Using a continuum of hybrid effectiveness-implementation studies to put research-tested co
BWCFXZ8L,unlabelled,,0,45697,18,2539,840,Cooperative Learning Effects on Peer Relations and Alcohol Use in Middle School.
BWZDZGKD,human_labelled,,0,55294,13,4253,3216,Effects of a Guideline-Informed Clinical Decision Support System Intervention to Improve C
BXN9HH4S,unlabelled,,0,40939,7,5848,1490,Using REDCap to track stakeholder engagement: A time-saving tool for PCORI-funded studies.
BXNQ7D5H,unlabelled,,0,58749,18,3264,2120,Mobile solutions to Empower reproductive life planning for women living with HIV in Kenya 
BY9EH47B,unlabelled,,0,52367,10,5237,2991,Effectiveness of Training Therapists to Deliver An Individualized Mental Health Interventi
BYJKEDQI,human_labelled,,0,57494,12,4791,2482,The smoke-free home study: study protocol for a cluster randomized controlled trial of a s
BYSBU4XN,unlabelled,,0,77891,17,4582,1655,"Mighty Men: A Pilot Test of the Feasibility and Acceptability of a Faith-Based, Individual"
BYZJM332,human_labelled,,0,64991,15,4333,3154,Patient and Clinician Decision Support to Increase Genetic Counseling for Hereditary Breas
BZHD4F63,human_labelled,,0,46903,10,4690,2006,Health-related quality of life outcomes for the LEAP study-CALGB 70305 (Alliance): A lymph
C29IZV8T,unlabelled,,0,64690,15,4313,2579,Characterizing provider-led adaptations to mobile phone delivery of the Adolescent Transit
C2DVEERC,unlabelled,,0,49101,11,4464,1829,The Injury Prevention Program to Reduce Early Childhood Injuries: A Cluster Randomized Tri
C34DF68E,unlabelled,,0,62435,19,3286,1513,Examining the nonkin support networks of orphaned adolescents participating in a family-ba
C374RXQG,unlabelled,,0,27169,6,4528,1883,Adverse Events and Resource Use Before and After Treat-to-Target in Rheumatoid Arthritis: 
C37DMGX6,human_labelled,,0,48195,8,6024,1530,Effects of the Girls on the Move randomized trial on adiposity and aerobic performance (se
C4LPB4UC,unlabelled,,0,54892,13,4222,2877,Effect of a Co-Located Bridging Recovery Initiative on Hospital Length of Stay Among Patie
C58EBKSW,unlabelled,,0,85625,31,2762,1221,Sample size and power considerations for cluster randomized trials with count outcomes sub
C5BF9JWU,unlabelled,,0,46625,16,2914,1856,Impact of a livelihood intervention on gender roles and relationship power among people wi
C5JXLSUM,unlabelled,,0,42806,8,5351,1448,A randomized controlled trial of a brief motivational interviewing-based group interventio
C5YKG5KJ,unlabelled,,0,38275,7,5468,3074,Effect of Including Alcohol and Cannabis Content in a Sexual Risk-Reduction Intervention o
C69UAKKB,human_labelled,,0,83781,30,2793,1960,Using increased trust in medical researchers to increase minority recruitment: The RECRUIT
C6AQU6JK,unlabelled,,0,52088,18,2894,1592,The influence of racial violence in neighborhoods and schools on the psycho-behavioral out
C899TGUB,unlabelled,,0,64354,21,3064,2025,Father involvement is a protective factor for maternal mental health in Western Kenya.
C9P63S2B,human_labelled,,0,79760,14,5697,2207,Team-focused implementation strategies to improve implementation of mental health screenin
C9R7RUUN,human_labelled,,0,43798,10,4380,1870,Hierarchical Bayesian modeling of heterogeneous outcome variance in cluster randomized tri
CB4MA4SC,unlabelled,,0,79224,16,4952,2563,Variations of a group coaching intervention to support early-career biomedical researchers
CCE83GDA,unlabelled,,0,51791,12,4316,1433,Targeted indoor residual insecticide applications shift Aedes aegypti age structure and ar
CD7WJ33Z,unlabelled,,0,23219,7,3317,1059,The Effectiveness of Shared Decision-making for Diabetes Prevention: 24- and 36-Month Resu
CDQZ4VZK,unlabelled,,0,75055,25,3002,2351,Moment-by-Moment in Women's Recovery (MMWR): Mindfulness-based intervention effects on res
CEW8TCFI,unlabelled,,0,45083,15,3006,1914,Practice-based research networks add value to evidence-based quality improvement.
CG56AVM4,human_labelled,,0,51058,18,2837,1808,Scalability of cancer SurvivorLink™: A cluster randomized trial among pediatric cancer cli
CGS6PQM6,unlabelled,,0,43923,7,6275,2096,Embedded emergency department physical therapy versus usual care for acute low back pain: 
CGVYF8L3,unlabelled,,0,75193,16,4700,2799,Alternate delivery platforms and implementation models for bringing evidence-based behavio
CHZCXVDR,unlabelled,,0,52922,8,6615,1643,StaySafe: A self-administered android tablet application for helping individuals on probat
CJ2GF4QD,human_labelled,,0,44779,10,4478,1750,Efficacy of a survivorship-focused consultation versus a time-controlled rehabilitation co
CKCARQYN,human_labelled,,0,43636,9,4848,2937,"Optimizing accrual to a large-scale, clinically integrated randomized trial in anesthesiol"
CKEF67C5,human_labelled,,0,52817,9,5869,3102,Personalized Multilevel Intervention for Improving Appropriate Use of Colorectal Cancer Sc
CKHANCR8,human_labelled,,0,64557,13,4966,2295,"Effects of a School-Based Gardening, Cooking, and Nutrition Cluster Randomized Controlled "
CKWBYHEN,human_labelled,,0,74357,34,2187,945,Change in GPS-assessed walking locations following a cluster-randomized controlled physica
CLPMXINX,unlabelled,,0,105586,22,4799,3369,Enhancing the Cardiovascular Safety of Hemodialysis Care Using Multimodal Provider Educati
CM3N743Z,unlabelled,,0,35593,14,2542,1330,Factors Associated With Sleep Quality in Hospitalized Persons With Dementia.
CM3NFQQ4,unlabelled,,0,47584,10,4758,1751,Engagement and Weight Loss in a Web and Mobile Program for Low-Income Postpartum Women: Fi
CM8Z2WWM,unlabelled,,0,93241,29,3215,2094,Community coalition and key stakeholder perceptions of the community opioid epidemic befor
CMD8N46A,human_labelled,,0,56752,12,4729,2465,Developing an evidence-based program sustainability training curriculum: a group randomize
CMPRYFNK,unlabelled,,0,47796,9,5311,1919,"Cost-effectiveness analysis of a cluster-randomized, culturally tailored, community health"
CN8B23MZ,human_labelled,,0,28032,6,4672,1094,Effects of a Faith-Based Obesity Intervention on African American and Latino Adults' Child
CNYF84EG,unlabelled,,0,31378,8,3922,1841,Prevalence and factors associated with neonatal hypoglycemia in Northern Uganda: a communi
CPDK8SQ9,unlabelled,,0,85876,18,4771,2412,EVITA Dengue: a cluster-randomized controlled trial to EValuate the efficacy of Wolbachia-
CQ8GJ22F,unlabelled,,0,67082,11,6098,1492,Combining a guided self-help and brief alcohol intervention to improve mental health and r
CQCCTAR8,unlabelled,,0,81571,14,5826,1529,Model-robust and efficient covariate adjustment for cluster-randomized experiments.
CQQWVX9F,unlabelled,,0,65191,17,3835,1472,"Design, Intervention Fidelity, and Behavioral Outcomes of a School-Based Water, Sanitation"
CQWMFUI8,unlabelled,,0,30710,12,2559,964,Nursing home staff perspectives on adoption of an innovation in goals of care communicatio
CR28AVZ3,unlabelled,,0,90302,25,3612,1132,Cognitive Decline as a Result of Incarceration and the Effects of a CBT/MT Intervention: A
CR7JWN8H,human_labelled,,0,39712,8,4964,1427,Results of a lay health education intervention to increase colorectal cancer screening amo
CRIGG2QL,human_labelled,,0,70794,18,3933,1840,Nutrition-Related Practices of Family Child Care Providers and Differences by Ethnicity
CT5JHH68,unlabelled,,0,27365,6,4561,1472,Implementing measurement based care in community mental health: a description of tailored 
CU6USZZG,human_labelled,,0,82531,15,5502,2333,Comparison of School vs Home Breakfast Consumption with Cardiometabolic and Dietary Parame
CUM3GQXP,unlabelled,,0,44986,19,2368,1899,Effects of the Universal Prevention Curriculum for Schools on Substance Use Among Peruvian
CV5NMINV,unlabelled,,0,49441,10,4944,2697,A Parent Coach-Led Model of Well-Child Care for Young Children in Low-Income Communities: 
CVNVFN8Y,human_labelled,,0,45661,17,2686,1718,Results of a cluster randomized trial testing the systems analysis and improvement approac
CWS9XSIY,unlabelled,,0,47603,18,2645,1790,The Female Athlete Body project study: 18-month outcomes in eating disorder symptoms and r
CXS3NMGB,unlabelled,,0,43347,10,4335,1070,Geographically Targeted Interventions versus Mass Drug Administration to Control Taenia so
CY8JBG64,unlabelled,,0,41114,8,5139,1926,A Tailored Letter Based on Electronic Health Record Data Improves Gestational Weight Gain 
CYS4GPW2,unlabelled,,0,76187,28,2721,1784,"""Wellness Champions for Change,"" a multi-level intervention to improve school-level implem"
CYV862M8,unlabelled,,0,71780,22,3263,3824,Towards 90-90: Findings after two years of the HPTN 071 (PopART) cluster-randomized trial 
CZ9NG9YT,unlabelled,,0,25333,10,2533,1988,Educating Nursing Home Staff in Dementia Sensitive Communication: Impact on Antipsychotic 
CZAJS6JZ,unlabelled,,0,54247,20,2712,2584,"Assessment of an electronic and clinician-delivered brief intervention on cigarette, alcoh"
CZKI8WKJ,human_labelled,,0,60534,11,5503,3063,"Effects of the Million Hearts Model on Myocardial Infarctions, Strokes, and Medicare Spend"
CZLTLHPV,unlabelled,,0,87559,16,5472,2587,Study protocol for a type III hybrid effectiveness-implementation trial of strategies to i
CZNL5N7R,unlabelled,,0,41125,8,5141,2211,Evaluating the Effectiveness of Diabetes Shared Medical Appointments (SMAs) as Implemented
D24FD6G2,human_labelled,,0,50885,10,5088,2016,Automated symptom and treatment side effect monitoring for improved quality of life among 
D25VKDJV,human_labelled,,0,69839,14,4988,2414,"School-based gardening, cooking and nutrition intervention increased vegetable intake but "
D29P9RKT,human_labelled,,0,67754,12,5646,2849,Effect of a Quality Improvement Intervention on Clinical Outcomes in Patients in India Wit
D2AHL2JJ,unlabelled,,0,47234,10,4723,2077,Treating high-risk moderate acute malnutrition using therapeutic food compared with nutrit
D5MT9R7C,unlabelled,,0,46211,8,5776,2673,Evaluating the Findings of the IMPACT-C Randomized Clinical Trial to Improve COVID-19 Vacc
D6FQ47HW,human_labelled,,0,24097,6,4016,2590,Machine Learning-Based Prediction of Hospitalization During Chemoradiotherapy With Daily S
D7BLIJDT,human_labelled,,0,50638,11,4603,2470,Multicomponent strategy with decentralised molecular testing for tuberculosis in Uganda: a
D7FNGV5H,human_labelled,,0,56768,9,6308,3240,Communication With Older Patients With Cancer Using Geriatric Assessment: A Cluster-Random
D89RHEEM,unlabelled,,0,40696,14,2907,1917,Population-level viral suppression among pregnant and postpartum women in a universal test
D8BXQHHL,human_labelled,,0,64616,13,4970,2448,Uptake of Task-Strengthening Strategy for Hypertension (TASSH) control within Community-Ba
D9ARK62W,unlabelled,,0,77700,14,5550,2460,Testing the effects of a prenatal depression preventive intervention on parenting and youn
DAHVXML2,unlabelled,,0,66046,16,4128,3203,Effect of a Multisectoral Agricultural Intervention on HIV Health Outcomes Among Adults in
DB7RLSI3,unlabelled,,0,35003,8,4375,2919,Strengthening Addiction Care Continuum Through Community Consortium in Vietnam: Protocol f
DBDV8T22,unlabelled,,0,110400,24,4600,2605,Comparing two advance care planning conversation activities to motivate advance directive 
DBJHG8ID,unlabelled,,0,77273,19,4067,1359,Drinking water chlorination has minor effects on the intestinal flora and resistomes of Ba
DBT2TU6U,unlabelled,,0,65983,15,4399,2932,Effectiveness of Cash Transfer Delivered Along With Combination HIV Prevention Interventio
DCPKMZRA,unlabelled,,0,45519,19,2396,1803,The Longitudinal Relationship Between Peer Relations and Empathy and their Joint Contribut
DCYTWR4N,human_labelled,,0,33338,8,4167,2100,Impact of Clinical Decision Support on Antibiotic Prescribing for Acute Respiratory Infect
DDKM5E29,human_labelled,,0,60427,21,2877,1771,A cluster randomized pilot trial of a tailored worksite smoking cessation intervention tar
DEN3TJZ5,human_labelled,,0,51011,14,3644,2480,A Virtual Cardiometabolic Health Program Among African Immigrants in the US: A Pilot Clust
DET6F793,unlabelled,,0,77901,15,5193,1519,Outer-context determinants on the implementation of school-based interventions for LGBTQ+ 
DFCSUHLD,unlabelled,,0,34308,8,4288,1997,Low-Intensity Intervention Supports Diabetes Registry Implementation: A Cluster-Randomized
DFJE8ALD,human_labelled,,0,49870,10,4987,1854,Two-year outcomes of Faith in Action/Fe en Acción: a randomized controlled trial of physic
DG93HVAX,human_labelled,,0,47029,10,4703,1754,The mixed model for repeated measures for cluster randomized trials: a simulation study in
DGEX5HE7,human_labelled,,0,55303,14,3950,2874,Impact of Vaping Prevention Advertisements on US Adolescents: A Randomized Clinical Trial
DGN43CXD,unlabelled,,0,44569,10,4457,2198,Population-Based Pragmatic Trial of Advance Care Planning in Primary Care in the Universit
DHM24KUP,unlabelled,,0,49678,11,4516,1015,Intimate Partner Violence and Food Insecurity Predict Early Behavior Problems Among South 
DHSYLQCG,human_labelled,,0,35062,6,5844,1453,Economic evaluation of a group randomized controlled trial on healthy eating and physical 
DIJHZ9NB,unlabelled,,0,67858,21,3231,1803,Intervention to promote physical activation and improve sleep and response feeding in infa
DIM4NXHD,unlabelled,,0,55388,12,4616,1822,Patient and provider perspectives on uptake of a shared decision making intervention for a
DIM8AZI8,unlabelled,,0,89306,18,4961,2547,Community Health workers United to Reduce Colorectal cancer and cardiovascular disease amo
DJXA99RG,unlabelled,,0,58638,12,4886,2163,Network methods and design of randomized trials: Application to investigation of COVID-19 
DJYB2MPK,human_labelled,,0,57035,12,4753,1865,Design and rationale of the cardiometabolic health program linked with community health wo
DKMFB69S,human_labelled,,0,51716,11,4701,2198,Cluster randomized controlled trial of a mobile market intervention to increase fruit and 
DL7D6CSW,unlabelled,,0,72782,15,4852,2500,"A multilevel, multicomponent childhood obesity prevention group-randomized controlled tria"
DLPYKKUZ,unlabelled,,0,59018,11,5365,1636,Recruitment of older adults from long-term care settings for a longitudinal clinical trial
DM2HM3XH,human_labelled,,0,36603,7,5229,2847,Association of Long-term Outcomes With Stereotactic Radiosurgery vs Whole-Brain Radiothera
DMXVVNZX,unlabelled,,0,41078,8,5135,2130,Effectiveness of Shared Decision-making for Diabetes Prevention: 12-Month Results from the
DPWU5QBU,unlabelled,,0,60127,13,4625,1591,Utilizing Soccer for Delivery of HIV and Substance Use Prevention for Young South African 
DQ4NTQ8G,unlabelled,,0,36244,8,4530,1549,Cardiovascular risk prevalence in South Africans with drug-resistant tuberculosis: a cross
DQG9L8F9,unlabelled,,0,72486,12,6040,3186,Nurse Care Management for Opioid Use Disorder Treatment: The PROUD Cluster Randomized Clin
DS3N5HLD,unlabelled,,0,56870,10,5687,2196,"Study protocol testing toolkit versus usual care for implementation of screening, brief in"
DSB4NKC5,human_labelled,,0,58360,13,4489,2819,"Effects of a School-Based Nutrition, Gardening, and Cooking Intervention on Metabolic Para"
DSCI2YQI,unlabelled,,0,69882,21,3328,1672,Testing Function Focused Care for Acute Care using the Evidence Integration Triangle: Prot
DWAYIJCK,unlabelled,,0,84011,17,4942,2339,Effects of lipid-based nutrient supplements and infant and young child feeding counseling 
DWDRZGCT,unlabelled,,0,72665,12,6055,2850,User centered clinical decision support to implement initiation of buprenorphine for opioi
DWQ7WBBU,unlabelled,,0,45141,8,5643,1517,Organizational Acceptability of Implementing SBIRT for Adolescents in Primary Care.
DXI976EC,human_labelled,,0,49317,11,4483,1667,Pathways to Employee Outcomes in a Workplace Health Promotion Program
DY89L5PP,unlabelled,,0,86330,16,5396,3194,Harnessing Innovative Technologies to Train Nurses in Suicide Safety Planning With Hospita
DYBSQUK6,unlabelled,,0,67871,15,4525,2681,Integrating community-based HIV and non-communicable disease care with microfinance groups
DZSYHDZB,human_labelled,,0,49774,11,4525,3385,The impact of 2 years of high-intensity exercise training on a model of integrated cardiov
DZZM2YID,unlabelled,,0,56967,13,4382,1703,'Ripple' effect on infant zBMI trajectory of an internet-based weight loss program for low
E2MNEMB8,human_labelled,,0,48632,10,4863,2420,Sustainability of Blood Pressure Reduction in Black Barbershops
E2YTTWU3,unlabelled,,0,67045,13,5157,1997,The Video intervention to Inspire Treatment Adherence for Life (VITAL Start): protocol for
E3JZCW7P,human_labelled,,0,29962,12,2497,1796,The Duration of Antibiotics Prophylaxis at the Time of Catheter Removal after Radical Pros
E3NVEV6Y,unlabelled,,0,67900,12,5658,2669,"Innovative, enhanced community management of non-hypoxaemic chest-indrawing pneumonia in 2"
E59V2UET,unlabelled,,0,21220,5,4244,1371,Physical activity and weight loss in a pragmatic weight loss trial.
E5W8I8AR,human_labelled,,0,61146,22,2779,1787,Can a private sector engagement intervention that prioritizes pro-poor strategies improve 
E6B5T4RY,human_labelled,,0,34181,8,4273,1936,How Providing Cervical Cancer Screening Results via Cell Phone Affects Patient Follow-Up R
E6UBBT62,unlabelled,,0,31946,8,3993,2101,Implementing an EMR-Based Referral for Smoking Quitline Services with Additional Provider 
E6V7F5MM,unlabelled,,0,76499,13,5885,2561,The PRogram In Support of Moms (PRISM): study protocol for a cluster randomized controlled
E8BGTQDI,human_labelled,,0,57409,20,2870,1637,"Design and rationale of the ""Sedation strategy and cognitive outcome after critical illnes"
E8TA87P4,unlabelled,,0,66409,13,5108,3121,Cluster-randomized trial of monthly malaria prophylaxis versus focused screening and treat
EA86FRVU,unlabelled,,0,37097,8,4637,2322,Protocol adherence rates in superiority and noninferiority randomized clinical trials publ
EAJAKXKC,human_labelled,,0,39654,15,2644,1917,The ecology of patient and caregiver participation in consultations involving advanced can
EAK3A5Y3,unlabelled,,0,31863,15,2124,1485,Risk of hearing loss among multidrug-resistant tuberculosis patients according to cumulati
EBH9FCBT,unlabelled,,0,31007,9,3445,1737,Phone-based intervention for blood pressure control among Ghanaian stroke survivors: A pil
EBWFU9KS,human_labelled,,0,51263,11,4660,1559,Assessment of COVID-19 Messaging Strategies to Increase Testing for Students With Intellec
ECH2D7BJ,human_labelled,,0,44320,8,5540,2572,Pediatric Office Delivery of Smoking Cessation Assistance for Breast-Feeding Mothers
ECSSDXZJ,unlabelled,,0,46058,15,3071,1478,Application of System Dynamics to Inform a Model of Adolescent SBIRT Implementation in Pri
ED473NRU,unlabelled,,0,83045,14,5932,1860,Care team and practice-level implementation strategies to optimize pediatric collaborative
EDZ3NUR6,unlabelled,,0,71208,15,4747,2250,"Use of mobile technology by frontline health workers to promote reproductive, maternal, ne"
EEIQW8EX,human_labelled,,0,62932,12,5244,2895,Effect of a Mammography Screening Decision Aid for Women 75 Years and Older: A Cluster Ran
EFECK83H,unlabelled,,0,54342,20,2717,1356,Adapting a safe water storage container to improve household stored water quality in rural
EGBS5UQ9,unlabelled,,0,74138,17,4361,1234,Effect of FAmily CEntered (FACE®) Advance Care Planning on Longitudinal Congruence in End-
EGIAHKR4,unlabelled,,0,69124,27,2560,2806,Group-randomized trial of tailored brief shared decision-making to improve asthma control 
EH85EJ36,human_labelled,,0,49743,19,2618,1725,Reducing metabolic syndrome through a community-based lifestyle intervention in African Am
EI9D54I4,human_labelled,,0,78282,15,5219,2325,Awareness with paralysis and symptoms of post-traumatic stress disorder among mechanically
EIAXJXEU,unlabelled,,0,40216,7,5745,1914,Stopping Hospital Infections With Environmental Services (SHINE): A Cluster-randomized Tri
EICZYW8V,unlabelled,,0,54119,21,2577,2532,Integrated care van delivery of evidence-based services for people who inject drugs: A clu
EIE8ET3D,human_labelled,,0,25627,6,4271,1433,School Poverty Level Moderates the Effectiveness of a Physical Activity Intervention
EIPAKG3X,unlabelled,,0,53332,8,6666,2289,"Parenting, mental health and economic pathways to prevention of violence against children "
EJATNCJR,unlabelled,,0,21334,9,2370,718,Longitudinal Remote Coaching for Implementation of Perinatal Collaborative Care: A Mixed-M
EJBEAXBJ,unlabelled,,0,91302,32,2853,1861,Design of a cluster-randomized trial of the effectiveness and cost-effectiveness of metfor
EJY33FGY,human_labelled,,0,40401,9,4489,2014,Community-Based Cervical Cancer Education: Changes in Knowledge and Beliefs Among Vietname
EK2IWQ2R,unlabelled,,0,43916,17,2583,1520,Impact of an Internet-Based Lifestyle Intervention on Behavioral and Psychosocial Factors 
EKAEST6G,human_labelled,,0,19348,5,3870,1670,Attending After-School Physical Activity Club 2 Days a Week Attenuated an Increase in Perc
EKIGVQCE,unlabelled,,0,22022,5,4404,1720,Predictors of High Program Exposure Among Adolescents Participating in a Smoking Preventio
EL68RXI7,unlabelled,,0,114782,14,8199,951,Impact of community masking on COVID-19: A cluster-randomized trial in Bangladesh.
ELFE9TR6,unlabelled,,0,62357,14,4454,2749,Feasibility of a Smartphone App with Mindfulness Training for Adolescent Smoking Cessation
EMIFV3K7,unlabelled,,0,25806,5,5161,1659,The ring vaccination trial design for the estimation of vaccine efficacy and effectiveness
EMLJCXF7,unlabelled,,0,40135,9,4459,2148,Mobile Mental Health in Women's Community-Based Organizations: Protocol for a Pilot Random
ENRGULMN,unlabelled,,0,58131,11,5285,2348,Clinical Effectiveness of Cognitively Enhanced Tai Ji Quan Training on Global Cognition an
EQFXGLNL,unlabelled,,0,25566,5,5113,1592,Effect of Remediating Blighted Vacant Land on Shootings: A Citywide Cluster Randomized Tri
ER2TALDD,human_labelled,,0,67220,12,5602,2291,Protocol for a randomised trial of an interprofessional team-delivered intervention to sup
ERDDSWEX,unlabelled,,0,38409,13,2955,1776,Factors associated with antidepressant use among low-income racially and ethnically divers
ES7QU8W6,unlabelled,,0,39945,7,5706,1869,The Transforming Outcomes for Patients Through Medical Home Evaluation and reDesign (TOPME
ETDH7GPM,unlabelled,,0,50336,11,4576,2377,Unconditional cash transfers and maternal substance use: findings from a randomized contro
ETEIYHIC,unlabelled,,0,68184,14,4870,2667,Initial adaptation of the OnTrack coordinated specialty care model in Chile: An applicatio
EVFQV9SP,unlabelled,,0,39987,8,4998,1993,The Post-intervention Impact of Amaka Amasanyufu on Behavioral and Mental Health Functioni
EVS2FEUS,human_labelled,,0,45285,9,5032,1398,Associations between healthy eating index and anthropometric outcomes in multiethnic eleme
EX9ZTEHA,unlabelled,,0,82540,16,5159,3174,Advancing scalability and impacts of a teacher training program for promoting child mental
EXYJ3P6Y,unlabelled,,0,66705,16,4169,2063,Human-Centered Design for Public Health Innovation: Codesigning a Multicomponent Intervent
EYBLSWJ8,unlabelled,,0,51864,9,5763,2487,Protocol of an ongoing randomized controlled trial of care management for comorbid depress
EYG252Z5,unlabelled,,0,34389,9,3821,2891,Seasonal Malaria Chemoprevention Therapy in Children Up To 9 Years of Age: Protocol for a 
EYKT5EJ4,unlabelled,,0,37742,9,4194,1734,Prevalence of prenatal and postpartum depression and associated factors among HIV-infected
EYQGV4I5,unlabelled,,0,36488,13,2807,1564,A Person-Centered Approach to Poststroke Care: The COMprehensive Post-Acute Stroke Service
EYSSMC5T,human_labelled,,0,50029,10,5003,2129,"A Middle School Program to Prevent E-Cigarette Use: A Pilot Study of ""CATCH My Breath"""
EZHK73GW,unlabelled,,0,78173,28,2792,2012,Confirmatory factor analysis of the infant feeding styles questionnaire in infant and todd
EZVDX7EV,unlabelled,,0,63268,12,5272,1849,The association of maternal alcohol use and paraprofessional home visiting with children's
EZW26HK2,human_labelled,,0,45349,11,4123,2899,A Multifaceted Implementation Strategy to Increase Out-of-Office Blood Pressure Monitoring
F2BPPKMI,human_labelled,,0,63094,13,4853,2196,"QuitSMART Utah: an implementation study protocol for a cluster-randomized, multi-level Seq"
F2XIYWBC,unlabelled,,0,57230,24,2385,1343,How Does Green Dot Bystander Training in High School and Beyond Impact Attitudes Toward Vi
F49CI9Q2,unlabelled,,0,98023,33,2970,1946,CHAMP: A cluster randomized-control trial to prevent obesity in child care centers.
F4KF42R4,human_labelled,,0,54845,12,4570,1945,Cluster Randomized Pragmatic Clinical Trial Testing Behavioral Economic Implementation Str
F4QDRKEG,human_labelled,,0,53665,20,2683,1431,Physician Intervention and Chinese Americans' Colorectal Cancer Screening
F4R8FANF,unlabelled,,0,45619,8,5702,2186,Integrating Community Health Workers' Dual Clinic-Community Role in Safety-Net Primary Car
F5VFFT7X,human_labelled,,0,44058,9,4895,2275,Screening for undiagnosed atrial fibrillation using a single-lead electrocardiogram at pri
F68HJV2Q,unlabelled,,0,56369,11,5124,2035,"A Hybrid Pragmatic and Factorial Cluster Randomized Controlled Trial for an Anti-racist, M"
F6AB7ECH,unlabelled,,0,62065,13,4774,2841,"""They call me the 'Great Queen'"": implementing the Malkia Klabu program to improve access "
F6FWX8KR,unlabelled,,0,51958,10,5196,1535,Design of the Intervention to Reduce Early Peanut Allergy in Children (iREACH): A practice
F7KNRNCZ,unlabelled,,0,50444,7,7206,1829,Provider adherence to training components from the Trial to Reduce Antimicrobial use In Nu
F7UIGLIK,human_labelled,,0,58310,16,3644,1281,While-alive regression analysis of composite survival endpoints
F7Z94FSR,unlabelled,,0,42203,16,2638,819,Process Evaluation of a Faith-Based Multicomponent Behavioral Intervention to Reduce Strok
F8UC5X6G,unlabelled,,0,46071,14,3291,1488,Nursing Assessment of Pressure Injury Risk with the Braden Scale Validated against Sensor-
FAB2W2PG,unlabelled,,0,49215,16,3076,1794,Partners-based HIV treatment for seroconcordant couples attending antenatal and postnatal 
FAGZB7EH,unlabelled,,0,68713,26,2643,1622,Addressing the nexus of risk: Biobehavioral outcomes from a cluster randomized trial of th
FBHYH7B5,unlabelled,,0,60855,18,3381,2415,"Analysis of bacterial vaginosis, the vaginal microbiome, and sexually transmitted infectio"
FBYWBD43,unlabelled,,0,66833,16,4177,1965,The longitudinal impact of an evidence-based multiple family group intervention (Amaka Ama
FCXQJYSP,human_labelled,,0,19969,8,2496,1209,Lessons learned from conducting the first cancer care delivery trial in the Alliance for C
FD6892P3,unlabelled,,0,51860,21,2470,793,Evaluation of a Virtual Culturally Aware Mentoring Workshop for Biomedical Faculty.
FDERHRUY,unlabelled,,0,48762,19,2566,2249,Economic Evaluation of the Home Blood Pressure Telemonitoring and Pharmacist Case Manageme
FDPS9FE9,unlabelled,,0,85029,15,5669,2625,"Study protocol for a factorial-randomized controlled trial evaluating the implementation, "
FDVX9XTR,human_labelled,,0,40974,11,3725,2601,System Level Informatics to Improve Triage Practices for Sickle Cell Disease Vaso-Occlusiv
FE6XSU5E,unlabelled,,0,61798,12,5150,2101,Implementing an evidence-based behavioral weight-loss program in community mental health c
FEHWGZSQ,human_labelled,,0,73304,19,3858,4142,Evaluation of an adapted version of the Diabetes Prevention Program for low- and middle-in
FGGJHPQ8,human_labelled,,0,58012,18,3223,1932,Effects of a Geriatric Assessment Intervention on Patient-Reported Symptomatic Toxicity in
FGKYM2SH,unlabelled,,0,19603,5,3921,1125,Resources for Enhancing Alzheimer's Caregiver Health in Vietnam (REACH VN): Exploratory An
FH65QPJH,unlabelled,,0,41427,13,3187,2485,Assessing the efficacy of an integrated intervention to create demand for fishermen's schi
FHVQQIX3,human_labelled,,0,72859,27,2698,1936,"Community-based, cluster-randomized pilot trial of a cardiovascular mHealth intervention: "
FI4T6J44,human_labelled,,0,42178,15,2812,1624,Cost-effectiveness of a faith-based lifestyle intervention for diabetes prevention among A
FI55Z89V,unlabelled,,0,60245,17,3544,1841,ESSENCE: An Implementation Research Program to Scale Up Depression Care in Rural Communiti
FIFGHE4Y,unlabelled,,0,45443,15,3030,1681,Youth Functioning and Organizational Success for West African Regional Development (Youth 
FJG7PUGY,unlabelled,,0,41029,9,4559,2393,A cluster randomized controlled trial to assess the efficacy of a telehealth-based train-t
FJXKFL9F,unlabelled,,0,53957,18,2998,2145,Home Visiting and Antenatal Depression Affect the Quality of Mother and Child Interactions
FKIWIE6C,unlabelled,,0,47840,13,3680,1307,Evaluating the Role of Corrals and Insects in the Transmission of Porcine Cysticercosis: A
FMXPAUEI,human_labelled,,0,46327,10,4633,1774,Web-based versus in-person methods for training lay community health advisors to implement
FNXTTHPU,unlabelled,,0,47668,9,5296,1897,Understanding Perinatal Depression Care Gaps by Examining Care Access and Barriers in Peri
FPA2W97J,unlabelled,,0,59534,16,3721,1826,Attrition in serum anti-DENV antibodies correlates with high anti-SARS-CoV-2 IgG levels an
FPX2G3LA,human_labelled,,0,57988,10,5799,2063,Examining local smoke-free coalitions in Armenia and Georgia: context and outcomes of a ma
FR7ETLVC,unlabelled,,0,43424,9,4825,2461,Evaluating the integration of HIV self-testing into low-resource health systems: study pro
FRHW5NA2,unlabelled,,0,101111,30,3370,1905,Parent-focused prevention of adolescent health risk behavior: Study protocol for a multisi
FRIPQN6I,unlabelled,,0,41908,9,4656,2745,Tuberculosis Treatment Compliance Under Smartphone-Based Video-Observed Therapy Versus Com
FRK7DQLC,human_labelled,,0,36416,17,2142,1991,Knowledge of colorectal cancer screening guidelines and intention to obtain screening amon
FSRS8FVB,unlabelled,,0,40442,9,4494,1795,Mediators of Improved Adherence to Infant Safe Sleep Using a Mobile Health Intervention.
FTYU2BLT,human_labelled,,0,45079,23,1960,1933,Results of an asthma education program delivered via telemedicine in rural schools
FTZX4NKI,unlabelled,,0,91248,14,6518,1001,Passive versus active service delivery: Comparing the effects of two parenting interventio
FUZ4IACA,unlabelled,,0,51194,19,2694,1503,"Efficacy of ""Mentoring to Be Active"" on Weight Loss, Body Mass Index, and Body Fat among O"
FV293MF3,unlabelled,,0,35093,7,5013,1600,Caregiver Speaks Study Protocol: A Technologically-Mediated Storytelling Intervention for 
FWVBXVTT,unlabelled,,0,44390,6,7398,2162,Adolescent SBIRT implementation: Generalist vs. Specialist models of service delivery in p
FZ5BAWMJ,unlabelled,,0,45851,8,5731,1772,Social capital and changes of psychologic distress during early stage of COVID-19 in New o
FZB8IQSZ,human_labelled,,0,45684,18,2538,1853,Cost-Effectiveness of a Comprehensive Approach for Hypertension Control in Low-Income Sett
G3V64L83,unlabelled,,0,40620,7,5803,1687,Application of randomization techniques for balancing site covariates in the adult day ser
G46396XM,unlabelled,,0,40471,10,4047,2517,"Improved adherence to test, treat, and track (T3) malaria strategy among Over-the-Counter "
G4WN7HVX,human_labelled,,0,51472,21,2451,1829,Poor patient health is associated with higher caregiver burden for older adults with advan
G54PEV8R,unlabelled,,0,60092,13,4622,1571,Effects of M-DEPTH Model of Depression Care on Maternal HIV Viral Suppression and Adherenc
G5AIEDKN,unlabelled,,0,59922,11,5447,1992,Embedding Caregiver Support Within Adult Day Services: Outcomes of a Multisite Trial.
G6MQ8LME,unlabelled,,0,52064,17,3063,1828,Psychotropic Medication Use by Children with Autism Served in Publicly Funded Mental Healt
G6V5HPHL,human_labelled,,0,43115,9,4791,1329,Intraclass correlation coefficients for weight loss cluster randomized trials in primary c
G75A8PEN,human_labelled,,0,46022,9,5114,1786,Social Support for Changing Multiple Behaviors: Factors Associated With Seeking Support an
G8FV3B49,unlabelled,,0,48415,12,4035,2582,Menstrual product choice and uptake among young women in Zimbabwe: a pilot study.
G95B3HHC,unlabelled,,0,49887,11,4535,1756,Individual and community-level risk factors for HIV stigma in 21 Zambian and South African
G9FYDK5D,unlabelled,,0,74741,14,5339,2511,The PrEPARE Pretoria Project: protocol for a cluster-randomized factorial-design trial to 
G9HEQGLU,unlabelled,,0,39993,9,4444,1157,Practical issues in operationalizing the design and outcome evaluation of cluster randomiz
G9KMBJ6B,unlabelled,,0,41156,8,5144,2148,Optimizing Retention in a Pragmatic Trial of Community-Living Older Persons: The STRIDE St
GBK9FE9L,human_labelled,,0,41584,7,5941,1761,Cardiovascular Events and Costs With Home Blood Pressure Telemonitoring and Pharmacist Man
GCNXXHDX,unlabelled,,0,33956,15,2264,1800,Medication use quality and safety in older adults: 2022 update.
GCZCGQ9M,unlabelled,,0,56148,10,5615,2036,Healthy Options: study protocol and baseline characteristics for a cluster randomized cont
GDJ4LD32,unlabelled,,0,59558,14,4254,1430,Personalized Disease Prevention (PDP): study protocol for a cluster-randomized clinical tr
GEQ6WUAX,unlabelled,,0,49054,9,5450,1882,Post-trial perceptions of a symptom-based TB screening intervention in South Africa: imple
GFHZTEPC,unlabelled,,0,46018,8,5752,1727,"Spatial Effects of Permethrin-Impregnated Bed Nets on Child Mortality: 26 Years on, a Spat"
GFMDQ3XU,unlabelled,,0,55084,7,7869,1890,Study protocol for family model diabetes self-management education with Marshallese partic
GFMDVS2Q,unlabelled,,0,55856,12,4655,2372,Collaborative care compared to enhanced standard treatment of depression with co-morbid me
GFTRM6AK,unlabelled,,0,40028,13,3079,1816,Implementation Science Using Proctor's Framework and an Adaptation of the Multiphase Optim
GFWG7NK7,unlabelled,,0,53215,12,4435,1347,Behavioral Modeling and its Association with PrEP and ART Use in Ugandan HIV-Serodifferent
GGWLA8CQ,unlabelled,,0,114922,35,3283,1010,"Cash Transfers, Microentrepreneurial Activity, and Child Work: Evidence from Malawi and Za"
GI62Z9QD,unlabelled,,0,41595,15,2773,2328,Hospital Elder Life Program in Long-Term Care (HELP-LTC): A Cluster Randomized Controlled 
GIBMDRIQ,unlabelled,,0,51996,21,2476,2034,Improving Depression Care for Adults With Serious Mental Illness in Underresourced Areas: 
GIT8FJVZ,unlabelled,,0,42867,12,3572,2414,Use of preferred contraceptive method among young adults in Texas and California: A compar
GJ9ZU4N5,human_labelled,,0,96012,18,5334,1635,Predicting physical activity among urban adolescent girls: A test of the health promotion 
GJGVIKMM,human_labelled,,0,60079,9,6675,1843,Intervening on fear after acute cardiac events: Rationale and design of the INFORM randomi
GK558E5R,human_labelled,,0,82172,22,3735,2355,Influence of hydrometeorological risk factors on child diarrhea and enteropathogens in rur
GK5PNH95,unlabelled,,0,62798,16,3925,2375,Protocol for two-arm pragmatic cluster randomized hybrid implementation-effectiveness tria
GKAKJGI4,unlabelled,,0,41429,8,5179,1789,"The Impact of Improved Water, Sanitation, and Hygiene on Oral Rotavirus Vaccine Immunogeni"
GKVUXT8J,human_labelled,,0,70337,13,5411,2452,Implementation of Coach McLungsSM into primary care using a cluster randomized stepped wed
GLTX296E,human_labelled,,0,40532,8,5066,1754,Nutritional quality of foods according to the Nova food classification system after a beha
GMFGJ3S5,human_labelled,,0,50302,11,4573,1612,The Effect of a Priest-Led Intervention on the Choice and Preference of Soda Beverages: A 
GMPZN8V7,unlabelled,,0,44350,10,4435,1436,"Gender, HIV knowledge and prevention attitudes among adolescents living with HIV participa"
GN4JGZR9,human_labelled,,0,66963,13,5151,2418,Integration of a task strengthening strategy for hypertension management into HIV care in 
GP44YDTA,unlabelled,,0,61499,13,4731,2453,"The OPTIMIZE patient- and family-centered, primary care-based deprescribing intervention f"
GQ47R7MS,human_labelled,,0,36425,7,5204,1863,Symptom Burden and Shared Care Planning in an Oncology Nurse-Led Primary Palliative Care I
GQ95B5YM,unlabelled,,0,49615,9,5513,1499,"Feasibility, acceptability, and initial efficacy of a wheelchair exercise training program"
GRFG8B67,unlabelled,,0,58129,11,5284,2405,Factors associated with diarrhea and acute respiratory infection in children under two yea
GRGRMNH4,unlabelled,,0,48886,14,3492,1279,"Relationship Between Criminal and Status Offense Behaviors, Substance Use, and HIV Risk Am"
GRJMUSBP,unlabelled,,0,86599,16,5412,2820,Project MIMIC (Maximizing Implementation of Motivational Incentives in Clinics): A cluster
GRNHDDJF,unlabelled,,0,73196,17,4306,2716,OnTrack Chile for people with early psychosis: a study protocol for a Hybrid Type 1 trial.
GST6ZG9J,unlabelled,,0,30531,7,4362,2296,Comparison of Self and Caregiver Reports of Antiretroviral Treatment Adherence among Child
GSZMCC5S,unlabelled,,0,57754,14,4125,3136,Effectiveness of a Multicomponent Intervention to Reduce Multidrug-Resistant Organisms in 
GU7VBP59,unlabelled,,0,83678,15,5579,2608,Protocol for a hybrid type 2 cluster randomized trial of trauma-focused cognitive behavior
GVP28VW6,unlabelled,,0,57274,11,5207,2831,Influence of an Implementation Support Intervention on Barriers and Facilitators to Delive
GVQJHIGK,human_labelled,,0,59708,15,3981,2033,Efficacy of an Enhanced Implementation Strategy to Increase Parent Engagement with a Healt
GVSXRYPK,human_labelled,,0,38928,17,2290,1783,"Geriatric assessment-driven polypharmacy discussions between oncologists, older patients, "
GW43X77W,unlabelled,,0,42339,16,2646,1316,Exploring HIV disease indicators at MDR-TB treatment initiation in South Africa.
GXBYKEDE,unlabelled,,0,92953,24,3873,2484,"Improving HIV testing, linkage, and retention in care among South African men through U = "
GY63DGR9,unlabelled,,0,65037,13,5003,3351,Evaluation of the Implementation and Effectiveness of a Mobile Health Intervention to Impr
GYRIVJLS,human_labelled,,0,53856,11,4896,1972,Robotic versus Electromagnetic bronchoscopy for pulmonary LesIon AssessmeNT: the RELIANT p
GZQ7IRAT,unlabelled,,0,39099,9,4344,1684,Biannual versus annual mass azithromycin distribution and malaria seroepidemiology among p
GZY8FTLP,unlabelled,,0,39135,9,4348,1777,Development of a Clinical Decision Support System for Pediatric Abdominal Pain in Emergenc
H2GLBZE4,human_labelled,,0,38566,9,4285,1305,Randomized Controlled Trials
H2HJLXGH,human_labelled,,0,36543,7,5220,1636,The impact of a water promotion and access intervention on elementary school students in t
H2Q26QRZ,unlabelled,,0,39626,9,4403,1696,Social Determinants of Health Discussed with Mothers During Personal Visits Before and Dur
H2ZDWR59,unlabelled,,0,49078,18,2727,1542,DESIGN OF VACCINE TRIALS DURING OUTBREAKS WITH AND WITHOUT A DELAYED VACCINATION COMPARATO
H3SS35PJ,unlabelled,,0,59289,23,2578,2245,"The effect of increased inoculum on oral rotavirus vaccine take among infants in Dhaka, Ba"
H5FVRRL2,unlabelled,,0,82824,29,2856,1356,Implementation and fidelity assessment of the NAVIGATE treatment program for first episode
H5MG9S64,unlabelled,,0,45525,10,4552,2109,Depressive disorder at the household level: prevalence and correlates of depressive sympto
H68FRUQK,unlabelled,,0,49889,13,3838,1935,Asthma dissemination around patient-centered treatments in North Carolina (ADAPT-NC): a cl
H68GJTTC,unlabelled,,0,59907,9,6656,1322,Effectiveness of a family violence prevention program on mental health outcomes for adult 
H6A7ZU2Q,unlabelled,,0,110806,19,5832,3239,A Multilevel Integrated Intervention to Reduce the Impact of HIV Stigma on HIV Treatment O
H74HCP9P,unlabelled,,0,46523,12,3877,2805,Effect of the Communities That Care Prevention System on Adolescent Handgun Carrying: A Cl
H77NRAZS,unlabelled,,0,31367,12,2614,2003,Implementation Lessons Learned From the Benefits of Enhanced Terminal Room (BETR) Disinfec
H7JAZNJ5,unlabelled,,0,60034,14,4288,2659,Group Antenatal Care in Ghana: Protocol for a Cluster Randomized Controlled Trial.
H7N83IW2,human_labelled,,0,47691,11,4336,2252,Evaluating a multicomponent program to improve hypertension control in Guatemala: study pr
H8AUCYE9,unlabelled,,0,47991,11,4363,1227,Influence of Male Partners on HIV Disclosure Among South African Women in a Cluster Random
H8TVF5FE,unlabelled,,0,48968,10,4897,1489,Motivational interviewing experiences from a community health worker-led HIV prevention an
H8U7KRVH,unlabelled,,0,25938,9,2882,1543,Strategies to Prevent Serious Fall Injuries: A Commentary on Bhasin et al. A Randomized Tr
H96RAF69,unlabelled,,0,46945,10,4694,1805,Baseline Characteristics of Randomized Participants in the Glycemia Reduction Approaches i
H9P7B7GU,unlabelled,,0,83862,15,5591,2084,"The ""Haves, Have Some, and Have Nots:"" a Latent Profile Analysis of Capacity, Quality, and"
HA7NFJKF,unlabelled,,0,92331,31,2978,1722,A cluster-randomized trial of a college health center-based alcohol and sexual violence in
HA9IHJB6,human_labelled,,0,37916,8,4740,1852,Associations of Caregiver-Oncologist Discordance in Prognostic Understanding With Caregive
HAF73Q82,unlabelled,,0,76314,16,4770,2167,The impact of a multilevel childhood obesity prevention intervention on healthful food acq
HB3Q87CC,unlabelled,,0,89257,24,3719,3445,Community delivery of antiretroviral drugs: A non-inferiority cluster-randomized pragmatic
HB3YQNY5,unlabelled,,0,77114,19,4059,2500,"Implementation fidelity, student outcomes, and cost-effectiveness of train-the-trainer str"
HBD3Y6S2,human_labelled,,0,56030,13,4310,2858,Assessment of Financial Toxicity Among Older Adults With Advanced Cancer
HDRNZ2A2,unlabelled,,0,63797,11,5800,1633,A behaviour change intervention with lipid-based nutrient supplements had little impact on
HEEDECA8,unlabelled,,0,41194,7,5885,1786,Improving the Delivery of Chronic Opioid Therapy Among People Living With Human Immunodefi
HFCRYZ8E,human_labelled,,0,21240,4,5310,1225,Maintenance of Training Effects of Two Models for Implementing Evidence-Based Psychologica
HFN3I83D,unlabelled,,0,87814,12,7318,1518,Improving mental health in low-resource settings: A feasibility randomized controlled tria
HHV9UIL8,unlabelled,,0,62834,12,5236,2710,Measuring the effects of a personalized music intervention on agitated behaviors among nur
HHY6EJQG,unlabelled,,0,44306,8,5538,1604,Cost-Utility Analysis of Routine Anxiety and Depression Screening in Patients Consulting f
HI3CPFP8,human_labelled,,0,26583,10,2658,1724,Relationships of self-perceived age with geriatric assessment domains in older adults with
HJICVPT7,human_labelled,,0,36798,7,5257,1829,An international randomized phase III trial of pulse actinomycin-D versus multi-day methot
HKEUETZX,unlabelled,,0,74084,20,3704,2404,Intervening on Trust in Science to Reduce Belief in COVID-19 Misinformation and Increase C
HKIUYRQT,unlabelled,,0,39591,12,3299,2047,Improving child tuberculosis contact identification and screening in Lesotho: Results from
HM2J3JE3,unlabelled,,0,42776,17,2516,1710,PRescribing Interventions for Chronic pain using the Electronic health record (PRINCE): St
HMITKU4R,unlabelled,,0,37032,15,2469,1884,A behavioral intervention to promote use of multimodal pain medication for hospitalized pa
HN6XI3DU,unlabelled,,0,11902,2,5951,0,Reduction in antimicrobial use among medical intensive care unit patients during a cluster
HP652Y5Y,unlabelled,,0,59902,13,4608,1957,A Cluster Randomized Trial of Primary Care Practice Redesign to Integrate Behavioral Healt
HPIL7WVW,human_labelled,,0,56905,10,5690,3247,Effect of an Oncology Nurse-Led Primary Palliative Care Intervention on Patients With Adva
HQUCZ7RF,unlabelled,,0,55525,12,4627,2178,"'If I had not taken it [HIVST kit] home, my husband would not have come to the facility to"
HRZIZRJP,human_labelled,,0,36651,15,2443,1449,Cervical cancer screening through human papillomavirus testing in community health campaig
HVQZM447,unlabelled,,0,57887,12,4824,2282,UVR-sensor wearable device intervention to improve sun behaviors and reduce sunburns in me
HWIHW46R,unlabelled,,0,56006,20,2800,2047,Home-based records and vaccination appointment stickers as parental reminders to reduce va
HX2ZB2VD,unlabelled,,0,54842,10,5484,1793,In the Eyes of Those Who Were Randomized: Perceptions of Disadvantaged Older Adults in a T
HX5GV9AS,unlabelled,,0,54962,11,4997,1138,Optimizing individual nutrition in preterm very low birth weight infants: double-blinded r
HX89FGUG,unlabelled,,0,55193,19,2905,2154,Baseline higher hair cortisol moderated some effects in a healthy lifestyle intervention.
HXE2S4AP,unlabelled,,0,79756,15,5317,1921,Promoting Afterschool Quality and Positive Youth Development: Cluster Randomized Trial of 
HXF5LXAQ,unlabelled,,0,20885,4,5221,1099,Text message alerts to emergency physicians identifying potential study candidates increas
HY4A7RP8,unlabelled,,0,50626,10,5063,2602,Community- and individual-level correlates of HIV incidence in HPTN 071 (PopART).
HY5KNXPB,unlabelled,,0,43366,17,2551,2470,"Change in Depression, Confidence, and Physical Function Among Older Adults With Mild Cogni"
HZEJSB9F,unlabelled,,0,58713,11,5338,3151,Effect of a Digital Intervention on Depressive Symptoms in Patients With Comorbid Hyperten
HZH7VKVP,unlabelled,,0,49933,20,2497,2554,Evaluating the Safety of an Educational Deprescribing Intervention: Lessons from the Optim
HZLCNBDC,unlabelled,,0,69875,21,3327,1923,A virtual learning collaborative to implement health promotion in routine mental health se
I4N8RJX7,human_labelled,,0,67756,23,2946,1845,Design and rationale of the medical students learning weight management counseling skills 
I4X29GS5,unlabelled,,0,55964,13,4305,1731,Dietary intake during a pragmatic cluster-randomized weight loss trial in an underserved p
I56L9JM9,unlabelled,,0,60720,22,2760,1960,Training Community Therapists to Deliver an Individualized Mental Health Intervention for 
I5M96653,unlabelled,,0,59077,18,3282,1764,Study protocol for the Mindful Moms Study: A randomized controlled trial evaluating a mind
I5SJ8CG8,unlabelled,,0,43737,10,4374,1305,Impact of Community Support Workers in Rural Ethiopia on Emotional and Psychosocial Health
I6DQCI97,human_labelled,,0,42365,11,3851,2370,Efficacy of the 'Stand and Move at Work' multicomponent workplace intervention to reduce s
I6GH9T7T,human_labelled,,0,46675,9,5186,2319,A Geriatric Assessment Intervention to Reduce Treatment Toxicity Among Older Adults With A
I6KDJ44E,human_labelled,,0,50591,13,3892,2144,Financial Toxicity Monitoring in a Randomized Controlled Trial of Patient-Reported Outcome
I6NDY4D8,unlabelled,,0,64479,11,5862,1364,Effects of adding household water filters to Rwanda's Community-Based Environmental Health
I75KHHFP,unlabelled,,0,75727,14,5409,2297,Suubi4Stigma study protocol: a pilot cluster randomized controlled trial to address HIV-as
I7VKXNIC,human_labelled,,0,49934,21,2378,1483,Sustainability of blood pressure reduction in black barbershops
I83PU28U,unlabelled,,0,36777,9,4086,1427,The Effect of an Obesity Prevention Intervention Among Specific Subpopulations: A Heteroge
I86X9LFA,unlabelled,,0,55097,9,6122,1981,Destination Transplant: Protocol for a Parallel-group Randomized Trial of an Educational I
IAR8JTC6,unlabelled,,0,47667,11,4333,2495,A CKD Clinical Decision Support System: A Cluster Randomized Clinical Trial in Primary Car
IASMJG49,human_labelled,,0,56987,11,5181,2279,Adapting and implementing breast cancer follow-up in primary care: protocol for a mixed me
IB825UX2,human_labelled,,0,83593,17,4917,2628,Evaluating the Efficacy of Automated Smoking Treatment for People With HIV: Protocol for a
IC894FGJ,unlabelled,,0,66036,13,5080,2663,Enhancing Mental and Physical Health of Women through Engagement and Retention (EMPOWER) 2
ICIRX3RH,unlabelled,,0,62911,15,4194,2651,The 18-month efficacy of an Intensive LifeStyle Modification Program (ILSM) to reduce type
ICUMIHA8,unlabelled,,0,43728,9,4859,2207,Implementation Challenges for a Multisite Advance Care Planning Pragmatic Trial: Lessons L
IDKFPWGH,human_labelled,,0,51806,11,4710,1733,A Cluster Randomized Trial of a Community-Based Intervention Among African-American Adults
IF6WVFIU,unlabelled,,0,40299,15,2687,1670,Active learning improves on-task behaviors in 4th grade children.
IFNK5UIA,unlabelled,,0,34216,6,5703,2232,Understanding quality of contraceptive counseling in the CHARM2 gender-equity focused fami
IGQ8WSPJ,unlabelled,,0,62047,22,2820,1632,Supplemental income program design: A cluster-randomized controlled trial to examine the h
IGQLG7J3,unlabelled,,0,80127,26,3082,738,The Green Light for Green Dot: A Qualitative Study of Factors Influencing Adoption of an E
IGR3XGVP,unlabelled,,0,45585,8,5698,2037,Intervention Increases Physical Activity and Healthful Diet Among South African Adolescent
IH66JC4H,unlabelled,,0,40766,10,4077,1343,A Structural Equation Modeling Analysis to Explore Diabetes Self-Care Factors in a Rural S
II5PE99X,human_labelled,,0,63488,20,3174,1916,Linking churches and parks to promote physical activity among Latinos: Rationale and desig
IIMQ4MDE,unlabelled,,0,57711,20,2886,1829,Long-term effects of a resilience-based intervention on mental health of children affected
IIVEWCX5,unlabelled,,0,35398,7,5057,2107,Physicians' satisfaction with providing buprenorphine treatment.
IJE2H7PN,unlabelled,,0,62333,15,4156,2223,Implementation leadership and implementation climate in context: A single organization int
IJE7MVNS,human_labelled,,0,47606,10,4761,2225,An Increase in Food Insecurity Correlated with an Increase in Plasma Triglycerides among L
IKAD8XE2,unlabelled,,0,47045,18,2614,1469,Enhancing LPG Adoption in Ghana (ELAG): A Trial Testing Policy-Relevant Interventions to I
IKBTL3CZ,unlabelled,,0,58991,26,2269,1690,Perpetration and Victimization of Intimate Partner Violence Among Young Men and Women in D
ILM7XYYC,unlabelled,,0,60549,14,4325,1752,A Cluster Randomized Controlled Trial Comparing Diabetes Prevention Program Interventions 
ILWWS7LD,human_labelled,,0,78842,15,5256,2418,The Transdiagnostic Intervention for Sleep and Circadian Dysfunction (TranS-C) for serious
INK5RFJ6,unlabelled,,0,63431,14,4531,2226,Participation in a Community-Based Women's Health Education Program and At-Risk Child Deve
INT3B8HW,unlabelled,,0,57119,10,5712,2303,Protocol for a Parallel Group Randomized Clinical Trial Comparing a Culturally Adapted Cog
IPP52WKG,human_labelled,,0,41467,10,4147,1988,Comparison of patient flow and provider efficiency of two delivery strategies for HPV-base
IPR6QU8P,human_labelled,,0,55690,10,5569,2956,Community Health Workers Linking Clinics and Schools and Asthma Control: A Randomized Clin
IPW66SFP,unlabelled,,0,55050,10,5505,2644,A protocol for a cluster randomized trial comparing strategies for translating self-manage
IQTTD2YI,unlabelled,,0,37662,7,5380,2111,Perceived Access to Contraception via Telemedicine Among Young Adults: Inequities by Food 
IR5IG53L,unlabelled,,0,46936,8,5867,3376,Effect of Technology-Enhanced Screening in Addition to Standard Targeted Clinician Educati
IR9N2LY8,human_labelled,,0,69641,12,5803,1920,"A cluster-randomized trial of water, sanitation, handwashing and nutritional interventions"
IRIMYPZ3,human_labelled,,0,46969,7,6710,1824,Team-based home blood pressure monitoring for blood pressure equity a protocol for a stepp
IRZK5FR3,unlabelled,,0,83634,22,3802,2320,"Implementation of guppy fish (Poecilia reticulata), and a novel larvicide (Pyriproxyfen) p"
IT6PBHMH,unlabelled,,0,44061,18,2448,2475,"Delivery of home-based postpartum contraception in Southwest Trifinio, Guatemala: Reach, a"
IU3XWCTM,unlabelled,,0,50706,10,5071,2431,Testing a social network approach to promote HIV self-testing and linkage to care among fi
IUD3958X,unlabelled,,0,70538,13,5426,2359,A holistic approach to promoting early child development: a cluster randomised trial of a 
IUEMQRU4,human_labelled,,0,63777,19,3357,1725,A cluster-randomized control trial targeting parents of pediatric cancer survivors with ob
IWSKLNSK,human_labelled,,0,59580,30,1986,1730,A randomized clinical trial testing two implementation strategies to promote the treatment
IXGWRWKV,human_labelled,,0,69928,16,4370,2628,Assessing the sustainability of the Systems Analysis and Improvement Approach to increase 
IYANX6R2,unlabelled,,0,44458,7,6351,2053,Enteropathogens and Rotavirus Vaccine Immunogenicity in a Cluster Randomized Trial of Impr
IYEXMNQX,unlabelled,,0,56369,13,4336,2396,Once-Weekly Semaglutide in Adolescents with Obesity.
IYS5C8L6,unlabelled,,0,62465,12,5205,1841,A Longitudinal Process Model Evaluating the Effects of Cooperative Learning on Victimizati
J3J3LTI7,unlabelled,,0,35239,7,5034,1919,Efficacy of a Web-Based Oral Case Presentation Instruction Module: Multicenter Randomized 
J3QCNUTC,unlabelled,,0,56851,11,5168,2285,Advancing sustainable implementation of an evidence-based mental health intervention in Si
J4ALUY7U,unlabelled,,0,23758,8,2970,409,The Cluster Randomized Trial Study Design.
J4BU3EEE,human_labelled,,0,40585,16,2537,1561,Leisure-Time Physical Activity and Characteristics of Social Network Support for Exercise 
J5I9KCXF,unlabelled,,0,72629,14,5188,2309,Peer mentor versus teacher delivery of a physical activity program on the effects of BMI a
J5L2LUM7,unlabelled,,0,62350,10,6235,2610,Assessing sustained uptake of latrine and child feces management interventions: Extended f
J7CUNUHF,human_labelled,,0,61259,14,4376,3442,Association of Oncologist-Patient Communication With Functional Status and Physical Perfor
J8ITKETE,unlabelled,,0,45741,9,5082,2407,The Influence of Transmission-Based and Moral-Based HIV Stigma Beliefs on Intentions to Di
J9F7U6CX,unlabelled,,0,41373,13,3183,2114,Culturally adaptive storytelling intervention versus didactic intervention to improve hype
JAC9BM6H,unlabelled,,0,56148,14,4011,2066,Improved nutrition in early life and pulse wave velocity and augmentation index in mid-adu
JBZEMH8T,unlabelled,,0,60535,11,5503,2719,Using NIATx strategies to implement integrated services in routine care: a study protocol.
JCG8XFCD,unlabelled,,0,69403,24,2892,1933,"Design, implementation and preliminary results of a type-2 hybrid cluster-randomized trial"
JCPBMIPX,human_labelled,,0,51103,10,5110,1712,Cluster-randomized trial comparing organizationally tailored versus standard approach for 
JDABTKG9,human_labelled,,0,64814,12,5401,2505,Early findings from the integration of hypertension care into differentiated service deliv
JDWVCU3N,unlabelled,,0,29357,7,4194,1692,The role of clinician assistants in addressing perinatal depression.
JE4PYC4G,unlabelled,,0,61197,11,5563,2130,Mediators of weight change in underserved patients with obesity: exploratory analyses from
JESKQ7J8,unlabelled,,0,53011,17,3118,2052,The impact of an economic empowerment intervention on intimate partner violence among wome
JFH6M24C,unlabelled,,0,42426,15,2828,2404,Primary Care Cluster RCT to Increase Diabetes Prevention Program Referrals.
JFWNYRTX,unlabelled,,0,51258,17,3015,2040,Stressors and Maladaptive Coping Mechanisms Associated with Elevated Perinatal Depressive 
JG2L3WXC,unlabelled,,0,39428,15,2629,1881,An agricultural livelihood intervention is associated with reduced HIV stigma among people
JH6JQDBD,unlabelled,,0,13747,2,6874,1523,Community Hand-Dug Wells for Trachoma: A Cluster-Randomized Trial.
JI6JH36Q,unlabelled,,0,86398,18,4800,2820,Kids SIPsmartER reduces sugar-sweetened beverages among Appalachian middle-school students
JI6N7NLI,unlabelled,,0,86134,17,5067,2493,A gender synchronized family planning intervention for married couples in rural India: stu
JIKRKTAR,unlabelled,,0,53110,17,3124,1139,Multi-cultural perspectives on group singing among diverse older adults.
JJF6XXQG,human_labelled,,0,49895,21,2376,1720,Community-Clinical Linkage Intervention to Improve Colorectal Cancer Screening Among Under
JJG7EP6G,unlabelled,,0,43455,9,4828,2391,A Hybrid Deep Learning Approach to Identify Preventable Childhood Hearing Loss.
JJY2QERA,unlabelled,,0,49224,12,4102,2923,Effectiveness of a Mouth Care Program Provided by Nursing Home Staff vs Standard Care on R
JK3IKY2R,unlabelled,,0,40197,8,5025,1710,The effectiveness of training physical therapists in pain neuroscience education on patien
JM9T8XDZ,human_labelled,,0,43849,8,5481,2283,A randomized wait-list controlled trial of a social support intervention for caregivers of
JMHPDI2R,unlabelled,,0,39997,8,5000,1707,Costs and Implementation Effectiveness of Generalist Versus Specialist Models for Adolesce
JMZEVPCJ,unlabelled,,0,53358,22,2425,1878,The Influence of Classroom Physical Activity Participation and Time on Task on Academic Ac
JN7ZXMS6,unlabelled,,0,38676,9,4297,2199,"Effect of the STRIDE fall injury prevention intervention on falls, fall injuries, and heal"
JNCT34KA,unlabelled,,0,38837,7,5548,3479,Training contraceptive providers to offer intrauterine devices and implants in contracepti
JNNSEAAG,unlabelled,,0,44205,9,4912,2474,Can clinician champions reduce potentially inappropriate medications in people living with
JPXXAFJZ,human_labelled,,0,45040,10,4504,1770,Estimands in cluster-randomized trials: choosing analyses that answer the right question
JQEMYPQL,unlabelled,,0,56190,19,2957,1866,Scale-Up Study Protocol of the Implementation of a Mobile Health SBIRT Approach for Alcoho
JQGC593U,unlabelled,,0,80475,20,4024,2377,Multi-level intersectional stigma reduction intervention to increase HIV testing among men
JQH7C7QZ,human_labelled,,0,11091,3,3697,689,"Corrected analysis of ""the effects of bright light treatment on affective symptoms in peop"
JSRXWSXE,human_labelled,,0,37692,6,6282,1787,Addressing cancer survivors' cardiovascular health using the automated heart health assess
JT56SZZ3,unlabelled,,0,58730,21,2797,1880,Partnerships in Research to Implement and Disseminate Sustainable and Scalable Evidence-Ba
JTH78MGD,unlabelled,,0,44952,10,4495,2054,"iCOPE, a multi-level, cluster randomized, 36-month, parallel-group study to assess the eff"
JTME3IFQ,unlabelled,,0,36105,8,4513,1825,Previsit Screening for Parental Vaccine Hesitancy: A Cluster Randomized Trial.
JUUD3HHC,unlabelled,,0,39027,12,3252,1356,"Self-efficacy, academic performance and school transition among orphaned adolescents in so"
JW9782P3,human_labelled,,0,22581,5,4516,1609,A Comparison of Rural and Urban Hospice Family Caregivers' Cancer Pain Knowledge and Exper
JXRWVN3I,unlabelled,,0,73385,22,3336,1216,Physical activity across the curriculum (PAAC3): Testing the application of technology del
JYDPXACQ,unlabelled,,0,52593,9,5844,3320,Contribution of Relapse-Independent Progression vs Relapse-Associated Worsening to Overall
JYHWEYTI,unlabelled,,0,39569,16,2473,1676,Prevalence of NAFLD in Guatemala following exposure to a protein-energy nutrition interven
JYXGKCBF,unlabelled,,0,38321,16,2395,1802,Associations Between Food Insecurity and Parental Feeding Behaviors of Toddlers.
JZHSJF4P,human_labelled,,0,41626,8,5203,1914,"Treatment Intensity, Prescribing Patterns, and Blood Pressure Control in Rural Black Patie"
JZZT4K5G,unlabelled,,0,64694,11,5881,1937,To be mindful of the breath or pain: Comparing two brief preoperative mindfulness techniqu
K2BMQ78U,unlabelled,,0,53817,11,4892,1366,Acceptability and Preferences of Two Different Community Models of ART Delivery in a High 
K3TFJ2BC,unlabelled,,0,49819,17,2931,2860,The Fueling Learning Through Exercise Study Cluster RCT: Impact on Children's Moderate-to-
K4DMDMSQ,human_labelled,,0,76308,18,4239,3348,The Effect of an mHealth Self-Monitoring Intervention (MI-BP) on Blood Pressure Among Blac
K5J22MLQ,unlabelled,,0,59996,12,5000,2248,Opportunities and Challenges in HIV Treatment as Prevention Research: Results from the ANR
K5PURRCS,human_labelled,,0,33717,8,4215,1943,A comparative study of R functions for clustered data analysis
K65U39GR,unlabelled,,0,50315,10,5032,2710,Mid-level managers' perspectives on implementing isoniazid preventive therapy for people l
K72YHXJV,unlabelled,,0,51326,19,2701,2535,The impact of heterotopic ossification prophylaxis after surgical fixation of acetabular f
K7VA9ZA6,unlabelled,,0,45818,17,2695,2816,An Advance Care Planning Video Decision Support Tool for Nursing Home Residents With Advan
K8CZS3YU,unlabelled,,0,89932,19,4733,2784,A mixed methods partner-focused cost and budget impact analysis to deploy implementation s
K8TKE6RJ,human_labelled,,0,48186,12,4016,1737,"Longitudinal Changes in Allostatic Load during a Randomized Church-based, Lifestyle Interv"
K9SBFA78,unlabelled,,0,67457,14,4818,2639,"Padres Preparados, Jóvenes Saludables: intervention impact of a randomized controlled tria"
K9WF5ZZ3,unlabelled,,0,47840,9,5316,3125,Effect of Electronic Health Record-Based Medication Support and Nurse-Led Medication Thera
KAKALPWJ,unlabelled,,0,58730,16,3671,2096,Longitudinal Analysis of the Intestinal Microbiota among a Cohort of Children in Rural and
KC34I434,unlabelled,,0,48122,12,4010,1460,"Padres Preparados, Jóvenes Saludables: A Randomized Controlled Trial to Test Effects of a "
KDH4XJIC,human_labelled,,0,37837,8,4730,2423,Financial incentives versus standard of care to improve patient compliance with live kidne
KDPERZJS,unlabelled,,0,35500,7,5071,1484,Recruiting underrepresented individuals in a double pandemic: Lessons learned in a randomi
KE4VC9TP,unlabelled,,0,28313,11,2574,2152,Mindfulness in Motion and Dietary Approaches to Stop Hypertension (DASH) in Hypertensive A
KESZW83P,human_labelled,,0,46580,17,2740,1715,Balanced Crystalloids versus Saline in Critically Ill Adults
KFD9XVKA,unlabelled,,0,38534,8,4817,1773,Targeted Antibiotics for Trachoma: A Cluster-Randomized Trial.
KG4JI677,human_labelled,,0,47650,8,5956,2659,Moderators in a physical activity intervention for adolescent girls
KG6HCUIJ,unlabelled,,0,51504,11,4682,1666,Reducing decisional conflict in decisions about prenatal genetic testing: the impact of a 
KG7K5MJP,unlabelled,,0,46207,12,3851,1960,Impact of sunflower seed oil versus mustard seed oil on skin barrier function in newborns:
KGR36X85,unlabelled,,0,46109,14,3294,1857,Protocol for an embedded pragmatic clinical trial to test the effectiveness of Aliviado De
KGUIQV5I,unlabelled,,0,71948,26,2767,2716,Effects of a 2-Year Primary Care Lifestyle Intervention on Cardiometabolic Risk Factors: A
KHXDLKXP,unlabelled,,0,79969,17,4704,2841,Protocol for a parallel cluster randomized trial of a participatory tailored approach to r
KI6F3YXL,human_labelled,,0,29701,6,4950,1327,Depressive Symptoms in Caregivers of Hospice Cancer Patients
KJ32DPW3,unlabelled,,0,61858,19,3256,1628,Impact of a brief intervention to improve engagement in a recovery program for young adult
KJQKEW8Y,human_labelled,,0,44236,8,5530,2821,Effectiveness of a Mailed Colorectal Cancer Screening Outreach Program in Community Health
KJSH6EBW,human_labelled,,0,68157,14,4868,2405,Comparison of an automated smartphone-based smoking cessation intervention versus standard
KJUJ8Q7N,unlabelled,,0,81403,16,5088,3257,Professional Development to Improve Responsible Beverage Service Training: Formative Resea
KKDPLVEE,unlabelled,,0,45664,17,2686,2318,Integrating HCV testing with HIV programs improves hepatitis C outcomes in people who inje
KLK84DR3,unlabelled,,0,82934,18,4607,2601,Systems analysis and improvement approach to optimize outpatient mental health treatment c
KM89CUBZ,unlabelled,,0,55396,9,6155,2196,Childhood obesity prevention through a community-based cluster randomized controlled physi
KMRQTRP3,human_labelled,,0,44409,17,2612,1725,Clinician Prompts for Human Papillomavirus Vaccination: A Cluster Randomized Trial
KMVAL9WZ,unlabelled,,0,49747,13,3827,1012,Reciprocated Friendship as a Mediator of the Effects of Cooperative Learning on Peer Victi
KNXWXYX2,human_labelled,,0,61512,12,5126,2369,A successful intervention to improve medication adherence in Black patients with hypertens
KS6PKN99,unlabelled,,0,47439,18,2636,1941,Technology-Assisted Teachers' Training to Promote Socioemotional Well-Being of Children in
KSEJHAZU,unlabelled,,0,99715,19,5248,2591,Stakeholder selected strategies for obesity prevention in childcare: results from a small-
KSSYVX7X,human_labelled,,0,52268,10,5227,2481,A community-based dynamic choice model for HIV prevention improves PrEP and PEP coverage i
KSU9AFL8,unlabelled,,0,90948,21,4331,1119,The Báa nnilah Program: Results of a Chronic-Illness Self-Management Cluster Randomized Tr
KTSBA77P,unlabelled,,0,71284,14,5092,1792,Collaborative care for child and youth mental health problems in a middle-income country: 
KUF4LFG6,unlabelled,,0,89547,14,6396,1631,Cluster randomized trial of the classroom SCERTS intervention for elementary students with
KV28CSXV,unlabelled,,0,44129,11,4012,1851,Concordance Between Proxy Level of Care Preference and Advance Directives Among Nursing Ho
KV2ZVEL8,unlabelled,,0,51375,9,5708,1727,Patterns of and Factors Associated With Mental Health Service Utilization Among School-Goi
KWP6MN8U,unlabelled,,0,46144,11,4195,1274,The Impact of an Economic Strengthening Intervention on Academic Achievement Among Adolesc
KXCHSFHC,unlabelled,,0,41753,15,2784,1574,Early Sweet Tooth: Juice Introduction During Early Infancy is Related to Toddler Juice Int
KXK8TLEV,unlabelled,,0,105841,32,3308,1832,Protocol for the Imagine HEALTH Study: Guided imagery lifestyle intervention to improve ob
KZ6I2GMV,unlabelled,,0,64922,10,6492,3060,Suubi+Adherence study protocol: A family economic empowerment intervention addressing HIV 
KZ792YKP,unlabelled,,0,62599,14,4471,1448,"Effect of water, sanitation, handwashing and nutrition interventions on enteropathogens in"
L24CZE46,unlabelled,,0,44416,9,4935,1955,Barriers to dental utilization among Medicaid-enrolled young children from primary care pr
L2VHUDMD,human_labelled,,0,42678,9,4742,1701,Visit Planning Using a Waiting Room Health IT Tool: The Aligning Patients and Providers Ra
L2WZF7QK,unlabelled,,0,60406,11,5491,1589,A Community Choir Intervention to Promote Well-Being Among Diverse Older Adults: Results F
L32XUKZ8,unlabelled,,0,82675,19,4351,3046,Virtual Reality-Augmented Physiotherapy for Chronic Pain in Youth: Protocol for a Randomiz
L5GW7RPB,unlabelled,,0,46737,16,2921,1439,"Adverse childhood experiences, adult anxiety and social capital among women in rural Kenya"
L7TKTSW2,unlabelled,,0,47755,12,3980,1927,Reading Aloud and Child Development: A Cluster-Randomized Trial in Brazil.
L8AIQUDW,unlabelled,,0,38341,9,4260,2406,Digital crowdsourced intervention to promote HIV testing among MSM in China: study protoco
L8CPLJYW,human_labelled,,0,56303,8,7038,1745,A study protocol to engage religious leaders to reduce blood pressure in Tanzanian communi
LAN3S567,unlabelled,,0,78361,17,4609,2457,Multidisciplinary integrative care versus chiropractic care for low back pain: a randomize
LBB9QBKU,unlabelled,,0,35497,16,2219,1121,Lessons Learned from the Implementation of a Shared Community-Academic HIV Prevention Inte
LBP7P8GQ,unlabelled,,0,52669,11,4788,2553,Acceptability and feasibility of a behavioral and mobile health intervention (COMBIND) sho
LBWBM3QI,unlabelled,,0,79262,16,4954,2744,Comparing a standard and tailored approach to scaling up an evidence-based intervention fo
LCZW6RBC,unlabelled,,0,47690,11,4335,1614,An Analysis of Social Determinants of Health and Their Implications for Hepatitis C Virus 
LD2EYF43,human_labelled,,0,51688,12,4307,1992,Effect of Applying Best Practices for Physical Activity and Screen Time to Family Childcar
LD7CNGD5,human_labelled,,0,47642,17,2802,1785,"Mediators of Physical Activity Behavior Change in the ""Girls on the Move"" Intervention"
LD9H9BAM,unlabelled,,0,79168,15,5278,2665,"PRimary Care Opioid Use Disorders treatment (PROUD) trial protocol: a pragmatic, cluster-r"
LEJSIRL3,unlabelled,,0,47648,16,2978,2079,Nicotine replacement therapy sampling for smoking cessation within primary care: results f
LEKWLCQE,unlabelled,,0,63731,12,5311,1604,"A Randomized, Controlled Trial of the Impact of the Couple CARE for Parents of Newborns Pr"
LFJVWISZ,unlabelled,,0,114381,26,4399,2356,Hyperhydration to Improve Kidney Outcomes in Children with Shiga Toxin-Producing E. coli I
LGEECHQM,human_labelled,,0,60076,25,2403,1762,A mHealth intervention to preserve and promote ideal cardiovascular health in college stud
LGQ7G4GV,unlabelled,,0,53561,24,2232,1866,Using mH ealth Tools to Improve Access and Coverage of People With Public Health Insurance
LGS462BR,unlabelled,,0,67029,13,5156,1829,A randomized controlled trial to reduce sedentary time in rheumatoid arthritis: protocol a
LIJH82T5,human_labelled,,0,66206,13,5093,1993,A cluster randomised trial of cookstove interventions to improve infant health in Ghana
LIRRU3J2,unlabelled,,0,57473,10,5747,1798,"Impact of Economic and Family Intervention on Adolescent Girls' Education Performance, Sch"
LJSQZ83J,unlabelled,,0,50695,11,4609,2697,Incidence and risk factors of neonatal infections in a rural Bangladeshi population: a com
LJW4HEIA,human_labelled,,0,37304,9,4145,1640,Cost-Effectiveness of Community-to-Clinic Tailored Navigation for Colorectal Cancer Screen
LKKP65K5,unlabelled,,0,51194,11,4654,1833,Management of fast breathing pneumonia in young infants aged 7 to 59 days by community lev
LKSTDI4X,unlabelled,,0,57524,22,2615,1596,cvcrand and cptest: Commands for efficient design and analysis of cluster randomized trial
LLVSFTB7,unlabelled,,0,47252,8,5906,2138,Substance Use Disorder Detection Rates Among Providers of General Medical Inpatients.
LLZYSRKB,unlabelled,,0,66182,13,5091,2281,Cross-Tailoring Integrative Alcohol and Risky Sexual Behavior Feedback for College Student
LN9XGGNE,unlabelled,,0,48255,15,3217,2187,An ADaptivE PrenaTal (ADEPT) intervention to increase childhood vaccinations: Protocol for
LNE655AM,human_labelled,,0,53011,11,4819,3121,Ending Tobacco Use Through Interactive Tailored Messaging for Cambodian People With HIV (P
LNPUWIK5,unlabelled,,0,71053,14,5075,2964,"The ""Family Health = Family Wealth"" intervention: study protocol for a pilot quasi-experim"
LNWR884A,human_labelled,,0,50104,11,4555,2588,Action planning for building public health program sustainability: results from a group-ra
LPGMZZ5G,unlabelled,,0,33145,7,4735,2569,Integrated Smoking Cessation for Smokers With Serious Mental Illness: Protocol for a Conve
LPIT2KM5,human_labelled,,0,35335,7,5048,1682,Cancer worry and empathy moderate the effect of a survivorship-focused intervention on qua
LRDYLR4Y,human_labelled,,0,62623,12,5219,1741,Modifying the Environment and Policy Assessment and Observation (EPAO) to better capture f
LS2A7DHW,unlabelled,,0,40145,8,5018,1864,Comparison of 3 Days Amoxicillin Versus 5 Days Co-Trimoxazole for Treatment of Fast-breath
LSLZLVAS,human_labelled,,0,46917,9,5213,1945,Examining the relationship between household air pollution and infant microbial nasal carr
LSWMZLTI,unlabelled,,0,66166,13,5090,2619,Pay-it-forward gonorrhea and chlamydia testing among men who have sex with men and male ST
LU2WMVMD,unlabelled,,0,48731,16,3046,3016,Criterion-related validity and reliability of the Urdu version of the patient health quest
LUEAN8WC,unlabelled,,0,53125,16,3320,1932,A randomized trial of a multi-level intervention to increase water access and appeal in co
LW6HXNMV,unlabelled,,0,44018,10,4402,2044,Home-based intervention to test and start (HITS) protocol: a cluster-randomized controlled
LWBKGLCW,human_labelled,,0,35006,7,5001,1466,A Cluster Randomized Controlled Trial of a Primary Care Provider-Delivered Social Media Co
LY6ZS5D5,unlabelled,,0,39655,9,4406,1774,Racial and Ethnic Disparities in Diabetes Prevention Outcomes: Insights from the Prediabet
LZE9T854,unlabelled,,0,39430,16,2464,1783,Peer influence processes as mediators of effects of a middle school substance use preventi
M33HNRXE,unlabelled,,0,57022,12,4752,1729,"Changing hygiene behaviours: a cluster-randomized trial, Ethiopia."
M36AICFG,human_labelled,,0,44402,8,5550,1958,Using the socioecological model to explore factors associated with obesity among reproduct
M4TNHMYH,unlabelled,,0,51985,11,4726,1622,Improving Veteran Access to Integrated Management of Back Pain (AIM-Back): Protocol for an
M5CER7F5,unlabelled,,0,52106,12,4342,2352,Imagine HEALTH: Randomized Controlled Trial of a Guided Imagery Lifestyle Intervention to 
M5CP2SBY,unlabelled,,0,52932,13,4072,3093,Effect of Telehealth Treatment by Lay Counselors vs by Clinicians on Depressive Symptoms A
M5CUWAT7,unlabelled,,0,26709,6,4452,1494,Family Support and Readiness to Consider Smoking Cessation among Chinese and Vietnamese Am
M5Z4NRYX,unlabelled,,0,58535,27,2168,1406,Pay-it-forward incentives for hepatitis virus testing in men who have sex with men: a clus
M7JCMFJ7,human_labelled,,0,37690,9,4188,2248,Application of an innovative high-throughput liquid chromatography-tandem mass spectrometr
M7LQMW8H,unlabelled,,0,24330,10,2433,1970,Agreement of Antipsychotic Use between Nursing Home Electronic Records and Minimum Data Se
M7MJVIPL,human_labelled,,0,44833,18,2491,1582,Smoking Cessation Treatment for Parents Who Are Light or Very Light Smokers in the Pediatr
M8CXW6PU,human_labelled,,0,61329,12,5111,2145,Clinical and economic effectiveness of a pharmacy and primary care collaborative transitio
M8JJPHT2,unlabelled,,0,70694,14,5050,2706,"Efficacy of DigiKnowItNews: Teen, a multimedia educational website for adolescents about p"
M9BWEQ9C,unlabelled,,0,45557,9,5062,2460,Geriatric Syndromes and Health-Related Quality of Life in Older Adults with Chronic Kidney
MA7BGE8D,unlabelled,,0,58496,14,4178,2429,"Impact of a school-based water, sanitation, and hygiene intervention on school absence, di"
MA8B7BQH,unlabelled,,0,57405,10,5740,1364,Impact of implementation interventions to improve substance use service delivery on recidi
MAFVKW3X,unlabelled,,0,50914,10,5091,1769,Implementation resources to support teachers' use of behavioral classroom interventions: p
MB2VXL8B,unlabelled,,0,43262,6,7210,1851,Equity of overdose education and naloxone distribution provided in the Kentucky HEALing Co
MCEN2EXE,unlabelled,,0,52863,14,3776,1446,IMARA: A mother-daughter group randomized controlled trial to reduce sexually transmitted 
MCKQDWYQ,human_labelled,,0,59600,14,4257,1444,Racial Differences in Pain Management for Patients Receiving Hospice Care
MDUWF9YP,human_labelled,,0,50385,18,2799,1057,Characterizing Time to Diagnostic Resolution After an Abnormal Cancer Screening Exam in Ol
MEKD4KMW,unlabelled,,0,61282,12,5107,2471,Addressing identification bias in the design and analysis of cluster-randomized pragmatic 
MEWFJM3S,unlabelled,,0,23799,9,2644,2029,Twelve-Month outcomes of a Cluster-Randomized Trial of Home-Based Postpartum Contraceptive
MFCQSDMF,human_labelled,,0,76927,15,5128,2449,Sustainable deimplementation of continuous pulse oximetry monitoring in children hospitali
MGQIXSEX,unlabelled,,0,89028,19,4686,2811,The TIRS trial: protocol for a cluster randomized controlled trial assessing the efficacy 
MIT4U4YT,unlabelled,,0,60340,21,2873,1850,An Implementation Approach Comparison of a Child Care Center-Based Obesity Prevention Prog
MJNWAQHW,unlabelled,,0,58685,8,7336,2592,Sustainment of Contingency Management within Opioid Treatment Programs: COVID-Related Barr
MLS3VVRS,unlabelled,,0,52625,16,3289,1864,Increasing knowledge of HIV status in a country with high HIV testing coverage: Results fr
MMJBXYNB,human_labelled,,0,65688,18,3649,2182,Water First School Water Promotion and Access Intervention: A Cost Analysis Study
MPJA6L2H,human_labelled,,0,34901,7,4986,1402,Breakfast Is Brain Food? The Effect on Grade Point Average of a Rural Group Randomized Pro
MPSTWIIE,unlabelled,,0,38464,8,4808,2098,Assessing COVID-19 testing strategies in K-12 schools in underserved populations: study pr
MQ2YYVPU,unlabelled,,0,72620,13,5586,2664,The effect of caregiver key opinion leaders on increasing caregiver demand for evidence-ba
MQF2Y5AM,human_labelled,,0,67683,12,5640,1985,Behavioural 'nudging' interventions to reduce low-value care for low back pain in the emer
MRT24INS,unlabelled,,0,51633,22,2347,2016,Differential Effects of an Intervention to Reduce Cardiovascular Risk for Patients With Bi
MSMKSVSG,unlabelled,,0,48911,20,2446,2370,The effect of a behavioral activation treatment for substance use on post-treatment abstin
MTDQCBD8,unlabelled,,0,36225,15,2415,1777,"Design, implementation, and analysis considerations for cluster-randomized trials in infec"
MTLFVN94,human_labelled,,0,53920,9,5991,1790,Managing high cardiovascular disease risk among adults in Argentina using a multicomponent
MU556XRC,unlabelled,,0,67060,11,6096,1418,Does money buy happiness? Evidence from an unconditional cash transfer in Zambia.
MUYY6VBN,unlabelled,,0,43556,11,3960,2063,Impact of Improved Biomass and Liquid Petroleum Gas Stoves on Birth Outcomes in Rural Nepa
MW55PRG6,unlabelled,,0,136255,24,5677,2445,Considerations for first field trials of low-threshold gene drive for malaria vector contr
MWYKAIL4,human_labelled,,0,71121,16,4445,1834,"Impact of a School-Based Gardening, Cooking, Nutrition Intervention on Diet Intake and Qua"
MX3VF3WN,unlabelled,,0,49639,10,4964,1673,Effectiveness of a community-based education and peer support led by women's self-help gro
MX4V3BA2,unlabelled,,0,44928,17,2643,2297,Comparing the effect of a multisectoral agricultural intervention on HIV-related health ou
MXKWYL3P,unlabelled,,0,42749,14,3054,3161,Contact tracing versus facility-based screening for active TB case finding in rural South 
MZ3T9PWI,human_labelled,,0,42851,18,2381,1763,Seriously Ill Patients' Prioritized Goals and Their Clinicians' Perceptions of Those Goals
N284SIAR,unlabelled,,0,48608,11,4419,2503,Incentivizing appropriate malaria case management in the private sector: a study protocol 
N2CPTK4J,unlabelled,,0,25956,5,5191,1692,Feasibility of Delivering a Tailored Intervention for Advance Care Planning in Primary Car
N2QZPD9W,unlabelled,,0,68813,12,5734,1620,Implementation Strategy Fidelity and Organizational Outcomes in a Randomized Trial: Implic
N38GNG6A,unlabelled,,0,52546,11,4777,2151,The effects of financial incentives on diabetes prevention program attendance and weight l
N3LGTHJT,unlabelled,,0,57926,10,5793,3405,Coordinated Care to Optimize Cardiovascular Preventive Therapies in Type 2 Diabetes: A Ran
N4NS7WMN,unlabelled,,0,34845,8,4356,2195,The impact of integrated nutrition-sensitive interventions on nutrition and health of chil
N644CX8B,unlabelled,,0,30279,11,2753,2107,Effect of a Video-Assisted Advance Care Planning Intervention on End-of-Life Health Care T
N7Y2WLZH,unlabelled,,0,37981,16,2374,1377,Incidence of childhood burn injuries and modifiable household risk factors in rural Ghana:
N8PF2TXU,unlabelled,,0,46467,9,5163,2087,Rationale and design of a type 2 diabetes prevention intervention for at-risk mothers and 
N8SBUY24,unlabelled,,0,34884,9,3876,1681,A Longitudinal Analysis of Chlamydial Infection and Trachomatous Inflammation Following Ma
NAYAQYLG,unlabelled,,0,48296,12,4025,1701,Improving the Adoption of Advance Directives in Primary Care Practices.
NBEZRCXR,unlabelled,,0,49440,18,2747,1699,"Family Economic Empowerment, Family Social Support, and Sexual Risk-Taking Behaviors Among"
NBXU2V3D,unlabelled,,0,51536,11,4685,2552,A Randomized Clinical Trial Testing Hydroxychloroquine for Reduction of SARS-CoV-2 Viral S
NCAJCSS6,unlabelled,,0,53434,12,4453,2285,A Randomized Trial of a Multifactorial Strategy to Prevent Serious Fall Injuries.
NCCK268D,unlabelled,,0,52662,9,5851,2221,Maternal depression treatment in HIV (M-DEPTH): Study protocol for a cluster randomized co
NCSL8C84,unlabelled,,0,41136,8,5142,2291,Impact of Peer Support on Acute Care Visits and Hospitalizations for Individuals With Diab
NCULGT7Q,human_labelled,,0,51401,16,3213,2336,Acceptability and feasibility of mobile phone-based ecological momentary assessment and in
NCXFTDSE,unlabelled,,0,66439,14,4746,2449,Beat osteoporosis - nourish and exercise skeletons (BONES): a group randomized controlled 
NCY67FZ9,human_labelled,,0,53861,21,2565,1788,Changes in Moderate Intensity Physical Activity Are Associated With Better Cognition in th
NCZHFUG6,unlabelled,,0,37586,8,4698,2108,LungCARE: Encouraging Shared Decision-Making in Lung Cancer Screening-a Randomized Trial.
NDBCX4DU,unlabelled,,0,42529,16,2658,1756,A Cluster Randomized Trial of Tai Chi vs Health Education in Subsidized Housing: The MI-Wi
NDIKHK78,unlabelled,,0,45211,11,4110,1391,A Cluster-Randomized Controlled Trial of an Economic Strengthening Intervention to Enhance
NE394TS7,unlabelled,,0,53509,15,3567,2129,Evaluating the efficacy of the HITSystem 2.1 to improve PMTCT retention and maternal viral
NEFAHCCF,unlabelled,,0,57119,14,4080,2632,Applying Clinical Decision Support Design Best Practices With the Practical Robust Impleme
NFB85JUN,unlabelled,,0,50785,12,4232,1523,The Role of Culture of Origin on the Effectiveness of a Parents-Involved Intervention to P
NFIAY6NV,human_labelled,,0,45350,9,5039,2411,Effects by educational attainment of a mammography screening patient decision aid for wome
NG593I6Q,unlabelled,,0,55578,21,2647,1501,Research and Scholarly Methods: Implementation Science Studies.
NGGBZIRD,unlabelled,,0,30296,9,3366,1226,Adoption of HIV pre-exposure prophylaxis among women at high risk of HIV infection in Keny
NH3QXMVU,unlabelled,,0,37508,9,4168,1884,A School-Based Intervention for Mental Illness Stigma: A Cluster Randomized Trial.
NIDPDKFT,unlabelled,,0,38417,17,2260,2708,Trial of Three Rounds of Mass Azithromycin Administration for Yaws Eradication.
NIHKDG2K,unlabelled,,0,42421,9,4713,2703,Hospital recruitment for a pragmatic cluster-randomized clinical trial: Lessons learned fr
NIK4YS4I,unlabelled,,0,76266,16,4767,2651,The comparative effectiveness of Core versus Core+Enhanced implementation strategies in a 
NK7JI63T,unlabelled,,0,58252,23,2533,1967,You-Me-Us: Results of a Cluster Randomized Trial of a Healthy Relationships Approach to Se
NKMRWMRF,unlabelled,,0,54805,13,4216,1090,A Cluster-Randomized Trial of Traditional Healer-Delivered Counseling and Rapid HIV Testin
NLB56I9J,unlabelled,,0,58759,8,7345,1918,Design of Lung Transplant Go (LTGO): A randomized controlled trial evaluating the efficacy
NLT3RNI6,human_labelled,,0,45080,10,4508,3061,Two-part model for ventilator-free days in a cluster randomized cross-over clinical trial
NML3VQY6,unlabelled,,0,63189,12,5266,2517,A comparison of different community models of antiretroviral therapy delivery with the sta
NMNK2UJG,human_labelled,,0,63009,14,4501,2877,Assessing the effectiveness of training models for national scale-up of an evidence-based 
NMYAF58A,unlabelled,,0,26651,6,4442,1812,Temporal Trends in Phenotypic Macrolide and Nonmacrolide Resistance for Streptococcus pneu
NPL23U9B,unlabelled,,0,43320,10,4332,1783,A Structural Equation Model of the Impact of a Family-Based Economic Intervention on Antir
NQ4Y7FIA,human_labelled,,0,113178,38,2978,1903,Caring for the elderly at work and home: Can a randomized organizational intervention impr
NRHYD9J5,unlabelled,,0,46004,10,4600,2530,"De-Implementing Opioids for Dental Extractions (DIODE): a multi-clinic, cluster-randomized"
NRWI3Y77,unlabelled,,0,36147,8,4518,1928,Improving Tuberculosis Preventive Therapy Uptake: A Cluster-randomized Trial of Symptom-ba
NT3UR2AB,human_labelled,,0,37480,14,2677,1286,The Impact of a Healthy Weight Intervention Embedded in a Home-Visiting Program on Childre
NT6G599L,unlabelled,,0,50919,15,3395,1867,A parish-based multilevel cluster randomized controlled trial to reduce stigma and mental 
NTMJV7AY,unlabelled,,0,56222,12,4685,1905,Impact of short message service and peer navigation on linkage to care and antiretroviral 
NTWDE6C4,unlabelled,,0,76414,15,5094,1692,Evaluation of a Whole-School Change Intervention: Findings from a Two-Year Cluster-Randomi
NTWRLPLR,unlabelled,,0,61084,10,6108,1995,Systematic Review of the Evidence for Stroke Family Caregiver and Dyad Interventions.
NV98K9JW,unlabelled,,0,56360,11,5124,2483,"A randomized, controlled study to evaluate the efficacy of intra-articular, autologous adi"
NVKKCW4E,unlabelled,,0,49690,10,4969,2878,"A dynamic application of PRECIS-2 to evaluate implementation in a pragmatic, cluster rando"
NVP5Q3EY,unlabelled,,0,77195,18,4289,3380,"Empowering With PrEP (E-PrEP), a Peer-Led Social Media-Based Intervention to Facilitate HI"
NVVGHG2W,human_labelled,,0,41605,10,4160,2263,Monitoring Study Participants and Implementation with Phone Calls to Support Hypertension 
NWJSBE2M,unlabelled,,0,108785,31,3509,2245,Improving Medication Access within Integrated Treatment for Individuals with Co-Occurring 
NXXPM842,unlabelled,,0,58070,10,5807,2070,Evaluating a web-based personalized decision report for total knee or hip replacement: Les
NY45C2LX,unlabelled,,0,41742,9,4638,2667,The Communicating Narrative Concerns Entered by Registered Nurses (CONCERN) Clinical Decis
NYA6E7TI,unlabelled,,0,57064,12,4755,2492,Measurement Training and Feedback System for Implementation of family-based services for a
NYT8TV5W,unlabelled,,0,47090,10,4709,3130,A Behavioral Economics-Electronic Health Record Module to Promote Appropriate Diabetes Man
NYX258BS,unlabelled,,0,60454,13,4650,1654,Stigma and Judgment Toward People Living with HIV and Key Population Groups Among Three Ca
NZJ9UL2Y,unlabelled,,0,68860,12,5738,2723,Community Walks: a cluster randomized controlled trial of a multilevel physical activity i
NZYS3BX2,human_labelled,,0,50403,14,3600,1933,A Pragmatic Cluster-Randomized Trial of a Standing Order Entry Intervention for Colony-Sti
P2HZSA46,unlabelled,,0,51730,9,5748,2021,Lipid-Based Nutrient Supplementation Reduces Child Anemia and Increases Micronutrient Stat
P3KQJM4H,human_labelled,,0,8652,3,2884,0,Ambiguity in Statistical Analysis Methods and Nonconformity With Prespecified Commitment t
P3ZJYJ5P,unlabelled,,0,63091,12,5258,1741,Technology-Based Methods for Training Counseling Skills in Behavioral Health: a Scoping Re
P5ASMXQM,unlabelled,,0,44787,9,4976,1194,Caregiver preparedness is associated with desire to seek long-term care admission of hospi
P5BTK8QW,unlabelled,,0,103763,22,4716,3451,"Testing the Efficacy of a Brief, Self-Guided Mindfulness Ecological Momentary Intervention"
P657AIST,unlabelled,,0,60825,13,4679,2398,"Integrating early stimulation and play at scale: study protocol for ""MAHAY Mikolo"", a mult"
P6KHNMXR,unlabelled,,0,49627,18,2757,2014,Change in Patient Outcomes After Augmenting a Low-level Implementation Strategy in Communi
P6QS3RSX,human_labelled,,0,59063,13,4543,1793,Nutrition Practices of Family Child Care Home Providers and Children's Diet Quality
P6Z2Z86T,unlabelled,,0,54546,15,3636,2191,Estimating the association between being seropositive for cysticercosis and the prevalence
P83JNYPT,unlabelled,,0,56168,9,6241,2160,Household Water and Food Insecurity Are Positively Associated with Poor Mental and Physica
P8WBH993,unlabelled,,0,84827,15,5655,1196,Geographic pair matching in large-scale cluster randomized trials.
P9AJZFPI,unlabelled,,0,47151,10,4715,2527,Effects of a Community Health Worker-Led Health Literacy Intervention on Lifestyle Modific
PDP273K4,human_labelled,,0,55878,12,4656,2663,Behavioral economic implementation strategies to improve serious illness communication bet
PDRJNTJE,unlabelled,,0,74277,14,5306,2041,Design of the Focus on Restaurant Engagement to Strengthen Health (FRESH) study: leveragin
PE7QLEQX,unlabelled,,0,64811,12,5401,1413,Parent-Focused Sexual Abuse Prevention: Results From a Cluster Randomized Trial.
PF926P8I,unlabelled,,0,39885,12,3324,2638,"Cluster identification, selection, and description in cluster randomized crossover trials:"
PG83SQ3X,human_labelled,,0,81892,22,3722,1357,Demystifying estimands in cluster-randomised trials
PGHBUF4L,unlabelled,,0,62707,17,3689,1806,Effects of a large-scale social media advertising campaign on holiday travel and COVID-19 
PGKHSQLK,unlabelled,,0,48916,21,2329,1011,Cluster Randomized Trial of Diabetes Group Visits in Community Health Centers across the M
PI6S6RYA,unlabelled,,0,51764,19,2724,1757,Vales+Tú: a cluster-randomized pilot study to reduce workplace injuries among US Latino da
PIZAETCG,human_labelled,,0,51695,21,2462,1897,"Making Informed Choices On Incorporating Chemoprevention into carE (MiCHOICE, SWOG 1904): "
PJ3LJPS4,human_labelled,,0,60660,11,5515,2966,A Multilevel Primary Care Intervention to Improve Follow-Up of Overdue Abnormal Cancer Scr
PJD4859F,unlabelled,,0,45248,11,4113,1544,PRogram In Support of Moms (PRISM): a pilot group randomized controlled trial of two appro
PJFZQC88,unlabelled,,0,56800,14,4057,2579,Peer Comparison or Guideline-Based Feedback and Postsurgery Opioid Prescriptions: A Random
PKC5FBL6,unlabelled,,0,58705,12,4892,2051,Effects of a multipronged beverage intervention on young children's beverage intake and we
PKIN6R35,human_labelled,,0,51534,10,5153,1898,Association of Race and Ethnicity with Sedation Management in Pediatric Intensive Care
PKIU84XT,unlabelled,,0,32164,7,4595,1887,A situation analysis of competences of research ethics committee members regarding review 
PKZFSUXD,unlabelled,,0,56617,16,3539,3083,A peer-facilitated psychological group intervention for perinatal women living with HIV an
PLBLWLKR,unlabelled,,0,50181,11,4562,1789,Preventive residual insecticide applications successfully controlled Aedes aegypti in Yuca
PMAXGL5B,unlabelled,,0,63369,16,3961,3055,Risk Factors Associated With Transition From Acute to Chronic Low Back Pain in US Patients
PNLNIYEE,unlabelled,,0,50818,18,2823,2057,Peer Support Intervention Improves Pain-Related Outcomes Among Rural Adults With Diabetes 
PNP8QPID,unlabelled,,0,72065,25,2883,1768,"Adjunctive dietary intervention for bipolar disorder: a randomized, controlled, parallel-g"
PPBNLKC9,unlabelled,,0,121303,38,3192,1871,"Kids SIPsmartER, a cluster randomized controlled trial and multi-level intervention to imp"
PQ27VEZT,unlabelled,,0,54702,17,3218,1774,An overview of the Connect through PLAY trial to increase physical activity in underserved
PQB2RMMU,unlabelled,,0,56954,9,6328,3508,Advance Care Planning Video Intervention Among Long-Stay Nursing Home Residents: A Pragmat
PQQGXWXV,unlabelled,,0,68721,18,3818,1774,Study protocol for the targeting effective analgesia in clinics for HIV (TEACH) study - a 
PQVNQR33,human_labelled,,0,52299,23,2274,2066,Addressing Pediatric Asthma Disparities through RI-AIR's Community Approach: A Randomized 
PRALKUIM,unlabelled,,0,42896,10,4290,1552,"Effects of the ""Circle of Life"" HIV-prevention program on marijuana use among American Ind"
PS28LFVA,unlabelled,,0,23117,4,5779,1122,Malaria Parasitemia and Nutritional Status during the Low Transmission Season in the Prese
PSCSKNSV,human_labelled,,0,47550,10,4755,2359,Extensive Molecular and Clinical Heterogeneity in Patients With Histologically Diagnosed C
PSM5JQ3Y,unlabelled,,0,53557,14,3826,3249,Effect of Greening Vacant Land on Mental Health of Community-Dwelling Adults: A Cluster Ra
PSPTLUIM,unlabelled,,0,30495,12,2541,1698,Benefits and Sustainability of a Learning Collaborative for Implementation of Treat-to-Tar
PT2PSKAP,human_labelled,,0,116602,22,5300,1695,Power and Sample Size Calculations for Cluster Randomized Hybrid Type 2 Effectiveness-Impl
PTVTLVQU,unlabelled,,0,55560,17,3268,1598,"Rationale, design, and methods for the development of a youth adapted Brief Tobacco Interv"
PU3W7CKM,unlabelled,,0,47529,8,5941,2403,Integrating methadone into primary care settings in Ukraine: effects on provider stigma an
PUE5DHA2,unlabelled,,0,45377,11,4125,3190,Dental Caries in Medicaid-Insured Preschool Children With or Without Special Health Care N
PUG2MK24,unlabelled,,0,53013,25,2121,1666,"Retention, adherence, and acceptability testing of a digital health intervention in a 3-gr"
PV2Z7J77,human_labelled,,0,50037,18,2780,1531,Modifiable fall risk factors among older adults with advanced cancer: Secondary analysis o
PVIMTUBL,human_labelled,,0,52078,12,4340,1403,A Bayesian Approach for Estimating the Survivor Average Causal Effect When Outcomes Are Tr
PVP9PWD9,human_labelled,,0,45335,11,4121,2978,Assessing the representativeness of cluster randomized trials: Evidence from two large pra
PVTH3F4Y,unlabelled,,0,40253,7,5750,1770,In the Know: A Cluster Randomized Trial of an In-person Sexual Health Education Program In
PWIYEX26,unlabelled,,0,55207,12,4601,1711,A Cluster-Randomized Trial of Getting To Outcomes' Impact on Sexual Health Outcomes in Com
PWPJMUUS,human_labelled,,0,53412,12,4451,1475,"COVID-19 Related Protocol Considerations and Modifications within a Rural, Community-Engag"
PWWEDNNK,human_labelled,,0,39965,15,2664,1752,Assessing barriers to providing tobacco use disorder treatment in community mental health 
PYNT6GFJ,unlabelled,,0,49301,11,4482,1896,Randomized double-masked controlled trial of cognitive training in breast cancer survivors
PZ4KVRPV,unlabelled,,0,58160,10,5816,2462,Breaking down relationship barriers to increase PrEP uptake and adherence among adolescent
Q2QTV5U4,unlabelled,,0,47103,10,4710,1756,Care Optimization Through Patient and Hospital Engagement Clinical Trial for Heart Failure
Q2S96SJ9,human_labelled,,0,29342,5,5868,1850,Strategies to improve the recruitment and retention of underserved children and families i
Q4Y3ER3R,unlabelled,,0,43264,9,4807,1466,Prospective Cohort study of Predictors of Follow-Up Diagnostic Colonoscopy from a Pragmati
Q5KYTZM8,human_labelled,,0,43643,11,3968,2115,"Heterogeneity in Health Outcomes in the Strong Hearts, Healthy Communities-2.0 Multilevel "
Q5UBAJFB,human_labelled,,0,46297,8,5787,2722,Assessment of Inpatient Time Allocation Among First-Year Internal Medicine Residents Using
Q6PZ52E8,human_labelled,,0,54049,14,3861,2030,Early Neuromuscular Blockade in Moderate-to-Severe Pediatric Acute Respiratory Distress Sy
Q78QP2KE,unlabelled,,0,50721,11,4611,2317,Wait No Longer: Reducing Medication Wait-Times for Individuals with Co-Occurring Disorders
Q7A5MBGH,unlabelled,,0,30120,9,3347,2182,Rationale and design of a cluster-randomized pragmatic trial aimed at improving use of gui
Q7BSRAF6,unlabelled,,0,23095,5,4619,1952,Recruiting Primary Care Practices for Research: Reflections and Reminders.
Q8KJFTBR,unlabelled,,0,44883,19,2362,681,A power approximation for the Kenward and Roger Wald test in the linear mixed model.
Q8L336CD,unlabelled,,0,66120,14,4723,2054,Comparative Effectiveness of Coalitions Versus Technical Assistance for Depression Quality
Q9GGM5MW,unlabelled,,0,46970,12,3914,2069,Saline versus Balanced Crystalloids for Adults with Aneurysmal Subarachnoid Hemorrhage: A 
Q9RJZIWK,unlabelled,,0,78887,15,5259,2507,Testing means to scale early childhood development interventions in rural Kenya: the Msing
QBBH86HG,unlabelled,,0,39266,15,2618,1899,Development of PIVOT with MI: A motivational Interviewing-Based vaccine communication trai
QCS9WV5U,unlabelled,,0,61031,14,4359,3279,Effect of Enhanced Medical Rehabilitation on Functional Recovery in Older Adults Receiving
QD4CGKG2,unlabelled,,0,68314,16,4270,2925,"Attractive targeted sugar bait phase III trials in Kenya, Mali, and Zambia."
QDC744HA,unlabelled,,0,62212,12,5184,2736,Reducing Care Overuse in Older Patients Using Professional Norms and Accountability : A Cl
QDEGQD4A,unlabelled,,0,47393,10,4739,2326,High-Flow Nasal Cannula Therapy for Exertional Dyspnea in Patients with Cancer: A Pilot Ra
QDI75V3P,unlabelled,,0,50885,10,5088,2431,Effects of behavioural interventions on postpartum retention and adherence among women wit
QE8MYCPB,unlabelled,,0,56775,11,5161,2150,Stroke Minimization through Additive Anti-atherosclerotic Agents in Routine Treatment (SMA
QEFC624Z,unlabelled,,0,65084,15,4339,3245,Effectiveness of Varenicline and Cytisine for Alcohol Use Reduction Among People With HIV 
QEHREYLH,human_labelled,,0,42830,17,2519,1917,Sodium Bicarbonate Use During Pediatric Cardiopulmonary Resuscitation: A Secondary Analysi
QGYV7YR8,unlabelled,,0,51708,11,4701,1142,A Pilot Study to Evaluate the Impact of the HIV Infant Tracking System (HITSystem 2.0) on 
QICUHUID,unlabelled,,0,47965,12,3997,2837,A Pay-It-Forward Approach to Improve Chlamydia and Gonorrhea Testing Uptake Among Female S
QITZ472M,unlabelled,,0,42351,9,4706,2789,De-Implementing Opioid Use and Implementing Optimal Pain Management Following Dental Extra
QJRBBVLY,human_labelled,,0,34143,7,4878,1802,Family-Based Interventions to Promote Weight Management in Adults: Results From a Cluster 
QKGFUW4N,unlabelled,,0,37192,13,2861,907,Mentoring as a Buffer for the Impact of Social Unrest due to Systemic Racism and Ambient D
QL8RC7HH,unlabelled,,0,46279,10,4628,1871,The impact of enhancing self-management support for diabetes in Community Health Centers t
QLIMJPK7,unlabelled,,0,41009,8,5126,1271,Efficacy of Communication Training of Community Health Workers on Service Delivery to Peop
QLJ7HTJU,human_labelled,,0,82188,17,4835,1693,Weighting methods for truncation by death in cluster-randomized trials
QMLU4TM8,human_labelled,,0,66154,11,6014,1716,Prognosticating Outcomes and Nudging Decisions with Electronic Records in the Intensive Ca
QMY8W9P2,unlabelled,,0,33695,13,2592,1858,Implementing Person-Centered Care Planning: A Randomized Controlled Trial.
QN49II8P,unlabelled,,0,44252,6,7375,1655,Citywide cluster randomized trial to restore blighted vacant land and its effects on viole
QNXF4WMN,unlabelled,,0,31120,9,3458,1614,Medication Use Quality and Safety in Older Adults: 2018 Update.
QP3BKY2S,unlabelled,,0,29461,12,2455,2052,Life-Space of Older Adults after Discharge from Skilled Nursing Facilities.
QR97G752,unlabelled,,0,48940,16,3059,1593,Parent Website Engagement and Health Equity Implications in a Child Care-Based Wellness In
QRJXSLKY,unlabelled,,0,39103,16,2444,808,Enlisting Peer Cooperation in the Service of Alcohol Use Prevention in Middle School.
QRKHJWUI,unlabelled,,0,61345,19,3229,1825,CHECK: A randomized trial evaluating the efficacy and cost-effectiveness of home visitatio
QRNNZKQD,unlabelled,,0,34278,7,4897,2148,Effect of Social Comparison Feedback on Laboratory Test Ordering for Hospitalized Patients
QRUEDYP9,unlabelled,,0,35080,8,4385,1068,"Relationship Power, Antiretroviral Adherence, and Physical and Mental Health Among Women L"
QRWCUEJB,unlabelled,,0,49451,18,2747,3355,Environmental Factors for Hearing Loss and Middle Ear Disease in Alaska Native Children an
QSBC7SYW,unlabelled,,0,62433,13,4803,1895,Keepin' It REAL-Mantente REAL in Mexico: a Cluster Randomized Controlled Trial of a Cultur
QSVB2Y46,unlabelled,,0,48796,11,4436,1624,Protocol for a cluster randomized controlled trial to study the effectiveness of an obesit
QT8FHYS8,unlabelled,,0,55737,21,2654,1939,Predictors of Hospitalization of Individuals With First-Episode Psychosis: Data From a 2-Y
QUEFXEQY,human_labelled,,0,76065,16,4754,2629,Implementation of coordinated spontaneous awakening and breathing trials using telehealth-
QUKVYUVE,unlabelled,,0,56836,11,5167,2020,The impact and implementation of an mHealth intervention to improve infant and young child
QURVUDB5,human_labelled,,0,91217,18,5068,2771,A multi-component tailored intervention in family childcare homes improves diet quality an
QV7GH729,unlabelled,,0,75608,25,3024,1350,Testing the evidence integration triangle for implementation of interventions to manage be
QWFWGIKM,unlabelled,,0,31077,17,1828,1724,Diagnostic accuracy of smartphone corneal photography for detection of corneal opacities i
QX9WUKX6,unlabelled,,0,62062,11,5642,3530,Telemedicine Referral to Improve Access to Specialty Care for Preschool Children in Rural 
QZDGZRAB,unlabelled,,0,10349,2,5174,1104,Knowledge of Norovirus and Attitudes toward a Potential Norovirus Vaccine in Rural Guatema
R28V6KHD,unlabelled,,0,51869,9,5763,1746,Facilitating treatment initiation and reproductive care postpartum to prevent substance-ex
R2P2KPRE,human_labelled,,0,53911,10,5391,2329,Best Case/Worst Case: protocol for a multisite randomised clinical trial of a scenario pla
R3FT4BF3,human_labelled,,0,46191,19,2431,1698,Multilevel Follow-up of Cancer Screening (mFOCUS): Protocol for a multilevel intervention 
R45A8L28,unlabelled,,0,43957,9,4884,2260,Isoniazid preventive therapy completion in children under 5 years old who are contacts of 
R4IBBUV5,unlabelled,,0,61871,24,2578,1695,The effect of affordable daycare on women's mental health: Evidence from a cluster randomi
R5QCW95B,unlabelled,,0,53215,11,4838,1533,Health equity considerations in pragmatic trials in Alzheimer's and dementia disease: Resu
R7A9Q3GV,unlabelled,,0,34150,8,4269,1476,Provider experiences with three- and six-month antiretroviral therapy dispensing for stabl
R7T6WKEW,human_labelled,,0,81678,12,6806,2598,"Protocol paper: Multi-site, cluster-randomized clinical trial for optimizing functional ou"
R7TMEQLY,unlabelled,,0,22529,5,4506,1635,Role of geospatial mapping in the planning of HIV programs: A case study from Southern Ind
R7UFE2HF,unlabelled,,0,40289,9,4477,1369,Sexual and Social Network Correlates of Willingness to Self-Test for HIV Among Ever-Tested
R8DWVW84,human_labelled,,0,46064,7,6581,1922,An analysis of adaptations to multi-level intervention strategies to enhance implementatio
R8Q9IC7L,unlabelled,,0,54426,11,4948,2692,Exemplar Hospital initiation trial to Enhance Treatment Engagement (EXHIT ENTRE): protocol
RACDW842,unlabelled,,0,80058,12,6672,2747,Long-term mediation of a sexual risk-reduction intervention for South African adolescents.
RAKVRPKK,unlabelled,,0,44366,9,4930,1668,The cost-efficacy of a healthy food box for managing hypertension within a native American
RB9I4EW6,unlabelled,,0,46617,8,5827,2984,Efficacy and Safety of Varenicline for Adolescent Smoking Cessation: A Randomized Clinical
RBW24G9W,unlabelled,,0,17615,7,2516,1177,Total observed caries experience: assessing the effectiveness of community-based caries pr
RBYXCK48,unlabelled,,0,54043,11,4913,2686,Implementation fidelity to a behavioral diabetes prevention intervention in two New York C
RC3NW9E4,unlabelled,,0,50217,9,5580,1659,A Group Randomized Trial of the Stop Service to Obviously-Impaired Patrons (S-STOP) Progra
RC54XH99,unlabelled,,0,52407,18,2912,826,Reliability and Validity of the Neuropsychiatric Inventory-Questionnaire Using a Rasch Ana
RCH9DS2X,unlabelled,,0,50777,18,2821,1600,School Mental Health Curriculum Effects on Peer Violence Victimization and Perpetration: A
RCP7XSIQ,unlabelled,,0,49492,13,3807,2772,Effect of Time-Restricted Eating on Weight Loss in Adults With Type 2 Diabetes: A Randomiz
RCY3W772,unlabelled,,0,57943,11,5268,1602,Delivery of a Prevention Program in Large College Classes: Effectiveness of the Expectancy
RE9NAY8K,human_labelled,,0,48726,10,4873,147,Low-dose versus High-dose Carfilzomib with Dexamethasone (S1304) in Patients with Relapsed
REZJUIXS,human_labelled,,0,31272,6,5212,2331,Effects of a School-Based Garden Program on Academic Performance: A Cluster Randomized Con
RFLPDXC9,unlabelled,,0,49550,8,6194,1842,"""When I Eat Well, I Will Be Healthy, and the Child Will Also Be Healthy"": Maternal Nutriti"
RHQWSFTR,human_labelled,,0,68486,22,3113,2058,An overview of optimal designs under a given budget in cluster randomized trials with a bi
RJUQYEF7,unlabelled,,0,54961,17,3233,1397,Effects of M-DEPTH Model of Depression Care on Maternal Functioning and Infant Development
RJUV655F,unlabelled,,0,65953,18,3664,2121,Development of the ADFICE_IT clinical decision support system to assist deprescribing of f
RJV3GKY7,unlabelled,,0,38505,10,3850,1351,"Client-Perpetrated Violence Experience Among Female Sex Worker in Guangdong, South China: "
RK8ZWWNV,unlabelled,,0,63434,12,5286,2444,Processed and Packed: How Refined Are the Foods That Children Bring to School for Snack an
RKJANY3I,unlabelled,,0,43446,15,2896,1594,Infant Television Watching Predicts Toddler Television Watching in a Low-Income Population
RKXS5GKB,human_labelled,,0,50498,10,5050,1761,Social Determinants of Health as Potential Influencers of a Collaborative Care Interventio
RM444G67,human_labelled,,0,35390,8,4424,1697,Assessing Colorectal Cancer Screening Barriers by Two Methods
RMR5CZYM,unlabelled,,0,65795,18,3655,3442,PRECIS-2 used as an implementation science tool for global environmental health: A cross-s
RMZNQIE9,unlabelled,,0,38423,8,4803,1588,Sustained impact of community-based interventions on contraceptive use among married adole
RN6B54TP,unlabelled,,0,17574,5,3515,1880,Factors Facilitating Academic-Community Research Partnerships With African American Church
RNRTZY8B,unlabelled,,0,48012,11,4365,1737,Efficacy of a group-based brief tobacco intervention among young adults aged 18-20 years i
RP5TMMXH,unlabelled,,0,58868,12,4906,2642,Measuring implementation fidelity in a cluster-randomized pragmatic trial: development and
RQFM7VM8,unlabelled,,0,95597,26,3677,1670,A Review of the Ring Trial Design for Evaluating Ring Interventions for Infectious Disease
RRW7B69V,unlabelled,,0,78815,20,3941,2181,Evaluation of an integrated intervention to reduce psychological distress and intimate par
RT77AMLV,unlabelled,,0,65197,16,4075,3337,Use of an Automated Bilingual Digital Health Tool to Reduce Unhealthy Alcohol Use Among La
RU6SUGKN,unlabelled,,0,51915,10,5192,2438,Use of a Decision Aid for Patients Considering Peritoneal Dialysis and In-Center Hemodialy
RUYVCGHY,human_labelled,,0,50366,10,5037,2205,Targeting Sedentary Behavior in CKD: A Pilot and Feasibility Randomized Controlled Trial
RWIH5PP3,unlabelled,,0,44503,9,4945,1917,Peer-Delivered Cognitive Behavioral Training to Improve Functioning in Patients With Diabe
RWMD4Q74,unlabelled,,0,50391,10,5039,1043,"The Effects of Cooperative Learning on Peer Relations, Academic Support, and Engagement in"
RYA7FGYI,unlabelled,,0,86693,11,7881,1755,The Church Challenge: A community-based multilevel cluster randomized controlled trial to 
S26WZS8D,human_labelled,,0,55353,12,4613,2607,A prospective cohort study of the SEARCH integrated HIV/hypertension community health work
S2ZQHQ7S,unlabelled,,0,97025,20,4851,2562,"Study protocol for comparing Screening, Brief Intervention, and Referral to Treatment (SBI"
S42UTYP4,human_labelled,,0,71322,16,4458,2733,Human-centered implementation research: a new approach to develop and evaluate implementat
S47B3QEJ,human_labelled,,0,61716,13,4747,2540,Implementation strategies to integrate HIV and hypertension care in Kampala and Wakiso dis
S55P2WES,unlabelled,,0,14541,4,3635,0,Food Insecurity and Weight Loss in an Underserved Primary Care Population: A Post Hoc Anal
S59FZ9BB,human_labelled,,0,47124,9,5236,1718,Adapting the Diabetes Prevention Program for low- and middle-income countries: preliminary
S64FLLB6,human_labelled,,0,34617,6,5770,1301,Evaluation of the type I error rate when using parametric bootstrap analysis of a cluster 
S6DL478T,unlabelled,,0,48448,11,4404,1806,A Cluster-Randomized Controlled Trial to Evaluate a Community-Based Healthy Eating and Nut
S6JAD5PD,human_labelled,,0,14667,4,3667,0,Is C-reactive protein sufficient to guide antimicrobial therapy for lower respiratory trac
S7KB7TFR,human_labelled,,0,37209,9,4134,1895,Balanced Crystalloid versus Saline in Adults with Traumatic Brain Injury: Secondary Analys
S7TM7MCE,unlabelled,,0,43798,9,4866,1986,Effectiveness of Seasonal Influenza Vaccination in Children in Senegal During a Year of Va
S7VJ7LXE,human_labelled,,0,54220,8,6778,1975,Decreasing polypharmacy in older adults with cancer: A pilot cluster-randomized trial prot
S7WLRJUA,unlabelled,,0,75807,20,3790,2309,The effects of a physical and cognitive training intervention vs. physical training alone 
S89CIJ46,human_labelled,,0,32420,8,4052,1482,Effect of a Multicomponent Food Pantry Intervention in Client Subgroups
S9ID8NQK,unlabelled,,0,58975,13,4537,1496,Engaging Community Networks to Improve Depression Services: A Cluster-Randomized Trial of 
SAGEATPB,unlabelled,,0,60300,14,4307,1922,A Multifaceted Intervention Improves Prescribing for Acute Respiratory Infection for Adult
SAR7XR63,unlabelled,,0,48908,10,4891,1569,Maximizing adherence and retention for women living with HIV and their infants in Kenya (M
SARRUGNG,unlabelled,,0,69242,21,3297,2178,A cluster-randomized trial of client and provider-directed financial interventions to alig
SAT93UFL,human_labelled,,0,72957,15,4864,2381,Health effects and cost-effectiveness of a multilevel physical activity intervention in lo
SAXIWEGE,unlabelled,,0,50337,10,5034,2339,Barriers to Implementing Motivational Interviewing in Addiction Treatment: A Nominal Group
SBLQLVS7,unlabelled,,0,63327,13,4871,2520,Implementing the WHO Safe Childbirth Checklist modified for preterm birth: lessons learned
SBVY3TGC,unlabelled,,0,42965,10,4296,2547,An mHealth Diabetes Intervention for Glucose Control: Health Care Utilization Analysis.
SBYBDZ47,unlabelled,,0,62894,13,4838,2652,Study protocol for type II hybrid implementation-effectiveness trial of strategies for dep
SCVW75H8,unlabelled,,0,55033,12,4586,1808,Patient and public involvement in pragmatic trials: online survey of corresponding authors
SDFD7EM2,unlabelled,,0,46753,10,4675,1576,Trauma-Integrated Mindfulness-Based Relapse Prevention for Women with Comorbid Post-Trauma
SDG6XWS5,unlabelled,,0,48143,10,4814,1102,Inconsistencies in Adolescent Self-Reported Sexual Behavior: Experience from Four Randomiz
SE8HVMYY,unlabelled,,0,101358,17,5962,2429,Suubi4StrongerFamilies: A study protocol for a clustered randomized clinical trial address
SFJI363E,human_labelled,,0,50365,10,5036,2380,The impact of avocado intake on anthropometric measures among Hispanic/Latino children and
SGCHKJTH,human_labelled,,0,78541,18,4363,2641,Multilevel approaches to increase fruit and vegetable intake in low-income housing communi
SGE9SXHK,unlabelled,,0,43820,12,3652,1893,Impact of Rotavirus Vaccine Introduction in Children Less Than 2 Years of Age Presenting f
SH5J2R2J,human_labelled,,0,56113,11,5101,1558,Evaluation of a walking school bus program: a cluster randomized controlled trial
SJVR4TTN,unlabelled,,0,55885,11,5080,2306,"If You Build It, Will They Come? Patient and Provider Use of a Novel Hybrid Telehealth Car"
SJVU6KJ3,human_labelled,,0,50681,13,3899,1852,"Effects of an Oncology Nurse-Led, Primary Palliative Care Intervention (CONNECT) on Illnes"
SKPC6J6Z,unlabelled,,0,34602,12,2884,2120,The intrauterine device as emergency contraception: how much do young women know?
SMQ7NINF,human_labelled,,0,39192,7,5599,2420,Effectiveness of Village Health Worker-Delivered Smoking Cessation Counseling in Vietnam
SPB7VUWI,unlabelled,,0,47659,9,5295,1418,The impact of school support on depression among adolescent orphans: a cluster-randomized 
SPGKN8GS,unlabelled,,0,55198,9,6133,1052,25 Years of Complex Intervention Trials: Reflections on Lived and Scientific Experiences.
SR4PYGAT,unlabelled,,0,56250,19,2961,1790,Design of a hybrid implementation effectiveness cluster randomized controlled trial of del
SRGFMEL6,human_labelled,,0,30167,12,2514,1984,Identifying Which Urban Children With Asthma Benefit Most From Clinician Prompting: Subgro
SSATX3WX,unlabelled,,0,52108,10,5211,1700,The association between HIV stigma and HIV incidence in the context of universal testing a
SU8TVFGH,human_labelled,,0,59750,12,4979,1984,Cost and cost-effectiveness of the 'Stand and Move at Work' multicomponent intervention to
SUANA8ET,human_labelled,,0,45801,12,3817,2360,Moderators of the effectiveness of an intervention to increase colorectal cancer screening
SUMBGHKJ,unlabelled,,0,24279,5,4856,682,Continued impact of COVID-19 pandemic on clinical and translational science early-career r
SUPN2UW2,unlabelled,,0,55015,11,5001,1777,A cluster-randomized trial of a brief multi-component intervention to improve tobacco outc
SV3ZMW6V,unlabelled,,0,58501,13,4500,1799,Impact of Therapist Training on Parent Attendance in Mental Health Services for Children w
SVUMLSFU,unlabelled,,0,53270,11,4843,1437,Efficacy of a virtual reality-based cognitive interactive training program for children wi
SW9N3V2K,unlabelled,,0,45488,11,4135,1510,Age-Related Differences in Socio-demographic and Behavioral Determinants of HIV Testing an
SX22ZM82,unlabelled,,0,54019,19,2843,1791,Using Structured Observations to Evaluate the Effects of a Personalized Music Intervention
SZ3FBTVJ,human_labelled,,0,52715,11,4792,1930,Long-Term Outcomes after Protocolized Sedation versus Usual Care in Ventilated Pediatric P
T23NIRNS,unlabelled,,0,11492,3,3831,722,"Delivery of home-based post-partum contraception in rural Guatemalan women: feasibility, r"
T3W2WZCX,human_labelled,,0,75034,14,5360,2629,Social Mobile Approaches to Reducing Weight (SMART) 2.0: protocol of a randomized controll
T46GFUVP,human_labelled,,0,39186,7,5598,1277,Breakfast in the Classroom Initiative and Students' Breakfast Consumption Behaviors: A Gro
T47RKM5B,unlabelled,,0,48460,18,2692,1764,Sexual Communication and Sexual Consent Self-Efficacy Among College Students: Implications
T6E33ANN,unlabelled,,0,22505,5,4501,744,Effects of a Health Education Intervention for COVID-19 Prevention in Latinx Communities: 
T7UCH86L,unlabelled,,0,51128,9,5681,3321,Effect of General Practitioner Training in a Collaborative Child Mental Health Care Progra
T87B8LMM,unlabelled,,0,59183,12,4932,2547,Interpersonal reactivity index adaptation among expectant seroconcordant couples with HIV 
T9H8ETCZ,unlabelled,,0,45625,9,5069,1739,HIV Oral Self-Testing for Male Partners of Women Attending Antenatal Care in Central Ugand
T9W9DAV6,unlabelled,,0,69455,13,5343,2954,Repeat Ivermectin Mass Drug Administrations for Malaria Control II: Protocol for a Double-
T9WES4J6,unlabelled,,0,61049,18,3392,1651,Suicidal ideation among women who engage in sex work and have a history of drug use in Kaz
TA793S87,unlabelled,,0,50794,10,5079,2303,Effect of the STAMP (Sharing and Talking About My Preferences) Intervention on Completing 
TB7DEJ83,human_labelled,,0,50180,12,4182,1873,Toward Understanding the Relationship Between Prioritized Values and Preferences for Cardi
TBFRUAMD,human_labelled,,0,74621,15,4975,2543,Mailed fecal testing and patient navigation versus usual care to improve rates of colorect
TC2FHAH5,unlabelled,,0,68866,14,4919,1914,Improved Child Feces Management Mediates Reductions in Childhood Diarrhea from an On-Site 
TC6MJCXW,unlabelled,,0,52353,11,4759,2019,"""I desire to have an HIV-free baby"": pregnant and breastfeeding mothers' perceptions of Vi"
TCYY9IAN,unlabelled,,0,50213,17,2954,2612,The longitudinal impact of an evidence-based multiple family group intervention (Amaka Ama
TEXI6CQZ,unlabelled,,0,58313,12,4859,1721,Effects of a Multilevel Resilience-Based Intervention on Mental Health for Children Affect
TEXLFQSL,human_labelled,,0,63992,17,3764,3435,Mobile Application-Based Communication Facilitation Platform for Family Members of Critica
TFGQKUCF,human_labelled,,0,39964,7,5709,1823,Challenges in assessing population reach in a pragmatic trial
TFNCGZP2,unlabelled,,0,41740,10,4174,1836,Advance Care Planning for African American Caregivers of Relatives With Dementias: Cluster
TGIBPA3M,human_labelled,,0,73827,30,2461,1172,A stochastic second-order generalized estimating equations approach for estimating associa
TGSIADX6,human_labelled,,0,47354,10,4735,1696,Design and rationale of a pragmatic trial integrating routine screening for atrial fibrill
TIEFYVIG,unlabelled,,0,55342,19,2913,2111,A community pharmacy intervention for opioid medication misuse: A pilot randomized clinica
TIM5M67F,unlabelled,,0,44989,8,5624,2062,Correlates for the severity of suicidal risk in participants with common mental disorders 
TIP639KQ,human_labelled,,0,31978,10,3198,1881,Intervention Nonadherence in the TrACER (S1415CD) Study: A Pragmatic Randomized Trial of a
TJY49I4I,unlabelled,,0,52430,22,2383,1648,Costs and benefits of cooperative learning as a universal school-based approach to adolesc
TJZUG3NE,unlabelled,,0,51956,11,4723,2522,Protocol for the CHORD project (community health outreach to reduce diabetes): a cluster-r
TKCQ9UIA,unlabelled,,0,83906,23,3648,2947,A peer-support lifestyle intervention for preventing type 2 diabetes in India: A cluster-r
TKJKYTEA,unlabelled,,0,64518,29,2225,2967,Effectiveness and cost-effectiveness of online recorded recovery narratives in improving q
TKKUNEIW,unlabelled,,0,51862,16,3241,2954,Components of clean delivery kits and newborn mortality in the Zambia Chlorhexidine Applic
TKX48PPJ,unlabelled,,0,40626,10,4063,1906,Hearing-related quality of life in children and adolescents in rural Alaska.
TMXPKXL6,unlabelled,,0,54688,18,3038,1893,Effect of the Communities that HEAL intervention on receipt of behavioral therapies for op
TNRY4AWD,unlabelled,,0,54465,11,4951,1449,Longitudinal Effects of a Sanitation Intervention on Environmental Fecal Contamination in 
TNXFU98A,unlabelled,,0,99408,17,5848,2888,Dietary alteration of n-3 and n-6 fatty acids for headache reduction in adults with migrai
TR383XSK,unlabelled,,0,94641,18,5258,2714,Reducing stigma among healthcare providers to improve mental health services (RESHAPE): pr
TR4G9SM7,unlabelled,,0,46782,10,4678,2494,A behavioral economic intervention to increase psychiatrist adherence to tobacco treatment
TSGYGKYM,unlabelled,,0,61362,22,2789,1966,Interdisciplinary team-based care for patients with chronic pain on long-term opioid treat
TT7PIVLD,human_labelled,,0,82997,24,3458,3626,Point-of-care C-reactive protein measurement by community health workers safely reduces an
TTDNBXDB,unlabelled,,0,70948,14,5068,1989,Implementation of a Transitional Care Model for Stroke: Perspectives From Frontline Clinic
TUPAJP4G,unlabelled,,0,57391,14,4099,1590,Bayesian method for inferring the impact of geographical distance on intensity of communic
TUYKW32A,human_labelled,,0,29507,10,2951,1904,Moderators and mediators of a digital cognitive behavior therapy-guided self-help interven
TY3QXSVL,unlabelled,,0,50754,10,5075,1939,Independent Community Pharmacists' Experience in Offering Pharmacogenetic Testing.
TYUTRABV,human_labelled,,0,59166,12,4930,2379,The impact of text message reminders on cryotherapy uptake among women testing positive fo
TZ8BIHD2,human_labelled,,0,39455,11,3587,3066,Temporal Trends in End-Tidal Capnography and Outcomes in Out-of-Hospital Cardiac Arrest: A
TZCEGIPS,unlabelled,,0,21732,4,5433,1495,Does Medication Sampling Improve Compliance with Brief Advice? Results from a Pragmatic Ra
TZW76NJB,human_labelled,,0,23840,6,3973,1870,Heterogeneity of Treatment Effect in a Randomized Trial of a Communication Intervention
U2EYTRVS,unlabelled,,0,70154,24,2923,2152,"Maternal depression, alcohol use, and transient effects of perinatal paraprofessional home"
U4546RAU,human_labelled,,0,81494,12,6791,2368,Prenatal Household Air Pollution Exposure and Childhood Blood Pressure in Rural Ghana
U4A6LS8G,human_labelled,,0,41906,17,2465,2011,Prostate-Specific Antigen After Neoadjuvant Androgen Suppression in Prostate Cancer Patien
U4QPJ56S,unlabelled,,0,50579,8,6322,2608,Urine tenofovir testing for real-time PrEP adherence feedback: a qualitative study involvi
U4TKV94S,unlabelled,,0,48592,12,4049,2113,"Design and Rationale of HiLo: A Pragmatic, Randomized Trial of Phosphate Management for Pa"
U4Y6PM48,unlabelled,,0,62011,12,5168,1876,A complementary feeding and play intervention improves the home environment and mental dev
U6MGL9L3,unlabelled,,0,58526,14,4180,2508,A Church-Based Weight Loss Intervention in African American Adults using Text Messages (LE
U76H4DGQ,unlabelled,,0,56579,12,4715,1630,Determinants of Urogenital Schistosomiasis Among Pregnant Women and its Association With P
U7PLGE75,human_labelled,,0,51246,7,7321,1659,Improving adherence to endocrine hormonal therapy among breast cancer patients: Study prot
U8P5HEK7,unlabelled,,0,52798,16,3300,1373,The Effects of Multiple Micronutrient Fortified Beverage and Responsive Caregiving Interve
U8ZJRIVR,unlabelled,,0,40107,13,3085,1734,Safer Bars: A cluster-randomized effectiveness evaluation of alcohol-related sexual violen
U9HFRTLS,unlabelled,,0,65502,12,5458,2327,Integrating Community Health Workers into Safety-Net Primary Care for Diabetes Prevention:
U9LEIXXF,human_labelled,,0,54895,13,4223,3104,Clinical Effects of Balanced Crystalloids vs Saline in Adults With Diabetic Ketoacidosis: 
U9W4GJY9,unlabelled,,0,49645,9,5516,2251,Population impacts of conditional financial incentives and a male-targeted digital decisio
UBM2R4MP,human_labelled,,0,48458,18,2692,1789,Patient-Reported Receipt of Goal-Concordant Care Among Seriously Ill Outpatients-Prevalenc
UD3BQIU5,unlabelled,,0,114625,29,3953,910,"Demand for Information on Environmental Health Risk, Mode of Delivery, and Behavioral Chan"
UD8UUMUN,human_labelled,,0,43762,12,3647,1848,Does Clinical Decision Support Increase Appropriate Medication Prescribing for Cardiovascu
UFUT48WX,unlabelled,,0,48732,17,2867,2155,Early Palliative Care Consultation in the Medical ICU: A Cluster Randomized Crossover Tria
UFWNSS3G,unlabelled,,0,58943,16,3684,2003,Classroom-Based Mindfulness Training Reduces Anxiety in Adolescents: Acceptability and Eff
UG6ITRC3,unlabelled,,0,46783,8,5848,1798,Start-Up Costs of SBIRT Implementation for Adolescents in Urban U.S. Federally Qualified H
UHEKLJLC,human_labelled,,0,61789,11,5617,1782,A Cluster-Randomized Evaluation of the SuperShelf Intervention in Choice-Based Food Pantri
UI69ZQS2,unlabelled,,0,33285,6,5548,2162,Payment strategies for behavioral health integration in hospital-affiliated and non-hospit
UIB8ZYW3,human_labelled,,0,47768,16,2986,1809,Did a Goals-of-Care Discussion Happen? Differences in the Occurrence of Goals-of-Care Disc
UJLD6YLW,unlabelled,,0,51548,12,4296,1461,Effectiveness of a community-based intervention to prevent childhood TB in Lesotho.
UKWR9HXN,unlabelled,,0,45721,12,3810,1352,The Modified Caregiver Strain Index in Black and White Dementia Caregivers at Hospital Dis
ULPYQHXX,human_labelled,,0,39044,9,4338,1698,Effects of an educational physical activity intervention in young women with newly diagnos
UMV6NC2L,human_labelled,,0,74924,16,4683,2458,A cluster randomized controlled trial comparing Virtual Learning Collaborative and Technic
UN9KS5NR,unlabelled,,0,76923,19,4049,1675,Matters of Fidelity: School Provider Adherence and Competence in a Clustered Study of Adap
UQAHNYE6,unlabelled,,0,42280,8,5285,1960,Barber-Led HIV/Sexually Transmitted Infection Risk Reduction for Young African-American Me
UQJ2NCVC,unlabelled,,0,46568,12,3881,2971,Effectiveness of a COVID-19 Testing Outreach Intervention for Latinx Communities: A Cluste
URUAWZAY,human_labelled,,0,45825,11,4166,2187,Survival With Favorable Neurologic Outcome and Quality of Cardiopulmonary Resuscitation Fo
US8CIH33,unlabelled,,0,56020,20,2801,1166,Can a Gender Equity and Family Planning Intervention for Men Change Their Gender Ideology?
UTCS2UU4,unlabelled,,0,60573,13,4659,2264,Violence against children and intimate partner violence against women: overlap and common 
UTRAIS84,unlabelled,,0,55942,11,5086,2275,"Eat, Pray, Move: A Pilot Cluster Randomized Controlled Trial of a Multilevel Church-Based "
UUDU4DNS,unlabelled,,0,54642,10,5464,1997,Community level interventions for pre-eclampsia (CLIP) in India: A cluster randomised cont
UUU3B93D,unlabelled,,0,65629,15,4375,2289,TEAM-UP for quality: a cluster randomized controlled trial protocol focused on preventing 
UVAC9R9W,unlabelled,,0,37368,8,4671,2118,Prompting Patients with Poorly Controlled Diabetes to Identify Visit Priorities Before Pri
UVKTJIEB,human_labelled,,0,53265,20,2663,2501,Dietary Psychosocial Mediators of Vegetable Intake in Schoolchildren From Low-Income and R
UW9KRXLA,unlabelled,,0,35571,8,4446,1631,Ketamine for acute pain after trauma: the KAPT randomized controlled trial.
UWBLHHP7,unlabelled,,0,42940,8,5368,1847,Injury characteristics and hemodynamics associated with guideline-compliant CPR in a pedia
UYKSA3BR,unlabelled,,0,7148,2,3574,1595,Comparison of Mass Azithromycin Coverage Targets of Children in Niger: A Cluster-Randomize
UZF834L9,unlabelled,,0,61489,11,5590,2255,Effect of peer-distributed HIV self-test kits on demand for biomedical HIV prevention in r
V44RWJGQ,unlabelled,,0,66792,16,4174,2595,The effect of community-driven larval source management and house improvement on malaria t
V4KK3YW4,human_labelled,,0,72678,13,5591,1563,"Using a social marketing approach to develop Healthy Me, Healthy We: a nutrition and physi"
V66VKLF5,unlabelled,,0,50826,13,3910,716,Attention Test Assessment from a Cluster Randomized Controlled Trial of Caregiver Training
V6LBW3SS,human_labelled,,0,35989,9,3999,1441,Symptom prevalence in patients with advanced heart failure and its association with qualit
V6W2HD3R,unlabelled,,0,45812,17,2695,2439,Effect of Community-Based Group Exercise Interventions on Standing Balance and Strength in
V75G53SK,unlabelled,,0,49489,9,5499,919,Recruiting and Retaining Dyads of Hospitalized Persons with Dementia and Family Caregivers
V7CK5P6B,unlabelled,,0,45089,10,4509,2100,Choosing an imbalance metric for covariate-constrained randomization in multiple-arm clust
V7G5UCMA,unlabelled,,0,60510,12,5042,2421,Peer PrEP referral + HIV self-test delivery for PrEP initiation among young Kenyan women: 
V7NL6N4P,unlabelled,,0,38612,13,2970,1791,Economic evaluation of improving HIV self-testing among MSM in China using a crowdsourced 
V8JID29X,unlabelled,,0,41830,11,3803,3294,Effect of Integrating Access to a Prescription Drug Monitoring Program Within the Electron
VAKS8AI7,human_labelled,,0,50052,18,2781,1884,Pharmacist Intervention for Blood Pressure Control in Patients with Diabetes and/or Chroni
VAP7UDPH,unlabelled,,0,45467,19,2393,1888,Immunogenicity of seasonal inactivated influenza and inactivated polio vaccines among chil
VASRLIV9,unlabelled,,0,59777,25,2391,1062,The Cascading Effects of Reducing Student Stress: Cooperative Learning as a Means to Reduc
VBI7A53P,unlabelled,,0,85776,29,2958,2013,Design and sample characteristics of COordinated Oral health Promotion (CO-OP) Chicago: A 
VCN8ECH3,unlabelled,,0,51979,10,5198,1784,Peer Pressure and Risk-Taking Behaviors Among Adolescent Girls in a Region Impacted by HIV
VCNVZJTG,unlabelled,,0,75602,23,3287,1812,Design and methodology of a cluster-randomized trial in early care and education centers t
VD74N4DN,human_labelled,,0,34117,7,4874,1880,Satisfaction with Care and Attention to Age-Specific Concerns by Race and Ethnicity in a N
VD8ITJG2,unlabelled,,0,55129,16,3446,2473,Determinants of primary healthcare providers' readiness for integration of ART services at
VDRMHBWA,unlabelled,,0,67892,18,3772,2212,"Randomized controlled trial to test the efficacy of a brief, communication-based, substanc"
VF6MM34V,unlabelled,,0,32883,8,4110,1883,A Social Care System Implemented in Pediatric Primary Care: A Cluster RCT.
VFJZH9TR,human_labelled,,0,62997,9,7000,1807,The design and rationale of a multicenter real-world trial: The Southeastern Collaboration
VFVDL8XM,unlabelled,,0,67296,13,5177,2847,"Promoting Small Business Support of Youth Physical Activity in Low-Income, Minority Neighb"
VG2ZZL79,human_labelled,,0,63702,34,1874,3023,Hydroxyurea for primary stroke prevention in children with sickle cell anaemia in Nigeria 
VG586LG9,unlabelled,,0,49148,10,4915,1455,Impact of a Family Economic Intervention (Bridges) on Health Functioning of Adolescents Or
VGHM75AE,unlabelled,,0,87139,16,5446,2676,Power and resistance in schools: Implementing institutional change to promote health equit
VGZFSIYN,human_labelled,,0,25981,6,4330,1452,Impact of COVID-19 on childhood obesity: Data from a paediatric weight management trial
VH5MJZ7U,unlabelled,,0,32724,8,4090,1907,Frequency of Mass Azithromycin Distribution for Ocular Chlamydia in a Trachoma Endemic Reg
VIFXB2GP,unlabelled,,0,59111,17,3477,2040,The impact of insecticide treated curtains on dengue virus transmission: A cluster randomi
VIWU5HNY,unlabelled,,0,37195,8,4649,1838,"Advanced HIV disease in the Botswana combination prevention project: prevalence, risk fact"
VIYWFDG9,human_labelled,,0,59724,22,2715,1833,Fear of cancer recurrence in lymphoma survivors: A descriptive study
VJETY9NK,unlabelled,,0,82762,14,5912,2301,Vestibular therapy to reduce falls in people with Alzheimer's disease: study protocol for 
VK6ISFI7,unlabelled,,0,35200,6,5867,1773,Association Between Improved Mobility and Distal Health Outcomes.
VKBHPHBC,unlabelled,,0,44563,9,4951,1901,The cost-effectiveness of community health workers delivering free diarrhoea treatment: ev
VKY7UK64,human_labelled,,0,31529,6,5255,0,A practical decision tree to support editorial adjudication of submitted parallel cluster 
VLRW8X99,unlabelled,,0,56808,13,4370,2057,Resources for Enhancing Alzheimer's Caregiver Health in Vietnam (REACH VN): study protocol
VLXNFLT2,unlabelled,,0,36594,9,4066,1606,Effect of HIV self-testing on the number of sexual partners among female sex workers in Za
VMA794LJ,unlabelled,,0,47111,17,2771,1788,Implementation Science in Thailand: Design and Methods of a Geriatric Mental Health Cluste
VMHXT33Z,human_labelled,,0,57782,11,5253,1639,Randomized evaluation of decision support interventions for atrial fibrillation: Rationale
VN2Z3GMG,unlabelled,,0,35187,9,3910,1856,Targeted Mass Azithromycin Distribution for Trachoma: A Community-Randomized Trial (TANA I
VNG9LQ74,unlabelled,,0,40256,10,4026,1309,mHealth Phone Intervention to Reduce Maternal Deaths and Morbidity in Cameroon: Protocol f
VNZDTWPG,unlabelled,,0,59824,11,5439,2623,Protocol for a multicenter-cluster randomized clinical trial of a motor skills interventio
VPBGKIZV,unlabelled,,0,55008,11,5001,2550,Suubi4Her: a study protocol to examine the impact and cost associated with a combination i
VPCPTPZL,human_labelled,,0,44435,12,3703,1861,Using Geriatric Assessment to Guide Conversations Regarding Comorbidities Among Older Pati
VPQSSR4T,unlabelled,,0,29118,6,4853,1783,Recruiting primary care practices for practice-based research: a case study of a group-ran
VQLL43FQ,unlabelled,,0,43550,7,6221,1020,A cross-sectional study of cardiovascular disease risk clustering at different socio-geogr
VSBNZPUS,unlabelled,,0,78051,15,5203,2278,Effectiveness of Quality Improvement Coaching on Process Outcomes in Health Care Settings:
VST48IDP,unlabelled,,0,49700,10,4970,1775,Did a quality improvement intervention improve quality of maternal health care? Implementa
VTXUDLKI,unlabelled,,0,53384,18,2966,1181,Mediators of Effects of Cooperative Learning on Prosocial Behavior in Middle School.
VTYAUJX8,unlabelled,,0,102463,29,3533,1914,"Effects of improved water, sanitation, and hygiene and improved complementary feeding on e"
VVLUK58Q,unlabelled,,0,54724,9,6080,1897,Strategies to Reduce Injuries and Develop Confidence in Elders (STRIDE): A Cluster-Randomi
VW5JPFPD,unlabelled,,0,78929,10,7893,2149,The impact of co-occurring mental health problems on referral to and initiation of treatme
VWCF744D,unlabelled,,0,79343,31,2559,1863,Are home gardening programs a sustainable way to improve nutrition? Lessons from a cluster
VWDH6W8E,human_labelled,,0,81974,17,4822,2500,Evaluation of a civic engagement approach to catalyze built environment change and promote
VXSX55VK,unlabelled,,0,34064,12,2839,1045,Intraclass Correlation Coefficients for Planning Cluster Randomized Trials in Community-Dw
VXZHWRTC,human_labelled,,0,56901,14,4064,2374,Sitting Time Reduction and Blood Pressure in Older Adults: A Randomized Clinical Trial
VY5CJIS9,unlabelled,,0,49556,13,3812,1436,The Families and Schools for Health Project: A Longitudinal Cluster Randomized Controlled 
VZQD5RZ8,human_labelled,,0,58960,11,5360,1923,Disease and Race-Based Differences in Inpatient Palliative Care Consultation in Cancer and
W2DYSIWU,unlabelled,,0,37417,14,2673,1869,A collaborative care intervention to improve opioid prescribing among providers caring for
W2VQEXEG,human_labelled,,0,97578,34,2870,1784,"Medical assistant health coaching (""MAC"") for type 2 diabetes in diverse primary care sett"
W5JU6S4L,unlabelled,,0,72334,16,4521,3599,Evaluation of a gender synchronized family planning intervention for married couples in ru
W5M3P4MY,unlabelled,,0,49561,17,2915,1509,"Effects of cooperative learning on peer relations, empathy, and bullying in middle school."
W5SJQNSX,unlabelled,,0,41576,13,3198,1646,Did awarding badges increase data sharing in BMJ Open? A randomized controlled trial.
W65U65NV,unlabelled,,0,82257,12,6855,1809,Operationalizing and selecting outcome measures for the HEALing Communities Study.
W75ICDYI,human_labelled,,0,42159,7,6023,1762,Association between advanced cancer patient-caregiver agreement regarding prognosis and ho
W7JB8WJ4,unlabelled,,0,41480,8,5185,2075,Effect of advance care planning video on do-not-hospitalize orders for nursing home reside
W8PNS3ZQ,human_labelled,,0,56616,13,4355,2502,Early bolus epinephrine administration during pediatric cardiopulmonary resuscitation for 
W95M9S6N,human_labelled,,0,58662,13,4512,2637,Strengthening Referral Networks for Management of Hypertension Across the Health System (S
WAJQFQ3Z,unlabelled,,0,50287,11,4572,2121,Promoting physical activity via physical therapist following knee replacement: A pilot ran
WBET9YVP,unlabelled,,0,31479,7,4497,1813,Effects of Chinese medicine on patients with acute exacerbations of COPD: study protocol f
WBW3Y66W,unlabelled,,0,67799,12,5650,2576,Improving mental health through integration with primary care in rural Karnataka: study pr
WCA66X4I,human_labelled,,0,89104,33,2700,1765,Design and rationale of an intervention to improve cancer prevention using clinical decisi
WD5UD68X,unlabelled,,0,62832,18,3491,1128,Multi-Sector Assessment and Client-Perception of Social Need at Long-Term Follow-Up of a G
WD63V6VJ,unlabelled,,0,43230,10,4323,1377,Does Economic Strengthening Improve Viral Suppression Among Adolescents Living with HIV? R
WE9IZ3BJ,unlabelled,,0,59685,10,5968,1959,The impact of a community health worker intervention on uptake of antenatal care: a cluste
WFRF68H3,unlabelled,,0,67476,12,5623,1926,A hybrid effectiveness/implementation trial of an evidence-based intervention for HIV-sero
WGQGTBTE,human_labelled,,0,103965,20,5198,2391,Dulce Digital-Me: protocol for a randomized controlled trial of an adaptive mHealth interv
WGVFYM8S,unlabelled,,0,71661,12,5972,1535,"Mixed-methods evaluation of a group psychosocial intervention for refugee, migrant and hos"
WHIB7DT6,unlabelled,,0,66164,11,6015,1602,HIV-risk reduction intervention for juvenile offenders on probation: The PHAT Life group r
WIYCPY8U,human_labelled,,0,89342,18,4963,1934,Analysis of Cohort Stepped Wedge Cluster-Randomized Trials With Nonignorable Dropout via J
WJ8URXVX,unlabelled,,0,68854,22,3130,1790,"A religiously-tailored, multilevel intervention in African American churches to increase H"
WJ95LIDE,unlabelled,,0,60507,18,3362,2053,The impact of a combined TB/HIV intervention on the incidence of TB infection among adoles
WJAFVFA8,unlabelled,,0,30722,5,6144,1909,Persons from racial and ethnic minority groups receiving medication for opioid use disorde
WJWMFQRJ,human_labelled,,0,53024,10,5302,1866,Networks for prevention in 19 communities at the start of a large-scale community-based ob
WK6HCXYF,human_labelled,,0,53671,11,4879,2136,Identifying a Heterogeneous Effect of Atrial Fibrillation Screening in Older Adults: A Sec
WKF8PMVN,unlabelled,,0,47432,17,2790,2132,Pragmatic Trial of Personalized Music for Agitation and Antipsychotic Use in Nursing Home 
WKFM2BUS,unlabelled,,0,106083,39,2720,1742,A new approach to hierarchical data analysis: Targeted maximum likelihood estimation for t
WKMKUPTU,human_labelled,,0,51410,9,5712,1934,A Cluster-Randomized Clinical Trial Testing the Effectiveness of the Addressing Tobacco Th
WKXCBGM3,unlabelled,,0,49200,10,4920,1435,Architecting Process of Care: A randomized controlled study evaluating the impact of provi
WKZ2QZP5,unlabelled,,0,38094,8,4762,2057,Oral curcumin in elective abdominal aortic aneurysm repair: a multicentre randomized contr
WLI582D9,unlabelled,,0,50399,8,6300,2429,A randomized controlled trial to test the effectiveness of two technology-enhanced diabete
WLQMK68W,unlabelled,,0,58557,16,3660,2755,Formative and Pilot Study for an Effectiveness-Implementation Hybrid Cluster Randomized Tr
WLTXN9WI,unlabelled,,0,50277,10,5028,2609,PROmotion of COvid-19 VA(X)ccination in the Emergency Department-PROCOVAXED: study protoco
WLX8RYDW,unlabelled,,0,64782,9,7198,1679,"Health economic design for cost, cost-effectiveness and simulation analyses in the HEALing"
WMQ8HAXX,unlabelled,,0,49381,12,4115,2203,Monitoring adherence to antiretroviral therapy among adolescents in Southern Uganda: compa
WPF7MUCV,human_labelled,,0,10163,2,5082,0,Incorrect Analyses of Cluster-Randomized Trials that Do Not Take Clustering and Nesting in
WR2FBC89,unlabelled,,0,43888,9,4876,775,Comparing Fidelity Outcomes of Paraprofessional and Professional Delivery of a Perinatal D
WRX37RXT,unlabelled,,0,33177,15,2212,1664,Closing the gap: A novel metric of change in performance.
WSZNXDF3,unlabelled,,0,46792,10,4679,1911,Effects of a Parenting and Nutrition Intervention on Siblings: A Cluster-RCT.
WT4FKUEX,unlabelled,,0,51768,12,4314,2483,Results of a multi-site pragmatic hybrid type 3 cluster randomized trial comparing level o
WTLH8PPX,human_labelled,,0,47938,20,2397,1677,Implementation of a cluster randomized controlled trial: Identifying student peer leaders 
WTQJUCGN,human_labelled,,0,52514,10,5251,2091,Physical Activity and Screen Time Practices of Family Child Care Providers: Do They Meet B
WUNIU4CC,human_labelled,,0,41821,9,4647,1736,Household- Versus Incentive-Based Contact Investigation for Tuberculosis in Rural South Af
WW6ZMVMC,unlabelled,,0,48334,19,2544,2310,Best Practice Alerts Informed by Inpatient Opioid Intake to Reduce Opioid Prescribing afte
WWKDJQ4L,unlabelled,,0,24306,5,4861,1656,Mass Azithromycin Distribution and Community Microbiome: A Cluster-Randomized Trial.
WY8Y3TRN,unlabelled,,0,46904,14,3350,1845,Assessment of a viral load result-triggered automated differentiated service delivery mode
WY9D5UIK,human_labelled,,0,26659,5,5332,1867,Oral cancer screening using mobile phone-based(mHealth) approach versus conventional oral 
WZHWKDU4,unlabelled,,0,47114,10,4711,1455,"Impact of the iWHELD digital person-centered care program on quality of life, agitation an"
WZJBF75Y,human_labelled,,0,67438,14,4817,2680,"Implementation fidelity, attitudes, and influence: a novel approach to classifying impleme"
WZR7FWST,unlabelled,,0,38742,13,2980,1733,Sustainment of Integrated Care in Addiction Treatment Settings: Primary Outcomes From a Cl
X2MP4F7R,human_labelled,,0,53228,10,5323,2588,"Low-touch, team-based care for co-morbidity management in cancer patients: the ONE TEAM ra"
X2MXMQA7,human_labelled,,0,57875,10,5788,2992,Effects of Counseling by Peer Human Advisors vs Computers to Increase Walking in Underserv
X3CRX49A,unlabelled,,0,17242,4,4310,426,Gut Resistome of Preschool Children After Prolonged Mass Azithromycin Distribution: A Clus
X59TDBE4,unlabelled,,0,45163,9,5018,2100,Improving health literacy through group antenatal care: results from a cluster randomized 
X5YDQ9MR,unlabelled,,0,87301,16,5456,2703,Implementation strategy in collaboration with people with lived experience of mental illne
X7T22IIR,unlabelled,,0,88286,19,4647,3378,Impact of Sit-to-Stand and Treadmill Desks on Patterns of Daily Waking Physical Behaviors 
X8XMVS3Q,unlabelled,,0,47468,11,4315,2415,The Effects of Workplace-Based HIV Self-testing on Uptake of Testing and Linkage to HIV Ca
X9UGXDZL,unlabelled,,0,39102,10,3910,2478,Effect of a Novel Transition Program on Disability After Stroke: A Trial Protocol.
X9X3VGJK,human_labelled,,0,46219,17,2719,1902,A cost-effectiveness analysis of a colorectal cancer screening program in safety net clini
XA8RYYSR,human_labelled,,0,50280,13,3868,1869,A Cluster Randomized Controlled Trial of a Lay Health Worker Intervention to Increase Heal
XDE6GNXA,unlabelled,,0,46491,16,2906,862,Estimands and inference in cluster-randomized vaccine trials.
XEIAGV9H,human_labelled,,0,57171,10,5717,2610,Effectiveness of the Family Heart Talk Communication Tool in Improving Family Member Scree
XEKC6EFN,human_labelled,,0,64278,12,5356,2265,Reversing the Cardiac Effects of Sedentary Aging in Middle Age-A Randomized Controlled Tri
XEW934XP,unlabelled,,0,91832,19,4833,2558,Physician-delivered motivational interviewing to improve adherence and retention in care a
XF5NJ7RH,unlabelled,,0,76354,12,6363,1423,An Integrated Approach to Increasing Women's Empowerment and Reducing Domestic Violence: R
XFPCQLGP,human_labelled,,0,57974,17,3410,2832,Health insurance coverage with or without a nurse-led task shifting strategy for hypertens
XGC9TCX5,unlabelled,,0,52941,12,4412,1089,Prevalence and correlates of internalized stigma among adults with HIV and major depressiv
XGDEQSIC,unlabelled,,0,51425,20,2571,1704,Delirium and Behavioral Symptoms in Persons With Dementia at Hospital Admission: Mediating
XGSXVHMB,human_labelled,,0,61508,11,5592,2697,Task-sharing interventions for improving control of diabetes in low-income and middle-inco
XHFTHUCG,human_labelled,,0,48201,10,4820,2464,Multicomponent Strategy with Decentralized Molecular Testing for Tuberculosis
XJK5Y6HN,unlabelled,,0,50622,10,5062,1853,Efficacy of a spatial repellent for control of Aedes-borne virus transmission: A cluster-r
XJLRU2YH,unlabelled,,0,41031,15,2735,1227,Stakeholders' experiences of ethical challenges in cluster randomized trials in a limited 
XKA6NEIX,unlabelled,,0,39862,9,4429,1717,Socioeconomic status and the effectiveness of treatment for first-episode psychosis.
XKJE293I,unlabelled,,0,83288,12,6941,1914,Digital training for non-specialist health workers to deliver a brief psychological treatm
XLBLVF4U,unlabelled,,0,81200,15,5413,2149,Reducing disability via a family centered intervention for acutely ill persons with Alzhei
XLZZWDJ6,unlabelled,,0,35604,11,3237,2559,Unintentional falls among children in rural Ghana and associated factors: a cluster-random
XMMCNU97,unlabelled,,0,69624,22,3165,1769,A randomized controlled trial of a brief motivational interviewing-based group interventio
XN4FZUHH,unlabelled,,0,63583,13,4891,3047,"Study protocol for a cluster randomized trial of a school, family, and community intervent"
XNHTV6JK,unlabelled,,0,50614,15,3374,3075,Personalized Text Messages and Automated Calls for Improving Vaccine Coverage Among Childr
XPFDUAYQ,unlabelled,,0,34947,14,2496,1755,Community Health Workers for Prevention of Corneal Ulcers in South India: A Cluster-Random
XPS9DCVL,human_labelled,,0,65004,14,4643,2666,Primary care clinicians' opinions before and after implementation of cancer screening and 
XQ95HYJB,unlabelled,,0,63556,15,4237,3191,A Web-Based mHealth Intervention With Telephone Support to Increase Physical Activity Amon
XQWL3HY9,unlabelled,,0,59741,10,5974,1789,Cooperative Learning in Middle School: A Means to Improve Peer Relations and Reduce Victim
XRI47MRG,unlabelled,,0,38501,10,3850,1796,Delivery of home-based postpartum contraception in rural Guatemalan women: a cluster-rando
XRU8G8A8,unlabelled,,0,76216,29,2628,738,A Methodology Report for the Life's Snapshot Cohort Study to Investigate the Long-Term Eff
XS3FUSUV,unlabelled,,0,34605,6,5768,2166,"Impact of Navigators on First Visit to a Transplant Center, Waitlisting, and Kidney Transp"
XSBXXCT3,unlabelled,,0,46568,19,2451,1915,Assessing gait efficacy in older adults: An analysis using item response theory.
XSWEUIXG,human_labelled,,0,40936,8,5117,2648,Smoking Cessation Treatment for Parents Who Dual Use E-Cigarettes and Traditional Cigarett
XTDW973M,unlabelled,,0,56039,19,2949,1802,Weight loss in primary care: A pooled analysis of two pragmatic cluster-randomized trials.
XUVH4DL3,unlabelled,,0,55261,14,3947,3368,Effectiveness of an Advance Care Planning Intervention in Adults Receiving Dialysis and Th
XVG5NIVQ,human_labelled,,0,69425,12,5785,1728,Human Papillomavirus vaccination clinical decision support for young adults in an upper mi
XVICZIA8,human_labelled,,0,54138,11,4922,2707,Cost-effectiveness of train-the-trainer versus expert consultation training models for imp
XVK2U8K6,human_labelled,,0,47379,9,5264,1650,Effect of an mHealth weight loss intervention on Healthy Eating Index diet quality: the SM
XVZRE9CR,unlabelled,,0,63381,22,2881,1779,SHARING Choices: Design and rationale for a pragmatic trial of an advance care planning in
XW7ZSTNI,unlabelled,,0,53646,19,2823,2575,Cluster Randomized Trial of a College Health Center Sexual Violence Intervention.
XWGJZU3Y,unlabelled,,0,52446,12,4370,1849,"Reproductive coercion in college health clinic patients: Risk factors, care seeking and pe"
XXBP4QEU,unlabelled,,0,43779,10,4378,1652,A randomized double-blind trial of clonidine and colesevelam for women with fecal incontin
XXPD75PY,unlabelled,,0,55536,16,3471,1761,SPIRIT trial: A phase III pragmatic trial of an advance care planning intervention in ESRD
XXRDWFES,unlabelled,,0,14273,2,7136,1627,Is necessity also the mother of implementation? COVID-19 and the implementation of evidenc
XXY9RT8Q,human_labelled,,0,92681,22,4213,1406,Extension of efficacy range for targeted malaria-elimination interventions due to spillove
XY3WZ8AL,unlabelled,,0,52890,22,2404,1600,Accounting for group differences in study retention in a randomized trial of specialized t
XY8FSK7D,unlabelled,,0,53995,11,4909,1757,A Randomized Controlled Trial of the Effects of Early Intervention Services On Insight in 
XYJLRGVC,human_labelled,,0,61153,17,3597,2061,Quality of Communication and Trust in Patients With Serious Illness: An Exploratory Study 
XZ6Q2C96,unlabelled,,0,70997,16,4437,2555,A Primary Care-Based Cognitive Behavioral Therapy Intervention for Long-Term Opioid Users 
XZSSRCQQ,unlabelled,,0,30874,6,5146,1735,Enhancing Palliative Care for Patients With Advanced Heart Failure Through Simple Prognost
Y2FW4WDH,unlabelled,,0,49069,17,2886,1794,The Short-Term Impact of a Combination Intervention on Depressive Symptoms Among School-Go
Y2SLUV8T,unlabelled,,0,30119,8,3765,2329,Testing Digital Methods of Patient-Reported Outcomes Data Collection: Prospective Cluster 
Y3HRMWYJ,unlabelled,,0,34365,7,4909,2366,Repeat HIV testing of individuals with discrepant HIV self-test results in Central Uganda.
Y3IVUL24,unlabelled,,0,13621,2,6810,1616,Anthropometry and Malaria among Children in Niger: A Cross-Sectional Study.
Y4PYDT6J,unlabelled,,0,20245,10,2024,1564,Effect of Azithromycin on the Ocular Surface Microbiome of Children in a High Prevalence T
Y4TIZ5PA,unlabelled,,0,47272,8,5909,2101,"Percent Fat Mass Increases with Recovery, But Does Not Vary According to Dietary Therapy i"
Y4TUSWXX,unlabelled,,0,46987,9,5221,2381,Evaluating the Effects of a Brief Tobacco Intervention in the US Air Force.
Y5ENNJAP,unlabelled,,0,45684,18,2538,1764,Rationale and design of the Heart-to-Heart study: A church-based intervention to reduce bl
Y5I3JNXM,unlabelled,,0,81267,16,5079,2841,Testing implementation support for evidence-based programs in community settings: a replic
Y5J6YZK2,human_labelled,,0,50485,9,5609,1986,Engaging diverse midlife and older adults in a multilevel participatory physical activity 
Y65DB7TT,human_labelled,,0,32768,8,4096,2131,Primary Palliative Care Improves Uptake of Advance Care Planning Among Patients With Advan
Y7PRFE3Z,human_labelled,,0,51080,8,6385,1834,"Weight loss maintenance among truck drivers in the SHIFT randomised controlled trial, USA"
Y9EY4XQ8,human_labelled,,0,48788,10,4879,1918,"Reducing ethnic and racial disparities by improving undertreatment, control, and engagemen"
Y9GMXF6J,unlabelled,,0,30942,6,5157,1386,"Are evidence-based, community-engaged energy balance interventions enough for extremely vu"
YAIMEWET,human_labelled,,0,53854,11,4896,2159,Network characteristics of a referral system for patients with hypertension in Western Ken
YB76TMBC,unlabelled,,0,50172,10,5017,1406,"Asthma, Airflow Obstruction, and Eosinophilic Airway Inflammation Prevalence in Western Ke"
YCBXQNZJ,unlabelled,,0,77223,17,4543,2322,Study protocol: cluster randomized trial of consultation strategies for the sustainment of
YCFJFHMC,human_labelled,,0,47711,9,5301,2127,Contributions of Early Care and Education Programs to Diet Quality in Children Aged 3 to 4
YCYESWU8,human_labelled,,0,67369,15,4491,2583,Pre-implementation adaptation of primary care cancer prevention clinical decision support 
YDATJERL,unlabelled,,0,56846,12,4737,1388,Braiding Two Evidence-based Programs for Families at-risk: Results of a Cluster Randomized
YDVPVZF8,unlabelled,,0,67070,13,5159,2606,Protocol for a hybrid type 3 cluster randomized trial of a technical assistance system sup
YEGAVXIH,unlabelled,,0,42495,10,4250,1778,Reducing Opioid Analgesic Prescribing in Dentistry Through Prescribing Defaults: A Cluster
YEV6RFDP,unlabelled,,0,57054,12,4754,2353,Protocol for cluster randomized evaluation of reaching married adolescents - a gender-sync
YEXMPZHP,unlabelled,,0,51522,11,4684,1652,Effectiveness of the baby-friendly community initiative on exclusive breastfeeding in Keny
YFHGVNZN,human_labelled,,0,75201,16,4700,2806,Implementation and acceptability of a heart attack quality improvement intervention in Ind
YG3TKRBY,unlabelled,,0,52968,15,3531,2466,A cluster-randomized crossover trial of organic diet impact on biomarkers of exposure to p
YGT6CCGT,unlabelled,,0,46831,17,2755,1788,"Pain Incidence, Treatment, and Associated Symptoms in Hospitalized Persons with Dementia."
YHNLFDNU,unlabelled,,0,35160,12,2930,1878,"Uptake of medical male circumcision with household-based testing, and the association of t"
YHPPC627,unlabelled,,0,44065,11,4006,1762,The effect of male involvement and a prevention of mother-to-child transmission (PMTCT) in
YJDJH8TY,human_labelled,,0,52468,11,4770,1846,Cardiovascular risk factor reduction by community health workers in rural India: A cluster
YKJX8VZA,unlabelled,,0,53437,9,5937,1856,Examining individual- versus population-level social determinants of health in a cluster r
YLAIH7M3,unlabelled,,0,40463,9,4496,1923,A Dating Violence Prevention Program for Middle School Youth: A Cluster Randomized Trial.
YLS5U33Y,unlabelled,,0,47332,19,2491,1624,Design of a pragmatic clinical trial to improve screening and treatment for opioid use dis
YNAD85P3,human_labelled,,0,28462,7,4066,1730,Use of a Geographic Information System to create treatment groups for group-randomized com
YNFC4GFU,unlabelled,,0,68935,19,3628,2458,Effect of sanitation improvements on soil-transmitted helminth eggs in courtyard soil from
YP9UIW27,unlabelled,,0,48435,8,6054,1863,Using Hierarchical Regression to Examine the Predictors of Sexual Risk-Taking Attitudes am
YQC5A963,human_labelled,,0,68276,16,4267,2576,Comparative effectiveness of implementation strategies for Accelerating Cervical Cancer El
YR23V33N,human_labelled,,0,62897,13,4838,1754,The Emergency Medical Services Sleep Health Study: A cluster-randomized trial
YR2VCQ2C,unlabelled,,0,35044,7,5006,1903,Effectiveness of a Pediatric Primary Care Intervention to Increase Maternal Folate Use: Re
YRGUW8FA,unlabelled,,0,43846,10,4385,2254,A Qualitative Assessment of Provider and Client Experiences With 3- and 6-Month Dispensing
YRLFNSIU,unlabelled,,0,47065,9,5229,2919,Effect of COVID-19 Vaccine Messaging Platforms in Emergency Departments on Vaccine Accepta
YS8G343M,unlabelled,,0,69814,27,2586,1775,Cluster Randomized Trials Designed to Support Generalizable Inferences.
YTTNMCKH,unlabelled,,0,49118,10,4912,1892,Impact of Stressful Climates on Provider Perceptions of Integrated Behavioral Health Servi
YUL5IEIT,human_labelled,,0,63437,27,2350,2242,Early-life nutrition supplementation and epigenetic age in middle-adulthood among Guatemal
YVUSKD47,unlabelled,,0,49468,10,4947,1862,Costs of fall injuries in the STRIDE study: an economic evaluation of healthcare system he
YWC8L4RQ,unlabelled,,0,59865,12,4989,1298,Delivery of Pharmacogenetic Testing with or without Medication Therapy Management in a Com
YWEDBWJW,unlabelled,,0,48061,10,4806,3001,Peer mentorship to improve outcomes in patients on hemodialysis (PEER-HD): a randomized co
YWLVFMNJ,unlabelled,,0,39127,8,4891,1706,Underweight children older than 5 years with sickle cell anemia are at risk for early mort
YX4B4THY,unlabelled,,0,36538,11,3322,1851,The Relationship Between Dietary Diversity Among Women of Reproductive Age and Agricultura
YXASMVMY,unlabelled,,0,70322,16,4395,2779,Virtual Learning Collaborative Compared to Technical Assistance as a Strategy for Implemen
YXC5JXVA,unlabelled,,0,39155,14,2797,1967,Engaging Young Men as Community Health Leaders in an STI and Intimate Partner Violence Pre
YY2Y4J6Y,unlabelled,,0,35831,8,4479,1130,Advancing family dementia caregiver interventions in low- and middle-income countries: A p
YZ5R9VRE,unlabelled,,0,54074,11,4916,1158,Structural Network Position and Performance of Health Leaders Within an HIV Prevention Tri
YZ7GZ47B,human_labelled,,0,40108,8,5014,1769,"Effects of a Flexibility/Support Intervention on Work Performance: Evidence From the Work,"
YZYIJZ2N,unlabelled,,0,78638,16,4915,2461,A study protocol for Project I-Test: a cluster randomized controlled trial of a practice c
Z2W7K5DA,human_labelled,,0,45281,8,5660,2102,A Randomized Controlled Trial of Heart Failure Disease Management in Skilled Nursing Facil
Z3Y2YRT7,unlabelled,,0,48344,10,4834,2035,Whole Person Care in Under-resourced Communities: Stakeholder Priorities at Long-Term Foll
Z4NURJHV,unlabelled,,0,60523,12,5044,1933,Accounting for Context in Randomized Trials after Assignment.
Z582MYLU,unlabelled,,0,55956,9,6217,3399,Deprescribing Education vs Usual Care for Patients With Cognitive Impairment and Primary C
Z6DJN9CQ,human_labelled,,0,44258,10,4426,1815,Completion of Patient-Reported Outcome Questionnaires Among Older Adults with Advanced Can
Z6WDVTKT,human_labelled,,0,57987,12,4832,1763,Assessment of implementation methods in sepsis: study protocol for a cluster-randomized hy
Z7RGX4NC,unlabelled,,0,30904,8,3863,1766,Development and implementation of a process evaluation for intervention quality improvemen
Z8C7NKBD,unlabelled,,0,37812,12,3151,1788,Community-level chlamydial serology for assessing trachoma elimination in trachoma-endemic
ZB7AARX9,unlabelled,,0,69527,16,4345,2525,Organizational contextual factors that predict success of a quality improvement collaborat
ZBPWT8RC,human_labelled,,0,48383,12,4032,2222,The Temporal Association of the COVID-19 Pandemic and Pediatric Cardiopulmonary Resuscitat
ZC3442HS,human_labelled,,0,49026,11,4457,1090,TransPrEP: Results from the Pilot Study of a Social Network-Based Intervention to Support 
ZCQWSNNG,unlabelled,,0,70303,20,3515,1057,"Extending the I-squared statistic to describe treatment effect heterogeneity in cluster, m"
ZCZHUGFJ,unlabelled,,0,35541,11,3231,1710,Safety of azithromycin in infants under six months of age in Niger: A community randomized
ZDP4YJ9U,human_labelled,,0,69411,13,5339,1126,WASH interventions and child diarrhea at the interface of climate and socioeconomic positi
ZEP5L9DW,unlabelled,,0,41995,16,2625,2387,Effectiveness of intensive adherence counselling in achieving an undetectable viral load a
ZEQRVXQG,human_labelled,,0,56058,10,5606,1722,Implementation of quality improvement coaching versus physician communication training for
ZETJJPRR,human_labelled,,0,46952,8,5869,2489,Effectiveness of a Multicomponent Strategy for Implementing Guidelines for Treating Tobacc
ZFIWZ2T8,unlabelled,,0,38244,14,2732,2050,Can educational videos reduce opioid consumption in trauma inpatients? A cluster-randomize
ZFMGD92P,human_labelled,,0,35882,8,4485,2042,"A qualitative evaluation of a simplified cardiovascular management program in Tibet, China"
ZG7UY28U,unlabelled,,0,58703,13,4516,1364,A cluster-randomized controlled trial of automated internet weight-loss programs in primar
ZGY5R8VA,unlabelled,,0,62621,26,2408,1947,Adolescents Treated for Attention-Deficit/Hyperactivity Disorder in Pediatric Primary Care
ZH47UTGY,human_labelled,,0,44046,15,2936,2160,Cluster Randomized Trial of Teens Against Tobacco Use: Youth Empowerment for Tobacco Contr
ZHDC4FUP,unlabelled,,0,60580,14,4327,3486,Modeling approaches for assessing device-based measures of energy expenditure in school-ba
ZHYY3GB4,unlabelled,,0,33755,7,4822,2203,Effect of a Multifactorial Fall Injury Prevention Intervention on Patient Well-Being: The 
ZHZ7QTSV,unlabelled,,0,42970,8,5371,2210,Differences in Weight Loss by Race and Ethnicity in the PRIDE Trial: a Qualitative Analysi
ZIU96DGY,unlabelled,,0,59374,11,5398,2128,Amplifying similarity to promote college STEM instructor-student mentoring relationship qu
ZJKQ8F5L,unlabelled,,0,37814,10,3781,1295,Gender Differences in Impacts of Place-Based Neighborhood Greening Interventions on Fear o
ZKK4BKTQ,unlabelled,,0,48203,14,3443,1882,Multicrossover Randomized Controlled Trial Designs in Alzheimer Disease.
ZKUB7Y5L,unlabelled,,0,57129,12,4761,2559,Analysis of multiple-period group randomized trials: random coefficients model or repeated
ZKY8XW5M,human_labelled,,0,41193,8,5149,1805,Factors associated with HPV vaccination decision-making among Korean American women
ZLU75I88,human_labelled,,0,26280,6,4380,2422,Non-Concordance between Patient and Clinician Estimates of Prognosis in Advanced Heart Fai
ZLVNAG8L,unlabelled,,0,66679,14,4763,2566,"Rudi Kundini, Pamoja Kundini (RKPK): study protocol for a hybrid type 1 randomized effecti"
ZM7AIX3U,unlabelled,,0,18143,3,6048,0,Drinking Water Chlorination Impact on Fecal Carriage of Extended-Spectrum Beta-Lactamase-P
ZN4GPW43,human_labelled,,0,43603,11,3964,1656,Meta Salud Diabetes for cardiovascular disease prevention in Mexico: a cluster-randomized 
ZNV4MKDT,unlabelled,,0,56544,18,3141,1395,The effects of a workplace intervention on employees' cortisol awakening response.
ZPEDLYBK,human_labelled,,0,64989,13,4999,1621,A pediatric primary care practice-based obesity intervention to support families: a cluste
ZQ2U7SAI,human_labelled,,0,56735,11,5158,2956,Optimization of Inspired Oxygen during Mechanical Ventilation (OPTI-OXYGEN): rationale and
ZQ5VGJ9X,unlabelled,,0,70944,13,5457,2550,Optimizing the development and evaluation of complex interventions: lessons learned from t
ZQYES9Q5,unlabelled,,0,29016,6,4836,1197,Comparison of anthropometric indicators to predict mortality in a population-based prospec
ZR3LJXGK,human_labelled,,0,80963,11,7360,1657,Implementing a prediabetes clinical decision support system in a large primary care system
ZR84RXRM,unlabelled,,0,64413,14,4601,1133,Effects of Collaborative Care for Comorbid Attention Deficit Hyperactivity Disorder Among 
ZRSEM79M,unlabelled,,0,55955,9,6217,2063,Socioeconomic status indicators and common mental disorders: Evidence from a study of pren
ZRSMSXIP,unlabelled,,0,56105,11,5100,1169,Factors associated with caregiver compliance to an HIV disclosure intervention and its eff
ZS32FFTG,unlabelled,,0,54695,13,4207,3031,Childhood Factors Associated With Unnatural Death Through Midadulthood.
ZS5WVT7S,human_labelled,,0,39897,7,5700,1996,Prospective Assessment of the Feasibility of a Trial of Low-Tidal Volume Ventilation for P
ZSZEJEG4,unlabelled,,0,46156,9,5128,1157,College students' experiences of sexual violence and reasons for seeking care in campus he
ZT7K54TX,unlabelled,,0,102481,19,5394,2522,The Transdiagnostic Intervention for Sleep and Circadian Dysfunction (TranS-C) for serious
ZTWB7VJ7,unlabelled,,0,42003,8,5250,1911,Effects of a Combination Economic Empowerment and Family Strengthening Intervention on Psy
ZWVHDKR2,unlabelled,,0,40470,8,5059,967,12-Month Cost Outcomes of Community Engagement Versus Technical Assistance for Depression 
ZXHI8G3B,human_labelled,,0,55788,13,4291,1811,Impact of a Multidisciplinary Supportive Care Model Using Distress Screening at an Asian A
ZXM9U5IL,unlabelled,,0,36243,9,4027,1738,Initial Contraceptive Choices of Women Enrolled in a Cluster-Randomized Trial in Southwest
ZY3258YS,unlabelled,,0,40498,7,5785,1838,"Screening, Recruitment, and Baseline Characteristics for the Strategies to Reduce Injuries"
ZY8UXIEH,unlabelled,,0,55226,11,5021,2021,Effect of Varying Repositioning Frequency on Pressure Injury Prevention in Nursing Home Re
ZZBZ73CA,unlabelled,,0,45214,8,5652,1714,Protocol for a Cluster Randomized Trial Comparing Team-Based to Clinician-Focused Implemen
ZZT32XJE,unlabelled,,0,94061,25,3762,3568,"Independent and combined effects of improved water, sanitation, and hygiene (WASH) and imp"
