paper_id,paper_id_note,source_institute,source_file,source_row,citation_raw,cite_key,matched_by,match_score,labeled,excluded,exclusion_reason,exclusion_reason_raw,power_correct,power_correct_raw,data_correct,data_correct_raw,review_category,review_category_raw,n_trt,n_levels,comment_levels,n_outer,n_2nd,n_3rd,n_4th,unit_rand,ind_samp_unit,restricted_rand_raw,icc,n_long,stepped_wedge_raw,data_done,data_should,data_comment,power_done,power_should,restricted_rand,stepped_wedge,source_note,source_doi,source_pmid,reason_source
RE9NAY8K,,NCI,GroundTruthDataNCI01.xlsx,1,"1. (Ailawadhi et al., 2020)",,author_year,100,1,1,not_group_randomized,not group randomized,,,,,,,,,,,,,,,,,,,,,,,,,,,,,,
4X4LV7H7,,NCI,GroundTruthDataNCI01.xlsx,2,"2. (Ansa et al., 2023)",,author_year,100,1,0,,,no,NO,yes,YES,A,A,,,,,,,,,,,,,,,,,,,,,,,,
HBD3Y6S2,,NCI,GroundTruthDataNCI01.xlsx,3,"3. (Arastu et al., 2020)",,author_year,100,1,1,secondary_analysis,secondary,,,,,,,,,,,,,,,,,,,,,,,,,,,,,,
DFJE8ALD,,NCI,GroundTruthDataNCI01.xlsx,4,"4. (Arredondo et al., 2022)",,author_year,100,1,0,,,no,NO,no,NO,C,C,,,,,,,,,,,,,,,,,,,,,,,,
B3KTU9TU,,NCI,GroundTruthDataNCI01.xlsx,5,"5. (Arrossi et al., 2019)",,author_year,100,1,0,,,yes,YES,yes,YES,A,A,,,,,,,,,,,,,,,,,,,,,,,,
QHUGZ86T,,NCI,GroundTruthDataNCI01.xlsx,6,"6. (Asfar et al., 2021)",,author_year,100,1,1,duplicate_group_random_drop,random,,,,,,,,,,,,,,,,,,,,,,,,,,,,,,
DDKM5E29,,NCI,GroundTruthDataNCI01.xlsx,7,"7. (Asfar et al., 2018)",,author_year,100,1,0,,,no,NO,no,NO,D,D,,,,,,,,,,,,,,,,,,,,,,,,
PJ3LJPS4,,NCI,GroundTruthDataNCI01.xlsx,8,"8. (Atlas et al., 2023)",,author_year,100,1,0,,,yes,YES,yes,YES,A,A,,,,,,,,,,,,,,,,,,,,,,,,
4T3I54L2,,NCI,GroundTruthDataNCI01.xlsx,9,"9. (Auvinen et al., 2024)",,author_year,100,1,1,baseline_only,baseline,,,,,,,,,,,,,,,,,,,,,,,,,,,,,,
BCPZNXV7,,NCI,GroundTruthDataNCI01.xlsx,10,"10. (Barrington & Beresford, 2019)",,author_year,100,1,1,secondary_analysis,secondary,,,,,,,,,,,,,,,,,,,,,,,,,,,,,,
VGG3KIMT,,NCI,GroundTruthDataNCI01.xlsx,11,"11. (Bartels et al., 2024)",,author_year,100,1,1,baseline_only,baseline,,,,,,,,,,,,,,,,,,,,,,,,,,,,,,
3H4J4BGD,,NCI,GroundTruthDataNCI01.xlsx,12,"12. (Basch et al., 2022)",,author_year,100,1,0,,,yes,YES,yes,YES,A,A,,,,,,,,,,,,,,,,,,,,,,,,
T46GFUVP,,NCI,GroundTruthDataNCI01.xlsx,13,"13. (Bauer et al., 2020)",,author_year,100,1,0,,,no,NO,yes,YES,A,A,,,,,,,,,,,,,,,,,,,,,,,,
RJD9XX6D,,NCI,GroundTruthDataNCI01.xlsx,14,"14. (Beck et al., 2019)",,author_year,100,1,0,,,yes,YES,yes,YES,A,A,,,,,,,,,,,,,,,,,,,,,,,,
8X3V8X64,,NCI,GroundTruthDataNCI01.xlsx,15,"15. (Bell-Brown et al., 2022)",,author_year,100,1,1,secondary_analysis,secondary,,,,,,,,,,,,,,,,,,,,,,,,,,,,,,
6M6JS3W5,,NCI,GroundTruthDataNCI01.xlsx,16,"16. (Beresford et al., 2022)",,author_year,100,1,0,,,no,NO,no,NO,B,B,,,,,,,,,,,,,,,,,,,,,,,,
FPX2G3LA,,NCI,GroundTruthDataNCI01.xlsx,17,"17. (Berg et al., 2024)",,author_year,100,1,0,,,yes,YES,no,NO,C,C,,,,,,,,,,,,,,,,,,,,,,,,
I6KDJ44E,,NCI,GroundTruthDataNCI01.xlsx,18,"18. (Blinder et al., 2023)",,author_year,100,1,1,secondary_analysis,secondary,,,,,,,,,,,,,,,,,,,,,,,,,,,,,,
MCKQDWYQ,,NCI,GroundTruthDataNCI01.xlsx,19,"19. (Booker et al., 2020)",,author_year,100,1,1,secondary_analysis,secondary,,,,,,,,,,,,,,,,,,,,,,,,,,,,,,
FHVQQIX3,,NCI,GroundTruthDataNCI01.xlsx,20,"20. (Brewer et al., 2022)",,author_year,100,1,0,,,yes,YES,yes,YES,A,A,,,,,,,,,,,,,,,,,,,,,,,,
9PGIWTZJ,,NCI,GroundTruthDataNCI01.xlsx,21,"21. (Brooks et al., 2018)",,author_year,100,1,0,,,no,NO,yes,YES,A,A,,,,,,,,,,,,,,,,,,,,,,,,
ZH47UTGY,,NCI,GroundTruthDataNCI01.xlsx,22,"22. (Brown et al., 2019)",,author_year,100,1,0,,,no,NO,no,NO,D,D,,,,,,,,,,,,,,,,,,,,,,,,
LNE655AM,,NCI,GroundTruthDataNCI01.xlsx,23,"23. (Bui et al., 2023)",,author_year,100,1,0,,,no,NO,yes,YES,A,A,,,,,,,,,,,,,,,,,,,,,,,,
767M69JK,,NCI,GroundTruthDataNCI01.xlsx,24,"24. (Buro et al., 2023)",,author_year,100,1,1,implementation_study,implementation,,,,,,,,,,,,,,,,,,,,,,,,,,,,,,
NFIAY6NV,,NCI,GroundTruthDataNCI01.xlsx,25,"25. (Cadet et al., 2021)",,author_year,100,1,1,secondary_analysis,secondary,,,,,,,,,,,,,,,,,,,,,,,,,,,,,,
F9X8Z6SZ,,NCI,GroundTruthDataNCI01.xlsx,26,"26. (Calo et al., 2023)",,author_year,100,1,0,,,no,NO,yes,YES,A,A,,,,,,,,,,,,,,,,,,,,,,,,
VD74N4DN,,NCI,GroundTruthDataNCI01.xlsx,27,"27. (Carroll et al., 2024)",,author_year,100,1,1,secondary_analysis,secondary,,,,,,,,,,,,,,,,,,,,,,,,,,,,,,
6UFMVCDF,,NCI,GroundTruthDataNCI01.xlsx,28,"28. (Castañeda et al., 2023)",,author_year,100,1,0,,,no,NO,no,NO,B,B,,,,,,,,,,,,,,,,,,,,,,,,
U7PLGE75,,NCI,GroundTruthDataNCI01.xlsx,29,"29. (Chalela et al., 2018)",,author_year,100,1,0,,,no,NO,no,NO,B,B,,,,,,,,,,,,,,,,,,,,,,,,
TGIBPA3M,,NCI,GroundTruthDataNCI01.xlsx,30,"30. (Chen et al., 2020)",,author_year,100,1,1,methods_paper,methods,,,,,,,,,,,,,,,,,,,,,,,,,,,,,,
TYUTRABV,,NCI,GroundTruthDataNCI01.xlsx,31,"31. (Choi et al., 2024)",,author_year,100,1,1,implementation_study,implementation,,,,,,,,,,,,,,,,,,,,,,,,,,,,,,
6Y7FJ56I,,NCI,GroundTruthDataNCI01.xlsx,32,"32. (Choi et al., 2020)",,author_year,100,1,1,qualitative_study,qualitative,,,,,,,,,,,,,,,,,,,,,,,,,,,,,,
WTLH8PPX,,NCI,GroundTruthDataNCI01.xlsx,33,"33. (Chu et al., 2021)",,author_year,100,1,0,,,no,NO,no,NO,B,B,,,,,,,,,,,,,,,,,,,,,,,,
XYJLRGVC,,NCI,GroundTruthDataNCI01.xlsx,34,"34. (Coats et al., 2018)",,author_year,100,1,1,baseline_only,baseline,,,,,,,,,,,,,,,,,,,,,,,,,,,,,,
Y65DB7TT,,NCI,GroundTruthDataNCI01.xlsx,35,"35. (Cohen et al., 2023)",,author_year,100,1,1,secondary_analysis,secondary,,,,,,,,,,,,,,,,,,,,,,,,,,,,,,
TBFRUAMD,,NCI,GroundTruthDataNCI01.xlsx,36,"36. (Coronado et al., 2022)",,author_year,100,1,0,,,no,NO,no,NO,B,B,,,,,,,,,,,,,,,,,,,,,,,,
KJQKEW8Y,,NCI,GroundTruthDataNCI01.xlsx,37,"37. (Coronado et al., 2018)",,author_year,100,1,1,baseline_only,baseline,,,,,,,,,,,,,,,,,,,,,,,,,,,,,,
7MHFEUZL,,NCI,GroundTruthDataNCI01.xlsx,38,"38. (Coury et al., 2024)",,author_year,100,1,1,implementation_study,implementation,,,,,,,,,,,,,,,,,,,,,,,,,,,,,,
ERY25CXT,,NCI,GroundTruthDataNCI01.xlsx,39,"39. (Cramer et al., 2021)",,author_year,100,1,1,secondary_analysis,secondary,,,,,,,,,,,,,,,,,,,,,,,,,,,,,,
PIZAETCG,,NCI,GroundTruthDataNCI01.xlsx,40,"40. (Crew et al., 2024)",,author_year,100,1,1,baseline_only,baseline,,,,,,,,,,,,,,,,,,,,,,,,,,,,,,
CR7JWN8H,,NCI,GroundTruthDataNCI01.xlsx,41,"41. (Cuaresma et al., 2018)",,author_year,100,1,0,,,yes,YES,yes,YES,A,A,,,,,,,,,,,,,,,,,,,,,,,,
FGGJHPQ8,,NCI,GroundTruthDataNCI01.xlsx,42,"42. (Culakova et al., 2023)",,author_year,100,1,1,secondary_analysis,secondary,,,,,,,,,,,,,,,,,,,,,,,,,,,,,,
73BP3R5F,,NCI,GroundTruthDataNCI01.xlsx,43,"43. (de Kermadec et al., 2024)",,author_year,100,1,1,secondary_analysis,secondary,,,,,,,,,,,,,,,,,,,,,,,,,,,,,,
II5PE99X,,NCI,GroundTruthDataNCI01.xlsx,44,"44. (Derose et al., 2022)",,author_year,100,1,0,,,no,NO,no,NO,B,B,,,,,,,,,,,,,,,,,,,,,,,,
MDUWF9YP,,NCI,GroundTruthDataNCI01.xlsx,45,"45. (DeSalvo et al., 2018)",,author_year,100,1,1,secondary_analysis,secondary,,,,,,,,,,,,,,,,,,,,,,,,,,,,,,
M7MJVIPL,,NCI,GroundTruthDataNCI01.xlsx,46,"46. (Drehmer et al., 2021)",,author_year,100,1,1,secondary_analysis,secondary,,,,,,,,,,,,,,,,,,,,,,,,,,,,,,
ECH2D7BJ,,NCI,GroundTruthDataNCI01.xlsx,47,"47. (Drehmer et al., 2020)",,author_year,100,1,1,secondary_analysis,secondary,,,,,,,,,,,,,,,,,,,,,,,,,,,,,,
7HMIXSV8,,NCI,GroundTruthDataNCI01.xlsx,48,"48. (Dupuis et al., 2021)",,author_year,100,1,1,implementation_study,implementation,,,,,,,,,,,,,,,,,,,,,,,,,,,,,,
7EFQI5V4,,NCI,GroundTruthDataNCI01.xlsx,49,"49. (Eastment, Long, et al., 2022)",,author_position,100,1,1,qualitative_study,qualitative,,,,,,,,,,,,,,,,,,,,,,,,,,,,,,
32LERLVS,,NCI,GroundTruthDataNCI01.xlsx,50,"50. (Eastment et al., 2019)",,author_year,100,1,1,not_randomized,non-randomized,,,,,,,,,,,,,,,,,,,,,,,,,,,,,,
CVNVFN8Y,,NCI,GroundTruthDataNCI01.xlsx,51,"51. (Eastment, Wanje, et al., 2022)",,author_position,100,1,1,implementation_study,implementation,,,,,,,,,,,,,,,,,,,,,,,,,,,,,,
26LDPI8G,,NCI,GroundTruthDataNCI01.xlsx,52,"52. (Eastment et al., 2023)",,author_year,100,1,0,,,no,NO,no,NO,B,B,,,,,,,,,,,,,,,,,,,,,,,,
E3JZCW7P,,NCI,GroundTruthDataNCI01.xlsx,53,"53. (Ehdaie et al., 2021)",,author_year,100,1,0,,,no,NO,no,NO,B,B,,,,,,,,,,,,,,,,,,,,,,,,
WCA66X4I,,NCI,GroundTruthDataNCI01.xlsx,54,"54. (Elliott et al., 2021)",,author_year,100,1,0,,,no,NO,no,NO,C,C,,,,,,,,,,,,,,,,,,,,,,,,
CG56AVM4,,NCI,GroundTruthDataNCI01.xlsx,55,"55. (Escoffery et al., 2019)",,author_year,100,1,0,,,yes,YES,no,NO,C,C,,,,,,,,,,,,,,,,,,,,,,,,
IASMJG49,,NCI,GroundTruthDataNCI01.xlsx,56,"56. (Fadem et al., 2023)",,author_year,100,1,0,,,no,NO,no,NO,C,C,,,,,,,,,,,,,,,,,,,,,,,,
EJY33FGY,,NCI,GroundTruthDataNCI01.xlsx,57,"57. (Fang et al., 2019)",,author_year,100,1,0,,,no,NO,no,NO,D,D,,,,,,,,,,,,,,,,,,,,,,,,
F2BPPKMI,,NCI,GroundTruthDataNCI01.xlsx,58,"58. (Fernandez et al., 2020)",,author_year,100,1,0,,,no,NO,no,NO,D,D,,,,,,,,,,,,,,,,,,,,,,,,
WD74R75C,,NCI,GroundTruthDataNCI01.xlsx,59,"59. (Fiks et al., 2023)",,author_year,100,1,0,,,no,NO,no,NO,C,C,,,,,,,,,,,,,,,,,,,,,,,,
Z6DJN9CQ,,NCI,GroundTruthDataNCI01.xlsx,60,"60. (Flannery et al., 2022)",,author_year,100,1,1,secondary_analysis,secondary,,,,,,,,,,,,,,,,,,,,,,,,,,,,,,
WKMKUPTU,,NCI,GroundTruthDataNCI01.xlsx,61,"61. (Flitter et al., 2019)",,author_year,100,1,1,baseline_only,baseline,,,,,,,,,,,,,,,,,,,,,,,,,,,,,,
LCAG76F4,,NCI,GroundTruthDataNCI01.xlsx,62,"62. (Foley et al., 2023)",,author_year,100,1,1,duplicate_group_random_drop,random,,,,,,,,,,,,,,,,,,,,,,,,,,,,,,
49C5LL2B,,NCI,GroundTruthDataNCI01.xlsx,63,"63. (Foley et al., 2020)",,author_year,100,1,0,,,no,NO,no,NO,C,C,,,,,,,,,,,,,,,,,,,,,,,,
JSRXWSXE,,NCI,GroundTruthDataNCI01.xlsx,64,"64. (Foraker et al., 2021)",,author_year,100,1,0,,,yes,YES,yes,YES,A,A,,,,,,,,,,,,,,,,,,,,,,,,
EAJAKXKC,,NCI,GroundTruthDataNCI01.xlsx,65,"65. (Freytag et al., 2018)",,author_year,100,1,1,secondary_analysis,secondary,,,,,,,,,,,,,,,,,,,,,,,,,,,,,,
D6FQ47HW,,NCI,GroundTruthDataNCI01.xlsx,66,"66. (Friesner et al., 2024)",,author_year,100,1,1,secondary_analysis,secondary,,,,,,,,,,,,,,,,,,,,,,,,,,,,,,
SGCHKJTH,,NCI,GroundTruthDataNCI01.xlsx,67,"67. (Gans et al., 2018)",,author_year,100,1,0,,,no,NO,yes,YES,A,A,,,,,,,,,,,,,,,,,,,,,,,,
Z7NF2G6Q,,NCI,GroundTruthDataNCI01.xlsx,68,"68. (Gilbert et al., 2022)",,author_year,100,1,1,baseline_only,baseline,,,,,,,,,,,,,,,,,,,,,,,,,,,,,,
I47BDCKU,,NCI,GroundTruthDataNCI01.xlsx,69,"69. (Gilkey et al., 2022)",,author_year,100,1,1,duplicate_group_random_drop,random,,,,,,,,,,,,,,,,,,,,,,,,,,,,,,
4FJHYJ4R,,NCI,GroundTruthDataNCI01.xlsx,70,"70. (Gilkey et al., 2023)",,author_year,100,1,0,,,no,NO,no,NO,C,C,,,,,,,,,,,,,,,,,,,,,,,,
UJB4QA99,,NCI,GroundTruthDataNCI01.xlsx,71,"71. (Gilmore et al., 2021)",,author_year,100,1,1,secondary_analysis,secondary,,,,,,,,,,,,,,,,,,,,,,,,,,,,,,
ZEQRVXQG,,NCI,GroundTruthDataNCI01.xlsx,72,"72. (Grabert et al., 2022)",,author_year,100,1,1,implementation_study,implementation,,,,,,,,,,,,,,,,,,,,,,,,,,,,,,
G75A8PEN,,NCI,GroundTruthDataNCI01.xlsx,73,"73. (Greaney et al., 2018)",,author_year,100,1,1,secondary_analysis,secondary,,,,,,,,,,,,,,,,,,,,,,,,,,,,,,
BWAGKCVT,,NCI,GroundTruthDataNCI01.xlsx,74,"74. (Green, Coronado, et al., 2019)",,author_position,100,1,1,methods_paper,methods,,,,,,,,,,,,,,,,,,,,,,,,,,,,,,
TFGQKUCF,,NCI,GroundTruthDataNCI01.xlsx,75,"75. (Green, Vollmer, et al., 2019)",,author_position,100,1,1,implementation_study,implementation,,,,,,,,,,,,,,,,,,,,,,,,,,,,,,
R3FT4BF3,,NCI,GroundTruthDataNCI01.xlsx,76,"76. (Haas et al., 2021)",,author_year,100,1,0,,,no,NO,no,NO,C,C,,,,,,,,,,,,,,,,,,,,,,,,
U4A6LS8G,,NCI,GroundTruthDataNCI01.xlsx,77,"77. (Hallemeier et al., 2019)",,author_year,100,1,1,secondary_analysis,secondary,,,,,,,,,,,,,,,,,,,,,,,,,,,,,,
DXI976EC,,NCI,GroundTruthDataNCI01.xlsx,78,"78. (Harris et al., 2022)",,author_year,100,1,1,implementation_study,implementation,,,,,,,,,,,,,,,,,,,,,,,,,,,,,,
XVG5NIVQ,,NCI,GroundTruthDataNCI01.xlsx,79,"79. (Harry, Asche, et al., 2022)",,author_position,100,1,0,,,no,NO,no,NO,C,C,,,,,,,,,,,,,,,,,,,,,,,,
XPS9DCVL,,NCI,GroundTruthDataNCI01.xlsx,80,"80. (Harry, Chrenka, et al., 2022)",,author_position,100,1,1,implementation_study,implementation,,,,,,,,,,,,,,,,,,,,,,,,,,,,,,
YCYESWU8,,NCI,GroundTruthDataNCI01.xlsx,81,"81. (Harry et al., 2020)",,author_year,100,1,1,implementation_study,implementation,,,,,,,,,,,,,,,,,,,,,,,,,,,,,,
LJW4HEIA,,NCI,GroundTruthDataNCI01.xlsx,82,"82. (Herman et al., 2022)",,author_year,100,1,1,secondary_analysis,secondary,,,,,,,,,,,,,,,,,,,,,,,,,,,,,,
TIP639KQ,,NCI,GroundTruthDataNCI01.xlsx,83,"83. (Hershman, Bansal, Barlow, et al., 2023)",,author_position,100,1,1,implementation_study,implementation,,,,,,,,,,,,,,,,,,,,,,,,,,,,,,
NZYS3BX2,,NCI,GroundTruthDataNCI01.xlsx,84,"84. (Hershman, Bansal, Sullivan, et al., 2023)",,author_position,100,1,0,,,no,NO,no,NO,C,C,,,,,,,,,,,,,,,,,,,,,,,,
A9KIMSNR,,NCI,GroundTruthDataNCI01.xlsx,85,"85. (Hingle et al., 2021)",,author_year,100,1,0,,,no,NO,no,NO,C,C,,,,,,,,,,,,,,,,,,,,,,,,
FMXPAUEI,,NCI,GroundTruthDataNCI01.xlsx,86,"86. (Holt et al., 2019)",,author_year,100,1,0,,,no,NO,no,NO,D,D,,,,,,,,,,,,,,,,,,,,,,,,
HRZIZRJP,,NCI,GroundTruthDataNCI01.xlsx,87,"87. (Huchko et al., 2018)",,author_year,100,1,0,,,no,NO,yes,YES,A,A,,,,,,,,,,,,,,,,,,,,,,,,
E6B5T4RY,,NCI,GroundTruthDataNCI01.xlsx,88,"88. (Huchko et al., 2019)",,author_year,100,1,1,secondary_analysis,secondary,,,,,,,,,,,,,,,,,,,,,,,,,,,,,,
F4QDRKEG,,NCI,GroundTruthDataNCI01.xlsx,89,"89. (Huei-Yu Wang et al., 2018)",,author_year,100,1,0,,,no,NO,no,NO,C,C,,,,,,,,,,,,,,,,,,,,,,,,
72N55PAH,,NCI,GroundTruthDataNCI01.xlsx,90,"90. (Hunt et al., 2018)",,author_year,100,1,0,,,yes,YES,no,NO,B,B,,,,,,,,,,,,,,,,,,,,,,,,
PSCSKNSV,,NCI,GroundTruthDataNCI01.xlsx,91,"91. (Hwang et al., 2018)",,author_year,100,1,1,not_group_randomized,not group randomized,,,,,,,,,,,,,,,,,,,,,,,,,,,,,,
VKY7UK64,,NCI,GroundTruthDataNCI01.xlsx,92,"92. (Jamshidi-Naeini et al., 2022)",,author_year,100,1,1,methods_paper,methods,,,,,,,,,,,,,,,,,,,,,,,,,,,,,,
J7CUNUHF,,NCI,GroundTruthDataNCI01.xlsx,93,"93. (Jensen-Battaglia, Lei, Xu, Kehoe, et al., 2022)",,author_position,100,1,1,secondary_analysis,secondary,,,,,,,,,,,,,,,,,,,,,,,,,,,,,,
69KLSK53,,NCI,GroundTruthDataNCI01.xlsx,94,"94. (Jensen-Battaglia, Lei, Xu, Loh, et al., 2022)",,author_position,100,1,1,secondary_analysis,secondary,,,,,,,,,,,,,,,,,,,,,,,,,,,,,,
PV2Z7J77,,NCI,GroundTruthDataNCI01.xlsx,95,"95. (Jensen-Battaglia et al., 2023)",,author_year,100,1,1,secondary_analysis,secondary,,,,,,,,,,,,,,,,,,,,,,,,,,,,,,
BLWKH6C8,,NCI,GroundTruthDataNCI01.xlsx,96,"96. (Jenssen et al., 2021)",,author_year,100,1,0,,,yes,YES,yes,YES,A,A,,,,,,,,,,,,,,,,,,,,,,,,
F4KF42R4,,NCI,GroundTruthDataNCI01.xlsx,97,"97. (Jenssen et al., 2023)",,author_year,100,1,1,secondary_analysis,secondary,,,,,,,,,,,,,,,,,,,,,,,,,,,,,,
SMQ7NINF,,NCI,GroundTruthDataNCI01.xlsx,98,"98. (Jiang et al., 2019)",,author_year,100,1,1,secondary_analysis,secondary,,,,,,,,,,,,,,,,,,,,,,,,,,,,,,
XA8RYYSR,,NCI,GroundTruthDataNCI01.xlsx,99,"99. (Jih et al., 2020)",,author_year,100,1,0,,,yes,YES,yes,YES,A,A,,,,,,,,,,,,,,,,,,,,,,,,
SH5J2R2J,,NCI,GroundTruthDataNCI01.xlsx,100,"100. (Johnson et al., 2024)",,author_year,100,1,0,,,no,NO,no,NO,C,C,,,,,,,,,,,,,,,,,,,,,,,,
3NJJIQJQ,,NCI,GroundTruthDataNCI01.xlsx,101,"101. (Jones et al., 2021)",,author_year,100,1,1,not_group_randomized,not group randomized,,,,,,,,,,,,,,,,,,,,,,,,,,,,,,
RM444G67,,NCI,GroundTruthDataNCI01.xlsx,102,"102. (Katz et al., 2018)",,author_year,100,1,1,secondary_analysis,secondary,,,,,,,,,,,,,,,,,,,,,,,,,,,,,,
ZXHI8G3B,,NCI,GroundTruthDataNCI01.xlsx,103,"103. (Ke et al., 2024)",,author_year,100,1,0,,,no,NO,no,NO,C,C,,,,,,,,,,,,,,,,,,,,,,,,
EYSSMC5T,,NCI,GroundTruthDataNCI01.xlsx,104,"104. (Kelder et al., 2020)",,author_year,100,1,1,not_randomized,non-randomized,,,,,,,,,,,,,,,,,,,,,,,,,,,,,,
DPPC94XT,,NCI,GroundTruthDataNCI01.xlsx,105,"105. (King et al., 2021)",,author_year,100,1,1,duplicate_group_random_drop,random,,,,,,,,,,,,,,,,,,,,,,,,,,,,,,
X2MXMQA7,,NCI,GroundTruthDataNCI01.xlsx,106,"106. (King et al., 2020)",,author_year,100,1,0,,,no,NO,no,NO,C,C,,,,,,,,,,,,,,,,,,,,,,,,
VPCPTPZL,,NCI,GroundTruthDataNCI01.xlsx,107,"107. (Kleckner et al., 2022)",,author_year,100,1,1,secondary_analysis,secondary,,,,,,,,,,,,,,,,,,,,,,,,,,,,,,
JCPBMIPX,,NCI,GroundTruthDataNCI01.xlsx,108,"108. (Knott et al., 2022)",,author_year,100,1,0,,,no,NO,no,NO,D,D,,,,,,,,,,,,,,,,,,,,,,,,
6XFGQN39,,NCI,GroundTruthDataNCI01.xlsx,109,"109. (Krist et al., 2020)",,author_year,100,1,0,,,no,NO,no,NO,C,C,,,,,,,,,,,,,,,,,,,,,,,,
BYZJM332,,NCI,GroundTruthDataNCI01.xlsx,110,"110. (Kukafka et al., 2022)",,author_year,100,1,0,,,yes,YES,yes,YES,A,A,,,,,,,,,,,,,,,,,,,,,,,,
VIYWFDG9,,NCI,GroundTruthDataNCI01.xlsx,111,"111. (Latella et al., 2020)",,author_year,100,1,1,secondary_analysis,secondary,,,,,,,,,,,,,,,,,,,,,,,,,,,,,,
2LUUC2WH,,NCI,GroundTruthDataNCI01.xlsx,112,"112. (Leavens et al., 2018)",,author_year,100,1,0,,,no,NO,yes,YES,A,A,,,,,,,,,,,,,,,,,,,,,,,,
B9YG8GYQ,,NCI,GroundTruthDataNCI01.xlsx,113,"113. (R. E. Lee et al., 2022)",,author_year,100,1,1,secondary_analysis,secondary,,,,,,,,,,,,,,,,,,,,,,,,,,,,,,
NMNK2UJG,,NCI,GroundTruthDataNCI01.xlsx,114,"114. (R. M. Lee et al., 2019)",,author_year,100,1,0,,,no,NO,no,NO,D,D,,,,,,,,,,,,,,,,,,,,,,,,
ABV8X64G,,NCI,GroundTruthDataNCI01.xlsx,115,"115. (R. M. Lee et al., 2018)",,author_year,100,1,1,secondary_analysis,secondary,,,,,,,,,,,,,,,,,,,,,,,,,,,,,,
DKMFB69S,,NCI,GroundTruthDataNCI01.xlsx,116,"116. (Leone et al., 2018)",,author_year,100,1,0,,,yes,YES,yes,YES,A,A,,,,,,,,,,,,,,,,,,,,,,,,
JMLTZFI8,,NCI,GroundTruthDataNCI01.xlsx,117,"117. (Leone et al., 2019)",,author_year,100,1,1,duplicate_group_random_drop,random,,,,,,,,,,,,,,,,,,,,,,,,,,,,,,
ULPYQHXX,,NCI,GroundTruthDataNCI01.xlsx,118,"118. (Ligibel et al., 2023)",,author_year,100,1,1,secondary_analysis,secondary,,,,,,,,,,,,,,,,,,,,,,,,,,,,,,
IR9N2LY8,,NCI,GroundTruthDataNCI01.xlsx,119,"119. (Lin et al., 2024)",,author_year,100,1,1,secondary_analysis,secondary,,,,,,,,,,,,,,,,,,,,,,,,,,,,,,
4T9MTMMP,,NCI,GroundTruthDataNCI01.xlsx,120,"120. (Little et al., 2023)",,author_year,100,1,0,,,yes,YES,yes,YES,A,A,,,,,,,,,,,,,,,,,,,,,,,,
RHQWSFTR,,NCI,GroundTruthDataNCI01.xlsx,121,"121. (Liu et al., 2023)",,author_year,100,1,1,methods_paper,methods,,,,,,,,,,,,,,,,,,,,,,,,,,,,,,
HI3CPFP8,,NCI,GroundTruthDataNCI01.xlsx,122,"122. (Loh, Duberstein, et al., 2020)",,author_position,100,1,1,secondary_analysis,secondary,,,,,,,,,,,,,,,,,,,,,,,,,,,,,,
ALFCPWRB,,NCI,GroundTruthDataNCI01.xlsx,123,"123. (Loh et al., 2021)",,author_year,100,1,1,secondary_analysis,secondary,,,,,,,,,,,,,,,,,,,,,,,,,,,,,,
7BJRB6LP,,NCI,GroundTruthDataNCI01.xlsx,124,"124. (Loh et al., 2019)",,author_year,100,1,1,baseline_only,baseline,,,,,,,,,,,,,,,,,,,,,,,,,,,,,,
HA9IHJB6,,NCI,GroundTruthDataNCI01.xlsx,125,"125. (Loh, Xu, et al., 2020)",,author_position,100,1,1,secondary_analysis,secondary,,,,,,,,,,,,,,,,,,,,,,,,,,,,,,
IXGWRWKV,,NCI,GroundTruthDataNCI01.xlsx,126,"126. (Long et al., 2022)",,author_year,100,1,1,secondary_analysis,secondary,,,,,,,,,,,,,,,,,,,,,,,,,,,,,,
B6VJ22FA,,NCI,GroundTruthDataNCI01.xlsx,127,"127. (Loučka et al., 2024)",,author_year,100,1,1,secondary_analysis,secondary,,,,,,,,,,,,,,,,,,,,,,,,,,,,,,
GX655FV4,,NCI,GroundTruthDataNCI01.xlsx,128,"128. (Lowenstein et al., 2023)",,author_year,100,1,0,,,yes,YES,yes,YES,A,A,,,,,,,,,,,,,,,,,,,,,,,,
GVQJHIGK,,NCI,GroundTruthDataNCI01.xlsx,129,"129. (Luecking et al., 2021)",,author_year,100,1,1,implementation_study,implementation,,,,,,,,,,,,,,,,,,,,,,,,,,,,,,
JJF6XXQG,,NCI,GroundTruthDataNCI01.xlsx,130,"130. (Ma et al., 2019)",,author_year,100,1,0,,,no,NO,no,NO,B,B,,,,,,,,,,,,,,,,,,,,,,,,
QGRTXZZH,,NCI,GroundTruthDataNCI01.xlsx,131,"131. (Ma et al., 2018)",,author_year,100,1,1,duplicate_group_random_drop,random,,,,,,,,,,,,,,,,,,,,,,,,,,,,,,
99MJ924A,,NCI,GroundTruthDataNCI01.xlsx,132,"132. (Malhotra et al., 2019)",,author_year,100,1,1,secondary_analysis,secondary,,,,,,,,,,,,,,,,,,,,,,,,,,,,,,
AAZLFUJE,,NCI,GroundTruthDataNCI01.xlsx,133,"133. (Martínez et al., 2024)",,author_year,100,1,0,,,no,NO,no,NO,C,C,,,,,,,,,,,,,,,,,,,,,,,,
C9P63S2B,,NCI,GroundTruthDataNCI01.xlsx,134,"134. (McGuier et al., 2023)",,author_year,100,1,0,,,no,NO,no,NO,D,D,,,,,,,,,,,,,,,,,,,,,,,,
X9X3VGJK,,NCI,GroundTruthDataNCI01.xlsx,135,"135. (Meenan et al., 2019)",,author_year,100,1,1,secondary_analysis,secondary,,,,,,,,,,,,,,,,,,,,,,,,,,,,,,
SU8TVFGH,,NCI,GroundTruthDataNCI01.xlsx,136,"136. (Michaud et al., 2022)",,author_year,100,1,1,secondary_analysis,secondary,,,,,,,,,,,,,,,,,,,,,,,,,,,,,,
GQ47R7MS,,NCI,GroundTruthDataNCI01.xlsx,137,"137. (Mitchell et al., 2023)",,author_year,100,1,1,secondary_analysis,secondary,,,,,,,,,,,,,,,,,,,,,,,,,,,,,,
D7FNGV5H,,NCI,GroundTruthDataNCI01.xlsx,138,"138. (Mohile et al., 2020)",,author_year,100,1,0,,,no,NO,no,NO,C,C,,,,,,,,,,,,,,,,,,,,,,,,
25SMNHQG,,NCI,GroundTruthDataNCI01.xlsx,139,"139. (Molefe-Baikai et al., 2024)",,author_year,100,1,1,secondary_analysis,secondary,,,,,,,,,,,,,,,,,,,,,,,,,,,,,,
4HG9V6HL,,NCI,GroundTruthDataNCI01.xlsx,140,"140. (Molina et al., 2021)",,author_year,100,1,1,secondary_analysis,secondary,,,,,,,,,,,,,,,,,,,,,,,,,,,,,,
LNWR884A,,NCI,GroundTruthDataNCI01.xlsx,141,"141. (Moreland-Russell et al., 2024)",,author_year,100,1,0,,,no,NO,no,NO,C,C,,,,,,,,,,,,,,,,,,,,,,,,
LWBKGLCW,,NCI,GroundTruthDataNCI01.xlsx,142,"142. (Moreno et al., 2023)",,author_year,100,1,1,secondary_analysis,secondary,,,,,,,,,,,,,,,,,,,,,,,,,,,,,,
XSWEUIXG,,NCI,GroundTruthDataNCI01.xlsx,143,"143. (Nabi-Burza et al., 2021)",,author_year,100,1,1,secondary_analysis,secondary,,,,,,,,,,,,,,,,,,,,,,,,,,,,,,
BZHD4F63,,NCI,GroundTruthDataNCI01.xlsx,144,"144. (Naughton et al., 2021)",,author_year,100,1,1,secondary_analysis,secondary,,,,,,,,,,,,,,,,,,,,,,,,,,,,,,
93TLFX62,,NCI,GroundTruthDataNCI01.xlsx,145,"145. (Nguyen et al., 2020)",,author_year,100,1,1,secondary_analysis,secondary,,,,,,,,,,,,,,,,,,,,,,,,,,,,,,
DGEX5HE7,,NCI,GroundTruthDataNCI01.xlsx,146,"146. (Noar et al., 2022)",,author_year,100,1,1,not_group_randomized,not group randomized,,,,,,,,,,,,,,,,,,,,,,,,,,,,,,
SUANA8ET,,NCI,GroundTruthDataNCI01.xlsx,147,"147. (O’Connor et al., 2020)",,author_year,100,1,1,secondary_analysis,secondary,,,,,,,,,,,,,,,,,,,,,,,,,,,,,,
I4N8RJX7,,NCI,GroundTruthDataNCI01.xlsx,148,"148. (Ockene et al., 2018)",,author_year,100,1,0,,,no,NO,no,NO,C,C,,,,,,,,,,,,,,,,,,,,,,,,
HLQA5RI6,,NCI,GroundTruthDataNCI01.xlsx,149,"149. (Ockene et al., 2021)",,author_year,100,1,1,secondary_analysis,secondary,,,,,,,,,,,,,,,,,,,,,,,,,,,,,,
BYJKEDQI,,NCI,GroundTruthDataNCI01.xlsx,150,"150. (Odes et al., 2022)",,author_year,100,1,0,,,no,NO,no,NO,C,C,,,,,,,,,,,,,,,,,,,,,,,,
3YMCRN5A,,NCI,GroundTruthDataNCI01.xlsx,151,"151. (Oketch et al., 2019)",,author_year,100,1,1,secondary_analysis,secondary,,,,,,,,,,,,,,,,,,,,,,,,,,,,,,
YQC5A963,,NCI,GroundTruthDataNCI01.xlsx,152,"152. (Olakunde et al., 2024)",,author_year,100,1,0,,,no,NO,no,NO,C,C,,,,,,,,,,,,,,,,,,,,,,,,
KI6F3YXL,,NCI,GroundTruthDataNCI01.xlsx,153,"153. (Oliver et al., 2024)",,author_year,100,1,1,secondary_analysis,secondary,,,,,,,,,,,,,,,,,,,,,,,,,,,,,,
IPP52WKG,,NCI,GroundTruthDataNCI01.xlsx,154,"154. (Olwanda et al., 2018)",,author_year,100,1,1,secondary_analysis,secondary,,,,,,,,,,,,,,,,,,,,,,,,,,,,,,
FCXQJYSP,,NCI,GroundTruthDataNCI01.xlsx,155,"155. (Pacyna et al., 2023)",,author_year,100,1,1,implementation_study,implementation,,,,,,,,,,,,,,,,,,,,,,,,,,,,,,
BAABE7JM,,NCI,GroundTruthDataNCI01.xlsx,156,"156. (Pacyna et al., 2018)",,author_year,100,1,0,,,no,NO,no,NO,C,C,,,,,,,,,,,,,,,,,,,,,,,,
DM2HM3XH,,NCI,GroundTruthDataNCI01.xlsx,157,"157. (Palmer et al., 2022)",,author_year,100,1,1,not_group_randomized,not group randomized,,,,,,,,,,,,,,,,,,,,,,,,,,,,,,
3I2K6X84,,NCI,GroundTruthDataNCI01.xlsx,158,"158. (Paolino et al., 2023)",,author_year,100,1,1,implementation_study,implementation,,,,,,,,,,,,,,,,,,,,,,,,,,,,,,
CJ2GF4QD,,NCI,GroundTruthDataNCI01.xlsx,159,"159. (Parker et al., 2018)",,author_year,100,1,0,,,no,NO,no,NO,C,C,,,,,,,,,,,,,,,,,,,,,,,,
LPIT2KM5,,NCI,GroundTruthDataNCI01.xlsx,160,"160. (Parker et al., 2020)",,author_year,100,1,1,secondary_analysis,secondary,,,,,,,,,,,,,,,,,,,,,,,,,,,,,,
AQVRGUP7,,NCI,GroundTruthDataNCI01.xlsx,161,"161. (Partridge et al., 2019)",,author_year,100,1,0,,,yes,YES,yes,YES,A,A,,,,,,,,,,,,,,,,,,,,,,,,
DEKG3YAI,,NCI,GroundTruthDataNCI01.xlsx,162,"162. (Paskett et al., 2018)",,author_year,100,1,1,duplicate_group_random_drop,random,,,,,,,,,,,,,,,,,,,,,,,,,,,,,,
URKTMCIE,,NCI,GroundTruthDataNCI01.xlsx,163,"163. (Paskett et al., 2023)",,author_year,100,1,1,duplicate_group_random_drop,random,,,,,,,,,,,,,,,,,,,,,,,,,,,,,,
DJE2PNQA,,NCI,GroundTruthDataNCI01.xlsx,164,"164. (Paskett et al., 2021)",,author_year,100,1,1,duplicate_group_random_drop,random,,,,,,,,,,,,,,,,,,,,,,,,,,,,,,
9THPD86J,,NCI,GroundTruthDataNCI01.xlsx,165,"165. (Patten et al., 2019)",,author_year,100,1,0,,,no,NO,yes,YES,A,A,,,,,,,,,,,,,,,,,,,,,,,,
NQZZPYI4,,NCI,GroundTruthDataNCI01.xlsx,166,"166. (Patten, Lando, Desnoyers, Klejka, et al., 2020)",,author_position,100,1,1,duplicate_group_random_drop,random,,,,,,,,,,,,,,,,,,,,,,,,,,,,,,
Z236TJTT,,NCI,GroundTruthDataNCI01.xlsx,167,"167. (Patten, Lando, Desnoyers, Bock, et al., 2020)",,author_position,100,1,1,duplicate_group_random_drop,random,,,,,,,,,,,,,,,,,,,,,,,,,,,,,,
,,NCI,GroundTruthDataNCI01.xlsx,168,"168. (Patterson et al., 2022a)",,,,1,1,duplicate_group_random_drop,random,,,,,,,,,,,,,,,,,,,,,,,,,,,,,,
,,NCI,GroundTruthDataNCI01.xlsx,169,"169. (Patterson et al., 2022b)",,,,1,1,duplicate_group_random_drop,random,,,,,,,,,,,,,,,,,,,,,,,,,,,,,,
I6DQCI97,,NCI,GroundTruthDataNCI01.xlsx,170,"170. (Pereira et al., 2020)",,author_year,100,1,0,,,no,NO,no,NO,D,D,,,,,,,,,,,,,,,,,,,,,,,,
CN8B23MZ,,NCI,GroundTruthDataNCI01.xlsx,171,"171. (Perez et al., 2024)",,author_year,100,1,1,secondary_analysis,secondary,,,,,,,,,,,,,,,,,,,,,,,,,,,,,,
5KIH2CZ8,,NCI,GroundTruthDataNCI01.xlsx,172,"172. (Powell et al., 2020)",,author_year,100,1,0,,,no,NO,no,NO,D,D,,,,,,,,,,,,,,,,,,,,,,,,
I6GH9T7T,,NCI,GroundTruthDataNCI01.xlsx,173,"173. (Presley et al., 2022)",,author_year,100,1,1,secondary_analysis,secondary,,,,,,,,,,,,,,,,,,,,,,,,,,,,,,
GVSXRYPK,,NCI,GroundTruthDataNCI01.xlsx,174,"174. (Ramsdale et al., 2018)",,author_year,100,1,1,secondary_analysis,secondary,,,,,,,,,,,,,,,,,,,,,,,,,,,,,,
S7VJ7LXE,,NCI,GroundTruthDataNCI01.xlsx,175,"175. (Ramsdale et al., 2024)",,author_year,100,1,1,secondary_analysis,secondary,,,,,,,,,,,,,,,,,,,,,,,,,,,,,,
BWZDZGKD,,NCI,GroundTruthDataNCI01.xlsx,176,"176. (Ramsey et al., 2022)",,author_year,100,1,0,,,no,NO,no,NO,C,C,,,,,,,,,,,,,,,,,,,,,,,,
KMRQTRP3,,NCI,GroundTruthDataNCI01.xlsx,177,"177. (Rand et al., 2024)",,author_year,100,1,0,,,no,NO,no,NO,D,D,,,,,,,,,,,,,,,,,,,,,,,,
JM9T8XDZ,,NCI,GroundTruthDataNCI01.xlsx,178,"178. (Reblin et al., 2021)",,author_year,100,1,1,not_group_randomized,not group randomized,,,,,,,,,,,,,,,,,,,,,,,,,,,,,,
GISQ3U2U,,NCI,GroundTruthDataNCI01.xlsx,179,"179. (Risica et al., 2018)",,author_year,100,1,1,duplicate_group_random_drop,random,,,,,,,,,,,,,,,,,,,,,,,,,,,,,,
Y5J6YZK2,,NCI,GroundTruthDataNCI01.xlsx,180,"180. (Rodriguez Espinosa et al., 2023)",,author_year,100,1,1,secondary_analysis,secondary,,,,,,,,,,,,,,,,,,,,,,,,,,,,,,
CKEF67C5,,NCI,GroundTruthDataNCI01.xlsx,181,"181. (Saini et al., 2023)",,author_year,100,1,0,,,no,NO,no,NO,C,C,,,,,,,,,,,,,,,,,,,,,,,,
9U8SD7BK,,NCI,GroundTruthDataNCI01.xlsx,182,"182. (Salloum et al., 2023)",,author_year,100,1,0,,,yes,YES,yes,YES,A,A,,,,,,,,,,,,,,,,,,,,,,,,
8NX9CDB5,,NCI,GroundTruthDataNCI01.xlsx,183,"183. (Salz et al., 2021)",,author_year,100,1,0,,,no,NO,yes,YES,A,A,,,,,,,,,,,,,,,,,,,,,,,,
ILWWS7LD,,NCI,GroundTruthDataNCI01.xlsx,184,"184. (Sarfan et al., 2024)",,author_year,100,1,0,,,yes,YES,yes,YES,A,A,,,,,,,,,,,,,,,,,,,,,,,,
ASUUZY3Z,,NCI,GroundTruthDataNCI01.xlsx,185,"185. (Scarinci et al., 2020)",,author_year,100,1,0,,,yes,YES,no,NO,B,B,,,,,,,,,,,,,,,,,,,,,,,,
HPIL7WVW,,NCI,GroundTruthDataNCI01.xlsx,186,"186. (Schenker et al., 2021)",,author_year,100,1,0,,,no,NO,no,NO,C,C,,,,,,,,,,,,,,,,,,,,,,,,
HJICVPT7,,NCI,GroundTruthDataNCI01.xlsx,187,"187. (Schink et al., 2020)",,author_year,100,1,1,not_group_randomized,not group randomized,,,,,,,,,,,,,,,,,,,,,,,,,,,,,,
IWSKLNSK,,NCI,GroundTruthDataNCI01.xlsx,188,"188. (Schnoll et al., 2023)",,author_year,100,1,0,,,no,NO,no,NO,B,B,,,,,,,,,,,,,,,,,,,,,,,,
EEIQW8EX,,NCI,GroundTruthDataNCI01.xlsx,189,"189. (Schonberg et al., 2020)",,author_year,100,1,0,,,no,NO,no,NO,B,B,,,,,,,,,,,,,,,,,,,,,,,,
PWPJMUUS,,NCI,GroundTruthDataNCI01.xlsx,190,"190. (Seguin-Fowler et al., 2023)",,author_year,100,1,1,implementation_study,implementation,,,,,,,,,,,,,,,,,,,,,,,,,,,,,,
VWDH6W8E,,NCI,GroundTruthDataNCI01.xlsx,191,"191. (Seguin-Fowler et al., 2022)",,author_year,100,1,0,,,yes,YES,yes,YES,A,A,,,,,,,,,,,,,,,,,,,,,,,,
62TBCTHX,,NCI,GroundTruthDataNCI01.xlsx,192,"192. (Semere et al., 2023)",,author_year,100,1,1,secondary_analysis,secondary,,,,,,,,,,,,,,,,,,,,,,,,,,,,,,
G4WN7HVX,,NCI,GroundTruthDataNCI01.xlsx,193,"193. (Semere et al., 2021)",,author_year,100,1,1,baseline_only,baseline,,,,,,,,,,,,,,,,,,,,,,,,,,,,,,
R8DWVW84,,NCI,GroundTruthDataNCI01.xlsx,194,"194. (D. R. Shelley et al., 2018)",,author_year,100,1,1,implementation_study,implementation,,,,,,,,,,,,,,,,,,,,,,,,,,,,,,
ZETJJPRR,,NCI,GroundTruthDataNCI01.xlsx,195,"195. (D. Shelley et al., 2022)",,author_year,100,1,0,,,no,NO,no,NO,B,B,,,,,,,,,,,,,,,,,,,,,,,,
M7JCMFJ7,,NCI,GroundTruthDataNCI01.xlsx,196,"196. (Shu et al., 2020)",,author_year,100,1,1,secondary_analysis,secondary,,,,,,,,,,,,,,,,,,,,,,,,,,,,,,
PWWEDNNK,,NCI,GroundTruthDataNCI01.xlsx,197,"197. (Siegel et al., 2021)",,author_year,100,1,1,baseline_only,baseline,,,,,,,,,,,,,,,,,,,,,,,,,,,,,,
SJVU6KJ3,,NCI,GroundTruthDataNCI01.xlsx,198,"198. (Sigler et al., 2022)",,author_year,100,1,1,secondary_analysis,secondary,,,,,,,,,,,,,,,,,,,,,,,,,,,,,,
46MFLID4,,NCI,GroundTruthDataNCI01.xlsx,199,"199. (Singhal et al., 2024)",,author_year,100,1,1,secondary_analysis,secondary,,,,,,,,,,,,,,,,,,,,,,,,,,,,,,
4RJRGIRQ,,NCI,GroundTruthDataNCI01.xlsx,200,"200. (Smalls et al., 2018)",,author_year,100,1,1,baseline_only,baseline,,,,,,,,,,,,,,,,,,,,,,,,,,,,,,
E92KWK4B,,NCI,GroundTruthDataNCI01.xlsx,201,"201. (Smith et al., 2023)",,author_year,100,1,1,implementation_study,implementation,,,,,,,,,,,,,,,,,,,,,,,,,,,,,,
9DKJKFAS,,NCI,GroundTruthDataNCI01.xlsx,202,"202. (Snavely et al., 2023)",,author_year,100,1,0,,,yes,YES,yes,YES,A,A,,,,,,,,,,,,,,,,,,,,,,,,
J4BU3EEE,,NCI,GroundTruthDataNCI01.xlsx,203,"203. (Soto et al., 2018)",,author_year,100,1,1,baseline_only,baseline,,,,,,,,,,,,,,,,,,,,,,,,,,,,,,
54ZXRGZ7,,NCI,GroundTruthDataNCI01.xlsx,204,"204. (Sperl-Hillen et al., 2019)",,author_year,100,1,1,secondary_analysis,secondary,,,,,,,,,,,,,,,,,,,,,,,,,,,,,,
IUEMQRU4,,NCI,GroundTruthDataNCI01.xlsx,205,"205. (Stern et al., 2021)",,author_year,100,1,0,,,no,NO,no,NO,B,B,,,,,,,,,,,,,,,,,,,,,,,,
2NRLZW3M,,NCI,GroundTruthDataNCI01.xlsx,206,"206. (Sutfin et al., 2023)",,author_year,100,1,0,,,no,NO,no,NO,C,C,,,,,,,,,,,,,,,,,,,,,,,,
9JP85XCL,,NCI,GroundTruthDataNCI01.xlsx,207,"207. (Sutfin et al., 2024)",,author_year,100,1,1,duplicate_group_random_drop,random,,,,,,,,,,,,,,,,,,,,,,,,,,,,,,
WZJBF75Y,,NCI,GroundTruthDataNCI01.xlsx,208,"208. (Swindle et al., 2022)",,author_year,100,1,1,implementation_study,implementation,,,,,,,,,,,,,,,,,,,,,,,,,,,,,,
9LTSBSEE,,NCI,GroundTruthDataNCI01.xlsx,209,"209. (Szilagyi et al., 2021)",,author_year,100,1,0,,,no,NO,no,NO,D,D,,,,,,,,,,,,,,,,,,,,,,,,
PDP273K4,,NCI,GroundTruthDataNCI01.xlsx,210,"210. (Takvorian et al., 2021)",,author_year,100,1,0,,,no,NO,yes,YES,A,A,,,,,,,,,,,,,,,,,,,,,,,,
WY9D5UIK,,NCI,GroundTruthDataNCI01.xlsx,211,"211. (Thankappan et al., 2020)",,author_year,100,1,0,,,no,NO,no,NO,B,B,,,,,,,,,,,,,,,,,,,,,,,,
677HVIFJ,,NCI,GroundTruthDataNCI01.xlsx,212,"212. (Tilburt et al., 2022)",,author_year,100,1,0,,,yes,YES,yes,YES,A,A,,,,,,,,,,,,,,,,,,,,,,,,
C69UAKKB,,NCI,GroundTruthDataNCI01.xlsx,213,"213. (Tilley et al., 2021)",,author_year,100,1,0,,,no,NO,no,NO,C,C,,,,,,,,,,,,,,,,,,,,,,,,
CKCARQYN,,NCI,GroundTruthDataNCI01.xlsx,214,"214. (Tokita et al., 2025)",,author_year,100,1,1,secondary_analysis,secondary,,,,,,,,,,,,,,,,,,,,,,,,,,,,,,
W75ICDYI,,NCI,GroundTruthDataNCI01.xlsx,215,"215. (Trevino et al., 2019)",,author_year,100,1,1,secondary_analysis,secondary,,,,,,,,,,,,,,,,,,,,,,,,,,,,,,
ZKY8XW5M,,NCI,GroundTruthDataNCI01.xlsx,216,"216. (Tsao-Wu et al., 2023)",,author_year,100,1,1,baseline_only,baseline,,,,,,,,,,,,,,,,,,,,,,,,,,,,,,
FRK7DQLC,,NCI,GroundTruthDataNCI01.xlsx,217,"217. (Tsoh et al., 2018)",,author_year,100,1,1,baseline_only,baseline,,,,,,,,,,,,,,,,,,,,,,,,,,,,,,
IB825UX2,,NCI,GroundTruthDataNCI01.xlsx,218,"218. (D. J. Vidrine et al., 2021)",,author_year,100,1,1,not_group_randomized,not group randomized,,,,,,,,,,,,,,,,,,,,,,,,,,,,,,
2RDD8DGI,,NCI,GroundTruthDataNCI01.xlsx,219,"219. (D. J. Vidrine et al., 2019)",,author_year,100,1,0,,,yes,YES,yes,YES,A,A,,,,,,,,,,,,,,,,,,,,,,,,
KJSH6EBW,,NCI,GroundTruthDataNCI01.xlsx,220,"220. (J. I. Vidrine et al., 2022)",,author_year,100,1,1,not_group_randomized,not group randomized,,,,,,,,,,,,,,,,,,,,,,,,,,,,,,
CMD8N46A,,NCI,GroundTruthDataNCI01.xlsx,221,"221. (Vitale et al., 2018)",,author_year,100,1,0,,,no,NO,no,NO,D,D,,,,,,,,,,,,,,,,,,,,,,,,
EBWFU9KS,,NCI,GroundTruthDataNCI01.xlsx,222,"222. (Walsh et al., 2024)",,author_year,100,1,0,,,yes,YES,no,NO,B,B,,,,,,,,,,,,,,,,,,,,,,,,
JW9782P3,,NCI,GroundTruthDataNCI01.xlsx,223,"223. (Washington et al., 2019)",,author_year,100,1,1,secondary_analysis,secondary,,,,,,,,,,,,,,,,,,,,,,,,,,,,,,
BKND5GCR,,NCI,GroundTruthDataNCI01.xlsx,224,"224. (Watabayashi et al., 2022)",,author_year,100,1,1,implementation_study,implementation,,,,,,,,,,,,,,,,,,,,,,,,,,,,,,
36I94AIH,,NCI,GroundTruthDataNCI01.xlsx,225,"225. (Wu et al., 2024)",,author_year,100,1,0,,,no,NO,no,NO,C,C,,,,,,,,,,,,,,,,,,,,,,,,
R7T6WKEW,,NCI,GroundTruthDataNCI01.xlsx,226,"226. (Yilmaz et al., 2022)",,author_year,100,1,0,,,no,NO,no,NO,C,C,,,,,,,,,,,,,,,,,,,,,,,,
BR4Y6FSS,,NCI,GroundTruthDataNCI01.xlsx,227,"227. (Yunusa et al., 2024)",,author_year,100,1,0,,,no,NO,no,NO,B,B,,,,,,,,,,,,,,,,,,,,,,,,
H2GLBZE4,,NCI,GroundTruthDataNCI01.xlsx,228,"228. (Zabor et al., 2020)",,author_year,100,1,1,methods_paper,methods,,,,,,,,,,,,,,,,,,,,,,,,,,,,,,
7MXH2IXG,,NCI,GroundTruthDataNCI01.xlsx,229,"229. (Zhang et al., 2022)",,author_year,100,1,1,secondary_analysis,secondary,,,,,,,,,,,,,,,,,,,,,,,,,,,,,,
NCY67FZ9,,NCI,GroundTruthDataNCI01.xlsx,230,"230. (Zlatar et al., 2019)",,author_year,100,1,1,secondary_analysis,secondary,,,,,,,,,,,,,,,,,,,,,,,,,,,,,,
UMV6NC2L,,NCI,GroundTruthDataNCI01.xlsx,231,"231. (Zubkoff et al., 2021)",,author_year,100,1,0,,,no,NO,no,NO,C,C,,,,,,,,,,,,,,,,,,,,,,,,
X2MP4F7R,,NCI,GroundTruthDataNCI01.xlsx,232,"232. (Zullig et al., 2021)",,author_year,100,1,0,,,no,NO,no,NO,B,B,,,,,,,,,,,,,,,,,,,,,,,,
VG2ZZL79,,NHLBI,crt_review_table_112.tex,1,Abdullahi et al.,abdullahiHydroxyureaPrimaryStroke2022,cite_key_author_year,100,1,1,not_group_randomized,Not a group-randomized trial,,,,,,,,,,,,,,,,,,,,,,,,,,,,,,
MTLFVN94,,NHLBI,crt_review_table_112.tex,2,Abrahams-Gessel et al.,abrahams-gesselManagingHighCardiovascular2023,cite_key_author_year,100,1,0,,,no,no,no,no,,,2,3,patient within PCC within province,3,6,5000-20000,,PCC,province,stratified,0.08,1,no,GEE with bias correction,Account for restricted rand. and clustering,,Accounted for clustering alone,Account for restricted rand. and clustering,yes,no,,,,
D24FD6G2,,NHLBI,crt_review_table_112.tex,3,Adams et al.,adamsAutomatedSymptomTreatment2019,cite_key_title_tiebreak,100,1,0,,,yes,yes,no,no,,,2,2,patient within physician,1834,1270,,,physician,physician,none,missing,2,no,bias corrected GEE - no info on clustering or repeated measures,Account for clustering alone,,Accounted for clustering alone,Account for clustering alone,no,no,,,,
4GUDDLNQ,,NHLBI,crt_review_table_112.tex,4,Adams et al.,adamsClusterRandomizedFactorial2025,cite_key_author_year,100,1,0,,,no,no,no,no,,,4,2,student within school,13,50,,,school,school,none,"FV sel: sch 0.108, sch-wave 0.231; FV cons: sch 0.067, sch-wave 0.157",3,no,zero inflated neg beta binom GLM with 3 imputation methods,Account for clustering and longitudinality,,Did not account for clustering,Account for clustering and longitudinality,no,no,,,,
GN4JGZR9,,NHLBI,crt_review_table_112.tex,5,Aifah et al.,aifahIntegrationTaskStrengthening2021,cite_key_author_year,100,1,0,,,yes,yes,yes,yes,,,2,2,patient within PHC,30,32,,,PHC,PHC,none,0.04,2,no,linear model accounting for clustering,Account for clustering and longitudinality,,Accounted for clustering and longitudinality,Account for clustering and longitudinality,no,no,,,,
J72RMLRJ,,NHLBI,crt_review_table_112.tex,6,Aifah et al.,aifahStudyDesignProtocol2023,cite_key_author_year,100,1,1,duplicate_group_random_drop,"second study by same group, excluded randomly",,,,,,,,,,,,,,,,,,,,,,,,,,,,,,
MQF2Y5AM,,NHLBI,crt_review_table_112.tex,7,Altinger et al.,altingerBehaviouralNudgingInterventions2024,cite_key_author_year,100,1,0,,,no,no,no,no,,,4,2,encounter within hospital within time period,8,150,,,hospital,hospital,none,"0.1 within hospital, 0.9 for time",2,no,GEE without bias correction accounting for clustering and time,Account for clustering and longitudinality,didn't account for repeated measures on same patients - assumed exchangeable,Accounted for clustering but not longitudinality,Account for clustering and longitudinality,no,no,,,,
VAKS8AI7,,NHLBI,crt_review_table_112.tex,8,Anderegg et al.,andereggPharmacistInterventionBlood2018,cite_key_author_year,100,1,1,secondary_analysis,secondary data analysis,,,,,,,,,,,,,,,,,,,,,,,,,,,,,,
TGSIADX6,,NHLBI,crt_review_table_112.tex,9,Ashburner et al.,ashburnerDesignRationalePragmatic2019,cite_key_author_year,100,1,0,,,no,no,no,no,,,2,2,patient within clinic,16,16212,,,clinic,clinic,constrained,0.0007,1,no,not bias corrected GEE accounting for clustering,Account for clustering alone,needed bias correction. Big design effect.,Accounted for clustering alone,Account for restricted rand. and clustering,yes,no,,,,
55D8SN85,,NHLBI,crt_review_table_112.tex,10,Barankay et al.,barankayEffectPatientFinancial2020,cite_key_author_year,100,1,1,not_group_randomized,Not a group-randomized trial,,,,,,,,,,,,,,,,,,,,,,,,,,,,,,
VGG3KIMT,remapped from TCF92VSK (NCI/NHLBI duplicate merge),NHLBI,crt_review_table_112.tex,11,Bartels et al.,bartelsScalingBriefAlcohol2024,cite_key_author_year,100,1,0,,,no,no,no,no,,,2,2,patient within clinic,30,24,,,clinic,clinic,stratified,0.01-0.05,2,no,uncorrected GEE with logit link and binomial error accounting for cluster,"Account for restricted rand., clustering, and longitudinality",need bias correction and account for restricted rand. and longitudinality,Accounted for clustering alone,"Account for restricted rand., clustering, and longitudinality",yes,no,,,,
RJD9XX6D,remapped from 9G7ZMMY3 (NCI/NHLBI duplicate merge),NHLBI,crt_review_table_112.tex,12,Beck et al.,beckMultilevelApproachPromoting2019,cite_key_author_year,100,1,0,,,no,no,no,no,,,2,2,adult within community,12,48,,,community,community,stratified,0.01-0.03,3,no,permutation cluster-size weighted t-test on within pair difference,"Account for restricted rand., clustering, and longitudinality",Cold fusion,Accounted for clustering and longitudinality but not restricted rand.,"Account for restricted rand., clustering, and longitudinality",yes,no,,,,
8RFFGGMQ,,NHLBI,crt_review_table_112.tex,13,Berkman et al.,berkmanEmployeeCardiometabolicRisk2023,cite_key_author_year,100,1,1,secondary_analysis,secondary analysis,no,no,yes,yes,,,2,2,"May have been 3 levels in IT, agreed to ignore","30 (nursing), 56 (IT)","15 (LTC), 28 (IT)",,,workplace,workplace,constrained,"0.016 (nursing), 0.064 (IT)",2,no,mixed model accounting for cluster and longitudinality,"Account for restricted rand., clustering, and longitudinality",,None/not reported,None of the above,yes,no,EXCLUDED but data preserved,,,
3JVAWNIE,,NHLBI,crt_review_table_112.tex,14,Bernabe-Ortiz et al.,bernabe-ortizEffectSaltSubstitution2020,cite_key_author_year,100,1,0,,,no,no,yes,yes,,,2,3,person within family within village,6,100,~4,,village,village,none,none reported,2,yes,mixed model with GLMM software and identity link,Account for clustering and longitudinality,,None/not reported,Stepped wedge,no,yes,,,,
GJGVIKMM,,NHLBI,crt_review_table_112.tex,15,Birk et al.,birkInterveningFearAcute2020,cite_key_author_year,100,1,1,not_group_randomized,Not a group-randomized trial,,,,,,,,,,,,,,,,,,,,,,,,,,,,,,
E5W8I8AR,,NHLBI,crt_review_table_112.tex,16,Boone et al.,booneCanPrivateSector2023,cite_key_author_year,100,1,1,secondary_analysis,secondary data analysis,,,,,,,,,,,,,,,,,,,,,,,,,,,,,,
Z2W7K5DA,,NHLBI,crt_review_table_112.tex,17,Boxer et al.,boxerRandomizedControlledTrial2022,cite_key_author_year,100,1,0,,,no,no,no,no,,,2,2,Should it be patient within nurse within level?,47,14,,,clinic,clinic,stratified,0.0006,1,no,generalized linear mixed models with logit link,Account for restricted rand. and clustering,,Accounted for clustering but not restricted rand.,Account for restricted rand. and clustering,yes,no,,,,
IPR6QU8P,,NHLBI,crt_review_table_112.tex,18,Bryant-Stephens et al.,bryant-stephensCommunityHealthWorkers2024,cite_key_author_year,100,1,0,,,yes,yes,yes,yes,,,6,,"student within school for school-level intervention, otherwise student without school. Partially clustered design.",36,12,,,school (or person),"school, or kid",none,0.06,4,no,linear mixed model accounting for clustering and longitudinality,Account for clustering and longitudinality,fantastic,Accounted for clustering and longitudinality,Account for clustering and longitudinality,no,no,,,,
K4DMDMSQ,,NHLBI,crt_review_table_112.tex,19,Buis et al.,buisEffectMHealthSelfMonitoring2024,cite_key_author_year,85,1,1,not_group_randomized,Not a group-randomized trial,,,,,,,,,,,,,,,,,,,,,,,,,,,,,,
4IBT3NAD,,NHLBI,crt_review_table_112.tex,20,Carter et al.,carterClusterRandomizedTrialEvaluate2018,cite_key_author_year,93,1,0,,,yes,yes,yes,yes,,,2,2,patient within clinic,12,25,,,clinic,clinic,none,0.005,2,no,"linear mixed model on guideline score accounting for clustering, controlling for baseline",Account for clustering and longitudinality,good,Accounted for clustering and longitudinality,Account for clustering and longitudinality,no,no,,,,
UHEKLJLC,,NHLBI,crt_review_table_112.tex,21,Caspi et al.,caspiClusterRandomizedEvaluationSuperShelf2024,cite_key_author_year,86,1,0,,,no,no,no,no,,,2,2,participant within food pantry,12,18,,,pantry,pantry,stratified,0.047,2,no,linear mixed model with two random effects for time and person within pantry,"Account for restricted rand., clustering, and longitudinality",didn't account for restricted randomization,Accounted for clustering and longitudinality,"Account for restricted rand., clustering, and longitudinality",yes,no,,,,
FEHWGZSQ,,NHLBI,crt_review_table_112.tex,22,Catley et al.,catleyEvaluationAdaptedVersion2022,cite_key_author_year,100,1,0,,,no,no,no,no,,,2,2,patient within social club,28,16,,,social club,social club,stratified,0.01-0.05,2,no,mixed models accounting for cluster and longitudinality,"Account for restricted rand., clustering, and longitudinality",,Accounted for clustering and longitudinality but not restricted rand.,"Account for restricted rand., clustering, and longitudinality",yes,no,,,,
XHFTHUCG,,NHLBI,crt_review_table_112.tex,23,Cattamanchi et al.,cattamanchiMulticomponentStrategyDecentralized2021,cite_key_author_year,100,1,0,,,yes,yes,yes,yes,,,2,2,patient within clinic,20,532,,,clinic,clinic,stratified,not mentioned,1,no,adjusted poisson regression accounting for clinic,Account for restricted rand. and clustering,,Accounted for restricted rand. and clustering,Account for restricted rand. and clustering,yes,no,,,,
AKJ8USST,,NHLBI,crt_review_table_112.tex,24,Chang et al.,changNovelCommunityHealth2021,cite_key_author_year,100,1,0,,,yes,yes,no,no,,,2,2,patient within clinic,40,52,,,clinic,clinic,restricted,0.01,2,no,log linear binomial regression with GEE,"Account for restricted rand., clustering, and longitudinality",no bias correction for GEE,"Accounted for restricted rand., clustering, and longitudinality","Account for restricted rand., clustering, and longitudinality",yes,no,,,,
TT7PIVLD,,NHLBI,crt_review_table_112.tex,25,Ciccone et al.,cicconePointofcareCreactiveProtein2024,cite_key_author_year,100,1,0,,,no,no,no,no,,,2,4,child within CHW within village within strata,5,15,65,1280 (19/CHW),village,stratum,stratified,0.05,1,yes,GEE with bias correction with logit link,"Account for restricted rand., clustering, and longitudinality",,Did not account for stratified rand.,"Account for restricted rand., clustering, and longitudinality",yes,yes,,,,
5PV3ES8S,,NHLBI,crt_review_table_112.tex,26,Collins et al.,collinsEfficacyCommunityBasedExercise2019,cite_key_author_year,93,1,1,not_group_randomized,Not a group-randomized trial,,,,,,,,,,,,,,,,,,,,,,,,,,,,,,
DJYB2MPK,,NHLBI,crt_review_table_112.tex,27,Commodore-Mensah et al.,commodore-mensahDesignRationaleCardiometabolic2024,cite_key_author_year,100,1,0,,,no,no,no,no,,,2,3,patient within provider within health system,unknown,18,19/practice,,practice,health system,stratified,0.03,1,no,"GEE with logit link, no bias correction",Account for restricted rand. and clustering,,Accounted for clustering but not restricted rand.,Account for restricted rand. and clustering,yes,no,,,,
84YU8UCD,,NHLBI,crt_review_table_112.tex,28,Cooper et al.,cooperEquitableCareHypertension2024,cite_key_author_year,88,1,0,,,no,no,no,no,,,2,3,patient within practice within health system,unknown,30,50/practice,,practice,health system,stratified,0.057,1,no,GEE with no bias correction,Account for restricted rand. and clustering,used binary outcome which reduced power,Accounted for clustering but not restricted rand.,Account for restricted rand. and clustering,yes,no,,,,
QMLU4TM8,,NHLBI,crt_review_table_112.tex,29,Courtright et al.,courtrightPrognosticatingOutcomesNudging2021,cite_key_author_year,100,1,0,,,no,no,no,no,,,3,5,patient within clinician within ICU within hospital within pair,unknown,10,17,279/ICU,hospital,pair,none,"0.1 (pt within clin), 0.05 (clin within ICU)",1,yes,"simultaneous quantile regression with fixed effects for clinician, hospital cluster, time",Account for 5 levels of clustering as random effects,,unclear,Account for 5 levels of clustering,no,yes,,,,
TEXLFQSL,,NHLBI,crt_review_table_112.tex,30,Cox et al.,coxMobileApplicationBasedCommunication2024,cite_key_author_year,100,1,0,,,no,no,no,no,,,2,4,patient within physician within ICU within hospital,2,6,37,44/physician,physician,hospital,stratified,0.01-0.1,1,no,mixed models with fixed effects for family physician and time,"Account for clustering, restricted rand., and longitudinality",missed several levels of clustering among other things,Accounted for some clustering but not longitudinality,Account for multiple levels of clustering and longitudinality,yes,no,,,,
FUCS56UM,,NHLBI,crt_review_table_112.tex,31,Cox et al.,coxMobileAppFacilitatedCollaborative2025,cite_key_author_year,100,1,1,duplicate_group_random_drop,"second study by same group, excluded randomly",,,,,,,,,,,,,,,,,,,,,,,,,,,,,,
CKWBYHEN,,NHLBI,crt_review_table_112.tex,32,Crist et al.,cristChangeGPSassessedWalking2021,cite_key_author_year,92,1,1,secondary_analysis,secondary analysis,,,,,,,,,,,,,,,,,,,,,,,,,,,,,,
SAT93UFL,,NHLBI,crt_review_table_112.tex,33,Crist et al.,cristHealthEffectsCosteffectiveness2022,cite_key_author_year,90,1,0,,,no,no,no,no,,,2,3,patient within health coach within senior center,12,4/center,34/center,,senior center,senior center,stratified,0.07,1,no,mixed model accounting for clustering with center,Account for all levels of clustering and restricted rand.,breaks Deb's heart,Accounted for clustering but not restricted rand.,Account for clustering and restricted rand.,yes,no,,,,
74ARW7SL,,NHLBI,crt_review_table_112.tex,34,Curley et al.,curleyMethodsDesignImplementation2018,cite_key_title_tiebreak,100,1,1,secondary_analysis,secondary data analysis,,,,,,,,,,,,,,,,,,,,,,,,,,,,,,
4NV8FP3G,,NHLBI,crt_review_table_112.tex,35,Davis et al.,davisDesignParticipantCharacteristics2019,cite_key_author_year,100,1,1,duplicate_group_random_drop,"second study by same group, excluded randomly",,,,,,,,,,,,,,,,,,,,,,,,,,,,,,
D25VKDJV,,NHLBI,crt_review_table_112.tex,36,Davis et al.,davisSchoolbasedGardeningCooking2021,cite_key_author_year,100,1,0,,,no,no,no,no,,,2,3,patient within school within wave,3,16,127/school,,school,wave,stratified,<0.05,1,no,generalized linear mixed models with weighted random effects for cluster,Account for stratification and clustering,,Accounted for clustering but not stratification,Account for clustering and restricted rand.,yes,no,,,,
ZR3LJXGK,,NHLBI,crt_review_table_112.tex,37,Desai et al.,desaiImplementingPrediabetesClinical2022,cite_key_author_year,100,1,0,,,no,no,no,no,,,2,3,patient within PCP within clinic,34,9/clinic,280/clinic,,clinic,clinic,stratified,not listed,1,no,generalized linear mixed models accounting for clustering at clinic level,Account for restricted rand. and clustering,,Accounted for clustering at clinic level,Account for clustering and restricted rand.,yes,no,,,,
7NYXSVAI,,NHLBI,crt_review_table_112.tex,38,Douin et al.,douinEffectTargetingNormoxemia2025,cite_key_title_tiebreak,100,1,0,,,yes,yes,yes,yes,,,2,2,patient within clinic,6,236/clinic,,,clinic,clinic,constrained,0.04,1,yes,general linear mixed model accounting for clinic,Account for clustering by clinic,,Accounted for clustering,Account for clustering,yes,yes,,,,
AUCUKPB9,,NHLBI,crt_review_table_112.tex,39,Ebinger et al.,ebingerBarbershopManagementHypertension2020,cite_key_author_year,100,1,1,implementation_study,implementation,,,,,,,,,,,,,,,,,,,,,,,,,,,,,,
3ETDUWRH,,NHLBI,crt_review_table_112.tex,40,Edwards et al.,edwardsSimultaneouslyImplementingPathways2024,cite_key_author_year,100,1,1,review_article,review,,,,,,,,,,,,,,,,,,,,,,,,,,,,,,
8H9BUEWH,,NHLBI,crt_review_table_112.tex,41,Fiscella et al.,fiscellaBloodPressureVisit2022,cite_key_author_year,100,1,0,,,yes,yes,yes,yes,,,2,3,patient within clinician within practice,12,77,356/clinic,,clinic,clinic,none,not specified,1,yes,"Cox proportional hazard and weighted GEE with bias correction, accounted for clustering 2 ways",Account for two levels of clustering,,Accounted for two levels of clustering,Account for two levels of clustering,no,yes,,,,
IRIMYPZ3,,NHLBI,crt_review_table_112.tex,42,Fiscella et al.,fiscellaTeambasedHomeBlood2023,cite_key_author_year,100,1,1,implementation_study,implementation,,,,,,,,,,,,,,,,,,,,,,,,,,,,,,
4B9BMDV7,,NHLBI,crt_review_table_112.tex,43,Fitzsimmons-Craft et al.,fitzsimmons-craftEffectivenessDigitalCognitive2020,cite_key_author_year,100,1,0,,,no,no,no,no,,,2,2,patient within university,27,25/university,,,university,university,stratified,0.05-0.15,3,no,"general linear mixed model accounting for clustering, incorrectly for repeated measures, t-tests at end","Account for clustering, longitudinality, and restricted rand.",correct by the skin of their teeth,Accounted for clustering and longitudinality,"Account for clustering, longitudinality, and restricted rand.",yes,no,,,,
W2VQEXEG,,NHLBI,crt_review_table_112.tex,44,Fortmann et al.,fortmannMedicalAssistantHealth2021,cite_key_author_year,100,1,0,,,no,no,yes,yes,,,2,3,patient within clinic within health system,2,4,150/clinic,,clinic,health system,stratified,not mentioned,1,no,multi level using full information matrix,Account for two levels of clustering,Keith doesn't think correct - cheating and using bad statistical literature,Did not account for clustering,Account for clustering,yes,no,,,,
6ZV568P4,,NHLBI,crt_review_table_112.tex,45,Foti et al.,fotiEvidenceBasedPolicyMaking2020,cite_key_author_year,100,1,1,not_group_randomized,Not a group-randomized trial,,,,,,,,,,,,,,,,,,,,,,,,,,,,,,
Z6WDVTKT,,NHLBI,crt_review_table_112.tex,46,Frank et al.,frankAssessmentImplementationMethods2023,cite_key_author_year,100,1,0,,,no,no,no,no,,,2,2,patient within emergency room,18,,,,emergency room,emergency room,stratified,0.025,1,no,random effects logistic regression,Account for clustering and restricted rand.,,"Donner and Klar, accounted for clustering",Account for clustering and restricted rand.,yes,no,,,,
IDKFPWGH,,NHLBI,crt_review_table_112.tex,47,Frerichs et al.,frerichsClusterRandomizedTrial2020,cite_key_author_year,100,1,1,secondary_analysis,secondary data analysis,,,,,,,,,,,,,,,,,,,,,,,,,,,,,,
EI9D54I4,,NHLBI,crt_review_table_112.tex,48,Fuller et al.,fullerAwarenessParalysisSymptoms2023,cite_key_author_year,100,1,1,stepped_wedge_design,stepped wedge,,,,,,,,,,,,,,,,,,,,,,,,,,,,,,
QURVUDB5,,NHLBI,crt_review_table_112.tex,49,Gans et al.,gansMulticomponentTailoredIntervention2022,cite_key_title_tiebreak,100,1,0,,,no,no,no,no,,,2,2,child within family child care home,119,377 (~3/provider),,,family child care home,family child care home,stratified,not mentioned,2,no,GEE not accounting for clustering,Account for clustering and stratified rand.,ouch,Did not account for clustering or stratified rand.,Account for clustering and stratified rand.,yes,no,,,,
KMKSIU5U,,NHLBI,crt_review_table_112.tex,50,Gerald et al.,geraldSchoolsupervisedUseOncedaily2019,cite_key_author_year,89,1,0,,,no,no,no,no,,,2,2,student within school,20,~20/school,,,school,school,stratified,0.15,2,no,general linear mixed model accounting for clustering and repeated measures,Account for clustering and restricted rand.,,Accounted for clustering but not restricted rand.,Account for clustering and restricted rand.,yes,no,,,,
4QHFZPVG,,NHLBI,crt_review_table_112.tex,51,Gimbel et al.,gimbelSystemsAnalysisImprovement2020,cite_key_author_year,100,1,0,,,no,no,no,no,,,2,3,patient within clinic within district (ignoring province),,16,1000/clinic,,clinic,district,constrained,0.1-0.2,1,no,generalized linear mixed model accounting for clustering within clinic,Account for clustering and restricted rand.,not clear what the levels of clustering are,Accounted for clustering within clinic,Account for clustering and restricted rand.,yes,no,,,,
3B8K39D8,,NHLBI,crt_review_table_112.tex,52,Gold et al.,goldEffectClinicalDecision2022,cite_key_author_year,100,1,0,,,no,no,no,no,,,2,4,patient within clinic within organization,14,70,265/clinic,,organization,organization,constrained,,2,no,general linear mixed models,Account for clustering and restricted rand.,"could have accounted for more levels of clustering, but did not",Accounted for clustering,Account for clustering and restricted rand.,yes,no,,,,
LU33978L,,NHLBI,crt_review_table_112.tex,53,Goldstein et al.,goldsteinImprovingCommunicationHeart2019,cite_key_author_year,93,1,0,,,no,no,no,no,,,2,2,patient within clinician within hospital,6,58,525,,hospital,hospital,none,0.04,1,no,"GEE or GLM, not accounting for clustering at both levels",Account for clustering at clinician and hospital level,,Accounted for clustering by hospital only,Account for clustering at clinician and hospital level,no,no,,,,
L2VHUDMD,,NHLBI,crt_review_table_112.tex,54,Grant et al.,grantVisitPlanningUsing2019,cite_key_author_year,100,1,0,,,no,no,no,no,,,2,2,patient within provider within primary care center,8,73,750,,physician,primary care clinic,none,NR,1,no,General linear mixed model controlling for physician,Account for clustering at both physician and clinic level,Missed the outer layer of clustering,No power analysis reported,Power analysis accounting for clustering at clinic and physician level,no,no,,,,
5VWZPNEQ,,NHLBI,crt_review_table_112.tex,55,Green et al.,greenPuttingPatientsCenter2018,cite_key_author_year,100,1,0,,,no,no — uncertain how to do power for this study,no,no,,,2,3,"Complicated design with cross-clustering and cross-nesting; outer level is clinic (n=8), 2nd level is physician (NR), 3rd level is patients (~500 per physician); also cross-clustering via 2 kidney care specialists",8,NR,500 per physician,,clinic,clinic,"yes, by clinic size and region",0.05,3,no,t-test accounting for clustering,Complex mixed model with multiple levels of cross-clustering,Uncertain how to analyze this study given cross-clustering complexity,Accounts for clustering within clinic only; ignores physician and kidney specialist levels,Power analysis accounting for all levels of cross-clustering,yes,no,,,,
GK558E5R,,NHLBI,crt_review_table_112.tex,56,Grembi et al.,grembiInfluenceHydrometeorologicalRisk2024,cite_key_author_year,100,1,1,secondary_analysis,secondary data analysis,,,,,,,,,,,,,,,,,,,,,,,,,,,,,,
QUEFXEQY,,NHLBI,crt_review_table_112.tex,57,Grissom et al.,grissomImplementationCoordinatedSpontaneous2023,cite_key_author_year,100,1,0,,,no,no,no,no,,,2,3,"Patient within ICU within hospital; only one hospital has multiple ICUs (one hospital has 4, rest have 1), making this an underanalyzable design",12,~1 per hospital (one has 4),3600 per hospital,,hospital,hospital,yes,NR,,no,Model accounting for clustering by center but not all random effects,Censored survival analysis accounting for centering by depth and additional clustering factors,Uncertain how to analyze this study given complex clustering structure,Accounted for some clustering,Account for all clustering,yes,no,,,,
9J2SL67D,,NHLBI,crt_review_table_112.tex,58,Ha et al.,haConqueringHypertensionVietnamsolutions2020,cite_key_author_year,95,1,0,,,no,no,no,no,,,2,3,patient within commune within district,4,16,680 total,,commune,district,yes,0.011,1,no,REML estimator for generalized linear mixed model,Generalized linear mixed model accounting for multilevel clustering and repeated measures,Could not determine what random effects were included due to lack of clarity in reporting,Accounted for one level of clustering but not restricted randomization,Account for restricted randomization and two-level clustering,yes,no,,,,
BBQSQ5GY,,NHLBI,crt_review_table_112.tex,59,Hahn et al.,hahnUsingVirtualAgents2020,cite_key_author_year,100,1,0,,,yes,yes,yes,yes,,,2,3,child within YMCA center within matched pair,12,24,20 per YMCA center,,YMCA center,matched pair,"yes, stratification by free and reduced lunch program",NR,4,no,Accounts for clustering within matched pairs and within center,Account for clustering within matched pair and center,Both reviewers found reporting intensely unclear,Accounted for both sources of correlation (matched pairs and centers),Account for correlation between matched pairs and centers,yes,no,,,,
7M6ST2JQ,,NHLBI,crt_review_table_112.tex,60,Halterman et al.,haltermanEffectSchoolBasedAsthma2022,cite_key_author_year,83,1,0,,,no,no,no,no,,,3,3,student within school within strata,NR,69,430,,student,strata,yes,NR,3,no,GEE,Analysis accounting for clustering within school and stratum and longitudinal repeated measures,Both reviewers said ``wow'' three times,Did not account for clustering,Account for clustering,yes,no,,,,
WUNIU4CC,,NHLBI,crt_review_table_112.tex,61,Hanrahan et al.,hanrahanHouseholdIncentiveBasedContact2023,cite_key_author_year,80,1,0,,,no,no,no,no,,,2,2,patient within family group within clinic,56,782 per clinic,,,clinic,clinic,yes,NR,2,no,Poisson regression accounting for clustering within clinic,Account for clustering within clinic and family group and repeated measures for crossover design,Biased because family grouping not accounted for,NR,Account for clustering within family and clinic,yes,no,,,,
BW2B5H9P,,NHLBI,crt_review_table_112.tex,62,Hardy et al.,hardyDesignEquityPrevention2023,cite_key_author_year,100,1,0,,,no,no,no,no,,,2,3,patient within peer coach within church; 2--3 peer coaches per church,20,2--3 per church,480,,church,church,no,NR,3,no,Does not account for clustering in any way,Account for clustering by peer coach and church,Not written up clearly,Does not account for clustering in any way,Power analysis accounting for clustering by peer coach and church,no,no,,,,
R2P2KPRE,,NHLBI,crt_review_table_112.tex,63,Haug et al.,haugBestCaseWorst2022,cite_key_author_year,100,1,0,,,no,no,no,no,,,2,3,patient within nephrologist within site,10,40,320,,nephrologist,site,no,NR,1,no,Accounts for clustering within physician but not within site,Account for clustering within both site and physician,They tried; used fixed effects,Does not account for clustering within physician or site,Account for clustering within physician and site,no,no,,,,
MPJA6L2H,,NHLBI,crt_review_table_112.tex,64,Hearst et al.,hearstBreakfastBrainFood2019,cite_key_author_year,89,1,1,secondary_analysis,secondary data analysis,,,,,,,,,,,,,,,,,,,,,,,,,,,,,,
NVVGHG2W,,NHLBI,crt_review_table_112.tex,65,Hernández-Galdamez et al.,hernandez-galdamezMonitoringStudyParticipants2021,cite_key_author_year,100,1,1,implementation_study,implementation,,,,,,,,,,,,,,,,,,,,,,,,,,,,,,
DZSYHDZB,,NHLBI,crt_review_table_112.tex,66,Hieda et al.,hiedaImpact2Years2019,cite_key_author_year,73,1,1,secondary_analysis,secondary data analysis,,,,,,,,,,,,,,,,,,,,,,,,,,,,,,
XEKC6EFN,,NHLBI,crt_review_table_112.tex,67,Howden et al.,howdenReversingCardiacEffects2018,cite_key_author_year,100,1,1,not_group_randomized,Not a group-randomized trial,,,,,,,,,,,,,,,,,,,,,,,,,,,,,,
D29P9RKT,,NHLBI,crt_review_table_112.tex,68,Huffman et al.,huffmanEffectQualityImprovement2018,cite_key_author_year,100,1,1,stepped_wedge_design,stepped wedge,,,,,,,,,,,,,,,,,,,,,,,,,,,,,,
65U9AYL7,,NHLBI,crt_review_table_112.tex,69,ICU-RESUS et al.,icu-resusandeunicekennedyshrivernationalinstituteofchildhealthEffectPhysiologicPointofCare2022,title_only_corporate_author,93,1,1,stepped_wedge_design,stepped wedge,,,,,,,,,,,,,,,,,,,,,,,,,,,,,,
LIJH82T5,,NHLBI,crt_review_table_112.tex,70,Jack et al.,jackClusterRandomisedTrial2021,cite_key_author_year,100,1,0,,,no,no,no,no,,,3,3,participant within village within matched village set,NR,35,1414,,village,stratum,yes,0.07,1,no,GEE,Analysis accounting for clustering within village and matching,Painful,Does not account for matching,Account for both clustering and matching,yes,no,,,,
M8CXW6PU,,NHLBI,crt_review_table_112.tex,71,Jacobs et al.,jacobsClinicalEconomicEffectiveness2023,cite_key_author_year,100,1,1,stepped_wedge_design,stepped wedge,,,,,,,,,,,,,,,,,,,,,,,,,,,,,,
SH5J2R2J,remapped from W5Z7K27W (NCI/NHLBI duplicate merge),NHLBI,crt_review_table_112.tex,72,Johnson et al.,johnsonEvaluationWalkingSchool2024,cite_key_author_year,100,1,0,,,no,no,no,no,,,2,3,child within school within matched pair within city,2,11,22,300,school,city,"yes, pair matching",0.04,1,no,Accounted for clustering within schools only,Account for clustering within schools and matched pairs,Tragic,Accounted for clustering,Account for clustering and matching,yes,no,,,,
VMHXT33Z,,NHLBI,crt_review_table_112.tex,73,Jones et al.,jonesRandomizedEvaluationDecision2022,cite_key_author_year,100,1,0,,,no,no,no,no,,,2,2,patient within provider within center,6,240,5.18 per provider,,provider,center,"yes, stratification",0.10--0.25,1,no,Not described,Analysis accounting for restricted randomization and clustering at both levels,Analyzable data but not analyzed correctly,Accounted for clustering,Account for clustering and restricted randomization with two levels of clustering,yes,no,,,,
YJDJH8TY,,NHLBI,crt_review_table_112.tex,74,Joshi et al.,joshiCardiovascularRiskFactor2019,cite_key_author_year,100,1,0,,,no,no,no,no,,,2,3,"participant within household within village within state; 3 states, 20 villages, 2312 households, 3261 participants",3,20,2312,3261,household,state,unclear,0.09--0.38,1,no,GEE with random effects accounting for household only,"Account for random effects for household, village, potentially state and community health worker",Difficult to understand given community health workers on intervention side only; resembles a mutant individually randomized group treatment trial,Accounted for clustering by household,"Account for clustering by household, village, and potentially state and community health workers",unclear,no,,,,
KSSYVX7X,,NHLBI,crt_review_table_112.tex,75,Kakande et al.,kakandeCommunitybasedDynamicChoice2023,cite_key_author_year,100,1,0,,,yes,yes,no,no,,,2,2,participant within village within matched village pair,8,16,429,,village,matched pair,"yes, pair matching",NR,1,no,t-test,Analysis accounting for pair matching and clustering,"Paper suggests pair matching should have been accounted for, but statistical analysis plan indicates they broke all pair matches",Accounted for pair matching and clustering,Account for pair matching and clustering,yes,no,,,,
L8CPLJYW,,NHLBI,crt_review_table_112.tex,76,Kavishe et al.,kavisheStudyProtocolEngage2025,cite_key_author_year,100,1,0,,,no,no,no,no,,,2,1,patient within community,20,400 per community,,,community,stratum,"yes, by community size",0.08,1,no,Mixed model with random effect for community,Account for both community and stratification,Did not account for restricted randomization,Accounted for community but not restricted randomization,Account for community and restricted randomization,yes,no,,,,
25GIEATL,,NHLBI,crt_review_table_112.tex,77,Kennelty et al.,kenneltyDisseminationTelehealthCardiovascular2021,cite_key_author_year,100,1,0,,,no,no,no,no,,,2,1,patient within clinic,13,325 + 288,,,clinic,clinic,"yes, stratified by percentage of minority participants",0.024,4,no,Mixed model accounting for clustering,Account for both clustering and restricted randomization,,Accounted for clustering,Account for clustering and restricted randomization,yes,no,,,,
3XPH2HI6,,NHLBI,crt_review_table_112.tex,78,Kerr et al.,kerrClusterRandomizedControlled2018,cite_key_author_year,100,1,0,,,yes,yes (close enough),yes,yes,,,2,2,participant within educational group within site,11,13,307,,site,group,no,0.07,5,no,Mixed model with random effects accounting for group and site,Mixed model with random effects accounting for group and site,"Yay, we finally found a correct one",Accounted for site,Account for group and site,no,no,,,,
8QKAXQVW,,NHLBI,crt_review_table_112.tex,79,Kharbanda et al.,kharbandaEvaluationElectronicClinical2018,cite_key_author_year,100,1,0,,,no,no,no,no,,,2,1,patient within clinic,18,1226,,,clinic,clinic,"yes, stratified by percentage with public insurance and matched pairs on adolescent patient volume",0.04,1,no,Generalized mixed model with random effect for clinic,Account for stratification and matching in addition to clustering by clinic,Missed the stratification and matching,Accounted for ICC but not stratification and matching,"Account for clustering, stratification, and matching",yes,no,,,,
DPPC94XT,remapped from 6EI22ZER (NCI/NHLBI duplicate merge),NHLBI,crt_review_table_112.tex,80,King et al.,kingTestingEffectivenessCommunityengaged2021,cite_key_author_year,87,1,0,,,no,no,no,no,,,2,2,patient within site within matched pair,5,10,300,,site,matched pair,"yes, matched on location",NR,1,no,Mixed model accounting for clustering but not matching,Model accounting for both clustering and matching,Did not account for matching,Did not account for clustering or matching,Power analysis accounting for clustering and matching,yes,no,,,,
XEIAGV9H,,NHLBI,crt_review_table_112.tex,81,Kinnamon et al.,kinnamonEffectivenessFamilyHeart2023,cite_key_author_year,100,1,0,,,yes,yes,yes,yes,,,2,2,person within family within site,28,1111,4646,,family,site,"yes, stratified by race, ethnicity, and site",NR,1,no,Generalized linear mixed model with logit link function accounting for both site and family,Same,,Monte Carlo simulation accounting for correlation by family and site,Same,yes,no,,,,
NQ4Y7FIA,,NHLBI,crt_review_table_112.tex,82,Kossek et al.,kossekCaringElderlyWork2019,cite_key_author_year,100,1,0,,,no,no,no,no,,,2,1,patient within care home,30,931,,,care home,care home,"yes, stratified on three factors",NR,1,no,Accounted for clustering but not stratification,Account for both clustering and stratification,Very hard to read,Accounted for clustering but not stratification,Account for clustering and stratification,yes,no,,,,
EZW26HK2,,NHLBI,crt_review_table_112.tex,83,Kronish et al.,kronishMultifacetedImplementationStrategy2023,cite_key_author_year,100,1,0,,,no,no,no,no,,,2,1,patient within clinic,8,1186,,,clinic,matched pair,"yes, matched pairs",NR,2,no,Multilevel Poisson regression accounting for clustering,Multilevel Poisson regression accounting for clustering and matching,Well written and clear,Monte Carlo simulation accounting for clustering,Account for clustering and restricted randomization (pair matching),yes,no,,,,
4NGYJQ62,,NHLBI,crt_review_table_112.tex,84,Lampman et al.,lampmanOptimizingHuddleEngagement2021,cite_key_author_year,100,1,0,,,no,no,no,no,,,2,1,participant within team,29,272,,,team,stratum,"yes, stratified randomization",0.05,1,no,Generalized linear mixed model accounting for clustering,Account for clustering and restricted randomization,,Accounted for clustering,Account for both clustering and restricted randomization,yes,no,,,,
MWYKAIL4,,NHLBI,crt_review_table_112.tex,85,Landry et al.,landryImpactSchoolBasedGardening2021,cite_key_author_year,88,1,1,secondary_analysis,secondary data analysis,,,,,,,,,,,,,,,,,,,,,,,,,,,,,,
ZS5WVT7S,,NHLBI,crt_review_table_112.tex,86,Lanspa et al.,lanspaProspectiveAssessmentFeasibility2019,cite_key_author_year,100,1,1,pilot_study,pilot,,,,,,,,,,,,,,,,,,,,,,,,,,,,,,
Y9EY4XQ8,,NHLBI,crt_review_table_112.tex,87,Lauffenburger et al.,lauffenburgerReducingEthnicRacial2023,cite_key_author_year,100,1,0,,,no,no,no,no,,,2,2,patient within primary care provider within clinic,24,350,10000,,clinic,clinic,"yes, covariate constrained randomization",0.05,1,no,GEE accounting for clustering,Account for clustering at two levels plus restricted randomization,Missed the covariate constrained randomization and did not account for the outer level,Accounted for one level of clustering,Account for two-level clustering plus constrained randomization,yes,no,,,,
KDH4XJIC,,NHLBI,crt_review_table_112.tex,88,Levan et al.,levanFinancialIncentivesStandard2020,cite_key_author_year,100,1,1,not_group_randomized,Not a group-randomized trial,,,,,,,,,,,,,,,,,,,,,,,,,,,,,,
ER2TALDD,,NHLBI,crt_review_table_112.tex,89,Lincoln et al.,lincolnProtocolRandomisedTrial2020,cite_key_author_year,100,1,1,stepped_wedge_design,stepped wedge,,,,,,,,,,,,,,,,,,,,,,,,,,,,,,
FDVX9XTR,,NHLBI,crt_review_table_112.tex,90,Linton et al.,lintonSystemLevelInformatics2021,cite_key_author_year,100,1,0,,,no,no,no,no,,,2,1,patient within triage nurse,51,384,,,triage nurse,stratum,"yes, stratification",0.58,1,no,Generalized linear mixed model accounting for clustering within triage nurse,Account for clustering within both stratum and triage nurse,This study wins the honorary award for highest observed ICC,Accounted for clustering,Account for clustering and stratification,yes,no,,,,
52L6RCJY,,NHLBI,crt_review_table_112.tex,91,Liyanage-Don et al.,liyanage-donImplementingRemotePatient2025,cite_key_author_year,100,1,0,,,no,no,no,no,,,2,1,patient within primary care practice,15,8000,,,practice,practice,yes,"0, 0.1, or 0.2",1,no,Accounted for clustering,Account for clustering and stratification,Good try,Accounted for clustering,Account for clustering and stratification,yes,no,,,,
S47B3QEJ,,NHLBI,crt_review_table_112.tex,92,Longenecker et al.,longeneckerImplementationStrategiesIntegrate2025,cite_key_author_year,100,1,1,stepped_wedge_design,stepped wedge,,,,,,,,,,,,,,,,,,,,,,,,,,,,,,
GKVUXT8J,,NHLBI,crt_review_table_112.tex,93,Ludden et al.,luddenImplementationCoachMcLungsSM2022,cite_key_author_year,93,1,1,stepped_wedge_design,stepped wedge,,,,,,,,,,,,,,,,,,,,,,,,,,,,,,
DCYTWR4N,,NHLBI,crt_review_table_112.tex,94,Mann et al.,mannImpactClinicalDecision2020,cite_key_author_year,100,1,0,,,no,no,no,no,,,2,2,patient visit within practitioner within practice,33,541,100573,,practice,practice,no,NR,1,no,GEE with logit link accounting for clustering within practice,Account for clustering within practitioner and practice,"Did not account for repeated visits by the same patient, which adds another level of clustering",Not reported,Account for clustering by practice and practitioner,no,no,,,,
T3W2WZCX,,NHLBI,crt_review_table_112.tex,95,Mansour-Assi et al.,mansour-assiSocialMobileApproaches2022,cite_key_author_year,100,1,1,not_group_randomized,Not a group-randomized trial,,,,,,,,,,,,,,,,,,,,,,,,,,,,,,
6PNE2R2W,,NHLBI,crt_review_table_112.tex,96,Martinez et al.,martinezImpactCAPTUREChronic2025,cite_key_author_year,100,1,0,,,yes,yes,yes,yes,,,2,1,patient within primary care practice,100,4679,,,practice,practice,no,0.076,1,no,GEE accounting for clustering,Account for clustering,Yay,Accounted for clustering,Account for clustering,no,no,,,,
28SJBT73,,NHLBI,crt_review_table_112.tex,97,McLoughlin et al.,mcloughlinUsingImplementationMapping2025,cite_key_author_year,100,1,1,pilot_study,pilot,,,,,,,,,,,,,,,,,,,,,,,,,,,,,,
PQVNQR33,,NHLBI,crt_review_table_112.tex,98,McQuaid et al.,mcquaidAddressingPediatricAsthma2025,cite_key_author_year,100,1,1,stepped_wedge_design,stepped wedge,,,,,,,,,,,,,,,,,,,,,,,,,,,,,,
W95M9S6N,,NHLBI,crt_review_table_112.tex,99,Mercer et al.,mercerStrengtheningReferralNetworks2019,cite_key_author_year,100,1,0,,,no,no,no,no,,,2,1,participant within clinic,8,200,,,clinic,clinic,"yes, stratified",0.02--0.06,1,no,Generalized linear mixed model accounting for clustering,Account for clustering and stratification,,Accounted for clustering,Account for clustering and stratification,yes,no,,,,
9LX3EYI2,,NHLBI,crt_review_table_112.tex,100,Miller et al.,millerMasteryorientedMotorCompetence2023,cite_key_author_year,100,1,0,,,no,no,no,no,,,2,1,child within classroom,12,112,,,classroom,classroom,no,NR,1,no,Does not account for clustering,Account for clustering,,Does not account for clustering,Account for clustering,no,no,,,,
7KTF6M73,,NHLBI,crt_review_table_112.tex,101,Mills et al.,millsImplementationMultifacetedPatientCentered2020,cite_key_author_year,95,1,0,,,yes,yes,yes,yes,,,2,1,patient within federally qualified health center,36,1260,,,federally qualified health center,federally qualified health center,no,0.063,1,no,Mixed model accounting for clustering,Mixed model accounting for clustering,Well described,Accounted for clustering,Account for clustering,no,no,,,,
GMFGJ3S5,,NHLBI,crt_review_table_112.tex,102,Miranda et al.,mirandaEffectPriestLedIntervention2020,cite_key_author_year,89,1,0,,,no,no,no,no,,,2,1,participant within parish,12,1488,,,parish,parish,"yes, pair matching based on parish size",CV = 0.07,2,no,Accounted for clustering,Account for clustering and pairing,Well described,Accounted for clustering,Account for clustering and pairing,yes,no,,,,
R4ZI2TKH,,NHLBI,crt_review_table_112.tex,103,Moreno et al.,morenoClusterrandomizedControlledTrial2021,cite_key_author_year,100,1,1,duplicate_group_random_drop,"second study by same group, excluded randomly",,,,,,,,,,,,,,,,,,,,,,,,,,,,,,
NT3UR2AB,,NHLBI,crt_review_table_112.tex,104,Morshed et al.,morshedImpactHealthyWeight2019,cite_key_author_year,100,1,1,not_group_randomized,Not a group-randomized trial,,,,,,,,,,,,,,,,,,,,,,,,,,,,,,
PQNBSQLX,,NHLBI,crt_review_table_112.tex,105,Mukhopadhyay et al.,mukhopadhyayClusterRandomizedTrialComparing2023,cite_key_title_tiebreak,100,0,0,,,,,,,,,,,,,,,,,,,,,,,,,,,,,,,,
L3XSIHDW,,NHLBI,crt_review_table_112.tex,106,Mukhopadhyay et al.,mukhopadhyayDesignPilotImplementation2023,cite_key_title_tiebreak,100,1,1,duplicate_group_random_drop,"second study by same group, excluded randomly",,,,,,,,,,,,,,,,,,,,,,,,,,,,,,
2BDG7GVP,,NHLBI,crt_review_table_112.tex,107,Nanney et al.,nanneyGroupRandomizedIntervention2019,cite_key_author_year,100,1,0,,,no,no,no,no,,,2,1,student within school,16,NR,,,school,school,"yes, by wave",NR,2,no,Wilcoxon test,Account for clustering by school and stratification by wave,Impossible to read,Not reported,Account for clustering by school and by wave,yes,no,,,,
ME2XJGEW,,NHLBI,crt_review_table_112.tex,108,Nicolau et al.,nicolauDoesPriorCoronary2019,cite_key_author_year,100,1,1,not_group_randomized,Not a group-randomized trial,,,,,,,,,,,,,,,,,,,,,,,,,,,,,,
HLQA5RI6,remapped from QQ3EW96Q (NCI/NHLBI duplicate merge),NHLBI,crt_review_table_112.tex,109,Ockene et al.,ockeneTeachingMedicalStudents2021,cite_key_author_year,100,1,0,,,no,no,no,no,,,2,1,student within medical school,8,915,,,medical school,medical school,"yes, pair matching",NR,2,no,Two-level analysis of covariance,Account for correlation with pair matching and clustering,Unclear,Not reported,Account for clustering and pair matching,yes,no,,,,
XFPCQLGP,,NHLBI,crt_review_table_112.tex,110,Ogedegbe et al.,ogedegbeHealthInsuranceCoverage2018,cite_key_author_year,100,1,0,,,no,no,no,no,,,2,1,participant within community health center,32,757,,,community health center,community health center,"yes, pair matching and stratified by wave",0.06,2,no,Accounted for clustering,Account for both clustering and pair matching,Missed the pair matching,Accounted for clustering,Account for clustering and pair matching,yes,no,,,,
4TRC3UDD,,NHLBI,crt_review_table_112.tex,111,Olomu et al.,olomuImprovingDiabeticPatients2022,cite_key_author_year,100,1,0,,,no,no,no,no,,,2,3,patient within team within federally qualified health center within county,3,12,17,378,team,county,"yes, matching within county",0.002,5,no,Accounted for clustering within team only,"Account for clustering within team, FQHC, and county",Very small number of counties,Accounted for clustering within team,"Account for clustering within team, FQHC, and county",yes,no,,,,
Y7PRFE3Z,,NHLBI,crt_review_table_112.tex,112,Olson et al.,olsonWeightLossMaintenance2025,cite_key_author_year,100,1,0,,,no,no,yes,yes,,,2,1,trucker within terminal,22,452,,,terminal,terminal,no,NR,3,no,GEE accounting for clustering of truckers within terminals,Account for clustering of truckers within terminals,GEE on 22 clusters,Did not account for clustering,Account for clustering,no,no,,,,
UPVYYFVQ,,NHLBI,crt_review_table_112.tex,113,Pacheco et al.,pachecoEffectsDifferentAllotments2021,cite_key_author_year,100,1,0,,,no,no,no,no,,,2,1,participant within family,72,up to 3 per family,,,family,family,no,NR,3,no,t-test not accounting for clustering within family,Account for clustering within family,Additional clustering level of health promoters not mentioned in the study,Did not account for clustering,Account for clustering,no,no,,,,
GYRIVJLS,,NHLBI,crt_review_table_112.tex,114,Paez et al.,paezRoboticElectromagneticBronchoscopy2024,cite_key_author_year,100,1,0,,,no,no,no,no,,,2,1,patient within OR day,202,400,,,OR day,OR day,no,NR,1,no,"Accounted for clustering by surgeon/operator, not by OR day",Account for clustering by OR day,Keith noted analysis not done correctly,"Accounted for clustering by surgeon/operator, not by OR day",Account for correlation within OR day,no,no,,,,
H7N83IW2,,NHLBI,crt_review_table_112.tex,115,Paniagua-Avila et al.,paniagua-avilaEvaluatingMulticomponentProgram2020,cite_key_author_year,100,1,0,,,no,no,no,no,,,2,2,participant within health district within department,5,36,44 per health district (total 1584),,health district,department,"yes, stratified by department",0.55,1,no,Mixed model accounting for clustering,Account for clustering and stratification,Beautifully written,Z-test accounting for clustering,Account for clustering and stratification,yes,no,,,,
QJRBBVLY,,NHLBI,crt_review_table_112.tex,116,Panniyammakal et al.,panniyammakalFamilyBasedInterventionsPromote2025,cite_key_author_year,94,1,0,,,yes,yes,yes,yes,,,2,1,patient within family,750,1671,,,family,family,no,0.10,1,no,GEE accounting for clustering,Account for clustering,,Monte Carlo simulation or GEE accounting for clustering,Account for clustering,no,no,,,,
ZQ2U7SAI,,NHLBI,crt_review_table_112.tex,117,Pannu et al.,pannuOptimizationInspiredOxygen2025,cite_key_author_year,100,1,1,stepped_wedge_design,stepped wedge,,,,,,,,,,,,,,,,,,,,,,,,,,,,,,
6FZNPBXP,,NHLBI,crt_review_table_112.tex,118,Patel et al.,patelEffectivenessSchoolDrinking2023,cite_key_author_year,100,1,0,,,no,no,yes,yes,,,2,2,student within classroom within school,18,56,1249,,school,school,no,0.005,3,no,Mixed effect logistic regression accounting for clustering by school and student within classroom,"Account for clustering by school, student, and classroom",,Accounted for clustering within school,"Account for clustering within school, classroom, and student",no,no,,,,
YR23V33N,,NHLBI,crt_review_table_112.tex,119,Patterson et al.,pattersonEmergencyMedicalServices2023,cite_key_author_year,100,1,0,,,no,no,no,no,,,2,1,clinician within EMS agency,36,678,,,agency,agency,"yes, biased coin minimization by type and size",0.07,1,no,Accounted for clustering within agency,Account for clustering and stratification,,Accounted for clustering within agency,Account for clustering and stratification,yes,no,,,,
ZPEDLYBK,,NHLBI,crt_review_table_112.tex,120,Pbert et al.,pbertPediatricPrimaryCare2024,cite_key_author_year,100,1,0,,,no,no,no,no,,,2,2,participant within family within pediatric practice,20,NR,501,,practice,practice,"yes, matched pair randomization",0.01,3,no,General linear mixed effect model clustered by pediatric practice only,"Account for clustering within family, practice, and matched pair",Dropped the random effect that was inestimable,Accounted for clustering within practice,"Account for clustering within practice, family, and matched pair",yes,no,,,,
FTYU2BLT,,NHLBI,crt_review_table_112.tex,121,Perry et al.,perryResultsAsthmaEducation2018,cite_key_author_year,100,1,0,,,yes,yes,yes,yes,,,2,1,student within school district,19,383,,,school district,school district,no,0.01,1,no,Mixed effect model accounting for clustering,Mixed effect model accounting for clustering,To be verified with Keith,Accounted for clustering within school district,Account for clustering within school district,no,no,,,,
LGEECHQM,,NHLBI,crt_review_table_112.tex,122,Pfammatter et al.,pfammatterMHealthInterventionPreserve2020,cite_key_author_year,97,1,0,,,no,no,no,no,,,2,1,student within dormitory,NR,300,,,dormitory,dormitory,"yes, pair matching",0.01,3,no,Accounted for clustering,Account for clustering and matching,Cannot determine number of matched pairs or number of dormitories,Accounted for clustering,Account for clustering and pair matching,yes,no,,,,
WGQGTBTE,,NHLBI,crt_review_table_112.tex,123,Philis-Tsimikas et al.,philis-tsimikasDulceDigitalMeProtocol2022,cite_key_author_year,100,1,1,not_group_randomized,Not a group-randomized trial,,,,,,,,,,,,,,,,,,,,,,,,,,,,,,
2HLT4Y2J,,NHLBI,crt_review_table_112.tex,124,Piyasiri et al.,piyasiriEffectivenessLonglastingInsecticideImpregnated2025,cite_key_author_year,96,1,0,,,no,no,no,no,,,2,3,participant within household within cluster within site,2,20,600,NR,cluster,site,no,Not used; design effect used instead,3,no,Did not account for clustering,"Account for clustering within household, cluster, and site",Status very unclear,Accounted for some clustering via design effect,Account for clustering by household and site,no,no,,,,
AT7Y2KKR,,NHLBI,crt_review_table_112.tex,125,Robbins et al.,robbinsInterventionEffectsGirls2019,cite_key_title_tiebreak,92,1,0,,,no,no,no,no,,,2,1,participant within school,24,1519,,,school,matched pair,"yes, pair matching",0.02,2,no,Mixed model accounting for clustering only,Account for clustering and matching,Did not account for pair matching,Accounted for clustering,Account for clustering and pair matching,yes,no,,,,
BJM4IT6J,,NHLBI,crt_review_table_112.tex,126,Robinson et al.,robinsonCommunitybasedMultilevelMultisetting2021,cite_key_author_year,100,1,1,not_group_randomized,Not a group-randomized trial,,,,,,,,,,,,,,,,,,,,,,,,,,,,,,
NBAQH3Y3,,NHLBI,crt_review_table_112.tex,127,Robinson et al.,robinsonProtocolClusterRandomized2023,cite_key_author_year,100,1,1,duplicate_group_random_drop,"second study by same group, excluded randomly",,,,,,,,,,,,,,,,,,,,,,,,,,,,,,
ZN4GPW43,,NHLBI,crt_review_table_112.tex,128,Rosales et al.,rosalesMetaSaludDiabetes2021,cite_key_author_year,100,1,0,,,no,no,no,no,,,2,1,participant within health clinic,22,518,,,clinic,clinic,"yes, stratified by clinic location",0.03,2,no,Mixed model accounting for clustering,Account for clustering and stratification,Used fixed effect for location; needs to ask Keith if that's acceptable,Accounted for clustering,Account for clustering and restricted randomization,yes,no,,,,
VXZHWRTC,,NHLBI,crt_review_table_112.tex,129,Rosenberg et al.,rosenbergSittingTimeReduction2024,cite_key_author_year,100,1,1,not_group_randomized,Not a group-randomized trial,,,,,,,,,,,,,,,,,,,,,,,,,,,,,,
GV6RHLHV,,NHLBI,crt_review_table_112.tex,130,Sabo et al.,saboMetaSaludDiabetes2018,cite_key_author_year,100,1,1,duplicate_group_random_drop,"second study by same group, excluded randomly",,,,,,,,,,,,,,,,,,,,,,,,,,,,,,
VFJZH9TR,,NHLBI,crt_review_table_112.tex,131,Safford et al.,saffordDesignRationaleMulticenter2023,cite_key_author_year,100,1,0,,,no,no,no,no,,,4,1,participant within practice,69,1596,,,practice,practice,"yes, by state and type of practice",0.01,3,no,Accounted for clustering,Account for clustering and restricted randomization,To be verified with Keith,Accounted for clustering,Account for clustering and restricted randomization,yes,no,,,,
B34VFBK3,,NHLBI,crt_review_table_112.tex,132,Sanuade et al.,sanuadeFixeddoseCombinationTherapybased2023,cite_key_author_year,100,1,0,,,no,no,no,no,,,2,1,patient within primary health care center,60,4427,,,health care center,health care center,"yes, stratified by baseline hypertension and baseline caseload",NR,1,no,Accounted for clustering,Account for clustering and restricted randomization,,Post-hoc power analysis accounting for clustering,Pre-hoc power analysis accounting for clustering and restricted randomization,yes,no,,,,
HPIL7WVW,remapped from D8CQJP9V (NCI/NHLBI duplicate merge),NHLBI,crt_review_table_112.tex,133,Schenker et al.,schenkerEffectOncologyNurseLed2021,cite_key_author_year,82,1,0,,,no,no,no,no,,,2,1,patient within community oncology clinic,17,672,,,clinic,clinic,"yes, stratified by type, size, and sex makeup",0.03,2,no,Accounted for clustering,Account for clustering and restricted randomization,,Accounted for clustering,Account for clustering and restricted randomization,yes,no,,,,
3UETLCGR,,NHLBI,crt_review_table_112.tex,134,Schlenz et al.,schlenzSuccessfulImplementationStroke2025,cite_key_author_year,100,1,0,,,no,no,no,no,,,3,1,patient within stroke center site,13,720,,,stroke center,stroke center,"yes, pair matching",NR,2,no,Generalized linear Poisson model accounting for clustering only,Account for both pair matching and clustering,Failed,"t-test, did not account for clustering",Account for both clustering and pair matching,yes,no,,,,
8EIXU8CQ,,NHLBI,crt_review_table_112.tex,135,Seguin-Fowler et al.,seguin-fowlerImprovementsMaintenanceClinical2022,cite_key_author_year,100,0,0,,,,,,,,,,,,,,,,,,,,,,,,,,,,,,,,
9QH3NF2M,,NHLBI,crt_review_table_112.tex,136,Semitala et al.,semitalaComparison3Optimized2024,cite_key_author_year,100,0,0,,,,,,,,,,,,,,,,,,,,,,,,,,,,,,,,
YHKIB4RS,,NHLBI,crt_review_table_112.tex,137,Semler et al.,semlerOxygenSaturationTargetsCritically2022,cite_key_author_year,91,0,0,,,,,,,,,,,,,,,,,,,,,,,,,,,,,,,,
XW5VH2RS,,NHLBI,crt_review_table_112.tex,138,Shi et al.,shiSolvingInsomniaElectronically2019,cite_key_author_year,100,0,0,,,,,,,,,,,,,,,,,,,,,,,,,,,,,,,,
GZ8L53HZ,,NHLBI,crt_review_table_112.tex,139,Silber et al.,silberPatientSafetyOutcomes2019,cite_key_author_year,100,0,0,,,,,,,,,,,,,,,,,,,,,,,,,,,,,,,,
ML5BF6U5,,NHLBI,crt_review_table_112.tex,140,Smith et al.,smithCommunityInterventionReduce2025,cite_key_author_year,100,0,0,,,,,,,,,,,,,,,,,,,,,,,,,,,,,,,,
VUUKHBPX,,NHLBI,crt_review_table_112.tex,141,Sobers et al.,sobersAssessingEffectivenessImplementation2021,cite_key_author_year,100,0,0,,,,,,,,,,,,,,,,,,,,,,,,,,,,,,,,
67EE29T7,,NHLBI,crt_review_table_112.tex,142,Sperl-Hillen et al.,sperl-hillenProtocolPatientRandomized2024,cite_key_author_year,100,0,0,,,,,,,,,,,,,,,,,,,,,,,,,,,,,,,,
HMVQGBWN,,NHLBI,crt_review_table_112.tex,143,Stefan et al.,stefanUpdateStudyProtocol2021,cite_key_author_year,100,0,0,,,,,,,,,,,,,,,,,,,,,,,,,,,,,,,,
G78NBYUH,,NHLBI,crt_review_table_112.tex,144,Tabak et al.,tabakDisseminatingImplementingLifestylebased2019,cite_key_author_year,90,0,0,,,,,,,,,,,,,,,,,,,,,,,,,,,,,,,,
Y526PL9L,,NHLBI,crt_review_table_112.tex,145,Takada et al.,takadaProtocolType32025,cite_key_author_year,100,0,0,,,,,,,,,,,,,,,,,,,,,,,,,,,,,,,,
NPK22LGL,,NHLBI,crt_review_table_112.tex,146,Tan et al.,tanTELEhealthSharedDecisionmaking2024,cite_key_author_year,100,0,0,,,,,,,,,,,,,,,,,,,,,,,,,,,,,,,,
SFJI363E,,NHLBI,crt_review_table_112.tex,147,VanEvery et al.,vaneveryImpactAvocadoIntake2023,cite_key_author_year,100,1,1,secondary_analysis,secondary outcomes,,,,,,,,,,,,,,,,,,,,,,,,,,,,,,
HKJXZKTF,,NHLBI,crt_review_table_112.tex,148,Victor et al.,victorClusterRandomizedTrialBloodPressure2018,cite_key_author_year,94,0,0,,,,,,,,,,,,,,,,,,,,,,,,,,,,,,,,
RZ7YH2DN,,NHLBI,crt_review_table_112.tex,149,Vinson et al.,vinsonDecisionSupportIntervention2024,cite_key_author_year,100,0,0,,,,,,,,,,,,,,,,,,,,,,,,,,,,,,,,
3INBZHKN,,NHLBI,crt_review_table_112.tex,150,Vorderstrasse et al.,vorderstrasseRecruitmentEnrollmentParticipants2021,cite_key_author_year,100,1,1,implementation_study,implementation,,,,,,,,,,,,,,,,,,,,,,,,,,,,,,
TVL564PH,,NHLBI,crt_review_table_112.tex,151,Ward et al.,wardKeysHealthyFamily2020,cite_key_author_year,100,0,0,,,,,,,,,,,,,,,,,,,,,,,,,,,,,,,,
MQ5HUF7T,,NHLBI,crt_review_table_112.tex,152,Warner et al.,warnerPracticalAnemiaBundle2025,cite_key_author_year,100,0,0,,,,,,,,,,,,,,,,,,,,,,,,,,,,,,,,
KQHQ9KMW,,NHLBI,crt_review_table_112.tex,153,Wilfley et al.,wilfleyTrainingModelsImplementing2020,cite_key_author_year,100,0,0,,,,,,,,,,,,,,,,,,,,,,,,,,,,,,,,
7UB2532H,,NHLBI,crt_review_table_112.tex,154,Williams et al.,williamsProtocolPaperStepped2020,cite_key_author_year,100,0,0,,,,,,,,,,,,,,,,,,,,,,,,,,,,,,,,
2MCVHA74,,NHLBI,crt_review_table_112.tex,155,Wright et al.,wrightCommunityMobilisationAdoption2025,cite_key_author_year,100,0,0,,,,,,,,,,,,,,,,,,,,,,,,,,,,,,,,
IKEB2FHD,,NHLBI,crt_review_table_112.tex,156,Wright et al.,wrightReducingPaediatricOverweight2020,cite_key_author_year,100,0,0,,,,,,,,,,,,,,,,,,,,,,,,,,,,,,,,
TZF282NC,,NHLBI,crt_review_table_112.tex,157,Yawn et al.,yawnUseAsthmaAPGAR2018,cite_key_author_year,100,0,0,,,,,,,,,,,,,,,,,,,,,,,,,,,,,,,,
44SJ3WXZ,,NHLBI,crt_review_table_112.tex,158,Youssouf et al.,youssoufDesigningImplementationScience2024,cite_key_author_year,100,1,1,pilot_study,pilot,,,,,,,,,,,,,,,,,,,,,,,,,,,,,,
QQRYLPB6,,NHLBI,crt_review_table_112.tex,159,Yuan et al.,yuanAchievingCardiovascularHealth2025,cite_key_author_year,100,0,0,,,,,,,,,,,,,,,,,,,,,,,,,,,,,,,,
V6LBW3SS,,NHLBI,NHLBI_exclusions_178.csv,1,"Blum, Moritz (2025)",Blum2025,doi,100,1,1,baseline_only,Baseline analysis,,,,,,,,,,,,,,,,,,,,,,,,,,,,10.1007/s11136-024-03823-9,39503943,"Ignore03_NHLBI exclusion document, category headings"
XYJLRGVC,remapped from Y3Z3PR9V (NCI/NHLBI duplicate merge),NHLBI,NHLBI_exclusions_178.csv,2,"Coats, Heather (2018)",Coats2018,doi,100,1,1,baseline_only,Baseline analysis,,,,,,,,,,,,,,,,,,,,,,,,,,,,10.1016/j.jpainsymman.2018.07.005,30025937,"Ignore03_NHLBI exclusion document, category headings"
JZHSJF4P,,NHLBI,NHLBI_exclusions_178.csv,3,"Cummings, Doyle M (2023)",Cummings2023,doi,100,1,1,baseline_only,Baseline analysis,,,,,,,,,,,,,,,,,,,,,,,,,,,,10.1007/s40615-022-01431-2,36271193,"Ignore03_NHLBI exclusion document, category headings"
CRIGG2QL,,NHLBI,NHLBI_exclusions_178.csv,4,"Gans, Kim M (2019)",Gans2019,doi,100,1,1,baseline_only,Baseline analysis,,,,,,,,,,,,,,,,,,,,,,,,,,,,10.1089/chi.2018.0083,30707598,"Ignore03_NHLBI exclusion document, category headings"
WTQJUCGN,,NHLBI,NHLBI_exclusions_178.csv,5,"Gans, Kim M (2022)",Gans2022,doi,100,1,1,baseline_only,Baseline analysis,,,,,,,,,,,,,,,,,,,,,,,,,,,,10.1089/chi.2021.0094,34851731,"Ignore03_NHLBI exclusion document, category headings"
M36AICFG,,NHLBI,NHLBI_exclusions_178.csv,6,"Gilbert, Amanda (2025)",Gilbert2025,doi,100,1,1,baseline_only,Baseline analysis,,,,,,,,,,,,,,,,,,,,,,,,,,,,10.3389/fpubh.2025.1498450,39975777,"Ignore03_NHLBI exclusion document, category headings"
CU6USZZG,,NHLBI,NHLBI_exclusions_178.csv,7,"Jeans, Matthew R (2022)",Jeans2022,doi,100,1,1,baseline_only,Baseline analysis,,,,,,,,,,,,,,,,,,,,,,,,,,,,10.1016/j.jand.2021.10.014,34634512,"Ignore03_NHLBI exclusion document, category headings"
2LB9GQLG,,NHLBI,NHLBI_exclusions_178.csv,8,"Jiang, Qianxia (2021)",Jiang2021,doi,100,1,1,baseline_only,Baseline analysis,,,,,,,,,,,,,,,,,,,,,,,,,,,,10.1155/2021/6697006,34659829,"Ignore03_NHLBI exclusion document, category headings"
LD2EYF43,,NHLBI,NHLBI_exclusions_178.csv,9,"Jiang, Qianxia (2023)",Jiang2023,doi,100,1,1,baseline_only,Baseline analysis,,,,,,,,,,,,,,,,,,,,,,,,,,,,10.5888/pcd20.220325,37441753,"Ignore03_NHLBI exclusion document, category headings"
WJWMFQRJ,,NHLBI,NHLBI_exclusions_178.csv,10,"Marks, Jennifer (2018)",Marks2018,doi,100,1,1,baseline_only,Baseline analysis,,,,,,,,,,,,,,,,,,,,,,,,,,,,10.1093/tbm/iby026,30016518,"Ignore03_NHLBI exclusion document, category headings"
YAIMEWET,,NHLBI,NHLBI_exclusions_178.csv,11,"Thakkar, Aarti (2022)",Thakkar2022,doi,100,1,1,baseline_only,Baseline analysis,,,,,,,,,,,,,,,,,,,,,,,,,,,,10.1186/s12913-022-07699-8,35255913,"Ignore03_NHLBI exclusion document, category headings"
BDSYFVYJ,,NHLBI,NHLBI_exclusions_178.csv,12,"Tovar, Alison (2018)",Tovar2018,doi,100,1,1,baseline_only,Baseline analysis,,,,,,,,,,,,,,,,,,,,,,,,,,,,10.1016/j.jand.2018.08.154,30497638,"Ignore03_NHLBI exclusion document, category headings"
2EQE8HSV,,NHLBI,NHLBI_exclusions_178.csv,13,"Barbaro, Ryan P (2018)",Barbaro2018,doi,100,1,1,cohort_study,Cohort study,,,,,,,,,,,,,,,,,,,,,,,,,,,,10.1164/rccm.201709-1893OC,29373797,"Ignore03_NHLBI exclusion document, category headings"
E8BGTQDI,,NHLBI,NHLBI_exclusions_178.csv,14,"Curley, Martha A Q (2018)",Curley2018,doi,100,1,1,cohort_study,Cohort study,,,,,,,,,,,,,,,,,,,,,,,,,,,,10.1016/j.cct.2018.07.004,30017814,"Ignore03_NHLBI exclusion document, category headings"
S26WZS8D,,NHLBI,NHLBI_exclusions_178.csv,15,"Hickey, Matthew D (2025)",Hickey2025,doi,100,1,1,cohort_study,Cohort study,,,,,,,,,,,,,,,,,,,,,,,,,,,,10.1002/jia2.26500,40622370,"Ignore03_NHLBI exclusion document, category headings"
3MBN8DIA,,NHLBI,NHLBI_exclusions_178.csv,16,"Leite, Jean Michel R S (2024)",Leite2024,doi,100,1,1,comment_or_letter,Comments,,,,,,,,,,,,,,,,,,,,,,,,,,,,10.1080/24733938.2023.2190998,36914960,"Ignore03_NHLBI exclusion document, category headings"
4ME98BI9,,NHLBI,NHLBI_exclusions_178.csv,17,"Li, Fan (2020)",Li2020,doi,100,1,1,comment_or_letter,Comments,,,,,,,,,,,,,,,,,,,,,,,,,,,,10.1093/ije/dyaa037,32211886,"Ignore03_NHLBI exclusion document, category headings"
KESZW83P,,NHLBI,NHLBI_exclusions_178.csv,18,"Semler, Matthew W (2018)",Semler2018,doi,100,1,1,comment_or_letter,Comments,,,,,,,,,,,,,,,,,,,,,,,,,,,,10.1056/NEJMc1804294,29768150,"Ignore03_NHLBI exclusion document, category headings"
S59FZ9BB,,NHLBI,NHLBI_exclusions_178.csv,19,"Catley, Delwyn (2020)",Catley2020,doi,100,1,1,implementation_study,Implementation,,,,,,,,,,,,,,,,,,,,,,,,,,,,10.1093/tbm/ibz187,31909412,"Ignore03_NHLBI exclusion document, category headings"
4EYIVLJR,,NHLBI,NHLBI_exclusions_178.csv,20,"Clark, Taylor L (2022)",Clark2022,doi,100,1,1,implementation_study,Implementation,,,,,,,,,,,,,,,,,,,,,,,,,,,,10.1093/tbm/ibab144,34791499,"Ignore03_NHLBI exclusion document, category headings"
Z7NF2G6Q,remapped from BMCWCLQH (NCI/NHLBI duplicate merge),NHLBI,NHLBI_exclusions_178.csv,21,"Gilbert, Amanda (2022)",Gilbert2022,doi,100,1,1,implementation_study,Implementation,,,,,,,,,,,,,,,,,,,,,,,,,,,,10.1123/jpah.2021-0677,35272263,"Ignore03_NHLBI exclusion document, category headings"
2UPNUCNS,,NHLBI,NHLBI_exclusions_178.csv,22,"Luecking, Courtney T (2021)",Luecking2021,doi,100,1,1,implementation_study,Implementation,,,,,,,,,,,,,,,,,,,,,,,,,,,,10.1093/tbm/ibab001,33538306,"Ignore03_NHLBI exclusion document, category headings"
S42UTYP4,,NHLBI,NHLBI_exclusions_178.csv,23,"Pillsbury, Mc Kinsey M (2021)",Pillsbury2021,doi,100,1,1,implementation_study,Implementation,,,,,,,,,,,,,,,,,,,,,,,,,,,,10.1186/s12913-021-06930-2,34479556,"Ignore03_NHLBI exclusion document, category headings"
YFHGVNZN,,NHLBI,NHLBI_exclusions_178.csv,24,"Singh, Kavita (2019)",Singh2019,doi,100,1,1,implementation_study,Implementation,,,,,,,,,,,,,,,,,,,,,,,,,,,,10.1186/s13012-019-0857-7,30728053,"Ignore03_NHLBI exclusion document, category headings"
ZFMGD92P,,NHLBI,NHLBI_exclusions_178.csv,25,"Tian, Maoyi (2018)",Tian2018,doi,100,1,1,implementation_study,Implementation,,,,,,,,,,,,,,,,,,,,,,,,,,,,10.1186/s12992-018-0342-0,29490675,"Ignore03_NHLBI exclusion document, category headings"
LRDYLR4Y,,NHLBI,NHLBI_exclusions_178.csv,26,"Tovar, Alison (2019)",Tovar2019,doi,100,1,1,implementation_study,Implementation,,,,,,,,,,,,,,,,,,,,,,,,,,,,10.1017/S1368980018002665,30378521,"Ignore03_NHLBI exclusion document, category headings"
8MGIPU3P,,NHLBI,NHLBI_exclusions_178.csv,27,"Trivedi, Michelle (2021)",Trivedi2021,doi,100,1,1,implementation_study,Implementation,,,,,,,,,,,,,,,,,,,,,,,,,,,,10.1016/j.cct.2021.106510,34280575,"Ignore03_NHLBI exclusion document, category headings"
V4KK3YW4,,NHLBI,NHLBI_exclusions_178.csv,28,"Vaughn, Amber E (2019)",Vaughn2019,doi,100,1,1,implementation_study,Implementation,,,,,,,,,,,,,,,,,,,,,,,,,,,,10.1093/tbm/iby082,30107586,"Ignore03_NHLBI exclusion document, category headings"
DG93HVAX,,NHLBI,NHLBI_exclusions_178.csv,29,"Bell, Melanie L (2020)",Bell2020,doi,100,1,1,methods_paper,Methods,,,,,,,,,,,,,,,,,,,,,,,,,,,,10.1186/s13063-020-4114-9,32033617,"Ignore03_NHLBI exclusion document, category headings"
2KYMUP96,,NHLBI,NHLBI_exclusions_178.csv,30,"Blette, Bryan S (2024)",Blette2024,doi,100,1,1,methods_paper,Methods,,,,,,,,,,,,,,,,,,,,,,,,,,,,10.1177/09622802241242323,38567439,"Ignore03_NHLBI exclusion document, category headings"
F7UIGLIK,,NHLBI,NHLBI_exclusions_178.csv,31,"Fang, Xi (2025)",Fang2025,doi,100,1,1,methods_paper,Methods,,,,,,,,,,,,,,,,,,,,,,,,,,,,10.1093/biostatistics/kxaf047,41443760,"Ignore03_NHLBI exclusion document, category headings"
WIYCPY8U,,NHLBI,NHLBI_exclusions_178.csv,32,"Gasparini, Alessandro (2025)",Gasparini2025,doi,100,1,1,methods_paper,Methods,,,,,,,,,,,,,,,,,,,,,,,,,,,,10.1002/sim.10347,39963907,"Ignore03_NHLBI exclusion document, category headings"
WPF7MUCV,,NHLBI,NHLBI_exclusions_178.csv,33,"Golzarri-Arroyo, Lilian (2020)",GolzarriArroyo2020,doi,100,1,1,methods_paper,Methods,,,,,,,,,,,,,,,,,,,,,,,,,,,,10.1089/chi.2019.0142,32078372,"Ignore03_NHLBI exclusion document, category headings"
S64FLLB6,,NHLBI,NHLBI_exclusions_178.csv,34,"Golzarri-Arroyo, Lilian (2022)",GolzarriArroyo2022,doi,100,1,1,methods_paper,Methods,,,,,,,,,,,,,,,,,,,,,,,,,,,,10.1016/j.cmpb.2022.106654,35093646,"Ignore03_NHLBI exclusion document, category headings"
QLJ7HTJU,,NHLBI,NHLBI_exclusions_178.csv,35,"Isenberg, Dane (2025)",Isenberg2025,doi,100,1,1,methods_paper,Methods,,,,,,,,,,,,,,,,,,,,,,,,,,,,10.1177/09622802241309348,39885759,"Ignore03_NHLBI exclusion document, category headings"
VKY7UK64,remapped from UAZFWMQ5 (NCI/NHLBI duplicate merge),NHLBI,NHLBI_exclusions_178.csv,36,"Jamshidi-Naeini, Yasaman (2022)",JamshidiNaeini2022,doi,100,1,1,methods_paper,Methods,,,,,,,,,,,,,,,,,,,,,,,,,,,,10.1002/oby.23373,35195364,"Ignore03_NHLBI exclusion document, category headings"
JQH7C7QZ,,NHLBI,NHLBI_exclusions_178.csv,37,"Jamshidi-Naeini, Yasaman (2023)",JamshidiNaeini2023,doi,100,1,1,methods_paper,Methods,,,,,,,,,,,,,,,,,,,,,,,,,,,,10.1186/s12888-023-05180-2,37730572,"Ignore03_NHLBI exclusion document, category headings"
P3KQJM4H,,NHLBI,NHLBI_exclusions_178.csv,38,"Jamshidi-Naeini, Yasaman (2024)",JamshidiNaeini2024,doi,100,1,1,methods_paper,Methods,,,,,,,,,,,,,,,,,,,,,,,,,,,,10.2196/54090,38568721,"Ignore03_NHLBI exclusion document, category headings"
PVP9PWD9,,NHLBI,NHLBI_exclusions_178.csv,39,"Joyce, Nina R (2023)",Joyce2023,doi,100,1,1,methods_paper,Methods,,,,,,,,,,,,,,,,,,,,,,,,,,,,10.1177/17407745231185055,37493171,"Ignore03_NHLBI exclusion document, category headings"
JPXXAFJZ,,NHLBI,NHLBI_exclusions_178.csv,40,"Kahan, Brennan C (2023)",Kahan2023,doi,100,1,1,methods_paper,Methods,,,,,,,,,,,,,,,,,,,,,,,,,,,,10.1093/ije/dyac131,35834775,"Ignore03_NHLBI exclusion document, category headings"
AHQ8IGXQ,,NHLBI,NHLBI_exclusions_178.csv,41,"Kahan, Brennan C (2023)",Kahan2023a,doi,100,1,1,methods_paper,Methods,,,,,,,,,,,,,,,,,,,,,,,,,,,,10.1177/17407745231186094,37439089,"Ignore03_NHLBI exclusion document, category headings"
PG83SQ3X,,NHLBI,NHLBI_exclusions_178.csv,42,"Kahan, Brennan C (2024)",Kahan2024,doi,100,1,1,methods_paper,Methods,,,,,,,,,,,,,,,,,,,,,,,,,,,,10.1177/09622802241254197,38780480,"Ignore03_NHLBI exclusion document, category headings"
G6V5HPHL,,NHLBI,NHLBI_exclusions_178.csv,43,"Katzmarzyk, Peter T (2022)",Katzmarzyk2022,doi,100,1,1,methods_paper,Methods,,,,,,,,,,,,,,,,,,,,,,,,,,,,10.1111/cob.12524,35412010,"Ignore03_NHLBI exclusion document, category headings"
UHLRHMGI,,NHLBI,NHLBI_exclusions_178.csv,44,"Kilbourne, Amy (2024)",Kilbourne2024,doi,100,1,1,methods_paper,Methods,,,,,,,,,,,,,,,,,,,,,,,,,,,,10.1146/annurev-publhealth-060222-014438,37931183,"Ignore03_NHLBI exclusion document, category headings"
YNAD85P3,,NHLBI,NHLBI_exclusions_178.csv,45,"Krzyzanowski, Brittany (2019)",Krzyzanowski2019,doi,100,1,1,methods_paper,Methods,,,,,,,,,,,,,,,,,,,,,,,,,,,,10.1186/s13063-019-3284-9,30922358,"Ignore03_NHLBI exclusion document, category headings"
NLT3RNI6,,NHLBI,NHLBI_exclusions_178.csv,46,"Lo, Yungtai (2025)",Lo2025,doi,100,1,1,methods_paper,Methods,,,,,,,,,,,,,,,,,,,,,,,,,,,,10.1186/s12874-025-02653-8,40859182,"Ignore03_NHLBI exclusion document, category headings"
5Y4N2K9P,,NHLBI,NHLBI_exclusions_178.csv,47,"Matsouaka, Roland A (2018)",Matsouaka2018,doi,100,1,1,methods_paper,Methods,,,,,,,,,,,,,,,,,,,,,,,,,,,,10.1177/0962280216680524,27920364,"Ignore03_NHLBI exclusion document, category headings"
PT2PSKAP,,NHLBI,NHLBI_exclusions_178.csv,48,"Owen, Melody A (2025)",Owen2025,doi,100,1,1,methods_paper,Methods,,,,,,,,,,,,,,,,,,,,,,,,,,,,10.1002/sim.70015,39930740,"Ignore03_NHLBI exclusion document, category headings"
E92KWK4B,remapped from ASTFEXJ3 (NCI/NHLBI duplicate merge),NHLBI,NHLBI_exclusions_178.csv,49,"Smith, Justin D (2023)",Smith2023,doi,100,1,1,methods_paper,Methods,,,,,,,,,,,,,,,,,,,,,,,,,,,,10.18865/ed.DECIPHeR.18,38846735,"Ignore03_NHLBI exclusion document, category headings"
PVIMTUBL,,NHLBI,NHLBI_exclusions_178.csv,50,"Tong, Guangyu (2023)",Tong2023,doi,100,1,1,methods_paper,Methods,,,,,,,,,,,,,,,,,,,,,,,,,,,,10.1093/aje/kwad038,36799630,"Ignore03_NHLBI exclusion document, category headings"
C9R7RUUN,,NHLBI,NHLBI_exclusions_178.csv,51,"Tong, Guangyu (2024)",Tong2024,doi,100,1,1,methods_paper,Methods,,,,,,,,,,,,,,,,,,,,,,,,,,,,10.1177/17407745231222018,38197388,"Ignore03_NHLBI exclusion document, category headings"
6UICIGP2,,NHLBI,NHLBI_exclusions_178.csv,52,"Tong, Jiaqi (2023)",Tong2023a,doi,100,1,1,methods_paper,Methods,,,,,,,,,,,,,,,,,,,,,,,,,,,,10.1186/s12874-023-01887-8,37024809,"Ignore03_NHLBI exclusion document, category headings"
K5PURRCS,,NHLBI,NHLBI_exclusions_178.csv,53,"Wang, Wei (2021)",Wang2021,doi,100,1,1,methods_paper,Methods,,,,,,,,,,,,,,,,,,,,,,,,,,,,10.1186/s13063-021-05900-7,34961539,"Ignore03_NHLBI exclusion document, category headings"
34PR6YXH,,NHLBI,NHLBI_exclusions_178.csv,54,"Wang, Wei (2024)",Wang2024,doi,100,1,1,methods_paper,Methods,,,,,,,,,,,,,,,,,,,,,,,,,,,,10.1002/sim.9939,37985966,"Ignore03_NHLBI exclusion document, category headings"
98PU32ET,,NHLBI,NHLBI_exclusions_178.csv,55,"Zhu, Angela Y (2024)",Zhu2024,doi,100,1,1,methods_paper,Methods,,,,,,,,,,,,,,,,,,,,,,,,,,,,10.1002/bimj.202200135,37035941,"Ignore03_NHLBI exclusion document, category headings"
NCULGT7Q,,NHLBI,NHLBI_exclusions_178.csv,56,"Beres, Laura K (2022)",Beres2022,doi,100,1,1,pilot_study,Pilot study,,,,,,,,,,,,,,,,,,,,,,,,,,,,10.1371/journal.pone.0273228,36018846,"Ignore03_NHLBI exclusion document, category headings"
MFCQSDMF,,NHLBI,NHLBI_exclusions_178.csv,57,"Bonafide, Christopher P (2022)",Bonafide2022,doi,100,1,1,pilot_study,Pilot study,,,,,,,,,,,,,,,,,,,,,,,,,,,,10.1186/s13012-022-01246-z,36271399,"Ignore03_NHLBI exclusion document, category headings"
ZC3442HS,,NHLBI,NHLBI_exclusions_178.csv,58,"Clark, Jesse (2021)",Clark2021,doi,100,1,1,pilot_study,Pilot study,,,,,,,,,,,,,,,,,,,,,,,,,,,,10.1007/s10461-020-03117-4,33385279,"Ignore03_NHLBI exclusion document, category headings"
6XSR8DVR,,NHLBI,NHLBI_exclusions_178.csv,59,"Guyette, Frank X (2022)",Guyette2022,doi,100,1,1,pilot_study,Pilot study,,,,,,,,,,,,,,,,,,,,,,,,,,,,10.1097/TA.0000000000003551,35081595,"Ignore03_NHLBI exclusion document, category headings"
RUYVCGHY,,NHLBI,NHLBI_exclusions_178.csv,60,"Lyden, Kate (2021)",Lyden2021,doi,100,1,1,pilot_study,Pilot study,,,,,,,,,,,,,,,,,,,,,,,,,,,,10.2215/CJN.12300720,33888536,"Ignore03_NHLBI exclusion document, category headings"
Q2S96SJ9,,NHLBI,NHLBI_exclusions_178.csv,61,"O'Donoghue, Julia (2022)",ODonoghue2022,doi,100,1,1,pilot_study,Pilot study,,,,,,,,,,,,,,,,,,,,,,,,,,,,10.1016/j.cct.2022.106884,35995130,"Ignore03_NHLBI exclusion document, category headings"
DEN3TJZ5,,NHLBI,NHLBI_exclusions_178.csv,62,"Ogungbe, Oluwabunmi (2025)",Ogungbe2025,doi,100,1,1,pilot_study,Pilot study,,,,,,,,,,,,,,,,,,,,,,,,,,,,10.1001/jamanetworkopen.2024.62559,40036036,"Ignore03_NHLBI exclusion document, category headings"
9MM6Z5CZ,,NHLBI,NHLBI_exclusions_178.csv,63,"Trivedi, Michelle (2025)",Trivedi2025,doi,100,1,1,pilot_study,Pilot study,,,,,,,,,,,,,,,,,,,,,,,,,,,,10.1016/j.jaip.2025.07.022,40848030,"Ignore03_NHLBI exclusion document, category headings"
YUL5IEIT,,NHLBI,NHLBI_exclusions_178.csv,64,"Chapnick, Melissa (2025)",Chapnick2025,doi,100,1,1,preprint,Preprints,,,,,,,,,,,,,,,,,,,,,,,,,,,,10.1101/2025.09.25.678652,41256558,"Ignore03_NHLBI exclusion document, category headings"
7NGXRYU7,,NHLBI,NHLBI_exclusions_178.csv,65,"Fung, Constance (2025)",Fung2025,doi,100,1,1,preprint,Preprints,,,,,,,,,,,,,,,,,,,,,,,,,,,,10.21203/rs.3.rs-7330051/v1,41041560,"Ignore03_NHLBI exclusion document, category headings"
9XSGVFTU,,NHLBI,NHLBI_exclusions_178.csv,66,"Kahan, Brennan C (2025)",Kahan2025,doi,100,1,1,preprint,Preprints,,,,,,,,,,,,,,,,,,,,,,,,,,,,10.1101/2025.07.03.25330799,40630601,"Ignore03_NHLBI exclusion document, category headings"
X7YLMXWH,,NHLBI,NHLBI_exclusions_178.csv,67,"Adams, Marc A (2019)",Adams2019,doi,100,1,1,protocol_paper,Protocol paper (with results in search),,,,,,,,,,,,,,,,,,,,,,,,,,,,10.1016/j.cct.2018.12.007,30572161,"Ignore03_NHLBI exclusion document, category headings"
EBNIKQJT,,NHLBI,NHLBI_exclusions_178.csv,68,"Catley, Delwyn (2019)",Catley2019,doi,100,1,1,protocol_paper,Protocol paper (with results in search),,,,,,,,,,,,,,,,,,,,,,,,,,,,10.1136/bmjopen-2019-031400,31719084,"Ignore03_NHLBI exclusion document, category headings"
G53UN529,,NHLBI,NHLBI_exclusions_178.csv,69,"Cooper, Lisa A (2020)",Cooper2020,doi,100,1,1,protocol_paper,Protocol paper (with results in search),,,,,,,,,,,,,,,,,,,,,,,,,,,,10.1016/j.ahj.2020.05.001,32526534,"Ignore03_NHLBI exclusion document, category headings"
HQYY8IVG,,NHLBI,NHLBI_exclusions_178.csv,70,"Hennink-Kaminski, Heidi (2018)",HenninkKaminski2018,doi,100,1,1,protocol_paper,Protocol paper (with results in search),,,,,,,,,,,,,,,,,,,,,,,,,,,,10.1016/j.cct.2017.11.007,29128650,"Ignore03_NHLBI exclusion document, category headings"
9G96XQ7M,,NHLBI,NHLBI_exclusions_178.csv,71,"Jeemon, Panniyammakal (2021)",Jeemon2021,doi,100,1,1,protocol_paper,Protocol paper (with results in search),,,,,,,,,,,,,,,,,,,,,,,,,,,,10.1016/S2214-109X(21)00319-3,34534488,"Ignore03_NHLBI exclusion document, category headings"
8JZS4D8F,,NHLBI,NHLBI_exclusions_178.csv,72,"Pbert, Lori (2021)",Pbert2021,doi,100,1,1,protocol_paper,Protocol paper (with results in search),,,,,,,,,,,,,,,,,,,,,,,,,,,,10.1016/j.cct.2021.106348,33706002,"Ignore03_NHLBI exclusion document, category headings"
YKCJ78UM,,NHLBI,NHLBI_exclusions_178.csv,73,"Reza, Tania F (2020)",Reza2020,doi,100,1,1,protocol_paper,Protocol paper (with results in search),,,,,,,,,,,,,,,,,,,,,,,,,,,,10.1186/s13012-020-00988-y,32316993,"Ignore03_NHLBI exclusion document, category headings"
5XNKT7KH,,NHLBI,NHLBI_exclusions_178.csv,74,"Risica, Patricia Markham (2019)",Risica2019,doi,100,1,1,protocol_paper,Protocol paper (with results in search),,,,,,,,,,,,,,,,,,,,,,,,,,,,10.1186/s12889-019-6704-6,30999881,"Ignore03_NHLBI exclusion document, category headings"
TY62B2MZ,,NHLBI,NHLBI_exclusions_178.csv,75,"Shea, Judy A (2018)",Shea2018,doi,100,1,1,protocol_paper,Protocol paper (with results in search),,,,,,,,,,,,,,,,,,,,,,,,,,,,10.1136/bmjopen-2018-021711,30244209,"Ignore03_NHLBI exclusion document, category headings"
ZDP4YJ9U,,NHLBI,NHLBI_exclusions_178.csv,76,"Ante-Testard, Pearl Anne (2024)",AnteTestard2024,doi,100,1,1,secondary_analysis,Secondary data analysis,,,,,,,,,,,,,,,,,,,,,,,,,,,,10.1038/s41467-024-45624-1,38378704,"Ignore03_NHLBI exclusion document, category headings"
D8BXQHHL,,NHLBI,NHLBI_exclusions_178.csv,77,"Asante, Kwaku Poku (2020)",Asante2020,doi,100,1,1,secondary_analysis,Secondary data analysis,,,,,,,,,,,,,,,,,,,,,,,,,,,,10.1186/s13063-020-04667-7,33008455,"Ignore03_NHLBI exclusion document, category headings"
F5VFFT7X,,NHLBI,NHLBI_exclusions_178.csv,78,"Atlas, Steven J (2023)",Atlas2023,doi,100,1,1,secondary_analysis,Secondary data analysis,,,,,,,,,,,,,,,,,,,,,,,,,,,,10.1186/s12875-023-02087-5,37391738,"Ignore03_NHLBI exclusion document, category headings"
FZB8IQSZ,,NHLBI,NHLBI_exclusions_178.csv,79,"Augustovski, Federico (2018)",Augustovski2018,doi,100,1,1,secondary_analysis,Secondary data analysis,,,,,,,,,,,,,,,,,,,,,,,,,,,,10.1016/j.jval.2018.06.003,30502778,"Ignore03_NHLBI exclusion document, category headings"
9SZ8F7SB,,NHLBI,NHLBI_exclusions_178.csv,80,"Baik, Yeonsoo (2022)",Baik2022,doi,100,1,1,secondary_analysis,Secondary data analysis,,,,,,,,,,,,,,,,,,,,,,,,,,,,10.1093/cid/ciab601,34212181,"Ignore03_NHLBI exclusion document, category headings"
BCPZNXV7,remapped from I842F22F (NCI/NHLBI duplicate merge),NHLBI,NHLBI_exclusions_178.csv,81,"Barrington, Wendy E (2019)",Barrington2019,doi,100,1,1,secondary_analysis,Secondary data analysis,,,,,,,,,,,,,,,,,,,,,,,,,,,,10.3390/nu11102320,31581416,"Ignore03_NHLBI exclusion document, category headings"
DHSYLQCG,,NHLBI,NHLBI_exclusions_178.csv,82,"Beets, Michael W (2018)",Beets2018,doi,100,1,1,secondary_analysis,Secondary data analysis,,,,,,,,,,,,,,,,,,,,,,,,,,,,10.1016/j.ypmed.2017.10.003,28987341,"Ignore03_NHLBI exclusion document, category headings"
XXY9RT8Q,,NHLBI,NHLBI_exclusions_178.csv,83,"Benjamin-Chung, Jade (2024)",BenjaminChung2024,doi,100,1,1,secondary_analysis,Secondary data analysis,,,,,,,,,,,,,,,,,,,,,,,,,,,,10.1038/s41591-024-03134-z,38965434,"Ignore03_NHLBI exclusion document, category headings"
CZKI8WKJ,,NHLBI,NHLBI_exclusions_178.csv,84,"Blue, Laura (2023)",Blue2023,doi,100,1,1,secondary_analysis,Secondary data analysis,,,,,,,,,,,,,,,,,,,,,,,,,,,,10.1001/jama.2023.19597,37847273,"Ignore03_NHLBI exclusion document, category headings"
I7VKXNIC,,NHLBI,NHLBI_exclusions_178.csv,85,"Blyler, Ciantel A (2019)",Blyler2019,doi,100,1,1,secondary_analysis,Secondary data analysis,,,,,,,,,,,,,,,,,,,,,,,,,,,,10.1097/HCO.0000000000000674,31425171,"Ignore03_NHLBI exclusion document, category headings"
UD8UUMUN,,NHLBI,NHLBI_exclusions_178.csv,86,"Boston, David (2023)",Boston2023,doi,100,1,1,secondary_analysis,Secondary data analysis,,,,,,,,,,,,,,,,,,,,,,,,,,,,10.3122/jabfm.2022.220391R2,37704387,"Ignore03_NHLBI exclusion document, category headings"
YZ7GZ47B,,NHLBI,NHLBI_exclusions_178.csv,87,"Bray, Jeremy W (2018)",Bray2018,doi,100,1,1,secondary_analysis,Secondary data analysis,,,,,,,,,,,,,,,,,,,,,,,,,,,,10.1177/0890117117696244,28299947,"Ignore03_NHLBI exclusion document, category headings"
LSLZLVAS,,NHLBI,NHLBI_exclusions_178.csv,88,"Carrión, Daniel (2019)",Carrion2019,doi,100,1,1,secondary_analysis,Secondary data analysis,,,,,,,,,,,,,,,,,,,,,,,,,,,,10.1016/j.envint.2019.105150,31518936,"Ignore03_NHLBI exclusion document, category headings"
QEHREYLH,,NHLBI,NHLBI_exclusions_178.csv,89,"Cashen, Katherine (2022)",Cashen2022,doi,100,1,1,secondary_analysis,Secondary data analysis,,,,,,,,,,,,,,,,,,,,,,,,,,,,10.1097/PCC.0000000000003045,35880872,"Ignore03_NHLBI exclusion document, category headings"
ZVIZFQCJ,,NHLBI,NHLBI_exclusions_178.csv,90,"Cashen, Katherine (2023)",Cashen2023,doi,100,1,1,secondary_analysis,Secondary data analysis,,,,,,,,,,,,,,,,,,,,,,,,,,,,10.1016/j.resuscitation.2023.109939,37625580,"Ignore03_NHLBI exclusion document, category headings"
Q5UBAJFB,,NHLBI,NHLBI_exclusions_178.csv,91,"Chaiyachati, Krisda H (2019)",Chaiyachati2019,doi,100,1,1,secondary_analysis,Secondary data analysis,,,,,,,,,,,,,,,,,,,,,,,,,,,,10.1001/jamainternmed.2019.0095,30985861,"Ignore03_NHLBI exclusion document, category headings"
AZPPGG26,,NHLBI,NHLBI_exclusions_178.csv,92,"Chay, Junxing (2024)",Chay2024,doi,100,1,1,secondary_analysis,Secondary data analysis,,,,,,,,,,,,,,,,,,,,,,,,,,,,10.1016/S2214-109X(24)00188-8,39030063,"Ignore03_NHLBI exclusion document, category headings"
XVK2U8K6,,NHLBI,NHLBI_exclusions_178.csv,93,"Cheng, Jessica (2023)",Cheng2023,doi,100,1,1,secondary_analysis,Secondary data analysis,,,,,,,,,,,,,,,,,,,,,,,,,,,,10.1017/S0007114523001137,38713063,"Ignore03_NHLBI exclusion document, category headings"
Y65DB7TT,remapped from JNJYCIH8 (NCI/NHLBI duplicate merge),NHLBI,NHLBI_exclusions_178.csv,94,"Cohen, Michael G (2023)",Cohen2023,doi,100,1,1,secondary_analysis,Secondary data analysis,,,,,,,,,,,,,,,,,,,,,,,,,,,,10.6004/jnccn.2023.7002,37015338,"Ignore03_NHLBI exclusion document, category headings"
U4546RAU,,NHLBI,NHLBI_exclusions_178.csv,95,"Daouda, Misbath (2024)",Daouda2024,doi,100,1,1,secondary_analysis,Secondary data analysis,,,,,,,,,,,,,,,,,,,,,,,,,,,,10.1289/EHP13225,38506828,"Ignore03_NHLBI exclusion document, category headings"
REZJUIXS,,NHLBI,NHLBI_exclusions_178.csv,96,"Davis, Jaimie N (2023)",Davis2023,doi,100,1,1,secondary_analysis,Secondary data analysis,,,,,,,,,,,,,,,,,,,,,,,,,,,,10.1016/j.jand.2022.08.125,35998864,"Ignore03_NHLBI exclusion document, category headings"
DSB4NKC5,,NHLBI,NHLBI_exclusions_178.csv,97,"Davis, Jaimie N (2023)",Davis2023a,doi,100,1,1,secondary_analysis,Secondary data analysis,,,,,,,,,,,,,,,,,,,,,,,,,,,,10.1001/jamanetworkopen.2022.50375,36626172,"Ignore03_NHLBI exclusion document, category headings"
URUAWZAY,,NHLBI,NHLBI_exclusions_178.csv,98,"Federman, Myke (2024)",Federman2024,doi,100,1,1,secondary_analysis,Secondary data analysis,,,,,,,,,,,,,,,,,,,,,,,,,,,,10.1097/PCC.0000000000003368,37678381,"Ignore03_NHLBI exclusion document, category headings"
ZLU75I88,,NHLBI,NHLBI_exclusions_178.csv,99,"Gelfman, Laura P (2021)",Gelfman2021,doi,100,1,1,secondary_analysis,Secondary data analysis,,,,,,,,,,,,,,,,,,,,,,,,,,,,10.1016/j.cardfail.2021.03.005,34088381,"Ignore03_NHLBI exclusion document, category headings"
H2HJLXGH,,NHLBI,NHLBI_exclusions_178.csv,100,"Gerstenfeld, Leslie (2024)",Gerstenfeld2024,doi,100,1,1,secondary_analysis,Secondary data analysis,,,,,,,,,,,,,,,,,,,,,,,,,,,,10.1017/S1368980024002283,39575559,"Ignore03_NHLBI exclusion document, category headings"
SRGFMEL6,,NHLBI,NHLBI_exclusions_178.csv,101,"Goldstein, Nicolas P N (2018)",Goldstein2018,doi,100,1,1,secondary_analysis,Secondary data analysis,,,,,,,,,,,,,,,,,,,,,,,,,,,,10.1016/j.acap.2017.08.015,28899842,"Ignore03_NHLBI exclusion document, category headings"
TUYKW32A,,NHLBI,NHLBI_exclusions_178.csv,102,"Graham, Andrea K (2023)",Graham2023,doi,100,1,1,secondary_analysis,Secondary data analysis,,,,,,,,,,,,,,,,,,,,,,,,,,,,10.1037/ccp0000786,36634022,"Ignore03_NHLBI exclusion document, category headings"
IJE7MVNS,,NHLBI,NHLBI_exclusions_178.csv,103,"Haushalter, Keally (2024)",Haushalter2024,doi,100,1,1,secondary_analysis,Secondary data analysis,,,,,,,,,,,,,,,,,,,,,,,,,,,,10.1016/j.tjnut.2023.12.024,38110183,"Ignore03_NHLBI exclusion document, category headings"
RKXS5GKB,,NHLBI,NHLBI_exclusions_178.csv,104,"Ibe, Chidinma A (2021)",Ibe2021,doi,100,1,1,secondary_analysis,Secondary data analysis,,,,,,,,,,,,,,,,,,,,,,,,,,,,10.18865/ed.31.1.47,33519155,"Ignore03_NHLBI exclusion document, category headings"
CKHANCR8,,NHLBI,NHLBI_exclusions_178.csv,105,"Jeans, Matthew R (2023)",Jeans2023,doi,100,1,1,secondary_analysis,Secondary data analysis,,,,,,,,,,,,,,,,,,,,,,,,,,,,10.1016/j.tjnut.2023.04.013,37116658,"Ignore03_NHLBI exclusion document, category headings"
TZW76NJB,,NHLBI,NHLBI_exclusions_178.csv,106,"Jennerich, Ann L (2022)",Jennerich2022,doi,100,1,1,secondary_analysis,Secondary data analysis,,,,,,,,,,,,,,,,,,,,,,,,,,,,10.1016/j.jpainsymman.2022.05.006,35618247,"Ignore03_NHLBI exclusion document, category headings"
S89CIJ46,,NHLBI,NHLBI_exclusions_178.csv,107,"Jia, Jenny (2024)",Jia2024,doi,100,1,1,secondary_analysis,Secondary data analysis,,,,,,,,,,,,,,,,,,,,,,,,,,,,10.3390/nu16060805,38542716,"Ignore03_NHLBI exclusion document, category headings"
P6QS3RSX,,NHLBI,NHLBI_exclusions_178.csv,108,"Jiang, Qianxia (2023)",Jiang2023a,doi,100,1,1,secondary_analysis,Secondary data analysis,,,,,,,,,,,,,,,,,,,,,,,,,,,,10.1016/j.jneb.2023.03.005,37245146,"Ignore03_NHLBI exclusion document, category headings"
EVS2FEUS,,NHLBI,NHLBI_exclusions_178.csv,109,"Jústiz, Amanda M (2025)",Justiz2025,doi,100,1,1,secondary_analysis,Secondary data analysis,,,,,,,,,,,,,,,,,,,,,,,,,,,,10.1111/ijpo.70018,40344380,"Ignore03_NHLBI exclusion document, category headings"
JDABTKG9,,NHLBI,NHLBI_exclusions_178.csv,110,"Kiggundu, John Baptist (2025)",Kiggundu2025,doi,100,1,1,secondary_analysis,Secondary data analysis,,,,,,,,,,,,,,,,,,,,,,,,,,,,10.1002/jia2.26499,40622382,"Ignore03_NHLBI exclusion document, category headings"
4Q7JQUVU,,NHLBI,NHLBI_exclusions_178.csv,111,"Landrigan, Christopher P (2020)",Landrigan2020,doi,100,1,1,secondary_analysis,Secondary data analysis,,,,,,,,,,,,,,,,,,,,,,,,,,,,10.1056/NEJMoa1900669,32579812,"Ignore03_NHLBI exclusion document, category headings"
3SUSMNR7,,NHLBI,NHLBI_exclusions_178.csv,112,"Lee, Alison G (2019)",Lee2019,doi,100,1,1,secondary_analysis,Secondary data analysis,,,,,,,,,,,,,,,,,,,,,,,,,,,,10.1164/rccm.201804-0694OC,30256656,"Ignore03_NHLBI exclusion document, category headings"
S7KB7TFR,,NHLBI,NHLBI_exclusions_178.csv,113,"Lombardo, Sarah (2022)",Lombardo2022,doi,100,1,1,secondary_analysis,Secondary data analysis,,,,,,,,,,,,,,,,,,,,,,,,,,,,10.1089/neu.2021.0465,35443809,"Ignore03_NHLBI exclusion document, category headings"
B6VJ22FA,remapped from GIHWCXEH (NCI/NHLBI duplicate merge),NHLBI,NHLBI_exclusions_178.csv,114,"Loučka, Martin (2024)",Loucka2024,doi,100,1,1,secondary_analysis,Secondary data analysis,,,,,,,,,,,,,,,,,,,,,,,,,,,,10.1177/02692163231214422,38087831,"Ignore03_NHLBI exclusion document, category headings"
YCFJFHMC,,NHLBI,NHLBI_exclusions_178.csv,115,"Luecking, Courtney T (2020)",Luecking2020,doi,100,1,1,secondary_analysis,Secondary data analysis,,,,,,,,,,,,,,,,,,,,,,,,,,,,10.1016/j.jand.2019.09.018,31831384,"Ignore03_NHLBI exclusion document, category headings"
EH85EJ36,,NHLBI,NHLBI_exclusions_178.csv,116,"Mamun, Abdullah (2020)",Mamun2020,doi,100,1,1,secondary_analysis,Secondary data analysis,,,,,,,,,,,,,,,,,,,,,,,,,,,,10.1016/j.numecd.2020.06.005,32605881,"Ignore03_NHLBI exclusion document, category headings"
9HBYKQR8,,NHLBI,NHLBI_exclusions_178.csv,117,"Margolis, Karen L (2018)",Margolis2018,doi,100,1,1,secondary_analysis,Secondary data analysis,,,,,,,,,,,,,,,,,,,,,,,,,,,,10.1001/jamanetworkopen.2018.1617,30646139,"Ignore03_NHLBI exclusion document, category headings"
GBK9FE9L,,NHLBI,NHLBI_exclusions_178.csv,118,"Margolis, Karen L (2020)",Margolis2020,doi,100,1,1,secondary_analysis,Secondary data analysis,,,,,,,,,,,,,,,,,,,,,,,,,,,,10.1161/HYPERTENSIONAHA.120.15492,32862713,"Ignore03_NHLBI exclusion document, category headings"
85UJCVKA,,NHLBI,NHLBI_exclusions_178.csv,119,"Masters, Grace A (2024)",Masters2024,doi,100,1,1,secondary_analysis,Secondary data analysis,,,,,,,,,,,,,,,,,,,,,,,,,,,,10.1016/j.contraception.2024.110447,38583583,"Ignore03_NHLBI exclusion document, category headings"
88XZGAZQ,,NHLBI,NHLBI_exclusions_178.csv,120,"Matlock, Daniel D (2020)",Matlock2020,doi,100,1,1,secondary_analysis,Secondary data analysis,,,,,,,,,,,,,,,,,,,,,,,,,,,,10.1177/0272989X20915227,32428430,"Ignore03_NHLBI exclusion document, category headings"
UIB8ZYW3,,NHLBI,NHLBI_exclusions_178.csv,121,"Modes, Matthew E (2019)",Modes2019,doi,100,1,1,secondary_analysis,Secondary data analysis,,,,,,,,,,,,,,,,,,,,,,,,,,,,10.1016/j.jpainsymman.2018.10.507,30391656,"Ignore03_NHLBI exclusion document, category headings"
TB7DEJ83,,NHLBI,NHLBI_exclusions_178.csv,122,"Modes, Matthew E (2019)",Modes2019a,doi,100,1,1,secondary_analysis,Secondary data analysis,,,,,,,,,,,,,,,,,,,,,,,,,,,,10.1016/j.jpainsymman.2019.06.011,31228534,"Ignore03_NHLBI exclusion document, category headings"
UBM2R4MP,,NHLBI,NHLBI_exclusions_178.csv,123,"Modes, Matthew E (2020)",Modes2020,doi,100,1,1,secondary_analysis,Secondary data analysis,,,,,,,,,,,,,,,,,,,,,,,,,,,,10.1016/j.jpainsymman.2020.04.026,32389606,"Ignore03_NHLBI exclusion document, category headings"
MZ3T9PWI,,NHLBI,NHLBI_exclusions_178.csv,124,"Modes, Matthew E (2022)",Modes2022,doi,100,1,1,secondary_analysis,Secondary data analysis,,,,,,,,,,,,,,,,,,,,,,,,,,,,10.1016/j.jpainsymman.2022.06.004,35700932,"Ignore03_NHLBI exclusion document, category headings"
6CEJB5CI,,NHLBI,NHLBI_exclusions_178.csv,125,"Mohanan, Padinhare P (2019)",Mohanan2019,doi,100,1,1,secondary_analysis,Secondary data analysis,,,,,,,,,,,,,,,,,,,,,,,,,,,,10.1001/jamanetworkopen.2019.3831,31099866,"Ignore03_NHLBI exclusion document, category headings"
VZQD5RZ8,,NHLBI,NHLBI_exclusions_178.csv,126,"Moin, Emily E (2025)",Moin2025,doi,100,1,1,secondary_analysis,Secondary data analysis,,,,,,,,,,,,,,,,,,,,,,,,,,,,10.1111/jgs.19509,40331620,"Ignore03_NHLBI exclusion document, category headings"
ZBPWT8RC,,NHLBI,NHLBI_exclusions_178.csv,127,"Morgan, Ryan W (2022)",Morgan2022,doi,100,1,1,secondary_analysis,Secondary data analysis,,,,,,,,,,,,,,,,,,,,,,,,,,,,10.1097/PCC.0000000000003073,36053072,"Ignore03_NHLBI exclusion document, category headings"
KCV63L9X,,NHLBI,NHLBI_exclusions_178.csv,128,"Mukhopadhyay, Amrita (2024)",Mukhopadhyay2024,doi,100,1,1,secondary_analysis,Secondary data analysis,,,,,,,,,,,,,,,,,,,,,,,,,,,,10.1016/j.jchf.2023.11.002,38043045,"Ignore03_NHLBI exclusion document, category headings"
TZ8BIHD2,,NHLBI,NHLBI_exclusions_178.csv,129,"Nassal, Michelle M J (2024)",Nassal2024,doi,100,1,1,secondary_analysis,Secondary data analysis,,,,,,,,,,,,,,,,,,,,,,,,,,,,10.1001/jamanetworkopen.2024.19274,38967927,"Ignore03_NHLBI exclusion document, category headings"
PKIN6R35,,NHLBI,NHLBI_exclusions_178.csv,130,"Natale, JoAnne E (2021)",Natale2021,doi,100,1,1,secondary_analysis,Secondary data analysis,,,,,,,,,,,,,,,,,,,,,,,,,,,,10.1513/AnnalsATS.201912-872OC,32776853,"Ignore03_NHLBI exclusion document, category headings"
W8PNS3ZQ,,NHLBI,NHLBI_exclusions_178.csv,131,"O'Halloran, Amanda J (2024)",OHalloran2024,doi,100,1,1,secondary_analysis,Secondary data analysis,,,,,,,,,,,,,,,,,,,,,,,,,,,,10.1186/s13054-024-05018-7,39010134,"Ignore03_NHLBI exclusion document, category headings"
5B6YAKGZ,,NHLBI,NHLBI_exclusions_178.csv,132,"Pacheco, Lorena S (2022)",Pacheco2022,doi,100,1,1,secondary_analysis,Secondary data analysis,,,,,,,,,,,,,,,,,,,,,,,,,,,,10.3390/nu14132744,35807924,"Ignore03_NHLBI exclusion document, category headings"
MMJBXYNB,,NHLBI,NHLBI_exclusions_178.csv,133,"Pedroza-Tobias, Andrea (2025)",PedrozaTobias2025,doi,100,1,1,secondary_analysis,Secondary data analysis,,,,,,,,,,,,,,,,,,,,,,,,,,,,10.1016/j.jand.2024.10.022,39515643,"Ignore03_NHLBI exclusion document, category headings"
C37DMGX6,,NHLBI,NHLBI_exclusions_178.csv,134,"Pfeiffer, Karin A (2019)",Pfeiffer2019,doi,100,1,1,secondary_analysis,Secondary data analysis,,,,,,,,,,,,,,,,,,,,,,,,,,,,10.1111/ijpo.12559,31267695,"Ignore03_NHLBI exclusion document, category headings"
8R8U6VMX,,NHLBI,NHLBI_exclusions_178.csv,135,"Poggio, Rosana (2019)",Poggio2019,doi,100,1,1,secondary_analysis,Secondary data analysis,,,,,,,,,,,,,,,,,,,,,,,,,,,,10.1016/j.amepre.2019.05.011,31473065,"Ignore03_NHLBI exclusion document, category headings"
EIE8ET3D,,NHLBI,NHLBI_exclusions_178.csv,136,"Quader, Zerleen S (2024)",Quader2024,doi,100,1,1,secondary_analysis,Secondary data analysis,,,,,,,,,,,,,,,,,,,,,,,,,,,,10.1177/08901171241257309,38850049,"Ignore03_NHLBI exclusion document, category headings"
XVICZIA8,,NHLBI,NHLBI_exclusions_178.csv,137,"Raghavan, Ramesh (2024)",Raghavan2024,doi,100,1,1,secondary_analysis,Secondary data analysis,,,,,,,,,,,,,,,,,,,,,,,,,,,,10.1186/s13012-024-01388-2,39075590,"Ignore03_NHLBI exclusion document, category headings"
S6JAD5PD,,NHLBI,NHLBI_exclusions_178.csv,138,"Rees, Chris A (2024)",Rees2024,doi,100,1,1,secondary_analysis,Secondary data analysis,,,,,,,,,,,,,,,,,,,,,,,,,,,,10.1371/journal.pmed.1004467,39288196,"Ignore03_NHLBI exclusion document, category headings"
Q5KYTZM8,,NHLBI,NHLBI_exclusions_178.csv,139,"Rethorst, Chad D (2024)",Rethorst2024,doi,100,1,1,secondary_analysis,Secondary data analysis,,,,,,,,,,,,,,,,,,,,,,,,,,,,10.3390/nu16244353,39770974,"Ignore03_NHLBI exclusion document, category headings"
FI4T6J44,,NHLBI,NHLBI_exclusions_178.csv,140,"Rhodes, Elizabeth C (2018)",Rhodes2018,doi,100,1,1,secondary_analysis,Secondary data analysis,,,,,,,,,,,,,,,,,,,,,,,,,,,,10.1016/j.diabres.2018.09.016,30273708,"Ignore03_NHLBI exclusion document, category headings"
LD7CNGD5,,NHLBI,NHLBI_exclusions_178.csv,141,"Robbins, Lorraine B (2019)",Robbins2019,doi,100,1,1,secondary_analysis,Secondary data analysis,,,,,,,,,,,,,,,,,,,,,,,,,,,,10.1097/NNR.0000000000000359,30882562,"Ignore03_NHLBI exclusion document, category headings"
KG4JI677,,NHLBI,NHLBI_exclusions_178.csv,142,"Robbins, Lorraine B (2020)",Robbins2020,doi,100,1,1,secondary_analysis,Secondary data analysis,,,,,,,,,,,,,,,,,,,,,,,,,,,,10.1038/s41390-020-0818-5,32120378,"Ignore03_NHLBI exclusion document, category headings"
EKAEST6G,,NHLBI,NHLBI_exclusions_178.csv,143,"Robbins, Lorraine B (2020)",Robbins2020a,doi,100,1,1,secondary_analysis,Secondary data analysis,,,,,,,,,,,,,,,,,,,,,,,,,,,,10.1177/0890117120915679,32237995,"Ignore03_NHLBI exclusion document, category headings"
GLTX296E,,NHLBI,NHLBI_exclusions_178.csv,144,"Rossi, Kristen (2025)",Rossi2025,doi,100,1,1,secondary_analysis,Secondary data analysis,,,,,,,,,,,,,,,,,,,,,,,,,,,,10.3389/fpubh.2025.1613200,40904930,"Ignore03_NHLBI exclusion document, category headings"
Q6PZ52E8,,NHLBI,NHLBI_exclusions_178.csv,145,"Rudolph, Michelle W (2022)",Rudolph2022,doi,100,1,1,secondary_analysis,Secondary data analysis,,,,,,,,,,,,,,,,,,,,,,,,,,,,10.1097/CCM.0000000000005426,35029869,"Ignore03_NHLBI exclusion document, category headings"
U9LEIXXF,,NHLBI,NHLBI_exclusions_178.csv,146,"Self, Wesley H (2020)",Self2020,doi,100,1,1,secondary_analysis,Secondary data analysis,,,,,,,,,,,,,,,,,,,,,,,,,,,,10.1001/jamanetworkopen.2020.24596,33196806,"Ignore03_NHLBI exclusion document, category headings"
62TBCTHX,remapped from 6ZR6F8KG (NCI/NHLBI duplicate merge),NHLBI,NHLBI_exclusions_178.csv,147,"Semere, Wagahta (2023)",Semere2023,doi,100,1,1,secondary_analysis,Secondary data analysis,,,,,,,,,,,,,,,,,,,,,,,,,,,,10.1016/j.jpainsymman.2022.11.025,36503155,"Ignore03_NHLBI exclusion document, category headings"
WK6HCXYF,,NHLBI,NHLBI_exclusions_178.csv,148,"Shah, Sachin J (2025)",Shah2025,doi,100,1,1,secondary_analysis,Secondary data analysis,,,,,,,,,,,,,,,,,,,,,,,,,,,,10.1161/CIRCOUTCOMES.124.011482,40519003,"Ignore03_NHLBI exclusion document, category headings"
6IYYT6CC,,NHLBI,NHLBI_exclusions_178.csv,149,"Strugnell, Claudia (2023)",Strugnell2023,doi,100,1,1,secondary_analysis,Secondary data analysis,,,,,,,,,,,,,,,,,,,,,,,,,,,,10.1089/chi.2022.0076,35930254,"Ignore03_NHLBI exclusion document, category headings"
5CPW9STM,,NHLBI,NHLBI_exclusions_178.csv,150,"Sutton, Kent F (2021)",Sutton2021,doi,100,1,1,secondary_analysis,Secondary data analysis,,,,,,,,,,,,,,,,,,,,,,,,,,,,10.3122/jabfm.2021.05.210140,34535524,"Ignore03_NHLBI exclusion document, category headings"
KNXWXYX2,,NHLBI,NHLBI_exclusions_178.csv,151,"Svarstad, Bonnie L (2022)",Svarstad2022,doi,100,1,1,secondary_analysis,Secondary data analysis,,,,,,,,,,,,,,,,,,,,,,,,,,,,10.1016/j.japh.2022.01.002,35120864,"Ignore03_NHLBI exclusion document, category headings"
K8TKE6RJ,,NHLBI,NHLBI_exclusions_178.csv,152,"Tan, Marissa (2019)",Tan2019,doi,100,1,1,secondary_analysis,Secondary data analysis,,,,,,,,,,,,,,,,,,,,,,,,,,,,10.18865/ed.29.2.297,31057315,"Ignore03_NHLBI exclusion document, category headings"
D7BLIJDT,,NHLBI,NHLBI_exclusions_178.csv,153,"Thompson, Ryan R (2023)",Thompson2023,doi,100,1,1,secondary_analysis,Secondary data analysis,,,,,,,,,,,,,,,,,,,,,,,,,,,,10.1016/S2214-109X(22)00509-5,36669808,"Ignore03_NHLBI exclusion document, category headings"
VGZFSIYN,,NHLBI,NHLBI_exclusions_178.csv,154,"Trivedi, Michelle (2022)",Trivedi2022,doi,100,1,1,secondary_analysis,Secondary data analysis,,,,,,,,,,,,,,,,,,,,,,,,,,,,10.1111/ijpo.12959,35876325,"Ignore03_NHLBI exclusion document, category headings"
6QNQDH2P,,NHLBI,NHLBI_exclusions_178.csv,155,"Ursache, Alexandra (2020)",Ursache2020,doi,100,1,1,secondary_analysis,Secondary data analysis,,,,,,,,,,,,,,,,,,,,,,,,,,,,10.1111/cdev.13432,32865229,"Ignore03_NHLBI exclusion document, category headings"
UVKTJIEB,,NHLBI,NHLBI_exclusions_178.csv,156,"Vandyousefi, Sarvenaz (2023)",Vandyousefi2023,doi,100,1,1,secondary_analysis,Secondary data analysis,,,,,,,,,,,,,,,,,,,,,,,,,,,,10.1016/j.jand.2023.03.015,36996935,"Ignore03_NHLBI exclusion document, category headings"
E2MNEMB8,,NHLBI,NHLBI_exclusions_178.csv,157,"Victor, Ronald G (2019)",Victor2019,doi,100,1,1,secondary_analysis,Secondary data analysis,,,,,,,,,,,,,,,,,,,,,,,,,,,,10.1161/CIRCULATIONAHA.118.038165,30592662,"Ignore03_NHLBI exclusion document, category headings"
GJ9ZU4N5,,NHLBI,NHLBI_exclusions_178.csv,158,"Voskuil, Vicki R (2019)",Voskuil2019,doi,100,1,1,secondary_analysis,Secondary data analysis,,,,,,,,,,,,,,,,,,,,,,,,,,,,10.1002/nur.21968,31241204,"Ignore03_NHLBI exclusion document, category headings"
8NC76BQP,,NHLBI,NHLBI_exclusions_178.csv,159,"Wanigatunga, Amal A (2019)",Wanigatunga2019,doi,100,1,1,secondary_analysis,Secondary data analysis,,,,,,,,,,,,,,,,,,,,,,,,,,,,10.1111/jgs.15631,30452084,"Ignore03_NHLBI exclusion document, category headings"
SZ3FBTVJ,,NHLBI,NHLBI_exclusions_178.csv,160,"Watson, R Scott (2018)",Watson2018,doi,100,1,1,secondary_analysis,Secondary data analysis,,,,,,,,,,,,,,,,,,,,,,,,,,,,10.1164/rccm.201708-1768OC,29313710,"Ignore03_NHLBI exclusion document, category headings"
8UI7B8NY,,NHLBI,NHLBI_exclusions_178.csv,161,"Weerahandi, Himali (2022)",Weerahandi2022,doi,100,1,1,secondary_analysis,Secondary data analysis,,,,,,,,,,,,,,,,,,,,,,,,,,,,10.1016/j.jamda.2021.08.002,34478693,"Ignore03_NHLBI exclusion document, category headings"
NCY67FZ9,remapped from FUSDUXRL (NCI/NHLBI duplicate merge),NHLBI,NHLBI_exclusions_178.csv,162,"Zlatar, Zvinka Z (2019)",Zlatar2019,doi,100,1,1,secondary_analysis,Secondary data analysis,,,,,,,,,,,,,,,,,,,,,,,,,,,,10.1016/j.jagp.2019.04.011,31138456,"Ignore03_NHLBI exclusion document, category headings"
AFKVRFM8,,NHLBI,NHLBI_exclusions_178.csv,163,"Abdullahi, Shehu U (2023)",Abdullahi2023,doi,100,1,1,secondary_analysis,Secondary outcomes or sub-studies,,,,,,,,,,,,,,,,,,,,,,,,,,,,10.1182/blood.2022016620,36322937,"Ignore03_NHLBI exclusion document, category headings"
HFCRYZ8E,,NHLBI,NHLBI_exclusions_178.csv,164,"Fitzsimmons-Craft, Ellen E (2021)",FitzsimmonsCraft2021,doi,100,1,1,secondary_analysis,Secondary outcomes or sub-studies,,,,,,,,,,,,,,,,,,,,,,,,,,,,10.1176/appi.ps.202000702,34189934,"Ignore03_NHLBI exclusion document, category headings"
3DSAACUW,,NHLBI,NHLBI_exclusions_178.csv,165,"Krutsinger, Dustin C (2021)",Krutsinger2021,doi,100,1,1,review_article,Systematic review or meta-analysis,,,,,,,,,,,,,,,,,,,,,,,,,,,,10.1186/s13054-021-03804-1,34781998,"Ignore03_NHLBI exclusion document, category headings"
XGSXVHMB,,NHLBI,NHLBI_exclusions_178.csv,166,"Maria, Joseph Linju (2021)",Maria2021,doi,100,1,1,review_article,Systematic review or meta-analysis,,,,,,,,,,,,,,,,,,,,,,,,,,,,10.1016/S2214-109X(20)30449-6,33242455,"Ignore03_NHLBI exclusion document, category headings"
5LPG6NIV,,NHLBI,NHLBI_exclusions_178.csv,167,"Choudhry, Niteesh K (2018)",Choudhry2018,doi,100,1,1,duplicate_group_random_drop,Multiple trials from the same research group,,,,,,,,,,,,,,,,,,,,,,,,,,,,10.1001/jamainternmed.2018.3189,30083727,"Ignore03_NHLBI exclusion document, category headings"
PZYLIX7V,,NHLBI,NHLBI_exclusions_178.csv,168,"Choudhry, Niteesh K (2022)",Choudhry2022,doi,100,1,1,duplicate_group_random_drop,Multiple trials from the same research group,,,,,,,,,,,,,,,,,,,,,,,,,,,,10.1001/jama.2022.22625,36538309,"Ignore03_NHLBI exclusion document, category headings"
LTKDUUD2,,NHLBI,NHLBI_exclusions_178.csv,169,"Douin, David J (2025)",Douin2025,doi,100,1,1,duplicate_group_random_drop,Multiple trials from the same research group,,,,,,,,,,,,,,,,,,,,,,,,,,,,10.1001/jamanetworkopen.2025.2093,40163121,"Ignore03_NHLBI exclusion document, category headings"
ZYMG88D6,,NHLBI,NHLBI_exclusions_178.csv,170,"Kondal, Dimple (2022)",Kondal2022,doi,100,1,1,duplicate_group_random_drop,Multiple trials from the same research group,,,,,,,,,,,,,,,,,,,,,,,,,,,,10.1161/JAHA.121.023526,35229621,"Ignore03_NHLBI exclusion document, category headings"
G32FILRQ,,NHLBI,NHLBI_exclusions_178.csv,171,"Mart, Matthew F (2022)",Mart2022,doi,100,1,1,duplicate_group_random_drop,Multiple trials from the same research group,,,,,,,,,,,,,,,,,,,,,,,,,,,,10.1136/bmjopen-2022-064517,36319061,"Ignore03_NHLBI exclusion document, category headings"
NESLQUNP,,NHLBI,NHLBI_exclusions_178.csv,172,"Semler, Matthew W (2018)",Semler2018a,doi,100,1,1,duplicate_group_random_drop,Multiple trials from the same research group,,,,,,,,,,,,,,,,,,,,,,,,,,,,10.1056/NEJMoa1711584,29485925,"Ignore03_NHLBI exclusion document, category headings"
H9URCYAK,,NHLBI,NHLBI_exclusions_178.csv,173,"Takada, Sae (2020)",Takada2020,doi,100,1,1,duplicate_group_random_drop,Multiple trials from the same research group,,,,,,,,,,,,,,,,,,,,,,,,,,,,10.1016/j.pcad.2020.02.012,32084445,"Ignore03_NHLBI exclusion document, category headings"
BNPVWAIY,,NHLBI,NHLBI_exclusions_178.csv,174,"Vaughn, Amber E (2019)",Vaughn2019a,doi,100,1,1,duplicate_group_random_drop,Multiple trials from the same research group,,,,,,,,,,,,,,,,,,,,,,,,,,,,10.1186/s13012-019-0949-4,31805973,"Ignore03_NHLBI exclusion document, category headings"
J2XGTHGE,,NHLBI,NHLBI_exclusions_178.csv,175,"Vaughn, Amber E (2021)",Vaughn2021,doi,100,1,1,duplicate_group_random_drop,Multiple trials from the same research group,,,,,,,,,,,,,,,,,,,,,,,,,,,,10.1093/tbm/ibaa113,33231679,"Ignore03_NHLBI exclusion document, category headings"
CWWSSM8V,,NHLBI,NHLBI_exclusions_178.csv,176,"Vedanthan, Rajesh (2019)",Vedanthan2019,doi,100,1,1,duplicate_group_random_drop,Multiple trials from the same research group,,,,,,,,,,,,,,,,,,,,,,,,,,,,10.1016/j.jacc.2019.08.003,31487546,"Ignore03_NHLBI exclusion document, category headings"
TT59I4HB,,NHLBI,NHLBI_exclusions_178.csv,177,"Vedanthan, Rajesh (2021)",Vedanthan2021,doi,100,1,1,duplicate_group_random_drop,Multiple trials from the same research group,,,,,,,,,,,,,,,,,,,,,,,,,,,,10.1016/j.jacc.2021.03.002,33888251,"Ignore03_NHLBI exclusion document, category headings"
2QQAF298,,NHLBI,NHLBI_exclusions_178.csv,178,"Ward, Dianne S (2018)",Ward2018,doi,100,1,1,duplicate_group_random_drop,Multiple trials from the same research group,,,,,,,,,,,,,,,,,,,,,,,,,,,,10.1016/j.cct.2018.02.018,29501740,"Ignore03_NHLBI exclusion document, category headings"
