paper_id,folder,folder_path,title,first_author,doi,pmid,pmcid,year,journal,attachment_key,md5,status,detail,warning,verdict,title_score,set,fetched_at
YLS5U33Y,CC / CLC; NIDA,Boring Task / CC / CLC; Boring Task / NIDA,Design of a pragmatic clinical trial to improve screening and treatment for opioid use disorder in primary care.,Rossom,10.1016/j.cct.2022.107012,36402275,PMC9839646,2023,Contemporary clinical trials,RF6CZ9WP,6778696fb197206c51772bfff8f79225,OK,downloaded,,,,testing,2026-08-06T22:19:57.969882+00:00
MQC52PL5,FIC; NCATS,Boring Task / FIC; Boring Task / NCATS,Effectiveness of a psychological intervention delivered by general nurses for alcohol use disorders in people living with HIV in Zimbabwe: a cluster randomized  controlled trial.,Madhombiro,10.1002/jia2.25641,33314786,PMC7733606,2020,Journal of the International AIDS Society,DZGAG5MK,bfe4442928edec16727af37955ce1af8,OK,downloaded,,,,testing,2026-08-06T22:19:58.812656+00:00
P83JNYPT,FIC; NIMH,Boring Task / FIC; Boring Task / NIMH,Household Water and Food Insecurity Are Positively Associated with Poor Mental and Physical Health among Adults Living with HIV in Western Kenya.,Miller,10.1093/jn/nxab030,33709134,PMC8243794,2021,The Journal of nutrition,S36A8ZR5,955c57befd721268d2eedc2a83504d45,OK,downloaded,,,,testing,2026-08-06T22:19:59.329354+00:00
E2YTTWU3,FIC; NIMH,Boring Task / FIC; Boring Task / NIMH,The Video intervention to Inspire Treatment Adherence for Life (VITAL Start): protocol for a multisite randomized controlled trial of a brief video-based  intervention to improve antiretroviral adherence and retention among HIV-infected  pregnant women in Malawi.,Kim,10.1186/s13063-020-4131-8,32075677,PMC7031891,2020,Trials,ZZK9REP9,0671088be1fa7e00104953037a9d4a73,OK,downloaded,"2 PDF attachments, picked highest priority: Full Text PDF; Full Text PDF",,,testing,2026-08-06T22:19:59.828791+00:00
GFTRM6AK,FIC; NIMH,Boring Task / FIC; Boring Task / NIMH,Implementation Science Using Proctor's Framework and an Adaptation of the Multiphase Optimization Strategy: Optimizing a Financial Incentive Intervention  for HIV Treatment Adherence in Tanzania.,Packel,10.1097/qai.0000000000002196,31764271,PMC6880807,2019,Journal of acquired immune deficiency syndromes (1999),Q6PH388M,7006fcc0394cd7e46b2069920875f3be,OK,downloaded,,,,testing,2026-08-06T22:20:00.348568+00:00
MX4V3BA2,FIC; NIMH,Boring Task / FIC; Boring Task / NIMH,Comparing the effect of a multisectoral agricultural intervention on HIV-related health outcomes between widowed and married women.,Odhiambo,10.1016/j.socscimed.2023.116031,37390805,PMC10645573,2023,Social science & medicine (1982),XL3SUTUP,1e018d02450fc6dbbb98f7dbff394e23,OK,downloaded,,,,testing,2026-08-06T22:20:00.870433+00:00
GXBYKEDE,FIC; NIMH,Boring Task / FIC; Boring Task / NIMH,"Improving HIV testing, linkage, and retention in care among South African men through U = U messaging: A study protocol for two sequential hybrid type 1  effectiveness-implementation randomized controlled trials.",Medina-Marino,10.1371/journal.pone.0309905,39585844,PMC11588259,2024,PloS one,KRWVU38R,30cbfe3623caa2b7eb994162349b15c4,OK,downloaded,,,,testing,2026-08-06T22:20:01.427058+00:00
44WLSHDT,FIC; NIMH,Boring Task / FIC; Boring Task / NIMH,Water Insecurity is Associated with Lack of Viral Suppression and Greater Odds of AIDS-Defining Illnesses Among Adults with HIV in Western Kenya.,Nagata,10.1007/s10461-021-03410-w,34373987,PMC8813828,2022,AIDS and behavior,DRWMZFC7,032988222f0dbd751672d5f769809ced,OK,downloaded,,,,testing,2026-08-06T22:20:01.986071+00:00
KS6PKN99,FIC; NIMH,Boring Task / FIC; Boring Task / NIMH,Technology-Assisted Teachers' Training to Promote Socioemotional Well-Being of Children in Public Schools in Rural Pakistan.,Hamdani,10.1176/appi.ps.202000005,32838678,PMC7775896,2021,"Psychiatric services (Washington, D.C.)",HFG7TES4,f39c8cbc6b6bc3df7b062f0233334b74,OK,downloaded,,,,testing,2026-08-06T22:20:02.533185+00:00
TCYY9IAN,FIC; NIMH,Boring Task / FIC; Boring Task / NIMH,The longitudinal impact of an evidence-based multiple family group intervention (Amaka Amasanyufu) on oppositional defiant disorder and impaired functioning  among children in Uganda: analysis of a cluster randomized trial from the SMART  Africa-Uganda scale-up study (2016-2022).,Brathwaite,10.1111/jcpp.13566,34989404,PMC9256858,2022,"Journal of child psychology and psychiatry, and allied disciplines",5A3J2Z9Z,d3fb61ed57d4cedd344853ddf45f0462,OK,downloaded,,,,testing,2026-08-06T22:20:03.125996+00:00
DAHVXML2,FIC; NIMH,Boring Task / FIC; Boring Task / NIMH,Effect of a Multisectoral Agricultural Intervention on HIV Health Outcomes Among Adults in Kenya: A Cluster Randomized Clinical Trial.,Cohen,10.1001/jamanetworkopen.2022.46158,36508217,PMC9856331,2022,JAMA network open,6VK3WMGR,24fb7886bec90cce49af69ff4899ebcd,OK,downloaded,,,,testing,2026-08-06T22:20:03.633106+00:00
DYBSQUK6,FIC; NIMH,Boring Task / FIC; Boring Task / NIMH,Integrating community-based HIV and non-communicable disease care with microfinance groups: a feasibility study in Western Kenya.,Kafu,10.1186/s40814-022-01218-6,36578093,PMC9795156,2022,Pilot and feasibility studies,DDQ24GX9,7e6dda4787e5bf69865fc2f37074d334,OK,downloaded,"2 PDF attachments, picked highest priority: Full Text PDF; Full Text PDF",,,testing,2026-08-06T22:20:04.164280+00:00
QRUEDYP9,FIC; NIMH,Boring Task / FIC; Boring Task / NIMH,"Relationship Power, Antiretroviral Adherence, and Physical and Mental Health Among Women Living with HIV in Rural Kenya.",Burger,10.1007/s10461-022-03775-6,36001201,PMC9908627,2023,AIDS and behavior,5ZBLN6FD,2ad0e6886e0b1ddb3bccfe375a9096b0,OK,downloaded,"2 PDF attachments, picked highest priority: Full Text PDF; Full Text PDF",,,testing,2026-08-06T22:20:04.779839+00:00
C5BF9JWU,FIC; NIMH,Boring Task / FIC; Boring Task / NIMH,Impact of a livelihood intervention on gender roles and relationship power among people with HIV.,Sheira,10.1097/qad.0000000000003742,37788108,PMC10842405,2024,"AIDS (London, England)",N596P8HI,0adccd9c23f493cff6f767662f64e8d7,OK,downloaded,,,,testing,2026-08-06T22:20:05.281587+00:00
XGC9TCX5,FIC; NIMH,Boring Task / FIC; Boring Task / NIMH,Prevalence and correlates of internalized stigma among adults with HIV and major depressive disorder in rural Malawi.,Mpinga,10.1080/09540121.2023.2195609,37001058,PMC10544700,2023,AIDS care,WUWDNV8W,d0933bf6d3858e5b7436612f71bb57fb,OK,downloaded,,,,testing,2026-08-06T22:20:05.792616+00:00
6SQ7YL4X,FIC; NIEHS,Boring Task / FIC; Boring Task / NIEHS,Prenatal Household Air Pollution Exposure and Childhood Blood Pressure in Rural Ghana.,Daouda,10.1289/ehp13225,38506828,PMC10953816,2024,Environmental health perspectives,8F6QW4JN,da4a144fbef7e0b5e125034b66e0d3d4,OK,downloaded,"2 PDF attachments, picked highest priority: Submitted Version; Submitted Version",,,testing,2026-08-06T22:20:06.422884+00:00
8FUCYVJQ,FIC; NIEHS; NIMH,Boring Task / FIC; Boring Task / NIEHS; Boring Task / NIMH,"""If you have light, your heart will be at peace"": A qualitative study of household lighting and social integration in southwestern Uganda.",Ponticiello,10.7189/jogh.13.04026,37052216,PMC10099441,2023,Journal of global health,ID78UVUK,f5b139b5d53564b4cf6355438195bf10,OK,downloaded,,,,testing,2026-08-06T22:20:06.961041+00:00
ANIN6LRK,FIC; NIDA; NIMH,Boring Task / FIC; Boring Task / NIDA; Boring Task / NIMH,A community approach to promote healthcare services for people living with HIV who use drugs in Vietnam.,Li,10.1177/09564624211053430,34727808,PMC10443225,2022,International journal of STD & AIDS,DZCW8CGT,7926d136da30afba7e8c4d85bfa569f1,OK,downloaded,,,,testing,2026-08-06T22:20:07.474441+00:00
PU3W7CKM,FIC; NCATS; NIDA,Boring Task / FIC; Boring Task / NCATS; Boring Task / NIDA,Integrating methadone into primary care settings in Ukraine: effects on provider stigma and knowledge.,Bromberg,10.1002/jia2.26202,38379179,PMC10879646,2024,Journal of the International AIDS Society,3RWKM9ZA,95778deb8f074da0fd8310dda4f52267,OK,downloaded,,,,testing,2026-08-06T22:20:07.930115+00:00
S8AWREET,FIC; NIDA; NIMH,Boring Task / FIC; Boring Task / NIDA; Boring Task / NIMH,Comparative effectiveness of implementation strategies for Accelerating Cervical Cancer Elimination through the integration of Screen-and-treat Services (ACCESS  study): protocol for a cluster randomized hybrid type III trial in Nigeria.,Olakunde,10.1186/s13012-024-01349-9,38468266,PMC10926605,2024,Implementation science : IS,RDG79GDC,8516a2260ebc2d86e38726efb9b505cd,OK,downloaded,,,,testing,2026-08-06T22:20:08.447573+00:00
GZB2QRQN,FIC; NIDA; NIEHS,Boring Task / FIC; Boring Task / NIDA; Boring Task / NIEHS,Examining local smoke-free coalitions in Armenia and Georgia: context and outcomes of a matched-pairs community-randomised controlled trial.,Berg,10.1136/bmjgh-2023-013282,38325896,PMC10859987,2024,BMJ global health,9E6T89RT,23113579ee44242cda699cd4ce1a6035,OK,downloaded,"3 PDF attachments, picked highest priority: Full Text PDF; Full Text PDF; Full Text PDF",,,testing,2026-08-06T22:20:09.075622+00:00
JKT92VFB,FIC; NIDDK,Boring Task / FIC; Boring Task / NIDDK,Cost-effectiveness of a faith-based lifestyle intervention for diabetes prevention among African Americans: A within-trial analysis.,Rhodes,10.1016/j.diabres.2018.09.016,30273708,PMC6295256,2018,Diabetes research and clinical practice,WZDN8C63,71d6546d2f5af98ba28eb1232de0217e,OK,downloaded,,,,testing,2026-08-06T22:20:09.550154+00:00
TKCQ9UIA,FIC; NIDDK,Boring Task / FIC; Boring Task / NIDDK,A peer-support lifestyle intervention for preventing type 2 diabetes in India: A cluster-randomized controlled trial of the Kerala Diabetes Prevention Program.,Thankappan,10.1371/journal.pmed.1002575,29874236,PMC5991386,2018,PLoS medicine,WKJGQGET,c743747ceb1dff1f93a3fdd53c748b96,OK,downloaded,,,,testing,2026-08-06T22:20:10.099211+00:00
YWLVFMNJ,FIC; NCATS; NIDDK; NINDS,Boring Task / FIC; Boring Task / NCATS; Boring Task / NIDDK; Boring Task / NINDS,Underweight children older than 5 years with sickle cell anemia are at risk for early mortality in a low-resource setting.,Klein,10.1182/bloodadvances.2022008623,36383708,PMC10230165,2023,Blood advances,KEMXT68M,e1b2e7e6033cb9782b15986df82f6925,OK,downloaded,,,,testing,2026-08-06T22:20:10.700431+00:00
YRGUW8FA,FIC; NICHD,Boring Task / FIC; Boring Task / NICHD,A Qualitative Assessment of Provider and Client Experiences With 3- and 6-Month Dispensing Intervals of Antiretroviral Therapy in Malawi.,Hubbard,10.9745/ghsp-d-19-00286,32015007,PMC7108939,2020,"Global health, science and practice",KSSBM7V9,a74ad9641c655f662d31d0811f768e4c,OK,downloaded,"2 PDF attachments, picked highest priority: Full Text PDF; Full Text PDF",,,testing,2026-08-06T22:20:11.177765+00:00
LU2WMVMD,FIC; NICHD,Boring Task / FIC; Boring Task / NICHD,Criterion-related validity and reliability of the Urdu version of the patient health questionnaire in a sample of community-based pregnant women in Pakistan.,Gallis,10.7717/peerj.5185,30038858,PMC6054083,2018,PeerJ,Q4IHS8IB,bfd7ffa4696be0468d6ac5a86d98810b,OK,downloaded,"2 PDF attachments, picked highest priority: Full Text PDF; Full Text PDF",,,testing,2026-08-06T22:20:11.788423+00:00
ZRSEM79M,FIC; NICHD; NIMH,Boring Task / FIC; Boring Task / NICHD; Boring Task / NIMH,Socioeconomic status indicators and common mental disorders: Evidence from a study of prenatal depression in Pakistan.,Maselko,10.1016/j.ssmph.2017.10.004,29349268,PMC5769091,2018,SSM - population health,7VF5MDWP,a36e2a68886971829255bdc5a512d26e,OK,downloaded,,,,testing,2026-08-06T22:20:12.386978+00:00
LNPUWIK5,FIC; NCATS; NICHD,Boring Task / FIC; Boring Task / NCATS; Boring Task / NICHD,"The ""Family Health = Family Wealth"" intervention: study protocol for a pilot quasi-experimental controlled trial of a multi-level, community-based family  planning intervention for couples in rural Uganda.",Sileo,10.1186/s40814-022-01226-6,36564852,PMC9789630,2022,Pilot and feasibility studies,JRZ4HECB,90343ad5444d9b943f51f946b8b9a7e3,OK,downloaded,,,,testing,2026-08-06T22:20:13.085638+00:00
C29IZV8T,FIC; NICHD,Boring Task / FIC; Boring Task / NICHD,Characterizing provider-led adaptations to mobile phone delivery of the Adolescent Transition Package (ATP) in Kenya using the Framework for Reporting  Adaptations and Modifications to Evidence-based Implementation Strategies  (FRAME-IS): a mixed methods approach.,Mangale,10.1186/s43058-023-00446-y,37580836,PMC10424422,2023,Implementation science communications,TCQARVW5,66631af537af83c22a27017054e93ec9,OK,downloaded,,,,testing,2026-08-06T22:20:13.640132+00:00
7DGXAJHT,FIC; NICHD,Boring Task / FIC; Boring Task / NICHD,"Improving uptake of prevention of mother-to-child HIV transmission services in Benue State, Nigeria through a faith-based congregational strategy.",Montandon,10.1371/journal.pone.0260694,34855849,PMC8638953,2021,PloS one,5IJ4EWQM,c0a3f4b74e83c5548c90915bde2a3198,OK,downloaded,,,,testing,2026-08-06T22:20:14.230883+00:00
H7JAZNJ5,FIC; NICHD,Boring Task / FIC; Boring Task / NICHD,Group Antenatal Care in Ghana: Protocol for a Cluster Randomized Controlled Trial.,Lori,10.2196/40828,36083608,PMC9508671,2022,JMIR research protocols,UHDRXKTF,8241af472b93582fe91ced04b4e5bc48,OK,downloaded,,,,testing,2026-08-06T22:20:14.719627+00:00
7NCQB6VM,FIC; NIAID,Boring Task / FIC; Boring Task / NIAID,Factors Associated With Poor Linkage to Human Immunodeficiency Virus Care Among Index Clients and Sex Partners Receiving Human Immunodeficiency Virus Assisted  Partner Services in Kenya.,Wamuti,10.1097/olq.0000000000001222,32815902,PMC7447121,2020,Sexually transmitted diseases,JTJVGJ3C,1c5d49b651654e7d8d6151607677cc55,OK,downloaded,,,,testing,2026-08-06T22:20:15.320467+00:00
5LE3ZJDV,FIC; NIAID; NIMH,Boring Task / FIC; Boring Task / NIAID; Boring Task / NIMH,Using Assisted Partner Services for HIV Testing and the Treatment of Males and Their Female Sexual Partners: Protocol for an Implementation Science Study.,Kariithi,10.2196/27262,34014172,PMC8176338,2021,JMIR research protocols,APSGLUE6,8c67c81ed720804b14afc3a28f5fe106,OK,downloaded,,,,testing,2026-08-06T22:20:15.737535+00:00
RFLPDXC9,FIC; NIAID; NIMH,Boring Task / FIC; Boring Task / NIAID; Boring Task / NIMH,"""When I Eat Well, I Will Be Healthy, and the Child Will Also Be Healthy"": Maternal Nutrition among HIV-Infected Women Enrolled in a Livelihood Intervention  in Western Kenya.",McDonough,10.1093/cdn/nzaa032,32270133,PMC7127924,2020,Current developments in nutrition,P6SHZYZE,f7109109e606f307daee47c4f1005d18,OK,downloaded,,,,testing,2026-08-06T22:20:16.245334+00:00
FR7ETLVC,FIC; NCATS; NIAID; NIMH,Boring Task / FIC; Boring Task / NCATS; Boring Task / NIAID; Boring Task / NIMH,Evaluating the integration of HIV self-testing into low-resource health systems: study protocol for a cluster-randomized control trial from EQUIP Innovations.,Dovel,10.1186/s13063-018-2878-y,30223874,PMC6142354,2018,Trials,YWYNQXA9,ecf78b002c8c07942efbb66c6bafd8b6,OK,downloaded,"3 PDF attachments, picked highest priority: Full Text PDF; Full Text PDF; Full Text PDF",,,testing,2026-08-06T22:20:16.775609+00:00
54QV3L64,FIC; NIAID; NICHD,Boring Task / FIC; Boring Task / NIAID; Boring Task / NICHD,Pay-it-forward gonorrhea and chlamydia testing among men who have sex with men in China: a study protocol for a three-arm cluster randomized controlled trial.,Zhang,10.1186/s40249-019-0581-1,31426869,PMC6700988,2019,Infectious diseases of poverty,PLDQT5AI,7069cc3c166f9417b61e293a7d95a70c,OK,downloaded,,,,testing,2026-08-06T22:20:17.439691+00:00
VIFXB2GP,FIC; NIAID,Boring Task / FIC; Boring Task / NIAID,"The impact of insecticide treated curtains on dengue virus transmission: A cluster randomized trial in Iquitos, Peru.",Lenhart,10.1371/journal.pntd.0008097,32275653,PMC7176142,2020,PLoS neglected tropical diseases,K6CRFIYN,194280cba73ddc203932f15fe80867ac,OK,downloaded,,,,testing,2026-08-06T22:20:18.121563+00:00
3L7C4W4M,FIC; NIAID,Boring Task / FIC; Boring Task / NIAID,Index participant characteristics and HIV assisted partner services efficacy in Kenya: results of a cluster randomized trial.,Masyuko,10.1002/jia2.25305,31321887,PMC6639668,2019,Journal of the International AIDS Society,ADQ8UPD7,043a2aec36d5a508aa7e646cec1800bd,OK,downloaded,,,,testing,2026-08-06T22:20:18.822708+00:00
V44RWJGQ,FIC; NIAID,Boring Task / FIC; Boring Task / NIAID,The effect of community-driven larval source management and house improvement on malaria transmission when added to the standard malaria control strategies in  Malawi: a cluster-randomized controlled trial.,McCann,10.1186/s12936-021-03769-0,34022912,PMC8140568,2021,Malaria journal,GAY58AXW,e675d10a26e5fd0a1b1beddca898da25,OK,downloaded,,,,testing,2026-08-06T22:20:19.341839+00:00
9XNWIRFN,FIC; NIAID,Boring Task / FIC; Boring Task / NIAID,Brief Report: HIV Assisted Partner Services Among Those With and Without a History of Intimate Partner Violence in Kenya.,Goyette,10.1097/qai.0000000000001638,29406431,PMC5889336,2018,Journal of acquired immune deficiency syndromes (1999),3JRA8R59,7ba4853ec6c82bf46ba55af8d0af3509,OK,downloaded,,,,testing,2026-08-06T22:20:19.907207+00:00
WRX37RXT,FIC; NIAID,Boring Task / FIC; Boring Task / NIAID,Closing the gap: A novel metric of change in performance.,Katuramu,,32817932,PMC7428843,2019,East African journal of applied health monitoring and evaluation,ZFTT4WDG,5c2d835a78f6d9eb5c7f0e2e876f093e,OK,downloaded,,,,testing,2026-08-06T22:20:20.317066+00:00
D89RHEEM,FIC; NIAID; NIMH,Boring Task / FIC; Boring Task / NIAID; Boring Task / NIMH,Population-level viral suppression among pregnant and postpartum women in a universal test and treat trial.,Kabami,10.1097/qad.0000000000002564,32472768,PMC7360881,2020,"AIDS (London, England)",GF38UNQ8,4864bf26c8e113ad031ebf4ffb72f4e5,OK,downloaded,,,,testing,2026-08-06T22:20:20.815165+00:00
WE9IZ3BJ,FIC; NCATS; NIAID,Boring Task / FIC; Boring Task / NCATS; Boring Task / NIAID,The impact of a community health worker intervention on uptake of antenatal care: a cluster-randomized pragmatic trial in Dar es Salaam.,Regan,10.1093/heapol/czac100,36377764,PMC10019560,2023,Health policy and planning,N5KPTA3E,16f17c1688ebd22a7955baab2e462f7b,OK,downloaded,,,,testing,2026-08-06T22:20:21.333388+00:00
A2THBVEB,FIC; NIAID; NIMH,Boring Task / FIC; Boring Task / NIAID; Boring Task / NIMH,Uptake and acceptability of oral HIV self-testing in the context of assisted partner services in Western Kenya: A mixed-methods analysis.,Mudhune,10.1371/journal.pgph.0003960,39546456,PMC11567626,2024,PLOS global public health,ECIX6F3A,cc754cce2e6c3db85f45ac694b70ac71,OK,downloaded,,,,testing,2026-08-06T22:20:21.800293+00:00
G2HT8C7B,FIC; NIAID,Boring Task / FIC; Boring Task / NIAID,Economic evaluation of facility-based HIV self-testing among adult outpatients in Malawi.,Nichols,10.1002/jia2.25612,32909387,PMC7507468,2020,Journal of the International AIDS Society,6RRZM7K2,b525167dbae6caccfa07b73c063145dd,OK,downloaded,,,,testing,2026-08-06T22:20:22.331290+00:00
975GWKXJ,FIC; NIAID,Boring Task / FIC; Boring Task / NIAID,Theory-Informed Design of a Tailored Strategy for Implementing Household TB Contact Investigation in Uganda.,Davis,10.3389/fpubh.2022.837211,35400072,PMC8987305,2022,Frontiers in public health,8RHLWDLY,f0bfa01cc274ca25dba79222d4a1d90d,OK,downloaded,"2 PDF attachments, picked highest priority: Full Text PDF; Full Text PDF",,,testing,2026-08-06T22:20:22.897919+00:00
JG2L3WXC,FIC; NIAID; NIMH,Boring Task / FIC; Boring Task / NIAID; Boring Task / NIMH,An agricultural livelihood intervention is associated with reduced HIV stigma among people with HIV.,Weiser,10.1097/qad.0000000000003928,38752558,PMC12439198,2024,"AIDS (London, England)",WMIM363P,5d529a2c5fcef4535b10cdadc36eef2d,OK,downloaded,,,,testing,2026-08-06T22:20:23.362098+00:00
KAKALPWJ,FIC; NIAID,Boring Task / FIC; Boring Task / NIAID,Longitudinal Analysis of the Intestinal Microbiota among a Cohort of Children in Rural and Urban Areas of Pakistan.,Balaji,10.3390/nu15051213,36904212,PMC10005232,2023,Nutrients,2J23CK85,3c5bca6936a3a126f3c47e0495a5807b,OK,downloaded,,,,testing,2026-08-06T22:20:23.825785+00:00
AMFFBXEX,FIC; NIAID,Boring Task / FIC; Boring Task / NIAID,"Programmatic Effectiveness of a Pediatric Typhoid Conjugate Vaccine Campaign in Navi Mumbai, India.",Hoffman,10.1093/cid/ciad132,36947143,PMC10320126,2023,Clinical infectious diseases : an official publication of the Infectious Diseases Society of America,B8FKBZKR,ec3b0127fadae5b1ab53686ec51ffaf1,OK,downloaded,,,,testing,2026-08-06T22:20:24.476943+00:00
FKIWIE6C,FIC; NIAID,Boring Task / FIC; Boring Task / NIAID,Evaluating the Role of Corrals and Insects in the Transmission of Porcine Cysticercosis: A Cohort Study.,Gonzales-Gustavson,10.3390/pathogens12040597,37111483,PMC10143142,2023,"Pathogens (Basel, Switzerland)",8WB56U2R,e3100600b3a6a927e26787310f3682da,OK,downloaded,"2 PDF attachments, picked highest priority: Submitted Version; Submitted Version",,,testing,2026-08-06T22:20:24.949494+00:00
JQEMYPQL,FIC; NIAAA; NIMH,Boring Task / FIC; Boring Task / NIAAA; Boring Task / NIMH,Scale-Up Study Protocol of the Implementation of a Mobile Health SBIRT Approach for Alcohol Use Reduction in Mozambique.,Suleman,10.1176/appi.ps.202000086,34126774,PMC8487890,2021,"Psychiatric services (Washington, D.C.)",HM8SB8A2,9723fb7e384f796d1e8178b8a5bb9624,OK,downloaded,,,,testing,2026-08-06T22:20:25.552714+00:00
JT56SZZ3,FIC; NIAAA; NIMH,Boring Task / FIC; Boring Task / NIAAA; Boring Task / NIMH,Partnerships in Research to Implement and Disseminate Sustainable and Scalable Evidence-Based Practices (PRIDE) in Mozambique.,Wainberg,10.1176/appi.ps.202000090,33334157,PMC8211906,2021,"Psychiatric services (Washington, D.C.)",EE583DCF,ea2745266509a34e68acd28443aae16a,OK,downloaded,,,,testing,2026-08-06T22:20:26.034164+00:00
HB3Q87CC,FIC; NIA; NIAID; NICHD,Boring Task / FIC; Boring Task / NIA; Boring Task / NIAID; Boring Task / NICHD,"Community delivery of antiretroviral drugs: A non-inferiority cluster-randomized pragmatic trial in Dar es Salaam, Tanzania.",Geldsetzer,10.1371/journal.pmed.1002659,30231024,PMC6145501,2018,PLoS medicine,7IXGUMDA,d3091024a8d363b65d31ac458dd34643,OK,downloaded,"3 PDF attachments, picked highest priority: Full Text PDF; Full Text PDF; Full Text PDF",,,testing,2026-08-06T22:20:26.607089+00:00
6A7TZZ7L,FIC; NIA; NIAID,Boring Task / FIC; Boring Task / NIA; Boring Task / NIAID,Acceptability and feasibility of mobile phone-based ecological momentary assessment and intervention in Uganda: A pilot randomized controlled trial.,Beres,10.1371/journal.pone.0273228,36018846,PMC9416993,2022,PloS one,5638R6X4,baea26fde6066063c24f724a8db61128,OK,downloaded,"2 PDF attachments, picked highest priority: Full Text PDF; Full Text PDF",,,testing,2026-08-06T22:20:27.312315+00:00
QWFWGIKM,FIC; NEI,Boring Task / FIC; Boring Task / NEI,Diagnostic accuracy of smartphone corneal photography for detection of corneal opacities in a resource-limited setting: a community-based study.,Cao,10.1097/coa.0000000000000018,38076595,PMC10704780,2023,Cornea open,9SJRSGK6,0106d49e0cb6523fd0b43158bf9f3881,OK,downloaded,,,,testing,2026-08-06T22:20:27.921272+00:00
LBP7P8GQ,FIC,Boring Task / FIC,Acceptability and feasibility of a behavioral and mobile health intervention (COMBIND) shown to increase uptake of prevention of mother to child transmission  (PMTCT) care in India.,Suryavanshi,10.1186/s12889-020-08706-5,32448299,PMC7245843,2020,BMC public health,UJJU383I,c6bc4cfbc8e51243ebe1add7f120eaa2,OK,downloaded,,,,testing,2026-08-06T22:20:28.481497+00:00
XLZZWDJ6,FIC,Boring Task / FIC,"Unintentional falls among children in rural Ghana and associated factors: a cluster-randomized, population-based household survey.",Gyedu,10.11604/pamj.2021.38.401.28313,34381545,PMC8325452,2021,The Pan African medical journal,NZJVJWCD,32daae12881c5c8b4a4650d9899c604f,OK,downloaded,,,,testing,2026-08-06T22:20:29.006617+00:00
GRFG8B67,FIC,Boring Task / FIC,Factors associated with diarrhea and acute respiratory infection in children under two years of age in rural Bangladesh.,Ullah,10.1186/s12887-019-1738-6,31656181,PMC6815354,2019,BMC pediatrics,E439K3X4,25cce043bd604c2c8a2c8d481ca9c617,OK,downloaded,,,,testing,2026-08-06T22:20:29.514027+00:00
5S443YA7,FIC,Boring Task / FIC,The Livestock for Health Study: A Field Trial on Livestock Interventions to Prevent Acute Malnutrition Among Women and Children in Pastoralist Communities in  Northern Kenya.,Thumbi,10.1177/03795721231195427,37850922,,2023,Food and nutrition bulletin,WJA4TPHN,8c9835ded63eea6198447ff233ea5a09,OK,downloaded,,,,testing,2026-08-06T22:20:30.011349+00:00
5SYFNTAR,FIC,Boring Task / FIC,Network characteristics of a referral system for patients with hypertension in Western Kenya: results from the Strengthening Referral Networks for Management of  Hypertension Across the Health System (STRENGTHS) study.,Thakkar,10.1186/s12913-022-07699-8,35255913,PMC8903732,2022,BMC health services research,74D8M2I9,ab4bb6f7ad0284115dccfed3f19b7c17,OK,downloaded,,,,testing,2026-08-06T22:20:30.479516+00:00
G8FV3B49,FIC,Boring Task / FIC,Menstrual product choice and uptake among young women in Zimbabwe: a pilot study.,Tembo,10.1186/s40814-020-00728-5,33292659,PMC7681965,2020,Pilot and feasibility studies,VSBGNZCW,a1d18a50f8c24d0e9a6cff2a4d045da7,OK,downloaded,,,,testing,2026-08-06T22:20:31.008973+00:00
UQK87UZH,FIC,Boring Task / FIC,A mobile health-facilitated behavioural intervention for community health workers improves exclusive breastfeeding and early infant HIV diagnosis in India: a  cluster randomized trial.,Suryavanshi,10.1002/jia2.25555,32618115,PMC7332965,2020,Journal of the International AIDS Society,VLUWWPCH,21104c42fefdaf76aaef4fc091e9df3b,OK,downloaded,,,,testing,2026-08-06T22:20:31.600914+00:00
DWAYIJCK,FIC,Boring Task / FIC,"Effects of lipid-based nutrient supplements and infant and young child feeding counseling with or without improved water, sanitation, and hygiene (WASH) on  anemia and micronutrient status: results from 2 cluster-randomized trials in  Kenya and Bangladesh.",Stewart,10.1093/ajcn/nqy239,30624600,PMC6358037,2019,The American journal of clinical nutrition,TPER8T6G,6afab27a072ab28750b1228f3827e9d8,OK,downloaded,,,,testing,2026-08-06T22:20:32.110370+00:00
G46396XM,FIC,Boring Task / FIC,"Improved adherence to test, treat, and track (T3) malaria strategy among Over-the-Counter Medicine Sellers (OTCMS) through interventions implemented in  selected rural communities of Fanteakwa North district, Ghana.",Soniran,10.1186/s12936-022-04338-9,36335323,PMC9636763,2022,Malaria journal,AD98MP4B,84d75aac00093ebf2bf8df57facd962a,OK,downloaded,,,,testing,2026-08-06T22:20:32.606580+00:00
5UCUYE7F,FIC,Boring Task / FIC,Cost-effectiveness of a lifestyle intervention in high-risk individuals for diabetes in a low- and middle-income setting: Trial-based analysis of the Kerala  Diabetes Prevention Program.,Sathish,10.1186/s12916-020-01704-9,32883279,PMC7472582,2020,BMC medicine,25IQAH7L,e468ef37d05c8ce4088b1e34436d871e,OK,downloaded,,,,testing,2026-08-06T22:20:33.163523+00:00
6ZBKV6U3,FIC,Boring Task / FIC,Protocol of a parallel group Randomized Control Trial (RCT) for Mobile-assisted Medication Adherence Support (Ma-MAS) intervention among Tuberculosis patients.,Sahile,10.1371/journal.pone.0261758,34972128,PMC8719740,2021,PloS one,LRZ3PUVW,3c4352b6a9bbef35908b20efccd985f4,OK,downloaded,,,,testing,2026-08-06T22:20:33.717411+00:00
TKKUNEIW,FIC,Boring Task / FIC,Components of clean delivery kits and newborn mortality in the Zambia Chlorhexidine Application Trial (ZamCAT): An observational study.,Park,10.1371/journal.pmed.1003610,33951036,PMC8133479,2021,PLoS medicine,GVB8RT5B,0e52974c67b3526dba952688c54331cf,OK,downloaded,,,,testing,2026-08-06T22:20:34.302451+00:00
R45A8L28,FIC,Boring Task / FIC,"Isoniazid preventive therapy completion in children under 5 years old who are contacts of tuberculosis cases in Lima, Peru: study protocol for an open-label,  cluster-randomized superiority trial.",Otero,10.1186/s13063-022-07062-6,36694242,PMC9871424,2023,Trials,62622HVR,604eafe75003432ced6517ac525e910e,OK,downloaded,,,,testing,2026-08-06T22:20:34.774171+00:00
3A9HMGYL,FIC,Boring Task / FIC,"Body, Soul and Spirit, an adaptation of two evidence-based interventions to promote physical activity and healthy eating among adults in churches in Lagos  Nigeria: a three-arm cluster randomized controlled pilot trial.",Odukoya,10.1186/s40814-020-00600-6,32391167,PMC7203804,2020,Pilot and feasibility studies,3DCFQA92,a923a33841a32ca8ae6b0f54a4a44b45,OK,downloaded,,,,testing,2026-08-06T22:20:35.356781+00:00
J9F7U6CX,FIC,Boring Task / FIC,Culturally adaptive storytelling intervention versus didactic intervention to improve hypertension control in Vietnam- 12 month follow up results: A cluster  randomized controlled feasibility trial.,Nguyen,10.1371/journal.pone.0209912,30596749,PMC6312314,2018,PloS one,YCV2K4CN,bfe6127936b9a0d8091f4eb36b496d9f,OK,downloaded,,,,testing,2026-08-06T22:20:35.855648+00:00
A3H3NDHF,FIC,Boring Task / FIC,Erratum to: Culturally adaptive storytelling intervention versus didactic intervention to improve hypertension control in Vietnam: a cluster randomized  controlled feasibility trial.,Nguyen,10.1186/s40814-017-0149-4,28702217,PMC5471727,2018,Pilot and feasibility studies,ABG2TR8J,ffa6cf645c4154b93c6874e9a411057a,OK,downloaded,,,,testing,2026-08-06T22:20:36.402805+00:00
YB76TMBC,FIC,Boring Task / FIC,"Asthma, Airflow Obstruction, and Eosinophilic Airway Inflammation Prevalence in Western Kenya: A Population-Based Cross-Sectional Study.",Navuluri,10.3389/ijph.2023.1606030,37663373,PMC10468572,2023,International journal of public health,L5W6JVFB,d870d9c5a2b36f75baa0a6a994e87bf3,OK,downloaded,,,,testing,2026-08-06T22:20:36.845154+00:00
ZEP5L9DW,FIC,Boring Task / FIC,Effectiveness of intensive adherence counselling in achieving an undetectable viral load among people on antiretroviral therapy with low-level viraemia in  Uganda.,Nanyeenya,10.1111/hiv.13568,37853605,PMC11047222,2024,HIV medicine,GPS7N8A6,6309e1ef9a407380366fd3378c04a8f3,OK,downloaded,,,,testing,2026-08-06T22:20:37.367461+00:00
EKIGVQCE,FIC,Boring Task / FIC,Predictors of High Program Exposure Among Adolescents Participating in a Smoking Prevention Intervention in Romania.,Nădăşan,10.1177/1179173x19845337,31065218,PMC6487747,2019,Tobacco use insights,EYTDAHH5,d1352042787bc7e05e3be194be27f2c9,OK,downloaded,,,,testing,2026-08-06T22:20:37.792789+00:00
X8XMVS3Q,FIC,Boring Task / FIC,The Effects of Workplace-Based HIV Self-testing on Uptake of Testing and Linkage to HIV Care or Prevention by Men in Uganda (WISe-Men): Protocol for a Cluster  Randomized Trial.,Muwanguzi,10.2196/25099,34723826,PMC8593794,2021,JMIR research protocols,2QILMJQU,dee956700f4026ff1151d975b1d79bd5,OK,downloaded,,,,testing,2026-08-06T22:20:38.271428+00:00
CNYF84EG,FIC,Boring Task / FIC,Prevalence and factors associated with neonatal hypoglycemia in Northern Uganda: a community-based cross-sectional study.,Mukunya,10.1186/s41182-020-00275-y,33292804,PMC7640646,2020,Tropical medicine and health,IZYAEFBN,155817353b0cf831b69ed9521f47b0fc,OK,downloaded,,,,testing,2026-08-06T22:20:38.761005+00:00
XJLRU2YH,FIC,Boring Task / FIC,Stakeholders' experiences of ethical challenges in cluster randomized trials in a limited resource setting: a qualitative analysis.,Mtande,10.1177/17470161231191247,40370421,PMC12077595,2024,Research ethics,E9SEYQS4,d6db89d5b3069b2d00114db974f585a1,OK,downloaded,,,,testing,2026-08-06T22:20:39.285807+00:00
73BXTUZD,FIC,Boring Task / FIC,Factors associated with loss-to-follow-up of HIV-positive mothers and their infants enrolled in HIV care clinic: A qualitative study.,Mpinganjira,10.1186/s12889-020-8373-x,32143666,PMC7060526,2020,BMC public health,MPQW7JQC,1e1ba57c6f72fa264a47d8083c8e4530,OK,downloaded,,,,testing,2026-08-06T22:20:39.748359+00:00
N4NS7WMN,FIC,Boring Task / FIC,The impact of integrated nutrition-sensitive interventions on nutrition and health of children and women in rural Tanzania: study protocol for a  cluster-randomized controlled trial.,Mosha,10.1186/s40795-018-0238-7,32153890,PMC7050733,2018,BMC nutrition,7TC5E4NT,f9d9884c1ed24cbaa7bc2281bdbf1a3e,OK,downloaded,,,,testing,2026-08-06T22:20:40.279205+00:00
LJSQZ83J,FIC,Boring Task / FIC,Incidence and risk factors of neonatal infections in a rural Bangladeshi population: a community-based prospective study.,Mitra,10.1186/s41043-018-0136-2,29523194,PMC5845215,2018,"Journal of health, population, and nutrition",LPZFRBT5,ef4d0d24278074cc9dc3596351150e3f,OK,downloaded,,,,testing,2026-08-06T22:20:40.808102+00:00
N7Y2WLZH,FIC,Boring Task / FIC,"Incidence of childhood burn injuries and modifiable household risk factors in rural Ghana: A cluster-randomized, population-based, household survey.",Mehta,10.1016/j.burns.2020.09.001,33077331,PMC8019680,2021,Burns : journal of the International Society for Burn Injuries,CM3MUJPA,69fcfb6315f59eb7950c8de136ca58a0,OK,downloaded,,,,testing,2026-08-06T22:20:41.359258+00:00
AB6XKNVY,FIC,Boring Task / FIC,"When healthcare providers are supportive, 'I'd rather not test alone': Exploring uptake and acceptability of HIV self-testing for youth in Zimbabwe - A mixed  method study.",Mavodza,10.1002/jia2.25815,34569710,PMC8474521,2021,Journal of the International AIDS Society,FGQEJ5H2,17c89051f17a4e7172f758884f079b97,OK,downloaded,,,,testing,2026-08-06T22:20:41.863608+00:00
HQUCZ7RF,FIC,Boring Task / FIC,"'If I had not taken it [HIVST kit] home, my husband would not have come to the facility to test for HIV': HIV self-testing perceptions, delivery strategies, and  post-test experiences among pregnant women and their male partners in Central  Uganda.",Matovu,10.1080/16549716.2018.1503784,30092155,PMC6095038,2018,Global health action,6HG35BW9,b2dfc588de8d67088a67b81d189fa045,OK,downloaded,,,,testing,2026-08-06T22:20:42.273801+00:00
APKZZNH8,FIC,Boring Task / FIC,Nuestras Historias- Designing a novel digital story intervention through participatory methods to improve maternal and child health in the Peruvian  Amazon.,Limaye,10.1371/journal.pone.0205673,30396200,PMC6218201,2018,PloS one,WQ2PHHFF,bd0c17d0cb0bbb940904082fc8c53bb4,OK,downloaded,,,,testing,2026-08-06T22:20:42.815035+00:00
DBT2TU6U,FIC,Boring Task / FIC,Effectiveness of Cash Transfer Delivered Along With Combination HIV Prevention Interventions in Reducing the Risky Sexual Behavior of Adolescent Girls and Young  Women in Tanzania: Cluster Randomized Controlled Trial.,Kuringe,10.2196/30372,36121686,PMC9531008,2022,JMIR public health and surveillance,YZ8JKE3M,0fbf14bfceb37c9f320dc9c903c8a22d,OK,downloaded,,,,testing,2026-08-06T22:20:43.597103+00:00
FRIPQN6I,FIC,Boring Task / FIC,Tuberculosis Treatment Compliance Under Smartphone-Based Video-Observed Therapy Versus Community-Based Directly Observed Therapy: Protocol for a Cluster  Randomized Controlled Trial.,Kumwichar,10.2196/38796,35802403,PMC9308080,2022,JMIR research protocols,F5DMQB8N,1aff536b80818efec4837780501021b5,OK,downloaded,,,,testing,2026-08-06T22:20:44.129006+00:00
Y3HRMWYJ,FIC,Boring Task / FIC,Repeat HIV testing of individuals with discrepant HIV self-test results in Central Uganda.,Kisa,10.1186/s12981-019-0243-1,31514745,PMC6739989,2019,AIDS research and therapy,73M4692A,8494fa2b9d35e500513bea3df1763969,OK,downloaded,,,,testing,2026-08-06T22:20:44.665372+00:00
XNHTV6JK,FIC,Boring Task / FIC,Personalized Text Messages and Automated Calls for Improving Vaccine Coverage Among Children in Pakistan: Protocol for a Community-Based Cluster Randomized  Clinical Trial.,Kazi,10.2196/12851,31148544,PMC6658276,2019,JMIR research protocols,22Q2IVJF,b3a79eea247ef5aa90bb93f613b2fbf4,OK,downloaded,,,,testing,2026-08-06T22:20:45.174929+00:00
P9AJZFPI,FIC,Boring Task / FIC,"Effects of a Community Health Worker-Led Health Literacy Intervention on Lifestyle Modification Among Patients With Hypertension and Diabetes in the City  of Harare, Zimbabwe: Protocol for a Cluster Randomized Controlled Trial.",Katena,10.2196/47512,37788044,PMC10582805,2023,JMIR research protocols,6MFIAQY7,5ec0c8bb65fe1c1367ac361b02cfbbf8,OK,downloaded,,,,testing,2026-08-06T22:20:45.681790+00:00
4M4YTVEM,FIC,Boring Task / FIC,Effect of a Peer-led Lifestyle Intervention on Individuals With Normal Weight Obesity: Insights From the Kerala Diabetes Prevention Program.,Kapoor,10.1016/j.clinthera.2020.06.007,32718783,,2020,Clinical therapeutics,CAP5RCI4,be024d1b6440cc851ca483f5c06c95cd,OK,downloaded,,,,testing,2026-08-06T22:20:46.276212+00:00
TC6MJCXW,FIC,Boring Task / FIC,"""I desire to have an HIV-free baby"": pregnant and breastfeeding mothers' perceptions of Viral load testing and suppression in HIV care in southwestern  Uganda.",Kabami,10.1007/s44155-024-00120-1,39524078,PMC11541329,2024,Discover social science and health,S9EYW2QT,9e0e92b92988a627f57aa11afcba61a3,OK,downloaded,,,,testing,2026-08-06T22:20:46.824791+00:00
VD8ITJG2,FIC,Boring Task / FIC,"Determinants of primary healthcare providers' readiness for integration of ART services at departmental levels: A case study of Lira City and District, Uganda.",Ikwara,10.1371/journal.pone.0292545,37796961,PMC10553216,2023,PloS one,VW2LKNG2,61818c74262a115c5b1cf647c58faa77,OK,downloaded,,,,testing,2026-08-06T22:20:47.287140+00:00
EXEBP353,FIC,Boring Task / FIC,Conquering hypertension in Vietnam-solutions at grassroots level: study protocol of a cluster randomized controlled trial.,Ha,10.1186/s13063-020-04917-8,33246495,PMC7694904,2020,Trials,CDAFK2ZA,2fa2ce040d3ef7f86b69ba1f624c3cf7,OK,downloaded,,,,testing,2026-08-06T22:20:47.757614+00:00
2YE5BGIJ,FIC,Boring Task / FIC,First Aid Practices for Injured Children in Rural Ghana: A Cluster-Random Population-Based Survey.,Gyedu,10.1017/s1049023x20001430,33491619,PMC7842361,2021,Prehospital and disaster medicine,5Z5PA7PW,7c527804227381fd95e9445c295724c0,OK,downloaded,,,,testing,2026-08-06T22:20:48.358469+00:00
RRW7B69V,FIC,Boring Task / FIC,Evaluation of an integrated intervention to reduce psychological distress and intimate partner violence in refugees: Results from the Nguvu cluster randomized  feasibility trial.,Greene,10.1371/journal.pone.0252982,34143803,PMC8213126,2021,PloS one,N8L98G3D,24f607dbdb4b45cf1b43af64a8145c79,OK,downloaded,,,,testing,2026-08-06T22:20:48.815298+00:00
ZB7AARX9,FIC,Boring Task / FIC,Organizational contextual factors that predict success of a quality improvement collaborative approach to enhance integrated HIV-tuberculosis services: a  sub-study of the Scaling up TB/HIV Integration trial.,Gengiah,10.1186/s13012-021-01155-7,34535170,PMC8447673,2021,Implementation science : IS,GWH7GCSX,1b7a4e09832d3f0114f57607bc7cf874,OK,downloaded,,,,testing,2026-08-06T22:20:49.380690+00:00
558WILRC,FIC,Boring Task / FIC,A cluster-randomized controlled trial to improve the quality of integrated HIV-tuberculosis services in primary healthcareclinics in South Africa.,Gengiah,10.1002/jia2.25803,34498370,PMC8426757,2021,Journal of the International AIDS Society,2U9GWBHA,2cab0db50aedd01225c08821e95c24a3,OK,downloaded,,,,testing,2026-08-06T22:20:49.906296+00:00
66PR49YS,FIC,Boring Task / FIC,Adherence clubs and decentralized medication delivery to support patient retention and sustained viral suppression in care: Results from a  cluster-randomized evaluation of differentiated ART delivery models in South  Africa.,Fox,10.1371/journal.pmed.1002874,31335865,PMC6650049,2019,PLoS medicine,K73BYVIK,d1c7b6c3a6524a69ee31382ed1a0775e,OK,downloaded,,,,testing,2026-08-06T22:20:50.407267+00:00
84YFKR8U,FIC,Boring Task / FIC,Using Targeted mHealth Messages to Address Hypertension and Diabetes Self-Management in Cambodia: Protocol for a Clustered Randomized Controlled  Trial.,Fitzpatrick,10.2196/11614,30888330,PMC6447150,2019,JMIR research protocols,7MYWVPZ6,7f6494c77998a01491e6697f8ff98c15,OK,downloaded,,,,testing,2026-08-06T22:20:51.012478+00:00
HFN3I83D,FIC,Boring Task / FIC,Improving mental health in low-resource settings: A feasibility randomized controlled trial of a transdiagnostic psychological intervention among Burundian  refugee adolescents and their caregivers.,Fine,10.1016/j.brat.2021.103944,34392115,,2021,Behaviour research and therapy,RAXEPHW8,ab562bf609b377282318bd13687f8c4a,OK,downloaded,,,,testing,2026-08-06T22:20:51.534930+00:00
2YGU8BKG,FIC,Boring Task / FIC,Evaluation of video-assisted HPV education in government-supported clinics in Western Kenya.,Dion,10.1371/journal.pgph.0002539,38109300,PMC10727431,2023,PLOS global public health,2N43LQUT,c717f08545e28f3dd7373452b6680457,OK,downloaded,,,,testing,2026-08-06T22:20:52.043395+00:00
HDRNZ2A2,FIC,Boring Task / FIC,A behaviour change intervention with lipid-based nutrient supplements had little impact on young child feeding indicators in rural Kenya.,Byrd,10.1111/mcn.12660,30207423,PMC7199029,2019,Maternal & child nutrition,NFQR6Y43,2a5090297ebe4c9e4b0118a91aa61250,OK,downloaded,,,,testing,2026-08-06T22:20:52.671846+00:00
VWCF744D,FIC,Boring Task / FIC,"Are home gardening programs a sustainable way to improve nutrition? Lessons from a cluster-randomized controlled trial in Rufiji, Tanzania.",Blakstad,10.1016/j.foodpol.2022.102248,35431402,PMC9012451,2022,Food policy,4UGZTVB9,ac4c0903f0d25bd1629d8786ded290f9,OK,downloaded,,,,testing,2026-08-06T22:20:53.187429+00:00
8FFEB5GP,FIC,Boring Task / FIC,"Home gardening improves dietary diversity, a cluster-randomized controlled trial among Tanzanian women.",Blakstad,10.1111/mcn.13096,33241924,PMC7988851,2021,Maternal & child nutrition,JUQIVGU3,2faff687c9f4805a38bd3a11ffc359b0,OK,downloaded,,,,testing,2026-08-06T22:20:53.679652+00:00
LGQ7G4GV,FIC,Boring Task / FIC,Using mH ealth Tools to Improve Access and Coverage of People With Public Health Insurance and High Cardiovascular Disease Risk in Argentina: A Pragmatic Cluster  Randomized Trial.,Beratarrechea,10.1161/jaha.118.011799,30943824,PMC6507203,2019,Journal of the American Heart Association,8V9ETUYY,78b627213b556a74d12ac6dd3cdbe155,OK,downloaded,,,,testing,2026-08-06T22:20:54.279707+00:00
YX4B4THY,FIC,Boring Task / FIC,The Relationship Between Dietary Diversity Among Women of Reproductive Age and Agricultural Diversity in Rural Tanzania.,Bellows,10.1177/0379572119892405,31840547,PMC8023354,2020,Food and nutrition bulletin,CC6EIEQS,2e5f813aa06bbc028bb6b91fab5f178c,OK,downloaded,,,,testing,2026-08-06T22:20:54.798429+00:00
PKIU84XT,FIC,Boring Task / FIC,A situation analysis of competences of research ethics committee members regarding review of research protocols with complex and emerging study designs in  Uganda.,Ainembabazi,10.1186/s12910-021-00692-6,34565355,PMC8474911,2021,BMC medical ethics,UNP365EL,c58e0f2712e1bcfd63f197fd3b6d66ad,OK,downloaded,,,,testing,2026-08-06T22:20:55.266663+00:00
SBLQLVS7,FIC,Boring Task / FIC,Implementing the WHO Safe Childbirth Checklist modified for preterm birth: lessons learned and experiences from Kenya and Uganda.,Achola,10.1186/s12913-022-07650-x,35241076,PMC8896298,2022,BMC health services research,HQP3WPQJ,6b2f21f6268fd2ff2a62a83cec0c0330,OK,downloaded,,,,testing,2026-08-06T22:20:55.768975+00:00
56N7V4MC,NCATS; NCCIH,Boring Task / NCATS; Boring Task / NCCIH,Imagine HEALTH: Changes in diurnal salivary cortisol patterns following a 12-week guided imagery RCT lifestyle intervention in predominantly Latino adolescents.,Weigensberg,10.1016/j.psyneuen.2023.106053,36842257,,2023,Psychoneuroendocrinology,ZCC55BNE,76bd5a1061d7e4255d1f4b50c41cf2f7,OK,downloaded,,,,testing,2026-08-06T22:20:56.287622+00:00
5RGZSZ2C,NCATS; NCCIH,Boring Task / NCATS; Boring Task / NCCIH,Veteran Response to Dosage in Chiropractic Therapy (VERDICT): Study Protocol of a Pragmatic Randomized Trial for Chronic Low Back Pain.,Long,10.1093/pm/pnaa289,33313732,PMC7734654,2020,"Pain medicine (Malden, Mass.)",7WCG4UNM,243fcae477f061ab3ad5a1fbc8ece540,OK,downloaded,,,,testing,2026-08-06T22:20:56.803942+00:00
LAN3S567,NCATS; NCCIH,Boring Task / NCATS; Boring Task / NCCIH,Multidisciplinary integrative care versus chiropractic care for low back pain: a randomized clinical trial.,Bronfort,10.1186/s12998-022-00419-3,35232482,PMC8886833,2022,Chiropractic & manual therapies,3FF9WXDK,2ad902bbe6041e92abe46357ab56d109,OK,downloaded,,,,testing,2026-08-06T22:20:57.264675+00:00
FRHW5NA2,NCATS; NCCIH,Boring Task / NCATS; Boring Task / NCCIH,Parent-focused prevention of adolescent health risk behavior: Study protocol for a multisite cluster-randomized trial implemented in pediatric primary care.,Scheuer,10.1016/j.cct.2021.106621,34785305,PMC8802622,2022,Contemporary clinical trials,CKDT76T2,74ca85555eaaaf99061aaee8e46f8756,OK,downloaded,,,,testing,2026-08-06T22:20:57.895608+00:00
TJJRPERK,NCATS; NCCIH,Boring Task / NCATS; Boring Task / NCCIH,Using a continuum of hybrid effectiveness-implementation studies to put research-tested colorectal screening interventions into practice.,Green,10.1186/s13012-019-0903-5,31142348,PMC6542058,2019,Implementation science : IS,M4JB4QCP,b16028f76d5a736cf05128650a328ae6,OK,downloaded,,,,testing,2026-08-06T22:20:58.430370+00:00
QV7GH729,NCATS; NINR,Boring Task / NCATS; Boring Task / NINR,Testing the evidence integration triangle for implementation of interventions to manage behavioral and psychological symptoms associated with dementia: Protocol  for a pragmatic trial.,Resnick,10.1002/nur.21866,29485197,PMC6400658,2018,Research in nursing & health,9GCWNZQ3,982a1188b33677872f7f99b673b91ee0,OK,downloaded,,,,testing,2026-08-06T22:20:59.024597+00:00
64RUSWF7,NCATS; NINR,Boring Task / NCATS; Boring Task / NINR,Shared decision-making in the BREATHE asthma intervention trial: A research protocol.,George,10.1111/jan.13916,30479020,PMC8260028,2019,Journal of advanced nursing,JQXA44NX,9098ffb446a3173f07adb0a54893674b,OK,downloaded,,,,testing,2026-08-06T22:20:59.562072+00:00
HX89FGUG,NCATS; NCCIH; NINR,Boring Task / NCATS; Boring Task / NCCIH; Boring Task / NINR,Baseline higher hair cortisol moderated some effects in a healthy lifestyle intervention.,Ling,10.1016/j.psyneuen.2024.107058,38636353,PMC11139563,2024,Psychoneuroendocrinology,MD2DJNH7,1feab09ab8950efb973be90e7e484d1b,OK,downloaded,,,,testing,2026-08-06T22:21:00.107175+00:00
EGIAHKR4,NCATS; NINR,Boring Task / NCATS; Boring Task / NINR,Group-randomized trial of tailored brief shared decision-making to improve asthma control in urban black adults.,George,10.1111/jan.14646,33249632,PMC7902417,2021,Journal of advanced nursing,R3CMS68C,65a2b5f62656c5bcd6f6b9cea3a02133,OK,downloaded,,,,testing,2026-08-06T22:21:00.631349+00:00
QP3BKY2S,NCATS; NINR,Boring Task / NCATS; Boring Task / NINR,Life-Space of Older Adults after Discharge from Skilled Nursing Facilities.,Bankole,10.1016/j.jamda.2024.01.006,38378158,PMC11318230,2024,Journal of the American Medical Directors Association,NMB8RTEV,d78f24047dde5bc2a5766e832a814d1c,OK,downloaded,,,,testing,2026-08-06T22:21:01.167497+00:00
F7Z94FSR,NCATS; NINDS,Boring Task / NCATS; Boring Task / NINDS,Process Evaluation of a Faith-Based Multicomponent Behavioral Intervention to Reduce Stroke Risk in Mexican Americans in a Catholic Church Setting: The SHARE  (Stroke Health and Risk Education) Project.,Springer,10.1007/s10943-021-01216-7,33687633,PMC9088157,2021,Journal of religion and health,V7GCL8L5,c161aac260f1585bdbc3368ab5c385bb,OK,downloaded,,,,testing,2026-08-06T22:21:01.680766+00:00
SLL6D8W7,NCATS; NIMHD,Boring Task / NCATS; Boring Task / NIMHD,"The comparative effectiveness of decision aids in diverse populations with early stage prostate cancer: a study protocol for a cluster-randomized controlled trial  in the NCI Community Oncology Research Program (NCORP), Alliance A191402CD.",Pacyna,10.1186/s12885-018-4672-3,30081846,PMC6080528,2018,BMC cancer,7REUL83D,7e4e47105f17fe2658a747e74b5b13e7,OK,downloaded,,,,testing,2026-08-06T22:21:02.170722+00:00
4MLYCF5B,NCATS; NIMHD,Boring Task / NCATS; Boring Task / NIMHD,Effect of the ASCENT Intervention to Increase Knowledge of Kidney Allocation Policy Changes Among Dialysis Providers.,Magua,10.1016/j.ekir.2020.06.027,32954067,PMC7486341,2020,Kidney international reports,L9597JEQ,4f640b3e05b4fcd650f87256efdd44c7,OK,downloaded,,,,testing,2026-08-06T22:21:02.743376+00:00
RN6B54TP,NCATS; NIMHD,Boring Task / NCATS; Boring Task / NIMHD,"Factors Facilitating Academic-Community Research Partnerships With African American Churches: Recruitment Process for a Community-Based, Cluster Randomized  Controlled Trial During the COVID-19 Pandemic.",Tadese,10.1177/15248399221118394,36189723,,2024,Health promotion practice,J5ZYEYZM,e310865bd5cb9b703c5d62b55f8cbf5e,OK,downloaded,,,,testing,2026-08-06T22:21:03.310793+00:00
L9QQZC55,NCATS; NIMHD,Boring Task / NCATS; Boring Task / NIMHD,"Community-based, cluster-randomized pilot trial of a cardiovascular mHealth intervention: Rationale, design, and baseline findings of the FAITH! Trial.",Brewer,10.1016/j.ahj.2022.01.009,35065922,PMC9037298,2022,American heart journal,PCAERGZD,b3d3cc2e13aa40b1f4678cb0d6623713,OK,downloaded,,,,testing,2026-08-06T22:21:03.896646+00:00
WVYCZBPF,NCATS; NIMHD; NINR,Boring Task / NCATS; Boring Task / NIMHD; Boring Task / NINR,Design and rationale of the cardiometabolic health program linked with community health workers and mobile health telemonitoring to reduce health disparities  (LINKED-HEARTS) program.,Commodore-Mensah,10.1016/j.ahj.2024.05.008,38759910,PMC11748808,2024,American heart journal,PRH3D7ST,2dbc08661413cc560f61e913904fb232,OK,downloaded,,,,testing,2026-08-06T22:21:04.453570+00:00
69EXRVY7,NCATS; NIMHD,Boring Task / NCATS; Boring Task / NIMHD,"Community-Based, Cluster-Randomized Pilot Trial of a Cardiovascular Mobile Health Intervention: Preliminary Findings of the FAITH! Trial.",Brewer,10.1161/circulationaha.122.059046,35861762,PMC9287100,2022,Circulation,GAEWDT94,b37712102d993b3841d00335d8540837,OK,downloaded,,,,testing,2026-08-06T22:21:04.991681+00:00
MQ2YYVPU,NCATS; NIMH,Boring Task / NCATS; Boring Task / NIMH,The effect of caregiver key opinion leaders on increasing caregiver demand for evidence-based practices to treat youth anxiety: protocol for a randomized  control trial.,Crane,10.1186/s43058-021-00213-x,34556182,PMC8460198,2021,Implementation science communications,KN68V2D6,49a0b3d2faec63d5bc3f541342e39fe8,OK,downloaded,"2 PDF attachments, picked highest priority: Full Text PDF; Full Text PDF",,,testing,2026-08-06T22:21:05.470810+00:00
ZWVHDKR2,NCATS; NIMH; NLM,Boring Task / NCATS; Boring Task / NIMH; Boring Task / NLM,"12-Month Cost Outcomes of Community Engagement Versus Technical Assistance for Depression Quality Improvement: A Partnered, Cluster Randomized,  Comparative-Effectiveness Trial.",Chung,10.18865/ed.28.s2.349,30202187,PMC6128344,2018,Ethnicity & disease,I89N7XM9,d124f8f23f64bc685a1a348938907dce,OK,downloaded,,,,testing,2026-08-06T22:21:06.073704+00:00
Q8L336CD,NCATS; NIMH; NIMHD; NLM,Boring Task / NCATS; Boring Task / NIMH; Boring Task / NIMHD; Boring Task / NLM,Comparative Effectiveness of Coalitions Versus Technical Assistance for Depression Quality Improvement in Persons with Multiple Chronic Conditions.,Springgate,10.18865/ed.28.s2.325,30202185,PMC6128327,2018,Ethnicity & disease,MGB9JH49,8f86779066b4d3b0ce83bd2ccb28804e,OK,downloaded,,,,testing,2026-08-06T22:21:06.577011+00:00
S9ID8NQK,NCATS; NIMH; NIMHD; NLM,Boring Task / NCATS; Boring Task / NIMH; Boring Task / NIMHD; Boring Task / NLM,Engaging Community Networks to Improve Depression Services: A Cluster-Randomized Trial of a Community Engagement and Planning Intervention.,Mendel,10.1007/s10597-020-00632-5,32430557,PMC7906961,2021,Community mental health journal,HXSKH6G4,4ca60f964a51e43cf72ff261c1426ce1,OK,downloaded,,,,testing,2026-08-06T22:21:07.082959+00:00
XY3WZ8AL,NCATS; NIMH,Boring Task / NCATS; Boring Task / NIMH,Accounting for group differences in study retention in a randomized trial of specialized treatment for first episode psychosis.,Sint,10.1016/j.schres.2017.08.029,28844431,PMC5826785,2018,Schizophrenia research,BG6BKBVS,9965f92fecae2fdae6cea68001e2f27f,OK,downloaded,,,,testing,2026-08-06T22:21:07.570496+00:00
BRWIFV6N,NCATS; NIMH; NIMHD; NLM,Boring Task / NCATS; Boring Task / NIMH; Boring Task / NIMHD; Boring Task / NLM,Community Partners in Care: 6- and 12-month Outcomes of Community Engagement versus Technical Assistance to Implement Depression Collaborative Care among  Depressed Older Adults.,Izquierdo,10.18865/ed.28.s2.339,30202186,PMC6128340,2018,Ethnicity & disease,3IPNQJUX,1a6f7567ea4ad8f6050c14c00f5d9c2a,OK,downloaded,,,,testing,2026-08-06T22:21:08.102735+00:00
UFWNSS3G,NCATS; NCCIH; NIMH,Boring Task / NCATS; Boring Task / NCCIH; Boring Task / NIMH,Classroom-Based Mindfulness Training Reduces Anxiety in Adolescents: Acceptability and Effectiveness of a Cluster-Randomized Pilot Study.,Johnstone,10.14200/jrm.2020.0101,33365203,PMC7755132,2020,Journal of restorative medicine,2QHIDRK6,6f7baeda9d2095c7dceec24b9bf66885,OK,downloaded,"2 PDF attachments, picked highest priority: Full Text PDF; Full Text PDF",,,testing,2026-08-06T22:21:08.607190+00:00
HB3YQNY5,NCATS; NIMH,Boring Task / NCATS; Boring Task / NIMH,"Implementation fidelity, student outcomes, and cost-effectiveness of train-the-trainer strategies for Masters-level therapists in urban schools:  results from a cluster randomized trial.",Eiraldi,10.1186/s13012-023-01333-9,38273369,PMC10809609,2024,Implementation science : IS,ZZKKY5T9,131ae89da339042ae3dd198fb7962093,OK,downloaded,"2 PDF attachments, picked highest priority: Full Text PDF; Full Text PDF",,,testing,2026-08-06T22:21:09.106678+00:00
5TB6X4ZN,NCATS; NIMH; NIMHD; NLM,Boring Task / NCATS; Boring Task / NIMH; Boring Task / NIMHD; Boring Task / NLM,A Comparative Effectiveness Trial of Depression Collaborative Care: Subanalysis of Comorbid Anxiety.,Choi,10.1177/0193945918800333,30226112,PMC6422773,2019,Western journal of nursing research,C255Y7P6,d2a9c75837fd1a865d9538cad9ce0687,OK,downloaded,,,,testing,2026-08-06T22:21:09.704126+00:00
4K27S6DD,NCATS; NIMH,Boring Task / NCATS; Boring Task / NIMH,Gender differences in outcomes of early intervention services for first episode psychosis.,Hong,10.1111/eip.13367,36623822,PMC10329725,2023,Early intervention in psychiatry,GEZ99UVF,8f7ed9754138ec727bbfdb7b235bf388,OK,downloaded,,,,testing,2026-08-06T22:21:10.171547+00:00
89SN754M,NCATS; NIGMS; NIMH,Boring Task / NCATS; Boring Task / NIGMS; Boring Task / NIMH,Effects of Primary Care Provider Characteristics on Changes in Behavioral Health Delivery During a Collaborative Care Trial.,McGuier,10.1016/j.acap.2019.11.008,31760174,PMC7138708,2020,Academic pediatrics,N82BRB6W,5b6fb74740c8a144b05a5714c2ffa548,OK,downloaded,,,,testing,2026-08-06T22:21:10.666473+00:00
QKGFUW4N,NCATS; NIGMS,Boring Task / NCATS; Boring Task / NIGMS,Mentoring as a Buffer for the Impact of Social Unrest due to Systemic Racism and Ambient Discrimination.,Murrell,10.62935/ba6211,39282092,PMC11393792,2024,The chronicle of mentoring & coaching,TSBAJTC9,65f50fa8ebe0724a54d2b07a93be21aa,OK,downloaded,,,,testing,2026-08-06T22:21:11.136097+00:00
RNRTZY8B,NCATS; NIGMS,Boring Task / NCATS; Boring Task / NIGMS,Efficacy of a group-based brief tobacco intervention among young adults aged 18-20 years in the US Air Force.,Little,10.18332/tid/143282,34963775,PMC8653010,2021,Tobacco induced diseases,NRREJGFS,ce4898842f2ca77e60d2900a6325351d,OK,downloaded,,,,testing,2026-08-06T22:21:11.614749+00:00
FD6892P3,NCATS; NIGMS,Boring Task / NCATS; Boring Task / NIGMS,Evaluation of a Virtual Culturally Aware Mentoring Workshop for Biomedical Faculty.,House,10.62935/nu9214,39149089,PMC11326539,2024,The chronicle of mentoring & coaching,668VQAT9,103f59f3631a31ae2098acead227df30,OK,downloaded,,,,testing,2026-08-06T22:21:12.111404+00:00
JDWVCU3N,NCATS; NIGMS,Boring Task / NCATS; Boring Task / NIGMS,The role of clinician assistants in addressing perinatal depression.,Cooper,10.1080/0167482x.2021.1975676,34533425,PMC10849797,2022,Journal of psychosomatic obstetrics and gynaecology,E8U54GPS,f75f7634aaa44539a200c26dedee5180,OK,downloaded,,,,testing,2026-08-06T22:21:12.627065+00:00
SGEDS55Q,NCATS; NIGMS,Boring Task / NCATS; Boring Task / NIGMS,"Association of perinatal depression and postpartum contraception intent, choice, and actual use.",Masters,10.1016/j.contraception.2024.110447,38583583,PMC11323034,2024,Contraception,NR6G8SUB,22bee40dacb13ffa279a61e832259ee0,OK,downloaded,,,,testing,2026-08-06T22:21:13.175748+00:00
5ILMUZDM,NCATS; NCCIH; NIDA; NLM,Boring Task / NCATS; Boring Task / NCCIH; Boring Task / NIDA; Boring Task / NLM,Progress Report on EMBED: A Pragmatic Trial of User-Centered Clinical Decision Support to Implement EMergency Department-Initiated BuprenorphinE for Opioid Use  Disorder.,Melnick,10.20900/jpbs.20200003,32309637,PMC7164817,2020,Journal of psychiatry and brain science,LFZSB5C7,464be31ab32a5c748fbb5b07a678ed0b,OK,downloaded,,,,testing,2026-08-06T22:21:13.646016+00:00
TZCEGIPS,NCATS; NIDA,Boring Task / NCATS; Boring Task / NIDA,Does Medication Sampling Improve Compliance with Brief Advice? Results from a Pragmatic Randomized Clinical Trial.,Silvestri,10.1155/2021/6638872,33828613,PMC8023690,2021,Journal of smoking cessation,RRVQR382,4c5c9d4736379905fbec6ab947ba032d,OK,downloaded,,,,testing,2026-08-06T22:21:14.101213+00:00
LEJSIRL3,NCATS; NIDA,Boring Task / NCATS; Boring Task / NIDA,Nicotine replacement therapy sampling for smoking cessation within primary care: results from a pragmatic cluster randomized clinical trial.,Carpenter,10.1111/add.14953,31916303,PMC7292788,2020,"Addiction (Abingdon, England)",ZZGDU46Z,332baaae55efe0628fdbe4d3bc860e14,OK,downloaded,,,,testing,2026-08-06T22:21:14.640797+00:00
ELFE9TR6,NCATS; NIDA,Boring Task / NCATS; Boring Task / NIDA,Feasibility of a Smartphone App with Mindfulness Training for Adolescent Smoking Cessation: Craving to Quit (C2Q)-Teen.,Pbert,10.1007/s12671-019-01273-w,33343761,PMC7747804,2020,Mindfulness,2DH3I2DU,9d8b73cf0299acc8f50908ad29267696,OK,downloaded,,,,testing,2026-08-06T22:21:15.123928+00:00
IQDL72X9,NCATS; NCCIH; NIDA,Boring Task / NCATS; Boring Task / NCCIH; Boring Task / NIDA,Commentary: Right truncation in cluster randomized trials can attenuate the power of a marginal analysis.,Li,10.1093/ije/dyaa037,32211886,PMC7394942,2020,International journal of epidemiology,H442P929,430bfb5537c726a7b4387b972ae57efd,OK,downloaded,,,,testing,2026-08-06T22:21:15.678148+00:00
ZGY5R8VA,NCATS; NIDA; NIMH,Boring Task / NCATS; Boring Task / NIDA; Boring Task / NIMH,Adolescents Treated for Attention-Deficit/Hyperactivity Disorder in Pediatric Primary Care: Characterizing Risk for Stimulant Diversion.,Molina,10.1097/dbp.0000000000000923,33908377,PMC9090190,2021,Journal of developmental and behavioral pediatrics : JDBP,P5RGMG3V,b4460238becbe445da93fb22593481ad,OK,downloaded,,,,testing,2026-08-06T22:21:16.153097+00:00
CZAJS6JZ,NCATS; NIDA,Boring Task / NCATS; Boring Task / NIDA,"Assessment of an electronic and clinician-delivered brief intervention on cigarette, alcohol and illicit drug use among women in a reproductive healthcare  clinic.",Forray,10.1016/j.addbeh.2019.05.007,31100713,PMC6579708,2019,Addictive behaviors,XM87P86H,db37e11f7f9c2187f53023813570b32a,OK,downloaded,,,,testing,2026-08-06T22:21:16.650859+00:00
BHPICT8X,NCATS; NIDA,Boring Task / NCATS; Boring Task / NIDA,The HEALing (Helping to End Addiction Long-term (SM)) Communities Study: Protocol for a cluster randomized trial at the community level to reduce opioid overdose  deaths through implementation of an integrated set of evidence-based practices.,,10.1016/j.drugalcdep.2020.108335,33248391,PMC7568493,2020,Drug and alcohol dependence,DXMG2ZAD,d74318fd170c67cf3c01c41d8c478162,OK,downloaded,,,,testing,2026-08-06T22:21:17.183295+00:00
Y4QNBWSN,NCATS; NIDA,Boring Task / NCATS; Boring Task / NIDA,"QuitSMART Utah: an implementation study protocol for a cluster-randomized, multi-level Sequential Multiple Assignment Randomized Trial to increase Reach and  Impact of tobacco cessation treatment in Community Health Centers.",Fernandez,10.1186/s13012-020-0967-2,32000812,PMC6993416,2020,Implementation science : IS,VY3NIHKE,a9f3b63841ec1f77d10c402ef919c5aa,OK,downloaded,"2 PDF attachments, picked highest priority: Full Text PDF; Full Text PDF",,,testing,2026-08-06T22:21:17.763854+00:00
92AATY27,NCATS; NIDA,Boring Task / NCATS; Boring Task / NIDA,Effect of Electronic Nicotine Delivery Systems on Cigarette Abstinence in Smokers With No Plans to Quit: Exploratory Analysis of a Randomized Placebo-Controlled  Trial.,Foulds,10.1093/ntr/ntab247,34850164,PMC9391685,2022,Nicotine & tobacco research : official journal of the Society for Research on Nicotine and Tobacco,TXRWRMWT,bccfdaf3e54f5d1fac2c561678fa6c3d,OK,downloaded,,,,testing,2026-08-06T22:21:18.438763+00:00
DWDRZGCT,NCATS; NCCIH; NIDA,Boring Task / NCATS; Boring Task / NCCIH; Boring Task / NIDA,User centered clinical decision support to implement initiation of buprenorphine for opioid use disorder in the emergency department: EMBED pragmatic cluster  randomized controlled trial.,Melnick,10.1136/bmj-2021-069271,35760423,PMC9231533,2022,BMJ (Clinical research ed.),9BEGS8RR,786a6cd45913d898210cb2afa09194ba,OK,downloaded,,,,testing,2026-08-06T22:21:19.014963+00:00
LLVSFTB7,NCATS; NIDA,Boring Task / NCATS; Boring Task / NIDA,Substance Use Disorder Detection Rates Among Providers of General Medical Inpatients.,Serowik,10.1007/s11606-020-06319-7,33111239,PMC7947066,2021,Journal of general internal medicine,5P9SA94W,9532451eb383dbef99dc2a997ecd4abf,OK,downloaded,,,,testing,2026-08-06T22:21:19.518314+00:00
JCG8XFCD,NCATS; NIDA,Boring Task / NCATS; Boring Task / NIDA,"Design, implementation and preliminary results of a type-2 hybrid cluster-randomized trial of integrating screening and treatment for major  depressive disorder into specialty clinics providing opioid agonist therapies in  Ukraine.",Machavariani,10.1016/j.cct.2023.107248,37263492,PMC10527419,2023,Contemporary clinical trials,JF56QHNX,b5ccd634c7fbdd5863b3b8c9824b158f,OK,downloaded,,,,testing,2026-08-06T22:21:20.043118+00:00
6RK86SSU,NCATS; NIDA; NIMH,Boring Task / NCATS; Boring Task / NIDA; Boring Task / NIMH,Effects of Training on Use of Stimulant Diversion Prevention Strategies by Pediatric Primary Care Providers: Results from a Cluster-Randomized Trial.,McGuier,10.1007/s11121-022-01411-2,35951253,PMC9489672,2022,Prevention science : the official journal of the Society for Prevention Research,C6MRHMHT,4cf64a024229ac114e90c771eb77ca05,OK,downloaded,,,,testing,2026-08-06T22:21:20.538796+00:00
WD5UD68X,NCATS; NIDA; NIMH,Boring Task / NCATS; Boring Task / NIDA; Boring Task / NIMH,Multi-Sector Assessment and Client-Perception of Social Need at Long-Term Follow-Up of a Group-Randomized Trial of Community-Engaged Collaborative Care for  Adults with Depression.,Barceló,10.3390/ijerph191610212,36011843,PMC9407841,2022,International journal of environmental research and public health,ITWM6B4X,3a0b878c66db2542ddacd32ffb1f7433,OK,downloaded,,,,testing,2026-08-06T22:21:21.018399+00:00
6ZNEXP5Y,NCATS; NIDA,Boring Task / NCATS; Boring Task / NIDA,Model and approach for assessing implementation context and fidelity in the HEALing Communities Study.,Knudsen,10.1016/j.drugalcdep.2020.108330,33086156,PMC7531282,2020,Drug and alcohol dependence,7QIF6UFC,3e49d4506d42e6d0670139c16f74ec3f,OK,downloaded,,,,testing,2026-08-06T22:21:21.556932+00:00
PTVTLVQU,NCATS; NIDA,Boring Task / NCATS; Boring Task / NIDA,"Rationale, design, and methods for the development of a youth adapted Brief Tobacco Intervention plus automated text messaging for high school students.",Little,10.1016/j.cct.2022.106840,35760339,PMC10552657,2022,Contemporary clinical trials,UCI48M6U,9e8914d7f4ff24313df3f93e45d8728c,OK,downloaded,,,,testing,2026-08-06T22:21:22.000252+00:00
4B9B4HMN,NCATS; NIDA,Boring Task / NCATS; Boring Task / NIDA,Naloxone Co-Dispensing with Opioids: a Cluster Randomized Pragmatic Trial.,Binswanger,10.1007/s11606-021-07356-6,35132556,PMC9411391,2022,Journal of general internal medicine,QFU945Z3,f324a07220d89fdcbc89d07e524fc342,OK,downloaded,,,,testing,2026-08-06T22:21:22.497569+00:00
7HSKFB5R,NCATS; NIDA; NIMH,Boring Task / NCATS; Boring Task / NIDA; Boring Task / NIMH,Adaptive Designs in Implementation Science and Practice: Their Promise and the Need for Greater Understanding and Improved Communication.,Kilbourne,10.1146/annurev-publhealth-060222-014438,37931183,PMC11070446,2024,Annual review of public health,HGRRSM92,b81febe37cc3de7ec5ef572e40f63ecc,OK,downloaded,,,,testing,2026-08-06T22:21:22.923516+00:00
ERDDSWEX,NCATS; NIDDK,Boring Task / NCATS; Boring Task / NIDDK,Factors associated with antidepressant use among low-income racially and ethnically diverse patients with type 2 diabetes.,Presley,10.1016/j.jdiacomp.2019.07.002,31405797,PMC6736726,2019,Journal of diabetes and its complications,HTGAN32V,d12fbc417e4cfdc988b84ad267f33c80,OK,downloaded,,,,testing,2026-08-06T22:21:23.414903+00:00
JXRWVN3I,NCATS; NIDDK,Boring Task / NCATS; Boring Task / NIDDK,Physical activity across the curriculum (PAAC3): Testing the application of technology delivered classroom physical activity breaks.,Szabo-Reed,10.1016/j.cct.2020.105952,32006633,PMC7076720,2020,Contemporary clinical trials,YL53P698,ac12966855848407fe8ad1a909d95b79,OK,downloaded,,,,testing,2026-08-06T22:21:23.825258+00:00
Z49RK7S3,NCATS; NIDDK,Boring Task / NCATS; Boring Task / NIDDK,"Medical assistant health coaching (""MAC"") for type 2 diabetes in diverse primary care settings: A pragmatic, cluster-randomized controlled trial protocol.",Fortmann,10.1016/j.cct.2020.106164,33053431,PMC8093013,2021,Contemporary clinical trials,DVWIVVAW,656521bbea1f99c201295fb21b8933c2,OK,downloaded,,,,testing,2026-08-06T22:21:24.286834+00:00
652BDZUA,NCATS; NIDDK,Boring Task / NCATS; Boring Task / NIDDK,The Partnership to Improve Diabetes Education Trial: a Cluster Randomized Trial Addressing Health Communication in Diabetes Care.,White,10.1007/s11606-019-05617-z,31919724,PMC7174470,2020,Journal of general internal medicine,WDTMYS5G,3ac76190bd924ce4341ac17f3956d047,OK,downloaded,,,,testing,2026-08-06T22:21:24.754797+00:00
4SMC3YCR,NCATS; NIDDK,Boring Task / NCATS; Boring Task / NIDDK,Dulce Digital-Me: protocol for a randomized controlled trial of an adaptive mHealth intervention for underserved Hispanics with diabetes.,Philis-Tsimikas,10.1186/s13063-021-05899-x,35090520,PMC8796443,2022,Trials,FRZQEDW8,55ca66418a083fcf536816f99b23cbd7,OK,downloaded,,,,testing,2026-08-06T22:21:25.309267+00:00
JMZEVPCJ,NCATS; NIDDK,Boring Task / NCATS; Boring Task / NIDDK,The Influence of Classroom Physical Activity Participation and Time on Task on Academic Achievement.,Szabo-Reed,10.1249/tjx.0000000000000087,31576376,PMC6771264,2019,Translational journal of the American College of Sports Medicine,97VHWU3V,344fc670dc2d0aabfb954e54e133d437,OK,downloaded,,,,testing,2026-08-06T22:21:25.861558+00:00
94R66Z42,NCATS; NIDDK,Boring Task / NCATS; Boring Task / NIDDK,Protocol for a cluster-randomized controlled trial of a technology-assisted health coaching intervention for weight management in primary care: The GEM  (goals for eating and moving) study.,Wittleder,10.1016/j.cct.2019.06.005,31229622,PMC6709673,2019,Contemporary clinical trials,5V5QVTXT,7412577e95f986d232d84271d8a607d6,OK,downloaded,,,,testing,2026-08-06T22:21:26.370877+00:00
KSEJHAZU,NCATS; NIDDK; NIGMS,Boring Task / NCATS; Boring Task / NIDDK; Boring Task / NIGMS,Stakeholder selected strategies for obesity prevention in childcare: results from a small-scale cluster randomized hybrid type III trial.,Swindle,10.1186/s13012-021-01119-x,33933130,PMC8088574,2021,Implementation science : IS,BNSFSFES,e67b3b917a5fc233ddb8b640ae0d24a7,OK,downloaded,,,,testing,2026-08-06T22:21:26.817607+00:00
PGHBUF4L,NCATS; NIDDK,Boring Task / NCATS; Boring Task / NIDDK,Effects of a large-scale social media advertising campaign on holiday travel and COVID-19 infections: a cluster randomized controlled trial.,Breza,10.1038/s41591-021-01487-3,34413518,PMC8440209,2021,Nature medicine,RAQGQVFS,8c167e6774c5842aa43c004fe1231d03,OK,downloaded,,,,testing,2026-08-06T22:21:27.391253+00:00
LNJRE9FB,NCATS; NIDDK,Boring Task / NCATS; Boring Task / NIDDK,Engaging diverse midlife and older adults in a multilevel participatory physical activity intervention: evaluating impacts using Ripple Effects Mapping.,Rodriguez Espinosa,10.1093/tbm/ibad018,37011041,PMC10496429,2023,Translational behavioral medicine,5WTVPBCS,76fe90273a78525b8c7a08d3c7272e2c,OK,downloaded,,,,testing,2026-08-06T22:21:28.174176+00:00
YWEDBWJW,NCATS; NIDDK,Boring Task / NCATS; Boring Task / NIDDK,Peer mentorship to improve outcomes in patients on hemodialysis (PEER-HD): a randomized controlled trial protocol.,Golestaneh,10.1186/s12882-022-02701-1,35247960,PMC8897762,2022,BMC nephrology,JP7VYZ3E,c8771ef256b9a87b972de0fab2cbc39c,OK,downloaded,"2 PDF attachments, picked highest priority: Full Text PDF; Full Text PDF",,,testing,2026-08-06T22:21:28.810730+00:00
IC894FGJ,NCATS; NIDDK,Boring Task / NCATS; Boring Task / NIDDK,Enhancing Mental and Physical Health of Women through Engagement and Retention (EMPOWER) 2.0 QUERI: study protocol for a cluster-randomized hybrid type 3  effectiveness-implementation trial.,Hamilton,10.1186/s43058-022-00389-w,36890587,PMC9994412,2023,Implementation science communications,JJQQ67XG,0460fce2b9fa8a8221b82f0ec6a93f00,OK,downloaded,"2 PDF attachments, picked highest priority: Full Text PDF; Full Text PDF",,,testing,2026-08-06T22:21:29.359045+00:00
X7T22IIR,NCATS; NIDDK,Boring Task / NCATS; Boring Task / NIDDK,Impact of Sit-to-Stand and Treadmill Desks on Patterns of Daily Waking Physical Behaviors Among Overweight and Obese Seated Office Workers: Cluster Randomized  Controlled Trial.,Arguello,10.2196/43018,37191995,PMC10230356,2023,Journal of medical Internet research,GCF6X8MC,61c7621500924a9dc22ac6fc65cf8e4f,OK,downloaded,"2 PDF attachments, picked highest priority: Full Text; Full Text",,,testing,2026-08-06T22:21:29.909658+00:00
23XRI9U5,NCATS; NIDDK,Boring Task / NCATS; Boring Task / NIDDK,The 6-Month Efficacy of an Intensive Lifestyle Modification Program on Type 2 Diabetes Risk Among Rural Women with Prior Gestational Diabetes Mellitus: a  Cluster Randomized Controlled Trial.,Chen,10.1007/s11121-022-01392-2,35773443,PMC9489585,2022,Prevention science : the official journal of the Society for Prevention Research,JB9RBX9Z,6194590fecd3287a2bd5946251127e57,OK,downloaded,,,,testing,2026-08-06T22:21:30.415428+00:00
K9SBFA78,NCATS; NIDDK,Boring Task / NCATS; Boring Task / NIDDK,"Padres Preparados, Jóvenes Saludables: intervention impact of a randomized controlled trial on Latino father and adolescent energy balance-related  behaviors.",Baltaci,10.1186/s12889-022-14284-5,36258168,PMC9578196,2022,BMC public health,SAKCPPS2,489b65c69fe3f1f9144a44cd0f165ca8,OK,downloaded,"2 PDF attachments, picked highest priority: Full Text PDF; Full Text PDF",,,testing,2026-08-06T22:21:30.886769+00:00
5ZUAHHB6,NCATS; NIDDK,Boring Task / NCATS; Boring Task / NIDDK,Care for patients living with chronic conditions using the ICAN Discussion Aid: A mixed methods cluster-randomized trial.,Boehmer,10.1371/journal.pone.0314605,39630656,PMC11616879,2024,PloS one,87D64A2G,cf68781a1bf6a830c2416d5eda5ffe10,OK,downloaded,"2 PDF attachments, picked highest priority: Full Text PDF; Full Text PDF",,,testing,2026-08-06T22:21:31.407226+00:00
2M5S9SWT,NCATS; NIDDK,Boring Task / NCATS; Boring Task / NIDDK,Rationale and design of a pragmatic trial aimed at improving treatment of hyperlipidemia in outpatients with very high risk atherosclerotic cardiovascular  disease: A pragmatic trial of messaging to providers about treatment of  hyperlipidemia (PROMPT-LIPID).,Shah,10.1016/j.ahj.2022.07.002,35841944,PMC9936562,2022,American heart journal,MTSS6TA9,65092427707dd256fdabe722de5795fd,OK,downloaded,,,,testing,2026-08-06T22:21:31.946269+00:00
ICIRX3RH,NCATS; NIDDK,Boring Task / NCATS; Boring Task / NIDDK,The 18-month efficacy of an Intensive LifeStyle Modification Program (ILSM) to reduce type 2 diabetes risk among rural women: a cluster randomized controlled  trial.,Zhong,10.1186/s12992-023-00910-3,36703168,PMC9881320,2023,Globalization and health,H62SAMZM,d58b0b926595bc713b10d0d9ba0bb425,OK,downloaded,,,,testing,2026-08-06T22:21:32.487978+00:00
H96RAF69,NCATS; NIDDK,Boring Task / NCATS; Boring Task / NIDDK,Baseline Characteristics of Randomized Participants in the Glycemia Reduction Approaches in Diabetes: A Comparative Effectiveness Study (GRADE).,Wexler,10.2337/dc19-0901,31391203,PMC6804613,2019,Diabetes care,DUKX553B,fbc082929cf18f4d78b9b31cf330f597,OK,downloaded,,,,testing,2026-08-06T22:21:33.049571+00:00
ZCN2GW5H,NCATS; NIDDK,Boring Task / NCATS; Boring Task / NIDDK,Process evaluation of a medical assistant health coaching intervention for type 2 diabetes in diverse primary care settings.,Clark,10.1093/tbm/ibab144,34791499,PMC8849003,2022,Translational behavioral medicine,QZXMMRRQ,d330ad76a0669411b1ec6425877bad08,OK,downloaded,,,,testing,2026-08-06T22:21:33.606012+00:00
TXGVITEJ,NCATS; NIDDK,Boring Task / NCATS; Boring Task / NIDDK,Targeting Sedentary Behavior in CKD: A Pilot and Feasibility Randomized Controlled Trial.,Lyden,10.2215/cjn.12300720,33888536,PMC8259480,2021,Clinical journal of the American Society of Nephrology : CJASN,J9FZKNI9,8ec757914bc4f9f94aba67c6fa31ec86,OK,downloaded,,,,testing,2026-08-06T22:21:34.091549+00:00
TNXFU98A,NCATS; NCCIH; NIDDK,Boring Task / NCATS; Boring Task / NCCIH; Boring Task / NIDDK,Dietary alteration of n-3 and n-6 fatty acids for headache reduction in adults with migraine: randomized controlled trial.,Ramsden,10.1136/bmj.n1448,34526307,PMC8244542,2021,BMJ (Clinical research ed.),QV5AD9U8,c033958af67496187978102a1f297142,OK,downloaded,,,,testing,2026-08-06T22:21:34.495933+00:00
D9ARK62W,NCATS; NICHD,Boring Task / NCATS; Boring Task / NICHD,Testing the effects of a prenatal depression preventive intervention on parenting and young children's self-regulation and functioning (EPIC): protocol for a  longitudinal observational study.,Diebold,10.1186/s12889-021-11385-5,34246233,PMC8271322,2021,BMC public health,JJH8YMZC,77f8d87b8f09490657a9bd25f9fe3701,OK,downloaded,"2 PDF attachments, picked highest priority: Full Text PDF; Full Text PDF",,,testing,2026-08-06T22:21:34.998213+00:00
78TKPTQL,NCATS; NICHD; NIDDK,Boring Task / NCATS; Boring Task / NICHD; Boring Task / NIDDK,A Health-Literacy Intervention for Early Childhood Obesity Prevention: A Cluster-Randomized Controlled Trial.,Sanders,10.1542/peds.2020-049866,33911032,PMC8086006,2021,Pediatrics,623DIQHW,ec4c7568309511df1517eec4d1d3dc57,OK,downloaded,,,,testing,2026-08-06T22:21:35.569328+00:00
389ZASKJ,NCATS; NICHD,Boring Task / NCATS; Boring Task / NICHD,Designing a virtual mental health consultation program to support and strengthen childcare centers impacted by COVID-19: A randomized controlled trial protocol.,Natale,10.1016/j.cct.2022.107022,36442806,PMC9694403,2023,Contemporary clinical trials,FK9ZIBRZ,50e929890ab3f9867532843de38f390a,OK,downloaded,,,,testing,2026-08-06T22:21:36.100359+00:00
C2DVEERC,NCATS; NICHD,Boring Task / NCATS; Boring Task / NICHD,The Injury Prevention Program to Reduce Early Childhood Injuries: A Cluster Randomized Trial.,Perrin,10.1542/peds.2023-062966,38557871,PMC11035157,2024,Pediatrics,53JMHU67,f70e39b7dfba0f22dc2e459ece23fd02,OK,downloaded,,,,testing,2026-08-06T22:21:36.570525+00:00
RKJANY3I,NCATS; NICHD; NIDDK,Boring Task / NCATS; Boring Task / NICHD; Boring Task / NIDDK,Infant Television Watching Predicts Toddler Television Watching in a Low-Income Population.,Hish,10.1016/j.acap.2020.11.002,33161116,PMC8096856,2021,Academic pediatrics,5XEJIV7W,b5227032eb16a4347a162e2abce69cb9,OK,downloaded,,,,testing,2026-08-06T22:21:36.977243+00:00
5XST2QLS,NCATS; NICHD,Boring Task / NCATS; Boring Task / NICHD,Assessment of COVID-19 Messaging Strategies to Increase Testing for Students With Intellectual and Developmental Disabilities.,Walsh,10.1111/josh.13448,38551064,PMC11088980,2024,The Journal of school health,QQQY2JKH,2f4f93f3bfd7797e98fd2749e565fe82,OK,downloaded,,,,testing,2026-08-06T22:21:37.456715+00:00
6VF8JJ2X,NCATS; NICHD,Boring Task / NCATS; Boring Task / NICHD,"Reopening schools safely and educating youth (ROSSEY) study: Protocol for a community-based, cluster randomized controlled trial.",Ramirez,10.1016/j.cct.2024.107480,38382823,PMC10960672,2024,Contemporary clinical trials,N2QB5AE6,f6ecb16f244c9916a96ac3b7164739d4,OK,downloaded,,,,testing,2026-08-06T22:21:37.972629+00:00
KXCHSFHC,NCATS; NICHD; NIDDK; NIMHD,Boring Task / NCATS; Boring Task / NICHD; Boring Task / NIDDK; Boring Task / NIMHD,Early Sweet Tooth: Juice Introduction During Early Infancy is Related to Toddler Juice Intake.,Kay,10.1016/j.acap.2023.04.009,37150479,PMC10592660,2023,Academic pediatrics,P4WPSHA5,606293f48cfa9ca2ce16849596ed8771,OK,downloaded,,,,testing,2026-08-06T22:21:38.438245+00:00
6JHI58QA,NCATS; NICHD; NIEHS,Boring Task / NCATS; Boring Task / NICHD; Boring Task / NIEHS,Helping individuals with firearm injuries: A cluster randomized trial.,Lyons,10.1097/ta.0000000000003056,33405475,PMC7979484,2021,The journal of trauma and acute care surgery,IGGQZSDX,813998a11c0153f52ee5f24c44822aad,OK,downloaded,,,,testing,2026-08-06T22:21:38.902309+00:00
I5M96653,NCATS; NICHD; NINR,Boring Task / NCATS; Boring Task / NICHD; Boring Task / NINR,Study protocol for the Mindful Moms Study: A randomized controlled trial evaluating a mindful movement intervention for marginalized pregnant people  experiencing depression.,Kinser,10.1016/j.cct.2023.107302,37500008,PMC10529983,2023,Contemporary clinical trials,IBECRZ3X,b1469472b64c5d26df080584ab582274,OK,downloaded,,,,testing,2026-08-06T22:21:39.381307+00:00
PE7QLEQX,NCATS; NICHD; NIDA,Boring Task / NCATS; Boring Task / NICHD; Boring Task / NIDA,Parent-Focused Sexual Abuse Prevention: Results From a Cluster Randomized Trial.,Guastaferro,10.1177/1077559520963870,33025835,PMC8024425,2022,Child maltreatment,KJ25QZ2M,8da4070a9ac0252f99b931483ee89c92,OK,downloaded,,,,testing,2026-08-06T22:21:39.891148+00:00
L7TKTSW2,NCATS; NICHD,Boring Task / NCATS; Boring Task / NICHD,Reading Aloud and Child Development: A Cluster-Randomized Trial in Brazil.,Weisleder,10.1542/peds.2017-0723,29284645,PMC5744270,2018,Pediatrics,42ZW3FZ7,8a960db313db4fd7c10cb9122c82637b,OK,downloaded,,,,testing,2026-08-06T22:21:40.369236+00:00
5NL55D4T,NCATS; NICHD,Boring Task / NCATS; Boring Task / NICHD,Umbilical cord milking in nonvigorous infants: a cluster-randomized crossover trial.,Katheria,10.1016/j.ajog.2022.08.015,35970202,PMC9877105,2023,American journal of obstetrics and gynecology,FFGH4BJS,961a5d97dbac1572063560a5cb05f591,OK,downloaded,,,,testing,2026-08-06T22:21:40.963277+00:00
2WCBD5J7,NCATS; NICHD,Boring Task / NCATS; Boring Task / NICHD,"Eat, Sleep, Console Approach or Usual Care for Neonatal Opioid Withdrawal.",Young,10.1056/nejmoa2214470,37125831,PMC10433732,2023,The New England journal of medicine,GM4EREQE,8cfe46b404e51a00cd4cc48b98fc6ae0,OK,downloaded,,,,testing,2026-08-06T22:21:41.513907+00:00
C374RXQG,NCATS; NIAMS,Boring Task / NCATS; Boring Task / NIAMS,Adverse Events and Resource Use Before and After Treat-to-Target in Rheumatoid Arthritis: A Post Hoc Analysis of a Randomized Controlled Trial.,Solomon,10.1002/acr.23755,30221841,PMC6421109,2019,Arthritis care & research,3UCI6X3I,39268f4840017dda81793872bdd551be,OK,downloaded,,,,testing,2026-08-06T22:21:42.041724+00:00
NXXPM842,NCATS; NIAMS,Boring Task / NCATS; Boring Task / NIAMS,Evaluating a web-based personalized decision report for total knee or hip replacement: Lessons learned from patients.,Pila,10.1111/jep.13887,37316454,PMC11210323,2023,Journal of evaluation in clinical practice,AWF54VU8,4c490221e44372c79379e7c16caa37c0,OK,downloaded,,,,testing,2026-08-06T22:21:42.588153+00:00
WAJQFQ3Z,NCATS; NIAMS,Boring Task / NCATS; Boring Task / NIAMS,Promoting physical activity via physical therapist following knee replacement: A pilot randomized controlled trial.,Pellegrini,10.1002/pmrj.12895,36106651,PMC11210327,2023,"PM & R : the journal of injury, function, and rehabilitation",KTV7TY93,9ea3aa50424537f9ca88ab9e2cfd6c6d,OK,downloaded,,,,testing,2026-08-06T22:21:43.124697+00:00
Z4NURJHV,NCATS; NIAMS; NIDA; NIMH; NIMHD,Boring Task / NCATS; Boring Task / NIAMS; Boring Task / NIDA; Boring Task / NIMH; Boring Task / NIMHD,Accounting for Context in Randomized Trials after Assignment.,Brown,10.1007/s11121-022-01426-9,36083435,PMC9461380,2022,Prevention science : the official journal of the Society for Prevention Research,MH9AANMG,0acbb188a260a6d56886aee115e4aeb4,OK,downloaded,"4 PDF attachments, picked highest priority: Full Text PDF; Full Text PDF; Full Text PDF; Full Text PDF",,,testing,2026-08-06T22:21:43.795133+00:00
NRWI3Y77,NCATS; NIAID; NICHD,Boring Task / NCATS; Boring Task / NIAID; Boring Task / NICHD,Improving Tuberculosis Preventive Therapy Uptake: A Cluster-randomized Trial of Symptom-based Versus Tuberculin Skin Test-based Screening of Household  Tuberculosis Contacts Less Than 5 Years of Age.,Salazar-Austin,10.1093/cid/ciz436,31127284,PMC7146009,2020,Clinical infectious diseases : an official publication of the Infectious Diseases Society of America,TX5EH6TV,54e6f460108d2d03ce6691315325802a,OK,downloaded,,,,testing,2026-08-06T22:21:44.313601+00:00
H77NRAZS,NCATS; NIAID,Boring Task / NCATS; Boring Task / NIAID,Implementation Lessons Learned From the Benefits of Enhanced Terminal Room (BETR) Disinfection Study: Process and Perceptions of Enhanced Disinfection with  Ultraviolet Disinfection Devices.,Anderson,10.1017/ice.2017.268,29331170,PMC5935456,2018,Infection control and hospital epidemiology,5RIIW8NK,6929a0c753356d5d3fd933d7d8fd841e,OK,downloaded,,,,testing,2026-08-06T22:21:45.065611+00:00
EMQMPLJ5,NCATS; NIAID; NIDDK,Boring Task / NCATS; Boring Task / NIAID; Boring Task / NIDDK,Disseminating and implementing a lifestyle-based healthy weight program for mothers in a national organization: a study protocol for a cluster randomized  trial.,Tabak,10.1186/s13012-019-0916-0,31238955,PMC6593605,2019,Implementation science : IS,5GGY7SZJ,09ea94f1d959232cb582282b82d5699e,OK,downloaded,,,,testing,2026-08-06T22:21:45.568025+00:00
BCB3DW2H,NCATS; NIAID; NIDA,Boring Task / NCATS; Boring Task / NIAID; Boring Task / NIDA,Effect of Changing Electronic Health Record Opioid Analgesic Dispense Quantity Defaults on the Quantity Prescribed: A Cluster Randomized Clinical Trial.,Bachhuber,10.1001/jamanetworkopen.2021.7481,33885773,PMC8063068,2021,JAMA network open,Q6XPNPEA,3bccbbe46d7601857877ae507ec87a7d,OK,downloaded,,,,testing,2026-08-06T22:21:46.039611+00:00
MEWCCWRY,NCATS; NIAID,Boring Task / NCATS; Boring Task / NIAID,Incorporating systems-level stakeholder perspectives into the clinical trial design of school-supervised asthma therapy.,Trivedi,10.1016/j.cct.2021.106510,34280575,PMC8453113,2021,Contemporary clinical trials,V356MDUK,30ea5293eb964def643128d07e64a01e,OK,downloaded,,,,testing,2026-08-06T22:21:46.576049+00:00
BKS28DP7,NCATS; NIAID; NIGMS; NIMH,Boring Task / NCATS; Boring Task / NIAID; Boring Task / NIGMS; Boring Task / NIMH,"Correlated depressive symptoms within seroconcordant, expectant partners living with HIV in Zambézia Province, Mozambique: a cross-sectional study.",Sack,10.1080/09540121.2022.2151558,36473205,PMC10241982,2023,AIDS care,F8LTH5P7,0841e443dc1ccdd8570805dbca062c26,OK,downloaded,,,,testing,2026-08-06T22:21:47.080740+00:00
47K5IY6H,NCATS; NIAID,Boring Task / NCATS; Boring Task / NIAID,Relationship between HIV viral suppression and multidrug resistant tuberculosis treatment outcomes.,Geiger,10.1371/journal.pgph.0002714,38709764,PMC11073678,2024,PLOS global public health,W4GLVXAS,d56f7b11784e44a45f8019bc55a6091e,OK,downloaded,"2 PDF attachments, picked highest priority: Full Text PDF; Full Text PDF",,,testing,2026-08-06T22:21:47.644138+00:00
KKDPLVEE,NCATS; NIAID; NIDA; NIMH,Boring Task / NCATS; Boring Task / NIAID; Boring Task / NIDA; Boring Task / NIMH,Integrating HCV testing with HIV programs improves hepatitis C outcomes in people who inject drugs: A cluster-randomized trial.,Solomon,10.1016/j.jhep.2019.09.022,31604081,PMC7173404,2020,Journal of hepatology,BIZTGHJN,31a47acaea82584a2a6901974ae48f2e,OK,downloaded,,,,testing,2026-08-06T22:21:48.170788+00:00
893TLJGV,NCATS; NIAID; NIDA; NIMH,Boring Task / NCATS; Boring Task / NIAID; Boring Task / NIDA; Boring Task / NIMH,Who can we reach and who can we keep? Predictors of intervention engagement and adherence in a cluster randomized controlled trial in South Africa.,Rabie,10.1186/s12889-020-8357-x,32106835,PMC7045524,2020,BMC public health,RIE5B47Q,ce6b513653bc1f1be514016023fbcd98,OK,downloaded,,,,testing,2026-08-06T22:21:48.731538+00:00
F6FWX8KR,NCATS; NIAID,Boring Task / NCATS; Boring Task / NIAID,Design of the Intervention to Reduce Early Peanut Allergy in Children (iREACH): A practice-based clinical trial.,Bilaver,10.1111/pai.14115,38566365,PMC11268822,2024,Pediatric allergy and immunology : official publication of the European Society of Pediatric Allergy and Immunology,HIK6ST72,75ac967bc50eabd1dd2cc84662093602,OK,downloaded,,,,testing,2026-08-06T22:21:49.229277+00:00
EIAXJXEU,NCATS; NIAID,Boring Task / NCATS; Boring Task / NIAID,Stopping Hospital Infections With Environmental Services (SHINE): A Cluster-randomized Trial of Intensive Monitoring Methods for Terminal Room  Cleaning on Rates of Multidrug-resistant Organisms in the Intensive Care Unit.,Ziegler,10.1093/cid/ciac070,35100614,PMC9525084,2022,Clinical infectious diseases : an official publication of the Infectious Diseases Society of America,2ATENUID,81c3b00dca6ebbed2335068f0ff1b934,OK,downloaded,,,,testing,2026-08-06T22:21:49.795570+00:00
DBJHG8ID,NCATS; NIAID,Boring Task / NCATS; Boring Task / NIAID,Drinking water chlorination has minor effects on the intestinal flora and resistomes of Bangladeshi children.,Nadimpalli,10.1038/s41564-022-01101-3,35422497,PMC9249080,2022,Nature microbiology,9MB8Z5ZD,5b5287dcbce2b839d1873ffbcba655ce,OK,downloaded,,,,testing,2026-08-06T22:21:50.309387+00:00
7LYGSSK9,NCATS; NIAID; NIMH,Boring Task / NCATS; Boring Task / NIAID; Boring Task / NIMH,The effect of supervision on community health workers' effectiveness with households in rural South Africa: A cluster randomized controlled trial.,Rotheram-Borus,10.1371/journal.pmed.1004170,36862754,PMC9980736,2023,PLoS medicine,F2E2WX5J,7d6f16b82375b4b0fc2f10f494c5dfc3,OK,downloaded,,,,testing,2026-08-06T22:21:51.080830+00:00
GW43X77W,NCATS; NIAID; NINR,Boring Task / NCATS; Boring Task / NIAID; Boring Task / NINR,Exploring HIV disease indicators at MDR-TB treatment initiation in South Africa.,Geiger,10.5588/ijtld.23.0242,38178293,PMC10915896,2024,The international journal of tuberculosis and lung disease : the official journal of the International Union against Tuberculosis and Lung Disease,UJKFPKGG,48e48e0cae90d6a9618f858487e7c346,OK,downloaded,,,,testing,2026-08-06T22:21:51.592043+00:00
YEGAVXIH,NCATS; NIAID; NIDA,Boring Task / NCATS; Boring Task / NIAID; Boring Task / NIDA,Reducing Opioid Analgesic Prescribing in Dentistry Through Prescribing Defaults: A Cluster-Randomized Controlled Trial.,Bachhuber,10.1093/pm/pnac106,35792881,PMC9825153,2023,"Pain medicine (Malden, Mass.)",IEP53IFR,0a46b746db7ead045fcc2b20c7386c3a,OK,downloaded,,,,testing,2026-08-06T22:21:52.064963+00:00
5VTZH4XF,NCATS; NIAAA; NIAID; NIMH,Boring Task / NCATS; Boring Task / NIAAA; Boring Task / NIAID; Boring Task / NIMH,Maternal HIV does not affect resiliency among uninfected/HIV exposed South African children from birth to 5 years of age.,Rotheram-Borus,10.1097/qad.0000000000002176,31397718,PMC6870979,2019,"AIDS (London, England)",H7F7J4NQ,6261a2a48c98e2439df56f4958bc4483,OK,downloaded,,,,testing,2026-08-06T22:21:52.604246+00:00
DHM24KUP,NCATS; NIAAA; NIAID; NIMH,Boring Task / NCATS; Boring Task / NIAAA; Boring Task / NIAID; Boring Task / NIMH,Intimate Partner Violence and Food Insecurity Predict Early Behavior Problems Among South African Children over 5-years Post-Birth.,Hayati Rezvan,10.1007/s10578-020-01025-1,32683574,PMC8366756,2021,Child psychiatry and human development,XB3XG5UQ,9a8f191d8b88f6b9b6bda5d2144e7c75,OK,downloaded,,,,testing,2026-08-06T22:21:53.055459+00:00
E6UBBT62,NCATS; NIAAA,Boring Task / NCATS; Boring Task / NIAAA,"Implementing an EMR-Based Referral for Smoking Quitline Services with Additional Provider Education, a Cluster-Randomized Trial.",Wadlin,10.1007/s11606-021-07275-6,35260960,PMC9360303,2022,Journal of general internal medicine,4QBZJFZX,742309b6e8657a4567e89142ba04c8fa,OK,downloaded,,,,testing,2026-08-06T22:21:53.591592+00:00
DPWU5QBU,NCATS; NIAAA; NIDA,Boring Task / NCATS; Boring Task / NIAAA; Boring Task / NIDA,Utilizing Soccer for Delivery of HIV and Substance Use Prevention for Young South African Men: 6-Month Outcomes of a Cluster Randomized Controlled Trial.,Rabie,10.1007/s10461-022-03819-x,36380117,PMC9944297,2023,AIDS and behavior,VEBMZ5LN,8b5a57305880173db9027b7c016674b0,OK,downloaded,,,,testing,2026-08-06T22:21:54.112493+00:00
U2EYTRVS,NCATS; NIAAA; NIAID; NIMH,Boring Task / NCATS; Boring Task / NIAAA; Boring Task / NIAID; Boring Task / NIMH,"Maternal depression, alcohol use, and transient effects of perinatal paraprofessional home visiting in South Africa: Eight-year follow-up of a cluster  randomized controlled trial.",Rotheram-Borus,10.1016/j.socscimed.2023.115853,37001280,PMC10121853,2023,Social science & medicine (1982),ZY9AEHX9,72ddcf0a6467acf556f7c77e84e8f39b,OK,downloaded,,,,testing,2026-08-06T22:21:54.615568+00:00
XWGJZU3Y,NCATS; NIAAA; NICHD; NIMHD,Boring Task / NCATS; Boring Task / NIAAA; Boring Task / NICHD; Boring Task / NIMHD,"Reproductive coercion in college health clinic patients: Risk factors, care seeking and perpetration.",Grace,10.1111/jan.15207,35362185,PMC9525448,2023,Journal of advanced nursing,ULYVNPKY,84a8290caad19959298d2afe18ba2e3f,OK,downloaded,,,,testing,2026-08-06T22:21:55.196123+00:00
3BDHTNBA,NCATS; NIAAA; NIMHD,Boring Task / NCATS; Boring Task / NIAAA; Boring Task / NIMHD,Universal Sexual Violence Intervention Effects in a Cluster-Randomized Trial: Moderation by Sexual Orientation.,Coulter,10.1177/08862605241253031,38761368,PMC11570699,2025,Journal of interpersonal violence,8MZYM9JA,87bd31fe8ddf1b3cd16f5eb1d6a9dfee,OK,downloaded,,,,testing,2026-08-06T22:21:55.737559+00:00
XW7ZSTNI,NCATS; NIAAA; NICHD,Boring Task / NCATS; Boring Task / NIAAA; Boring Task / NICHD,Cluster Randomized Trial of a College Health Center Sexual Violence Intervention.,Miller,10.1016/j.amepre.2020.02.007,32362510,PMC7360347,2020,American journal of preventive medicine,R68BXA3B,37ba5d92d8658c72f840401ba805a4ef,OK,downloaded,,,,testing,2026-08-06T22:21:56.285898+00:00
DMXVVNZX,NCATS; NIA,Boring Task / NCATS; Boring Task / NIA,Effectiveness of Shared Decision-making for Diabetes Prevention: 12-Month Results from the Prediabetes Informed Decision and Education (PRIDE) Trial.,Moin,10.1007/s11606-019-05238-6,31471729,PMC6848409,2019,Journal of general internal medicine,DK8ZECF9,6de6b5f1dc269a2ca844dce51a03468b,OK,downloaded,,,,testing,2026-08-06T22:21:56.786885+00:00
L2WZF7QK,NCATS; NIA,Boring Task / NCATS; Boring Task / NIA,A Community Choir Intervention to Promote Well-Being Among Diverse Older Adults: Results From the Community of Voices Trial.,Johnson,10.1093/geronb/gby132,30412233,PMC7328053,2020,"The journals of gerontology. Series B, Psychological sciences and social sciences",N7UF2FFR,87c460608f0c89ee3c5173c10d2376c3,OK,downloaded,,,,testing,2026-08-06T22:21:57.328863+00:00
QSSAN7UI,NCATS; NIA,Boring Task / NCATS; Boring Task / NIA,"Impact of the Out-of-School Nutrition and Physical Activity (OSNAP) Group Randomized Controlled Trial on Children's Food, Beverage, and Calorie Consumption  among Snacks Served.",Lee,10.1016/j.jand.2018.04.011,30055710,PMC7604883,2018,Journal of the Academy of Nutrition and Dietetics,2HXAQAF5,da587952c580c5fac62836dabcbe5936,OK,downloaded,,,,testing,2026-08-06T22:21:57.857731+00:00
4BMKXSKL,NCATS; NIA,Boring Task / NCATS; Boring Task / NIA,Protocol for serious fall injury adjudication in the Strategies to Reduce Injuries and Develop Confidence in Elders (STRIDE) study.,Ganz,10.1186/s40621-019-0190-2,31245263,PMC6582694,2019,Injury epidemiology,8EUXTDEE,39dcccbfe3e63d130620cecf3e8850ae,OK,downloaded,,,,testing,2026-08-06T22:21:58.413183+00:00
VVLUK58Q,NCATS; NIA,Boring Task / NCATS; Boring Task / NIA,Strategies to Reduce Injuries and Develop Confidence in Elders (STRIDE): A Cluster-Randomized Pragmatic Trial of a Multifactorial Fall Injury Prevention  Strategy: Design and Methods.,Bhasin,10.1093/gerona/glx190,29045582,PMC6037050,2018,"The journals of gerontology. Series A, Biological sciences and medical sciences",ZQX8ZHSE,a51f1ff5e001face0c1f01571988d8e2,OK,downloaded,,,,testing,2026-08-06T22:21:59.024578+00:00
7JLBGBF2,NCATS; NIA,Boring Task / NCATS; Boring Task / NIA,Perceptions of Family Decision-makers of Nursing Home Residents With Advanced Dementia Regarding the Quality of Communication Around End-of-Life Care.,Toles,10.1016/j.jamda.2018.05.015,30032997,PMC6165696,2018,Journal of the American Medical Directors Association,NI58PVGW,49e16964d037f8408e4891d9d83a3371,OK,downloaded,,,,testing,2026-08-06T22:21:59.614842+00:00
ZY3258YS,NCATS; NIA,Boring Task / NCATS; Boring Task / NIA,"Screening, Recruitment, and Baseline Characteristics for the Strategies to Reduce Injuries and Develop Confidence in Elders (STRIDE) Study.",Gill,10.1093/gerona/gly076,30020415,PMC6175032,2018,"The journals of gerontology. Series A, Biological sciences and medical sciences",RX5PI8KW,c26d8bef94f4dfe2615bbe6418f06839,OK,downloaded,,,,testing,2026-08-06T22:22:00.060009+00:00
4D23WKWV,NCATS; NIA; NIDDK; NIMHD,Boring Task / NCATS; Boring Task / NIA; Boring Task / NIDDK; Boring Task / NIMHD,Choice of Intensive Lifestyle Change and/or Metformin after Shared Decision Making for Diabetes Prevention: Results from the Prediabetes Informed Decisions  and Education (PRIDE) Study.,Moin,10.1177/0272989x211001279,33813948,PMC8192339,2021,Medical decision making : an international journal of the Society for Medical Decision Making,94TH9TDR,f7ee17bf13d6913299770a99122f3ab1,OK,downloaded,,,,testing,2026-08-06T22:22:00.589409+00:00
9U3H73WR,NCATS; NIA,Boring Task / NCATS; Boring Task / NIA,A case study of ascertainment bias for the primary outcome in the Strategies to Reduce Injuries and Develop Confidence in Elders (STRIDE) trial.,Esserman,10.1177/1740774520980070,33678038,PMC8009806,2021,"Clinical trials (London, England)",9FA5YQRX,d2682f7609b32e310f0c89d1cf9a5263,OK,downloaded,,,,testing,2026-08-06T22:22:01.019427+00:00
ZHYY3GB4,NCATS; NIA,Boring Task / NCATS; Boring Task / NIA,Effect of a Multifactorial Fall Injury Prevention Intervention on Patient Well-Being: The STRIDE Study.,Gill,10.1111/jgs.16854,33037632,PMC8178516,2021,Journal of the American Geriatrics Society,LJED9N2T,3791aef2f87c59f652905e3bc2658ecc,OK,downloaded,"2 PDF attachments, picked highest priority: Full Text PDF; Full Text PDF",,,testing,2026-08-06T22:22:01.505890+00:00
Z3Y2YRT7,NCATS; NIA; NICHD; NIMH; NIMHD; NLM,Boring Task / NCATS; Boring Task / NIA; Boring Task / NICHD; Boring Task / NIMH; Boring Task / NIMHD; Boring Task / NLM,Whole Person Care in Under-resourced Communities: Stakeholder Priorities at Long-Term Follow-Up in Community Partners in Care.,Khodyakov,10.18865/ed.28.s2.371,30202190,PMC6128335,2018,Ethnicity & disease,QPRKZNDQ,994c1c1202203d4608b2521a007cebf6,OK,downloaded,,,,testing,2026-08-06T22:22:02.009825+00:00
4LKPGHIV,NCATS; NIA,Boring Task / NCATS; Boring Task / NIA,Advancing Rehabilitation Paradigms for Older Adults in Skilled Nursing Facilities: An Effectiveness-Implementation Hybrid Type 1 Clinical Trial  Protocol.,Beisheim-Ryan,10.1093/ptj/pzad053,37255325,PMC10506848,2023,Physical therapy,TUE25PNT,0151ceb16869c4403423ce4b12d09697,OK,downloaded,,,,testing,2026-08-06T22:22:02.507417+00:00
VLRW8X99,NCATS; NIA,Boring Task / NCATS; Boring Task / NIA,Resources for Enhancing Alzheimer's Caregiver Health in Vietnam (REACH VN): study protocol for a cluster randomized controlled trial to test the efficacy of a  family dementia caregiver intervention in Vietnam.,Tran,10.1186/s13063-022-06228-6,35534904,PMC9081958,2022,Trials,FRY2NL27,b29ce7f54c8cfb9ee077a8f2453aab3f,OK,downloaded,,,,testing,2026-08-06T22:22:03.004847+00:00
6WVELNZV,NCATS; NIA; NIBIB,Boring Task / NCATS; Boring Task / NIA; Boring Task / NIBIB,Bayesian semi-parametric inference for clustered recurrent events with zero inflation and a terminal event.,Tian,10.1093/jrsssc/qlae003,39072299,PMC11271983,2024,"Journal of the Royal Statistical Society. Series C, Applied statistics",ILKGBZAE,ca90719619ee605e2c954a086ad98343,OK,downloaded,,,,testing,2026-08-06T22:22:03.544136+00:00
ZIW6MP95,NCATS; NIA,Boring Task / NCATS; Boring Task / NIA,The Relationship Between Frailty and Emotional Health in Older Patients with Advanced Cancer.,Gilmore,10.1002/onco.13975,34510642,PMC8649062,2021,The oncologist,6S6PCA4E,1daa0da15c036dba3cc57df9ff811d42,OK,downloaded,,,,testing,2026-08-06T22:22:04.089680+00:00
YVUSKD47,NCATS; NIA,Boring Task / NCATS; Boring Task / NIA,Costs of fall injuries in the STRIDE study: an economic evaluation of healthcare system heterogeneity and heterogeneity of treatment effect.,Ganz,10.1186/s12962-023-00459-3,37533073,PMC10399038,2023,Cost effectiveness and resource allocation : C/E,VFMS48UJ,53342e767bdda45bc9e41afc1fc63139,OK,downloaded,,,,testing,2026-08-06T22:22:04.582517+00:00
TFNCGZP2,NCATS; NIA,Boring Task / NCATS; Boring Task / NIA,Advance Care Planning for African American Caregivers of Relatives With Dementias: Cluster Randomized Controlled Trial.,Bonner,10.1177/1049909120916127,32308012,PMC8443116,2021,The American journal of hospice & palliative care,GXIDYKZJ,e9045d2e37935d4bf81d3974a2b7d47d,OK,downloaded,,,,testing,2026-08-06T22:22:05.034377+00:00
2UTZGV6B,NCATS; NIA,Boring Task / NCATS; Boring Task / NIA,Using Geriatric Assessment to Guide Conversations Regarding Comorbidities Among Older Patients With Advanced Cancer.,Kleckner,10.1200/op.21.00196,34228510,PMC8758128,2022,JCO oncology practice,SDS88VHP,c4716feffbcb9b7ae8cae23da236bc21,OK,downloaded,,,,testing,2026-08-06T22:22:05.508711+00:00
JN7ZXMS6,NCATS; NIA,Boring Task / NCATS; Boring Task / NIA,"Effect of the STRIDE fall injury prevention intervention on falls, fall injuries, and health-related quality of life.",Ganz,10.1111/jgs.17964,35932279,PMC9669115,2022,Journal of the American Geriatrics Society,2WZ7368Z,2f705004cb15594e43cf926cfa98c68c,OK,downloaded,,,,testing,2026-08-06T22:22:06.086937+00:00
CD7WJ33Z,NCATS; NIA; NIDDK; NIMHD,Boring Task / NCATS; Boring Task / NIA; Boring Task / NIDDK; Boring Task / NIMHD,The Effectiveness of Shared Decision-making for Diabetes Prevention: 24- and 36-Month Results From the Prediabetes Informed Decision and Education (PRIDE)  Trial.,Duru,10.2337/dc23-0829,37770039,PMC10698217,2023,Diabetes care,7BP9ZGHV,6b149b0b2dcdd73af07f5d1eb240a2c0,OK,downloaded,"2 PDF attachments, picked highest priority: Submitted Version; Submitted Version",,,testing,2026-08-06T22:22:06.578356+00:00
8EQ6XLKC,NCATS; NIA,Boring Task / NCATS; Boring Task / NIA,Design of Behavioral Economic Applications to Geriatrics Leveraging Electronic Health Records (BEAGLE): A pragmatic cluster randomized controlled trial.,Brown,10.1016/j.cct.2021.106649,34896294,PMC8724916,2022,Contemporary clinical trials,PUFMPGTE,8df6f6b6b0d3a407f0e558fbb7d0f835,OK,downloaded,,,,testing,2026-08-06T22:22:07.051707+00:00
ZHZ7QTSV,NCATS; NIA; NIDDK; NIMHD,Boring Task / NCATS; Boring Task / NIA; Boring Task / NIDDK; Boring Task / NIMHD,Differences in Weight Loss by Race and Ethnicity in the PRIDE Trial: a Qualitative Analysis of Participant Perspectives.,Saju,10.1007/s11606-022-07521-5,35469358,PMC9037581,2022,Journal of general internal medicine,CDUDD68F,5972d6fd4b127e96ec42215b60756c27,OK,downloaded,,,,testing,2026-08-06T22:22:07.547417+00:00
CBXHYRH6,NCATS; NIA,Boring Task / NCATS; Boring Task / NIA,Effect of Hospitalizations on Physical Activity Patterns in Mobility-Limited Older Adults.,Wanigatunga,10.1111/jgs.15631,30452084,PMC6613645,2019,Journal of the American Geriatrics Society,HJC4RG4Q,6f24da620705fc85940e49393765c8dd,OK,downloaded,,,,testing,2026-08-06T22:22:08.069385+00:00
ZJVGPCQS,NCATS; NIA; NIGMS,Boring Task / NCATS; Boring Task / NIA; Boring Task / NIGMS,Balanced Crystalloids versus Saline in Critically Ill Adults.,Semler,10.1056/nejmc1804294,29768150,PMC6570410,2018,The New England journal of medicine,TDTTDZRZ,fe57917f0ed71faf0a3ba32911395bf8,OK,downloaded,,,,testing,2026-08-06T22:22:08.640488+00:00
G9KMBJ6B,NCATS; NIA,Boring Task / NCATS; Boring Task / NIA,Optimizing Retention in a Pragmatic Trial of Community-Living Older Persons: The STRIDE Study.,Gill,10.1111/jgs.16356,32212395,PMC7707554,2020,Journal of the American Geriatrics Society,PPRB97SY,799f4612a3613354d0bc2c75e9b62c29,OK,downloaded,"2 PDF attachments, picked highest priority: Full Text PDF; Full Text PDF",,,testing,2026-08-06T22:22:09.238115+00:00
N2CPTK4J,NCATS; NIA; NINR,Boring Task / NCATS; Boring Task / NIA; Boring Task / NINR,Feasibility of Delivering a Tailored Intervention for Advance Care Planning in Primary Care Practice.,Paiva,10.1111/jgs.16035,31271654,PMC6732008,2019,Journal of the American Geriatrics Society,SD6XLAAJ,8399af1f6ea959cfe465ac0a9affb69e,OK,downloaded,,,,testing,2026-08-06T22:22:09.762505+00:00
ICUMIHA8,NCATS; NIA,Boring Task / NCATS; Boring Task / NIA,Implementation Challenges for a Multisite Advance Care Planning Pragmatic Trial: Lessons Learned.,Sudore,10.1016/j.jpainsymman.2023.04.022,37098388,PMC10358280,2023,Journal of pain and symptom management,JWYVMURY,4684f0349c96fda562716f8eefb9092e,OK,downloaded,,,,testing,2026-08-06T22:22:10.263072+00:00
R5QCW95B,NCATS; NIA,Boring Task / NCATS; Boring Task / NIA,Health equity considerations in pragmatic trials in Alzheimer's and dementia disease: Results from a methodological review.,Nicholls,10.1002/dad2.12392,36777091,PMC9899766,2023,"Alzheimer's & dementia (Amsterdam, Netherlands)",N6KHAH7B,4e9a9613bbef587d03072dfe27fc9c82,OK,downloaded,,,,testing,2026-08-06T22:22:10.775550+00:00
JIKRKTAR,NCATS; NIA,Boring Task / NCATS; Boring Task / NIA,Multi-cultural perspectives on group singing among diverse older adults.,Allison,10.1016/j.gerinurse.2020.07.011,32778434,PMC7738424,2020,"Geriatric nursing (New York, N.Y.)",RX6R7E8S,39e65316c15d7d3d2cf650041392cbf4,OK,downloaded,,,,testing,2026-08-06T22:22:11.218772+00:00
SHZWCASA,NCATS; NIA,Boring Task / NCATS; Boring Task / NIA,Improving Communication in Heart Failure Patient Care.,Goldstein,10.1016/j.jacc.2019.07.058,31558252,PMC7000126,2019,Journal of the American College of Cardiology,HRAH945N,8e14753b56f0d65fb23574bc718a7eb2,OK,downloaded,,,,testing,2026-08-06T22:22:11.666827+00:00
6BN6G6DB,NCATS; NIA,Boring Task / NCATS; Boring Task / NIA,Methodological challenges in pragmatic trials in Alzheimer's disease and related dementias: Opportunities for improvement.,Taljaard,10.1177/17407745211046672,34841910,PMC8847324,2022,"Clinical trials (London, England)",YK24K6V4,15ecd65340a7789e4deb09ee8f5a1833,OK,downloaded,,,,testing,2026-08-06T22:22:12.134149+00:00
K6ICH5QI,NCATS; NIA,Boring Task / NCATS; Boring Task / NIA,Hierarchical Bayesian modeling of heterogeneous outcome variance in cluster randomized trials.,Tong,10.1177/17407745231222018,38197388,PMC11233424,2024,"Clinical trials (London, England)",5WUW8H9G,3393e02f406f5bec71f5abdaffe8608c,OK,downloaded,,,,testing,2026-08-06T22:22:12.630406+00:00
KE4VC9TP,NCATS; NIA,Boring Task / NCATS; Boring Task / NIA,Mindfulness in Motion and Dietary Approaches to Stop Hypertension (DASH) in Hypertensive African Americans.,Wright,10.1111/jgs.16947,33227157,PMC8329944,2021,Journal of the American Geriatrics Society,SV44KFAW,5c075b441ee2d516accb98dad0c38cbe,OK,downloaded,,,,testing,2026-08-06T22:22:13.229483+00:00
NCAJCSS6,NCATS; NIA,Boring Task / NCATS; Boring Task / NIA,A Randomized Trial of a Multifactorial Strategy to Prevent Serious Fall Injuries.,Bhasin,10.1056/nejmoa2002183,32640131,PMC7421468,2020,The New England journal of medicine,GDFY7BDD,51f457595d45dfb9a448302d97fb3f67,OK,downloaded,,,,testing,2026-08-06T22:22:13.788157+00:00
NRBW33RG,NCATS; NIA,Boring Task / NCATS; Boring Task / NIA,Reversing the Cardiac Effects of Sedentary Aging in Middle Age-A Randomized Controlled Trial: Implications For Heart Failure Prevention.,Howden,10.1161/circulationaha.117.030617,29311053,PMC5893372,2018,Circulation,QJ4XQENF,e22a3368cacd879f8986d2ea42b0adb6,OK,downloaded,,,,testing,2026-08-06T22:22:14.347634+00:00
KVYE5RWF,NCATS; NIA; NIGMS,Boring Task / NCATS; Boring Task / NIA; Boring Task / NIGMS,Balanced Crystalloids versus Saline in Critically Ill Adults.,Semler,10.1056/nejmoa1711584,29485925,PMC5846085,2018,The New England journal of medicine,JA6UZV7K,5d222daa027bf72b0818b6fc2cdd4edb,OK,downloaded,"2 PDF attachments, picked highest priority: PMC5846085_PMID29485925.pdf; Full Text PDF",,,testing,2026-08-06T22:22:14.879175+00:00
UW9KRXLA,NCATS,Boring Task / NCATS,Ketamine for acute pain after trauma: the KAPT randomized controlled trial.,Puzio,10.1186/s13063-022-06511-6,35897081,PMC9326146,2022,Trials,ZKAWVDN2,b7c67d4552699cf100dc1d25d7658996,OK,downloaded,,,,testing,2026-08-06T22:22:15.403808+00:00
JJY2QERA,NCATS,Boring Task / NCATS,Effectiveness of a Mouth Care Program Provided by Nursing Home Staff vs Standard Care on Reducing Pneumonia Incidence: A Cluster Randomized Trial.,Zimmerman,10.1001/jamanetworkopen.2020.4321,32558913,PMC7305523,2020,JAMA network open,7GZCADKW,454e546402a40992e65e10c94430777c,OK,downloaded,,,,testing,2026-08-06T22:22:15.947565+00:00
32XV68PT,NCATS,Boring Task / NCATS,Protocol for a cluster-randomized trial of a school-based skin cancer preventive intervention for adolescents.,Wu,10.1016/j.cct.2024.107494,38458557,PMC11065585,2024,Contemporary clinical trials,KMZU889K,ac777172be9f103d5dd2fda73fe187f3,OK,downloaded,,,,testing,2026-08-06T22:22:16.398927+00:00
8B8JBF2G,NCATS,Boring Task / NCATS,"Bright light shows promise in improving sleep, depression, and quality of life in women with breast cancer during chemotherapy: findings of a pilot study.",Wu,10.1080/07420528.2021.1871914,33478260,PMC8106642,2021,Chronobiology international,2RTK66WM,ae35b65fc3251136a0193cda5935d09f,OK,downloaded,,,,testing,2026-08-06T22:22:16.882169+00:00
DIM4NXHD,NCATS,Boring Task / NCATS,Patient and provider perspectives on uptake of a shared decision making intervention for asthma in primary care practices.,Welch,10.1080/02770903.2018.1471703,29927661,PMC6515918,2019,The Journal of asthma : official journal of the Association for the Care of Asthma,J6PE3MML,a0fed43edbc69483ef635717ec712402,OK,downloaded,,,,testing,2026-08-06T22:22:17.480306+00:00
6IKCQB6I,NCATS,Boring Task / NCATS,Direct Delivery of Kidney Transplant Education to Black and Low-Income Patients Receiving Dialysis: A Randomized Controlled Trial.,Waterman,10.1053/j.ajkd.2019.03.430,31227225,PMC6815244,2019,American journal of kidney diseases : the official journal of the National Kidney Foundation,N45QLPSY,7627026eec64465114ecaa9acd92a73a,OK,downloaded,,,,testing,2026-08-06T22:22:17.968135+00:00
HWIHW46R,NCATS,Boring Task / NCATS,Home-based records and vaccination appointment stickers as parental reminders to reduce vaccination dropout in Indonesia: A cluster-randomized controlled trial.,Wallace,10.1016/j.vaccine.2019.09.040,31564451,PMC7005856,2019,Vaccine,BFTAMBB5,a7c6f85742e4105e95891ba3de512d02,OK,downloaded,,,,testing,2026-08-06T22:22:18.518928+00:00
89GDG8X4,NCATS,Boring Task / NCATS,Socio-demographic predictors of gender inequality among heterosexual couples expecting a child in south-central Uganda.,Vrana-Diaz,10.4314/ahs.v20i3.23,33402966,PMC7751526,2020,African health sciences,IV9LIZE2,57bcd3c999fa5944347bfb227d80a881,OK,downloaded,,,,testing,2026-08-06T22:22:19.011631+00:00
HVQZM447,NCATS,Boring Task / NCATS,UVR-sensor wearable device intervention to improve sun behaviors and reduce sunburns in melanoma survivors: study protocol of a parallel-group randomized  controlled trial.,Vogel,10.1186/s13063-020-04881-3,33228807,PMC7682122,2020,Trials,RE7EWLC4,887d1c3e4b84fdfe7418b31b19eac8ad,OK,downloaded,,,,testing,2026-08-06T22:22:19.539736+00:00
DH6IG7JY,NCATS,Boring Task / NCATS,A Cluster-Randomized Trial of Blood-Pressure Reduction in Black Barbershops.,Victor,10.1056/nejmoa1717250,29527973,PMC6018053,2018,The New England journal of medicine,Z85JZU6X,58a6e553b681741820dd765b99b7c318,OK,downloaded,,,,testing,2026-08-06T22:22:20.103279+00:00
S3NDM3VQ,NCATS,Boring Task / NCATS,Sustainability of Blood Pressure Reduction in Black Barbershops.,Victor,10.1161/circulationaha.118.038165,30592662,PMC6917481,2019,Circulation,EHI2XC85,4a4b131ded24e053302b354b9213c266,OK,downloaded,,,,testing,2026-08-06T22:22:20.606146+00:00
LN9XGGNE,NCATS,Boring Task / NCATS,An ADaptivE PrenaTal (ADEPT) intervention to increase childhood vaccinations: Protocol for a cluster randomized trial and nested mixed methods evaluation.,Vasudevan,10.1371/journal.pone.0313742,39570957,PMC11581330,2024,PloS one,8TUW277Q,447df6c304827027f30f2b67298b7976,OK,downloaded,,,,testing,2026-08-06T22:22:21.179418+00:00
ZFIWZ2T8,NCATS,Boring Task / NCATS,Can educational videos reduce opioid consumption in trauma inpatients? A cluster-randomized pilot study.,Tseng,10.1097/ta.0000000000003174,33797489,PMC8487055,2021,The journal of trauma and acute care surgery,WD7SXI2Z,c1efa357608ab88d5f1b66e3066b18ce,OK,downloaded,,,,testing,2026-08-06T22:22:21.622562+00:00
NEFAHCCF,NCATS,Boring Task / NCATS,Applying Clinical Decision Support Design Best Practices With the Practical Robust Implementation and Sustainability Model Versus Reliance on Commercially  Available Clinical Decision Support Tools: Randomized Controlled Trial.,Trinkley,10.2196/24359,33749610,PMC8077777,2021,JMIR medical informatics,LL2PQTR7,1c6a8abf8e329105828b8a1abe0de548,OK,downloaded,,,,testing,2026-08-06T22:22:22.066711+00:00
ZZBZ73CA,NCATS,Boring Task / NCATS,Protocol for a Cluster Randomized Trial Comparing Team-Based to Clinician-Focused Implementation of Advance Care Planning in Primary Care.,Totten,10.1089/jpm.2019.0117,31486729,PMC7366267,2019,Journal of palliative medicine,DZTXYC3C,b4362d290a6046891fc92c91fb394b69,OK,downloaded,,,,testing,2026-08-06T22:22:22.558612+00:00
KHXDLKXP,NCATS,Boring Task / NCATS,Protocol for a parallel cluster randomized trial of a participatory tailored approach to reduce overuse of antibiotics at hospital discharge: the ROAD home  trial.,Szymczak,10.1186/s13012-024-01348-w,38439076,PMC10910678,2024,Implementation science : IS,DES8KBRN,4c4735c6d68e6decfcae4ab73aa26140,OK,downloaded,,,,testing,2026-08-06T22:22:23.020385+00:00
TWYU2VCY,NCATS,Boring Task / NCATS,Effect of Training Pediatric Clinicians in Human Papillomavirus Communication Strategies on Human Papillomavirus Vaccination Rates: A Cluster Randomized  Clinical Trial.,Szilagyi,10.1001/jamapediatrics.2021.0766,34028494,PMC8145158,2021,JAMA pediatrics,IQ6B5FGV,45bf94e81ab1d9298ada3324ccca1d6c,OK,downloaded,,,,testing,2026-08-06T22:22:23.735587+00:00
VXKNB5DX,NCATS,Boring Task / NCATS,"Successful Trial of Practice Facilitation for Plan, Do, Study, Act Quality Improvement.",Sutton,10.3122/jabfm.2021.05.210140,34535524,PMC8571730,2021,Journal of the American Board of Family Medicine : JABFM,8GTACGEH,272cb3e04608229476e0f317e8d2e967,OK,downloaded,,,,testing,2026-08-06T22:22:24.230587+00:00
GK5PNH95,NCATS,Boring Task / NCATS,Protocol for two-arm pragmatic cluster randomized hybrid implementation-effectiveness trial comparing two education strategies for  improving the uptake of noninvasive ventilation in patients with severe COPD  exacerbation.,Stefan,10.1186/s43058-020-00028-2,32435762,PMC7223919,2020,Implementation science communications,C94B7Y2Q,955f3ac31f904d3d736cc85735bf9ee0,OK,downloaded,,,,testing,2026-08-06T22:22:24.766744+00:00
PF926P8I,NCATS,Boring Task / NCATS,"Cluster identification, selection, and description in cluster randomized crossover trials: the PREP-IT trials.",Sprague,10.1186/s13063-020-04611-9,32787892,PMC7425374,2020,Trials,VDAPVJ2H,54e70efde5db9fdd7705da397924fd7e,OK,downloaded,,,,testing,2026-08-06T22:22:25.362602+00:00
NBXU2V3D,NCATS,Boring Task / NCATS,A Randomized Clinical Trial Testing Hydroxychloroquine for Reduction of SARS-CoV-2 Viral Shedding and Hospitalization in Early Outpatient COVID-19  Infection.,Spivak,10.1128/spectrum.04674-22,36861976,PMC10101001,2023,Microbiology spectrum,CPP3QIWE,1cd248367da8cbdac179e0f08601438f,OK,downloaded,,,,testing,2026-08-06T22:22:25.940350+00:00
TKJKYTEA,NCATS,Boring Task / NCATS,Effectiveness and cost-effectiveness of online recorded recovery narratives in improving quality of life for people with non-psychotic mental health problems: a  pragmatic randomized controlled trial.,Slade,10.1002/wps.21176,38214639,PMC10785987,2024,World psychiatry : official journal of the World Psychiatric Association (WPA),Q7SLUZ2H,e221a1a6b6a15aa81770c993fa5dc898,OK,downloaded,,,,testing,2026-08-06T22:22:26.435314+00:00
IRZK5FR3,NCATS,Boring Task / NCATS,"Implementation of guppy fish (Poecilia reticulata), and a novel larvicide (Pyriproxyfen) product (Sumilarv 2MR) for dengue control in Cambodia: A  qualitative study of acceptability, sustainability and community engagement.",Shafique,10.1371/journal.pntd.0007907,31738759,PMC6886868,2019,PLoS neglected tropical diseases,VPZD9JEH,897a485469f0c93ee87d453e152eead2,OK,downloaded,,,,testing,2026-08-06T22:22:26.971729+00:00
N35XJ5YV,NCATS,Boring Task / NCATS,Oxygen-Saturation Targets for Critically Ill Adults Receiving Mechanical Ventilation.,Semler,10.1056/nejmoa2208415,36278971,PMC9724830,2022,The New England journal of medicine,K6QH9UVW,2ea8a136b6f21354aa6978c9d5144074,OK,downloaded,,,,testing,2026-08-06T22:22:27.538107+00:00
HA58JB25,NCATS,Boring Task / NCATS,Clinical Effects of Balanced Crystalloids vs Saline in Adults With Diabetic Ketoacidosis: A Subgroup Analysis of Cluster Randomized Clinical Trials.,Self,10.1001/jamanetworkopen.2020.24596,33196806,PMC7670314,2020,JAMA network open,2UT6V7P7,1c76a73e01d879fc566cd8955dc62e5d,OK,downloaded,,,,testing,2026-08-06T22:22:28.045897+00:00
AASG5VBF,NCATS,Boring Task / NCATS,Protocol and Statistical Analysis Plan for the Mode of Ventilation During Critical Illness (MODE) Trial.,Seitz,10.1016/j.chstcc.2023.100033,38742219,PMC11090486,2024,CHEST critical care,5NJUSQG8,2e8ee7fff70497af55005f80f2bd7f8d,OK,downloaded,,,,testing,2026-08-06T22:22:28.500162+00:00
PNP8QPID,NCATS,Boring Task / NCATS,"Adjunctive dietary intervention for bipolar disorder: a randomized, controlled, parallel-group, modified double-blinded trial of a high n-3 plus low n-6 diet.",Saunders,10.1111/bdi.13112,34218509,PMC9157563,2022,Bipolar disorders,TRXIXZMT,675c94e2039389d078c8695324adc09e,OK,downloaded,,,,testing,2026-08-06T22:22:28.950002+00:00
89W3LEVE,NCATS,Boring Task / NCATS,N-of-1 trials: The epitome of personalized medicine?,Samuel,10.1017/cts.2023.583,37528940,PMC10388431,2023,Journal of clinical and translational science,EML6ZRLD,44110a3d4ab936037076b32b4468211d,OK,downloaded,,,,testing,2026-08-06T22:22:29.493540+00:00
KHHFUXBI,NCATS,Boring Task / NCATS,"The Head and Neck Survivorship Tool (HN-STAR) Trial (WF-1805CD): A protocol for a cluster-randomized, hybrid effectiveness-implementation, pragmatic trial to  improve the follow-up care of head and neck cancer survivors.",Salz,10.1016/j.cct.2021.106448,34023515,PMC8543489,2021,Contemporary clinical trials,7ZAU2DW9,b8e84ee6c6eb785aa6e343fb3f55d252,OK,downloaded,,,,testing,2026-08-06T22:22:29.963752+00:00
W5SJQNSX,NCATS,Boring Task / NCATS,Did awarding badges increase data sharing in BMJ Open? A randomized controlled trial.,Rowhani-Farid,10.1098/rsos.191818,32269804,PMC7137948,2020,Royal Society open science,Q8C5DYKW,52a34650e04cd30afd15278dc86b3e8f,OK,downloaded,,,,testing,2026-08-06T22:22:30.534935+00:00
8YQN99UA,NCATS,Boring Task / NCATS,Study protocol: a cluster randomized trial to evaluate the effectiveness and implementation of onsite GeneXpert testing at community health centers in Uganda  (XPEL-TB).,Reza,10.1186/s13012-020-00988-y,32316993,PMC7171793,2020,Implementation science : IS,RDI2AE4R,3f84fc02f0e455ddc2695ba65c2c11ca,OK,downloaded,,,,testing,2026-08-06T22:22:31.088524+00:00
CSI9YBL2,NCATS,Boring Task / NCATS,A mHealth intervention to preserve and promote ideal cardiovascular health in college students: Design and protocol of a cluster randomized controlled trial.,Pfammatter,10.1016/j.cct.2020.106162,33038506,PMC7686283,2020,Contemporary clinical trials,IIRJAHBB,29e7cc7bed24e4a88c3228a94c2f4ae1,OK,downloaded,,,,testing,2026-08-06T22:22:31.608253+00:00
PDUGS7DP,NCATS,Boring Task / NCATS,"A cluster randomized controlled trial for a multi-level, clinic-based smoking cessation program with women in Appalachian communities: study protocol for the  ""Break Free"" program.",Patterson,10.1186/s13722-022-00295-5,35164857,PMC8842942,2022,Addiction science & clinical practice,WKAIRPCL,4719a6edbed65bd212db8a09b2218358,OK,downloaded,,,,testing,2026-08-06T22:22:32.057293+00:00
TZAGY4NU,NCATS,Boring Task / NCATS,A randomized study to prevent lymphedema in women treated for breast cancer: CALGB 70305 (Alliance).,Paskett,10.1002/cncr.33183,33079411,PMC7790907,2021,Cancer,5R5TJWPV,b2f89358a58bae164d629115b379c294,OK,downloaded,,,,testing,2026-08-06T22:22:32.687483+00:00
CM3Z8D7D,NCATS,Boring Task / NCATS,A Group Randomized Trial to Reduce Obesity among Appalachian Church Members: The Walk by Faith Study.,Paskett,10.1158/1055-9965.epi-17-1085,30337343,PMC6214791,2018,"Cancer epidemiology, biomarkers & prevention : a publication of the American Association for Cancer Research, cosponsored by the American Society of  Preventive Oncology",UPK7C8MA,cd7753bb71d06f0e615a446d63df7e9f,OK,downloaded,,,,testing,2026-08-06T22:22:33.101033+00:00
H2EMVC97,NCATS,Boring Task / NCATS,Robotic versus Electromagnetic bronchoscopy for pulmonary LesIon AssessmeNT: the RELIANT pragmatic randomized trial.,Paez,10.1186/s13063-023-07863-3,38243291,PMC10797863,2024,Trials,EF3G9JNX,4df0a3e4bc3fcdd8cfc7407df052c401,OK,downloaded,,,,testing,2026-08-06T22:22:33.652250+00:00
4BDJUXEZ,NCATS,Boring Task / NCATS,Design of the Reducing Diagnostic Error to Improve Patient Safety (REDEfINE) in COPD and asthma study: A cluster randomized comparative effectiveness trial.,Pacheco,10.1016/j.cct.2022.106971,36280032,,2022,Contemporary clinical trials,V9I36K9N,31165184d79c98d1feb5da37c686a3d5,OK,downloaded,,,,testing,2026-08-06T22:22:34.230990+00:00
MX3VF3WN,NCATS,Boring Task / NCATS,"Effectiveness of a community-based education and peer support led by women's self-help groups in improving the control of hypertension in urban slums of  Kerala, India: a cluster randomised controlled pragmatic trial.",P Suseela,10.1136/bmjgh-2022-010296,36384950,PMC9670931,2022,BMJ global health,SWBIFQKQ,8df8c96ce6aebc143a3e4e79cd3f2f38,OK,downloaded,,,,testing,2026-08-06T22:22:34.772687+00:00
BF5KCURR,NCATS,Boring Task / NCATS,Evaluating performance of covariate-constrained randomization (CCR) techniques under misspecification of cluster-level variables in cluster-randomized trials.,Organ,10.1016/j.conctc.2021.100754,33732943,PMC7941091,2021,Contemporary clinical trials communications,VB9SP6X2,cc1121eb863b88cabddf37022783ec84,OK,downloaded,,,,testing,2026-08-06T22:22:35.222081+00:00
QZDGZRAB,NCATS,Boring Task / NCATS,Knowledge of Norovirus and Attitudes toward a Potential Norovirus Vaccine in Rural Guatemala: A Cross-Sectional Exploratory Survey.,Olson,10.4269/ajtmh.17-0771,29582734,PMC5953375,2018,The American journal of tropical medicine and hygiene,J6G6UQ5Q,7b7543af2d761bb827734620f75e2221,OK,downloaded,,,,testing,2026-08-06T22:22:35.699379+00:00
7SKQM2BG,NCATS,Boring Task / NCATS,"Effects of NGM282, an FGF19 variant, on colonic transit and bowel function in functional constipation: a randomized phase 2 trial.",Oduyebo,10.1038/s41395-018-0042-7,29717197,,2018,The American journal of gastroenterology,NGD5FW93,7d2c9896ef480cde415dca3df1b28719,OK,downloaded,,,,testing,2026-08-06T22:22:36.088558+00:00
88MUVGL7,NCATS,Boring Task / NCATS,Strategies to improve the recruitment and retention of underserved children and families in clinical trials: A case example of a school-supervised asthma therapy  pilot.,O'Donoghue,10.1016/j.cct.2022.106884,35995130,PMC9489677,2022,Contemporary clinical trials,D48I7HR6,05592087251e58b84f087ada4b4db43c,OK,downloaded,,,,testing,2026-08-06T22:22:36.668765+00:00
33G3JZ96,NCATS,Boring Task / NCATS,The Coordination Toolkit and Coaching Project: Cluster-Randomized Quality Improvement Initiative to Improve Patient Experience of Care Coordination.,Noël,10.1007/s11606-021-06926-y,34109545,PMC8739408,2022,Journal of general internal medicine,YIVTIMBM,ed283b2e118165fb8dc6c73f6483f09d,OK,downloaded,,,,testing,2026-08-06T22:22:37.427539+00:00
DS3N5HLD,NCATS,Boring Task / NCATS,"Study protocol testing toolkit versus usual care for implementation of screening, brief intervention, referral to treatment in hospitals: a phased cluster  randomized approach.",Newhouse,10.1186/s13722-018-0130-4,30587235,PMC6307302,2018,Addiction science & clinical practice,IJZJ7CHM,061ece9743220ef4db0123f1b1ef2319,OK,downloaded,,,,testing,2026-08-06T22:22:38.014112+00:00
M46JBV2K,NCATS,Boring Task / NCATS,Health-related quality of life outcomes for the LEAP study-CALGB 70305 (Alliance): A lymphedema prevention intervention trial for newly diagnosed breast  cancer patients.,Naughton,10.1002/cncr.33184,33079393,PMC7790999,2021,Cancer,H5WQA9WS,fa307128dd99ea307c2a7ccc8c43953b,OK,downloaded,,,,testing,2026-08-06T22:22:38.562397+00:00
LWBEKQXY,NCATS,Boring Task / NCATS,Association of Race and Ethnicity with Sedation Management in Pediatric Intensive Care.,Natale,10.1513/annalsats.201912-872oc,32776853,PMC7780975,2021,Annals of the American Thoracic Society,D95HGKNH,09c631607b0d77dd2ef9ad4cb7ad4df3,OK,downloaded,,,,testing,2026-08-06T22:22:39.080742+00:00
IIM5LTHQ,NCATS,Boring Task / NCATS,A Group Randomized Intervention Trial Increases Participation in the School Breakfast Program in 16 Rural High Schools in Minnesota.,Nanney,10.1016/j.jand.2018.12.007,30772298,PMC6536323,2019,Journal of the Academy of Nutrition and Dietetics,XC683ERM,193841aef3d28e20fa0baf67290d00d9,OK,downloaded,,,,testing,2026-08-06T22:22:39.577231+00:00
TDLGKW2I,NCATS,Boring Task / NCATS,Design and pilot implementation for the BETTER CARE-HF trial: A pragmatic cluster-randomized controlled trial comparing two targeted approaches to  ambulatory clinical decision support for cardiologists.,Mukhopadhyay,10.1016/j.ahj.2022.12.016,36640860,PMC10023424,2023,American heart journal,KGC7VZZC,3202d18abbef36f9b5e80f795d0f8fd4,OK,downloaded,,,,testing,2026-08-06T22:22:40.125458+00:00
4GPSLLBZ,NCATS,Boring Task / NCATS,Cluster-Randomized Trial Comparing Ambulatory Decision Support Tools to Improve Heart Failure Care.,Mukhopadhyay,10.1016/j.jacc.2023.02.005,36882134,PMC10807493,2023,Journal of the American College of Cardiology,5577S6S8,dd92afe05a4103260ed422f37f791f4e,OK,downloaded,,,,testing,2026-08-06T22:22:40.568798+00:00
3VCQS3N8,NCATS,Boring Task / NCATS,Impact of Visit Volume on the Effectiveness of Electronic Tools to Improve Heart Failure Care.,Mukhopadhyay,10.1016/j.jchf.2023.11.002,38043045,PMC12290891,2024,JACC. Heart failure,FN6P57SR,f5108a687dfe996cb59bdaea5973e3b3,OK,downloaded,,,,testing,2026-08-06T22:22:41.067428+00:00
E6V7F5MM,NCATS,Boring Task / NCATS,The PRogram In Support of Moms (PRISM): study protocol for a cluster randomized controlled trial of two active interventions addressing perinatal depression in  obstetric settings.,Moore Simas,10.1186/s12884-019-2387-3,31331292,PMC6647165,2019,BMC pregnancy and childbirth,2U33ZSUA,29664df8ec5f01fdacb02d494ccb71a1,OK,downloaded,,,,testing,2026-08-06T22:22:41.682124+00:00
ZM7AIX3U,NCATS,Boring Task / NCATS,"Drinking Water Chlorination Impact on Fecal Carriage of Extended-Spectrum Beta-Lactamase-Producing Enterobacteriaceae in Bangladeshi Children in a  Double-Blind, Cluster-Randomized Controlled Trial.",Montealegre,10.1289/ehp11359,36416733,PMC9683094,2022,Environmental health perspectives,NIJTXQ57,3eafa05da3f058f34b1e41c8d3ae8513,OK,downloaded,,,,testing,2026-08-06T22:22:42.180363+00:00
Q9GGM5MW,NCATS,Boring Task / NCATS,Saline versus Balanced Crystalloids for Adults with Aneurysmal Subarachnoid Hemorrhage: A Subgroup Analysis of the SMART Trial.,Mistry,10.1161/svin.121.000128,36186896,PMC9518828,2022,"Stroke (Hoboken, N.J.)",BPKPNCZZ,08bea8c4f0a601bfb0390034644f336d,OK,downloaded,,,,testing,2026-08-06T22:22:42.744480+00:00
9PCK7ZJR,NCATS,Boring Task / NCATS,Implementing stratified care for acute low back pain in primary care using the STarT Back instrument: a process evaluation within the context of a large  pragmatic cluster randomized trial.,Middleton,10.1186/s12891-020-03800-6,33238964,PMC7689997,2020,BMC musculoskeletal disorders,T52Y6YFW,ec48b2da156f3eff8a86226c06dcbae3,OK,downloaded,,,,testing,2026-08-06T22:22:43.261452+00:00
FNXTTHPU,NCATS,Boring Task / NCATS,Understanding Perinatal Depression Care Gaps by Examining Care Access and Barriers in Perinatal Individuals With and Without Psychiatric History.,McNicholas,10.1089/jwh.2022.0306,37582274,PMC10541927,2023,Journal of women's health (2002),BKSEMQ2A,3d6b5d45d9fdd02b07723de44dc327a7,OK,downloaded,,,,testing,2026-08-06T22:22:43.856505+00:00
ILM7XYYC,NCATS,Boring Task / NCATS,A Cluster Randomized Controlled Trial Comparing Diabetes Prevention Program Interventions for Overweight/Obese Marshallese Adults.,McElfish,10.1177/00469580231152051,36799349,PMC9940234,2023,"Inquiry : a journal of medical care organization, provision and financing",6LHZC9QW,a5d60e13d03a8883913d4d99610da0dd,OK,downloaded,,,,testing,2026-08-06T22:22:44.312009+00:00
SUMBGHKJ,NCATS,Boring Task / NCATS,Continued impact of COVID-19 pandemic on clinical and translational science early-career researchers.,Mayowski,10.1017/cts.2022.511,36755533,PMC9879910,2023,Journal of clinical and translational science,F7PQ74V2,665d8ae1b07c69565ce3f9b212567abd,OK,downloaded,,,,testing,2026-08-06T22:22:44.798379+00:00
C4LPB4UC,NCATS,Boring Task / NCATS,Effect of a Co-Located Bridging Recovery Initiative on Hospital Length of Stay Among Patients With Opioid Use Disorder: The BRIDGE Randomized Clinical Trial.,Marcovitz,10.1001/jamanetworkopen.2023.56430,38411964,PMC10900965,2024,JAMA network open,RP3CQGUI,b6cca43f7a7de299687a79f699283c38,OK,downloaded,,,,testing,2026-08-06T22:22:45.353925+00:00
UI69ZQS2,NCATS,Boring Task / NCATS,Payment strategies for behavioral health integration in hospital-affiliated and non-hospital-affiliated primary care practices.,Ma,10.1093/tbm/ibac053,35880768,PMC9385119,2022,Translational behavioral medicine,V88WHZBM,98d3a82059f192990186239a97ca660f,OK,downloaded,,,,testing,2026-08-06T22:22:45.881097+00:00
UFUT48WX,NCATS,Boring Task / NCATS,Early Palliative Care Consultation in the Medical ICU: A Cluster Randomized Crossover Trial.,Ma,10.1097/ccm.0000000000004016,31609772,PMC6861688,2019,Critical care medicine,IDW8UIIV,ed636571b387b22be9a3fb9a4094393e,OK,downloaded,,,,testing,2026-08-06T22:22:46.385215+00:00
TTDNBXDB,NCATS,Boring Task / NCATS,"Implementation of a Transitional Care Model for Stroke: Perspectives From Frontline Clinicians, Administrators, and COMPASS-TC Implementation Staff.",Lutz,10.1093/geront/gnaa029,32275060,PMC7427484,2020,The Gerontologist,UB7EP983,5f27c4f73316627648d93ec4efffcfb4,OK,downloaded,,,,testing,2026-08-06T22:22:46.954667+00:00
H68FRUQK,NCATS,Boring Task / NCATS,Asthma dissemination around patient-centered treatments in North Carolina (ADAPT-NC): a cluster randomized control trial evaluating dissemination of an  evidence-based shared decision-making intervention for asthma management.,Ludden,10.1080/02770903.2018.1514630,30252544,PMC6456434,2019,The Journal of asthma : official journal of the Association for the Care of Asthma,IK9SIWK5,21812e92ffd77c726e3a59b1544d7124,OK,downloaded,,,,testing,2026-08-06T22:22:47.452350+00:00
5G5828ED,NCATS,Boring Task / NCATS,An overview of optimal designs under a given budget in cluster randomized trials with a binary outcome.,Liu,10.1177/09622802231172026,37284817,PMC11020688,2023,Statistical methods in medical research,F89HBLPG,afc6c80349a6639ae42d195a816d9b1c,OK,downloaded,,,,testing,2026-08-06T22:22:47.986207+00:00
J2RUD3YQ,NCATS,Boring Task / NCATS,Integrating behavioral health & primary care for multiple chronic diseases: Clinical trial of a practice redesign toolkit.,Littenberg,10.1370/afm.20.s1.2679,36693208,PMC10548902,2022,Annals of family medicine,U2Z6EX7H,6e5a0b905b0b4fa390fc485a0fbbe77c,OK,downloaded,,,,testing,2026-08-06T22:22:48.566567+00:00
HP652Y5Y,NCATS,Boring Task / NCATS,A Cluster Randomized Trial of Primary Care Practice Redesign to Integrate Behavioral Health for Those Who Need It Most: Patients With Multiple Chronic  Conditions.,Littenberg,10.1370/afm.3027,38012036,PMC10681692,2023,Annals of family medicine,63P447ZQ,8f8d78a7a5ce793e24b0a5c9264e353a,OK,downloaded,,,,testing,2026-08-06T22:22:49.101273+00:00
C58EBKSW,NCATS,Boring Task / NCATS,Sample size and power considerations for cluster randomized trials with count outcomes subject to right truncation.,Li,10.1002/bimj.202000230,33751620,PMC9132617,2021,Biometrical journal. Biometrische Zeitschrift,Q5A2KF86,f3b3367ea97e6b93e31388d109a54c90,OK,downloaded,,,,testing,2026-08-06T22:22:49.649416+00:00
2BU5VVAS,NCATS,Boring Task / NCATS,Effectiveness of training physical therapists in pain neuroscience education for patients with chronic spine pain: a cluster-randomized trial.,Lane,10.1097/j.pain.0000000000002436,34354017,PMC8816964,2022,Pain,7ANP49XW,aa96eb1574f1cbd2908eaa6d9533b68b,OK,downloaded,,,,testing,2026-08-06T22:22:50.180268+00:00
JK3IKY2R,NCATS,Boring Task / NCATS,The effectiveness of training physical therapists in pain neuroscience education on patient reported outcomes for patients with chronic spinal pain: a study  protocol for a cluster randomized controlled trial.,Lane,10.1186/s12891-018-2269-2,30360762,PMC6203285,2018,BMC musculoskeletal disorders,5ZD45657,576991ae4f1e0dfd912289dfe08d9214,OK,downloaded,,,,testing,2026-08-06T22:22:50.667946+00:00
NG593I6Q,NCATS,Boring Task / NCATS,Research and Scholarly Methods: Implementation Science Studies.,Kuo,10.1002/jac5.1673,36212610,PMC9534307,2022,Journal of the American College of Clinical Pharmacy : JACCP,ZH7EN7MI,49348aea157e536154b98d9d1a3cdeb0,OK,downloaded,,,,testing,2026-08-06T22:22:51.194787+00:00
Y729FR8I,NCATS,Boring Task / NCATS,A Multifaceted Implementation Strategy to Increase Out-of-Office Blood Pressure Monitoring: The EMBRACE Cluster Randomized Clinical Trial.,Kronish,10.1001/jamanetworkopen.2023.34646,37747734,PMC10520739,2023,JAMA network open,7KZIDCV3,4b06630da1cd61235db618ebca255511,OK,downloaded,,,,testing,2026-08-06T22:22:51.674939+00:00
6W27JB54,NCATS,Boring Task / NCATS,Enhanced care planning and clinical-community linkages versus usual care to address basic needs of patients with multiple chronic conditions: a  clinician-level randomized controlled trial.,Krist,10.1186/s13063-020-04463-3,32527322,PMC7291479,2020,Trials,X2465336,92c9dd133c67be72d69882eab23443bf,OK,downloaded,,,,testing,2026-08-06T22:22:52.206831+00:00
6RHP4S6L,NCATS,Boring Task / NCATS,Accelerating guideline dissemination in nursing homes during the COVID-19 pandemic: A patient-centered randomized controlled trial.,Kraschnewski,10.1016/j.gerinurse.2023.04.013,37167902,PMC10126215,2023,"Geriatric nursing (New York, N.Y.)",QBUVP4Z7,0ebe50e8f563b81e12509131aed5d4f8,OK,downloaded,,,,testing,2026-08-06T22:22:52.778823+00:00
U8P5HEK7,NCATS,Boring Task / NCATS,"The Effects of Multiple Micronutrient Fortified Beverage and Responsive Caregiving Interventions on Early Childhood Development, Hemoglobin, and Ferritin  among Infants in Rural Guatemala.",Kowalski,10.3390/nu15092062,37432191,PMC10181059,2023,Nutrients,PFGU762G,feb5b106c8c80ef9d2ebe40d222f271a,OK,downloaded,,,,testing,2026-08-06T22:22:53.275487+00:00
T9H8ETCZ,NCATS,Boring Task / NCATS,HIV Oral Self-Testing for Male Partners of Women Attending Antenatal Care in Central Uganda: Uptake of Testing and Linkage to Care in a Randomized Trial.,Korte,10.1097/qai.0000000000002341,32168168,,2020,Journal of acquired immune deficiency syndromes (1999),A7RF78T9,c7a4d8adcad2d97eb16d2b5007ade81d,OK,downloaded,,,,testing,2026-08-06T22:22:53.783068+00:00
CGS6PQM6,NCATS,Boring Task / NCATS,Embedded emergency department physical therapy versus usual care for acute low back pain: a protocol for the NEED-PT randomised trial.,Kim,10.1136/bmjopen-2022-061283,35613820,PMC9131058,2022,BMJ open,FK2ITB4A,0ab4c4b7cbbb3951f792e653e9ad242a,OK,downloaded,,,,testing,2026-08-06T22:22:54.323415+00:00
7DY25RVX,NCATS,Boring Task / NCATS,Effect of a Community Health Worker-Based Approach to Integrated Cardiovascular Risk Factor Control in India: A Cluster Randomized Controlled Trial.,Khetan,10.1016/j.gheart.2019.08.003,31523014,PMC7358973,2019,Global heart,SHC6365F,aa34658a039eeaee673a915deabb2c11,OK,downloaded,,,,testing,2026-08-06T22:22:54.770626+00:00
6H5A9EG9,NCATS,Boring Task / NCATS,Preprocedural Ultrasound for Infant Lumbar Puncture: A Randomized Clinical Trial.,Kessler,10.1111/acem.13429,29645365,PMC6133764,2018,Academic emergency medicine : official journal of the Society for Academic Emergency Medicine,4L3JGA5U,8cdfd8712e3c177ef8837e9d70179bc3,OK,downloaded,,,,testing,2026-08-06T22:22:55.399639+00:00
JFH6M24C,NCATS,Boring Task / NCATS,Primary Care Cluster RCT to Increase Diabetes Prevention Program Referrals.,Keck,10.1016/j.amepre.2020.02.008,32418801,PMC7346283,2020,American journal of preventive medicine,7DJ27VQP,c331b8542db5b2b83724d7d438711204,OK,downloaded,,,,testing,2026-08-06T22:22:55.827718+00:00
JYDPXACQ,NCATS,Boring Task / NCATS,Contribution of Relapse-Independent Progression vs Relapse-Associated Worsening to Overall Confirmed Disability Accumulation in Typical Relapsing Multiple  Sclerosis in a Pooled Analysis of 2 Randomized Clinical Trials.,Kappos,10.1001/jamaneurol.2020.1568,32511687,PMC7281382,2020,JAMA neurology,GZESZ5SE,5546fd61e8015c3f35c6a1f65b44adcb,OK,downloaded,,,,testing,2026-08-06T22:22:56.307265+00:00
NV98K9JW,NCATS,Boring Task / NCATS,"A randomized, controlled study to evaluate the efficacy of intra-articular, autologous adipose tissue injections for the treatment of mild-to-moderate knee  osteoarthritis compared to hyaluronic acid: a study protocol.",Jones,10.1186/s12891-018-2300-7,30355323,PMC6201482,2018,BMC musculoskeletal disorders,66WUV9MZ,1d1c0a0ac139dd7c52bda1057f86d826,OK,downloaded,,,,testing,2026-08-06T22:22:56.786554+00:00
Z3NEV3AG,NCATS,Boring Task / NCATS,Randomized evaluation of decision support interventions for atrial fibrillation: Rationale and design of the RED-AF study.,Jones,10.1016/j.ahj.2022.02.010,35218727,PMC11348720,2022,American heart journal,GS24DF9P,1c666b795fb954d4598525292312897f,OK,downloaded,,,,testing,2026-08-06T22:22:57.371913+00:00
2BYWH8DR,NCATS,Boring Task / NCATS,Examining Participant Dosage and Skill Utilization Associated with Receipt of a Perinatal Depression Preventive Intervention.,Johnson,10.1007/s11121-022-01395-z,35986131,,2022,Prevention science : the official journal of the Society for Prevention Research,7I7NYUAH,0946f3479006ab324b812157f805c5ab,OK,downloaded,,,,testing,2026-08-06T22:22:57.878250+00:00
NIHKDG2K,NCATS,Boring Task / NCATS,Hospital recruitment for a pragmatic cluster-randomized clinical trial: Lessons learned from the COMPASS study.,Johnson,10.1186/s13063-017-2434-1,29373987,PMC5787294,2018,Trials,W97XJGNK,b0957b398ce9ff23c739218b8adaab4e,OK,downloaded,,,,testing,2026-08-06T22:22:58.340639+00:00
PALJMQS6,NCATS,Boring Task / NCATS,A Cluster Randomized Controlled Trial of a Lay Health Worker Intervention to Increase Healthy Eating and Physical Activity Among Vietnamese Americans.,Jih,10.5888/pcd17.190353,32352912,PMC7207051,2020,Preventing chronic disease,D8BB72EM,9acff0f673958ca9c37fad2bcc6562ee,OK,downloaded,,,,testing,2026-08-06T22:22:58.910973+00:00
7CGAHFHD,NCATS,Boring Task / NCATS,Effect of a Multicomponent Food Pantry Intervention in Client Subgroups.,Jia,10.3390/nu16060805,38542716,PMC10974327,2024,Nutrients,T3IIS78V,c34cf7f8f1195f6ca5eca5ccf6626ce3,OK,downloaded,,,,testing,2026-08-06T22:22:59.422594+00:00
92NWTTEZ,NCATS,Boring Task / NCATS,Comparing the Effectiveness of Clinicians and Paraprofessionals to Reduce Disparities in Perinatal Depression via the Mothers and Babies Course: Protocol  for a Cluster-Randomized Controlled Trial.,Jensen,10.2196/11624,30459138,PMC6280028,2018,JMIR research protocols,M8622BUQ,94ad9afade40f22f1f97bd0baf054cbc,OK,downloaded,,,,testing,2026-08-06T22:22:59.888045+00:00
GFHZTEPC,NCATS,Boring Task / NCATS,"Spatial Effects of Permethrin-Impregnated Bed Nets on Child Mortality: 26 Years on, a Spatial Reanalysis of a Cluster Randomized Trial.",Jarvis,10.4269/ajtmh.19-0111,31595867,PMC6896878,2019,The American journal of tropical medicine and hygiene,MWBMVI58,3989a70a6284c6fbe0e9e64d187dd043,OK,downloaded,,,,testing,2026-08-06T22:23:00.389500+00:00
UIDUTSZL,NCATS,Boring Task / NCATS,Clinical and economic effectiveness of a pharmacy and primary care collaborative transition of care program.,Jacobs,10.1016/j.japh.2023.08.014,37611896,PMC10900124,2023,Journal of the American Pharmacists Association : JAPhA,WR5BV44E,424cad1e0d5729fad51b0438c9db4bcf,OK,downloaded,,,,testing,2026-08-06T22:23:00.931500+00:00
5M5EWTXL,NCATS,Boring Task / NCATS,Breakfast Is Brain Food? The Effect on Grade Point Average of a Rural Group Randomized Program to Promote School Breakfast.,Hearst,10.1111/josh.12810,31257605,PMC6684797,2019,The Journal of school health,9UQD2RJ8,97f8b89f674a3e08ada573eb772eb137,OK,downloaded,,,,testing,2026-08-06T22:23:01.454308+00:00
45RMDS7F,NCATS,Boring Task / NCATS,Multi-modal Analgesic Strategies for Trauma (MAST): protocol for a pragmatic randomized trial.,Harvin,10.1136/tsaco-2018-000192,30206549,PMC6109800,2018,Trauma surgery & acute care open,W93DABJJ,1b9f6f7885913fa6f2531353cfec93a7,OK,downloaded,,,,testing,2026-08-06T22:23:01.935767+00:00
7A7DGTFA,NCATS,Boring Task / NCATS,Prehospital low titer group O whole blood is feasible and safe: Results of a prospective randomized pilot trial.,Guyette,10.1097/ta.0000000000003551,35081595,PMC9038638,2022,The journal of trauma and acute care surgery,I3CHRKI9,7cf661261c5d15afede9bd1f28f20cdc,OK,downloaded,,,,testing,2026-08-06T22:23:02.387206+00:00
95N9H87Y,NCATS,Boring Task / NCATS,Conflict resolution styles and skills and variation among medical students.,Gunasingha,10.1186/s12909-023-04228-x,37060062,PMC10103535,2023,BMC medical education,JY9RGMXG,4e2d7b48221263b292879e4eecee8dcd,OK,downloaded,,,,testing,2026-08-06T22:23:02.948065+00:00
BXN9HH4S,NCATS,Boring Task / NCATS,Using REDCap to track stakeholder engagement: A time-saving tool for PCORI-funded studies.,Gesell,10.1017/cts.2019.444,32313700,PMC7159814,2020,Journal of clinical and translational science,L8GGGYMG,c2a538f4e071784dd4452599e674f348,OK,downloaded,,,,testing,2026-08-06T22:23:03.421869+00:00
9T7P8H5G,NCATS,Boring Task / NCATS,The ecology of patient and caregiver participation in consultations involving advanced cancer.,Freytag,10.1002/pon.4710,29575388,PMC6103535,2018,Psycho-oncology,DM4BDD6J,86211538e199e23fc8cd47c6cbc81489,OK,downloaded,,,,testing,2026-08-06T22:23:03.950172+00:00
96UKX43M,NCATS,Boring Task / NCATS,A Cluster Randomized Trial of a Community-Based Intervention Among African-American Adults: Effects on Dietary and Physical Activity Outcomes.,Frerichs,10.1007/s11121-019-01067-5,31925605,PMC7058497,2020,Prevention science : the official journal of the Society for Prevention Research,WAGEL5WB,848db02630ced675cb720ec889075580,OK,downloaded,,,,testing,2026-08-06T22:23:04.414819+00:00
6FAWJ6K8,NCATS,Boring Task / NCATS,Support Models for Addiction Related Treatment (SMART) for pregnant women: Study protocol of a cluster randomized trial of two treatment models for opioid use  disorder in prenatal clinics.,Forray,10.1371/journal.pone.0261751,35025898,PMC8758001,2022,PloS one,2EEL48YQ,73df3354ea5460db5fff1cd07e30d7fe,OK,downloaded,,,,testing,2026-08-06T22:23:04.953859+00:00
E3IREKY2,NCATS,Boring Task / NCATS,Addressing cancer survivors' cardiovascular health using the automated heart health assessment (AH-HA) EHR tool: Initial protocol and modifications to address  COVID-19 challenges.,Foraker,10.1016/j.conctc.2021.100808,34189339,PMC8220316,2021,Contemporary clinical trials communications,S9VPWFIF,d11bdfd175c20c82bf6a2d409dac0b28,OK,downloaded,,,,testing,2026-08-06T22:23:05.542226+00:00
WR2FBC89,NCATS,Boring Task / NCATS,Comparing Fidelity Outcomes of Paraprofessional and Professional Delivery of a Perinatal Depression Preventive Intervention.,Diebold,10.1007/s10488-020-01022-5,32086657,PMC7253394,2020,Administration and policy in mental health,LQIPD3G6,f42df0ea702e8adbbeef774ac05592ac,OK,downloaded,,,,testing,2026-08-06T22:23:06.164561+00:00
U6N5AUAQ,NCATS,Boring Task / NCATS,Co-occurrence of Violence-Related Risk and Protective Behaviors and Adult Support Among Male Youth in Urban Neighborhoods.,Culyba,10.1001/jamanetworkopen.2019.11375,31517967,PMC6745057,2019,JAMA network open,E8TD56RD,f1aff3453be445c4ed29a2040c646c06,OK,downloaded,,,,testing,2026-08-06T22:23:06.631617+00:00
CPDK8SQ9,NCATS,Boring Task / NCATS,EVITA Dengue: a cluster-randomized controlled trial to EValuate the efficacy of Wolbachia-InfecTed Aedes aegypti mosquitoes in reducing the incidence of  Arboviral infection in Brazil.,Collins,10.1186/s13063-022-05997-4,35236394,PMC8889395,2022,Trials,CLFC9H4M,8bd1aa97bd3ced2e78f7be4f197555cd,OK,downloaded,,,,testing,2026-08-06T22:23:07.135070+00:00
ES7QU8W6,NCATS,Boring Task / NCATS,The Transforming Outcomes for Patients Through Medical Home Evaluation and reDesign (TOPMED) Cluster Randomized Controlled Trial: Cost and Utilization  Results.,Colasurdo,10.1097/mlr.0000000000001660,35030564,,2022,Medical care,3GWD8E6D,dbe875240f9bc97a32f6b7251b8d1e86,OK,downloaded,,,,testing,2026-08-06T22:23:07.640026+00:00
7E4I8VGZ,NCATS,Boring Task / NCATS,Impact of the Change Starts at Home Trial on Women's experience of intimate partner violence in Nepal.,Clark,10.1016/j.ssmph.2019.100530,31890850,PMC6928358,2020,SSM - population health,7VE6E6UR,8490dc09e762b54108eee79d65627a26,OK,downloaded,,,,testing,2026-08-06T22:23:08.191924+00:00
V7CK5P6B,NCATS,Boring Task / NCATS,Choosing an imbalance metric for covariate-constrained randomization in multiple-arm cluster-randomized trials.,Ciolino,10.1186/s13063-019-3324-5,31138319,PMC6537428,2019,Trials,THEFU6N3,065d90fc7cc29844bcaefc25d7acc038,OK,downloaded,,,,testing,2026-08-06T22:23:08.676810+00:00
3KWKT9FQ,NCATS,Boring Task / NCATS,"Toward Safer Opioid Prescribing in HIV care (TOWER): a mixed-methods, cluster-randomized trial.",Cedillo,10.1186/s13722-022-00311-8,35578356,PMC9108346,2022,Addiction science & clinical practice,77UHCA45,ecadec3c6520399c6a03086a4a27f600,OK,downloaded,,,,testing,2026-08-06T22:23:09.200506+00:00
YUAM3VKF,NCATS,Boring Task / NCATS,A Cluster-Randomized Evaluation of the SuperShelf Intervention in Choice-Based Food Pantries.,Caspi,10.1093/abm/kaad060,37857305,PMC10831215,2024,Annals of behavioral medicine : a publication of the Society of Behavioral Medicine,G4K9J6BT,639fa90d2e544076ffc096fb8266cde6,OK,downloaded,,,,testing,2026-08-06T22:23:09.701085+00:00
EDZ3NUR6,NCATS,Boring Task / NCATS,"Use of mobile technology by frontline health workers to promote reproductive, maternal, newborn and child health and nutrition: a cluster randomized controlled  Trial in Bihar, India.",Carmichael,10.7189/jogh.09.020424,31788233,PMC6875677,2019,Journal of global health,H3KQ5DYA,b6107dcaac399e04ea0fa48e2af0d30c,OK,downloaded,,,,testing,2026-08-06T22:23:10.197017+00:00
J4ALUY7U,NCATS,Boring Task / NCATS,The Cluster Randomized Trial Study Design.,Capili,10.1097/01.naj.0000978168.48569.72,37615472,PMC10531332,2023,The American journal of nursing,NU9P6HG6,44d0f4e0134eac878ee11224ce73ab8a,OK,downloaded,,,,testing,2026-08-06T22:23:10.753255+00:00
I7FXIK32,NCATS,Boring Task / NCATS,Increasing the adoption of evidence-based communication practices for HPV vaccination in primary care clinics: The HPV ECHO study protocol for a cluster  randomized controlled trial.,Calo,10.1016/j.cct.2023.107266,37301468,PMC10528011,2023,Contemporary clinical trials,BHGNGHPN,b52c1458031c9559d6f587c9a157a7e9,OK,downloaded,,,,testing,2026-08-06T22:23:11.209977+00:00
3XXFLIAY,NCATS,Boring Task / NCATS,Implementing Infection Control and Quality of Life Best Practices in Nursing Homes With Project ECHO: Protocol for a Patient-Centered Randomized Controlled  Trial.,Calo,10.2196/34480,35476823,PMC9109778,2022,JMIR research protocols,W9RKZVR5,3f578f987ec96459e61bffd2e84573f1,OK,downloaded,,,,testing,2026-08-06T22:23:11.749928+00:00
PJD4859F,NCATS,Boring Task / NCATS,PRogram In Support of Moms (PRISM): a pilot group randomized controlled trial of two approaches to improving depression among perinatal women.,Byatt,10.1080/0167482x.2017.1383380,28994626,PMC5893445,2018,Journal of psychosomatic obstetrics and gynaecology,NU3BR6H3,b599845e92d509e5138b05d45b66a5c1,OK,downloaded,,,,testing,2026-08-06T22:23:12.193459+00:00
EYQGV4I5,NCATS,Boring Task / NCATS,A Person-Centered Approach to Poststroke Care: The COMprehensive Post-Acute Stroke Services Model.,Bushnell,10.1111/jgs.15322,29572814,PMC9257530,2018,Journal of the American Geriatrics Society,SWBIAZDW,9b55beb40ed4918d143685e71a27eb8a,OK,downloaded,,,,testing,2026-08-06T22:23:12.756002+00:00
HN6XI3DU,NCATS,Boring Task / NCATS,Reduction in antimicrobial use among medical intensive care unit patients during a cluster randomized crossover trial of palliative care consultation.,Burnham,10.1017/ice.2019.34,30838966,PMC6605046,2019,Infection control and hospital epidemiology,EKFCSV66,bd5749f0e143a571a67ecc1375ce16a4,OK,downloaded,,,,testing,2026-08-06T22:23:13.192012+00:00
HX5GV9AS,NCATS,Boring Task / NCATS,Optimizing individual nutrition in preterm very low birth weight infants: double-blinded randomized controlled trial.,Brion,10.1038/s41372-020-0609-1,32071367,,2020,Journal of perinatology : official journal of the California Perinatal Association,QBHTLNP7,c98658f01c5fd71461ed846df65933f8,OK,downloaded,,,,testing,2026-08-06T22:23:13.632310+00:00
4ZNM6VQE,NCATS,Boring Task / NCATS,Examining racial/ethnic inequities in treatment participation among perinatal individuals with depression.,Boama-Nyarko,10.1016/j.genhosppsych.2024.02.006,38452405,,2024,General hospital psychiatry,QM7H4Z5Q,a5555b1184df5daaf2293a7d437cc16c,OK,downloaded,,,,testing,2026-08-06T22:23:14.255922+00:00
MNPPUABA,NCATS,Boring Task / NCATS,Sustainability of blood pressure reduction in black barbershops.,Blyler,10.1097/hco.0000000000000674,31425171,PMC8409221,2019,Current opinion in cardiology,XDQZN832,967b7c6aff4b3e8e544e6db03afaf25b,OK,downloaded,,,,testing,2026-08-06T22:23:14.754619+00:00
IL7BHWT6,NCATS,Boring Task / NCATS,"Effect of a mindfulness training app on a cigarette quit attempt: an investigator-blinded, 58-county randomized controlled trial.",Black,10.1093/jncics/pkad095,37951593,PMC10715839,2023,JNCI cancer spectrum,L58TBA76,a2dd1547d13a7101be1610391aba677c,OK,downloaded,,,,testing,2026-08-06T22:23:15.303470+00:00
VQLL43FQ,NCATS,Boring Task / NCATS,A cross-sectional study of cardiovascular disease risk clustering at different socio-geographic levels in India.,Bischops,10.1038/s41467-020-19647-3,33208739,PMC7674456,2020,Nature communications,6BV39QD7,81c7e8ecaba8fac8a839cb09badc3c9a,OK,downloaded,,,,testing,2026-08-06T22:23:15.807434+00:00
4GSI4FAA,NCATS,Boring Task / NCATS,"Effects of an ""Active-Workstation"" Cluster RCT on Daily Waking Physical Behaviors.",Arguello,10.1249/mss.0000000000002594,33449603,PMC8205935,2021,Medicine and science in sports and exercise,9ZJDMEKF,2a693db44fee4f0353ea62a4c24b07cf,OK,downloaded,,,,testing,2026-08-06T22:23:16.367501+00:00
HKEUETZX,NCATS,Boring Task / NCATS,Intervening on Trust in Science to Reduce Belief in COVID-19 Misinformation and Increase COVID-19 Preventive Behavioral Intentions: Randomized Controlled Trial.,Agley,10.2196/32425,34581678,PMC8519341,2021,Journal of medical Internet research,ZC7XWBQ9,4320ccd67d3967f196ef26ceb1b39855,OK,downloaded,,,,testing,2026-08-06T22:23:16.846815+00:00
Y2SLUV8T,NCATS,Boring Task / NCATS,Testing Digital Methods of Patient-Reported Outcomes Data Collection: Prospective Cluster Randomized Trial to Test SMS Text Messaging and Mobile Surveys.,Agarwal,10.2196/31894,35298394,PMC8972112,2022,JMIR formative research,4ZRJ2V8J,a761b46476cabb155d6b29a682cfc214,OK,downloaded,,,,testing,2026-08-06T22:23:17.448423+00:00
TSGYGKYM,NCCIH; NINDS,Boring Task / NCCIH; Boring Task / NINDS,Interdisciplinary team-based care for patients with chronic pain on long-term opioid treatment in primary care (PPACT) - Protocol for a pragmatic cluster  randomized trial.,DeBar,10.1016/j.cct.2018.02.015,29522897,PMC5931339,2018,Contemporary clinical trials,6KTN9KR6,64a7a7917b6836608677a350e54dab64,OK,downloaded,,,,testing,2026-08-06T22:23:18.009790+00:00
XZ6Q2C96,NCCIH; NINDS,Boring Task / NCCIH; Boring Task / NINDS,A Primary Care-Based Cognitive Behavioral Therapy Intervention for Long-Term Opioid Users With Chronic Pain : A Randomized Pragmatic Trial.,DeBar,10.7326/m21-1436,34724405,PMC9802183,2022,Annals of internal medicine,PTFUW4KQ,783980ed2fefc5e84fe18e7a21bc038b,OK,downloaded,,,,testing,2026-08-06T22:23:18.490749+00:00
2UMNRGCW,NCCIH; NINDS,Boring Task / NCCIH; Boring Task / NINDS,Economic Evaluation: A Randomized Pragmatic Trial of a Primary Care-based Cognitive Behavioral Intervention for Adults Receiving Long-term Opioids for  Chronic Pain.,Smith,10.1097/mlr.0000000000001713,35352703,PMC9106895,2022,Medical care,I2SXNMMR,dc30e4dcc4a3361a6af4ecb83478cc6d,OK,downloaded,,,,testing,2026-08-06T22:23:19.001723+00:00
8V7C4LYG,NCCIH; NIDA,Boring Task / NCCIH; Boring Task / NIDA,Effects of Bundling Medication for Opioid Use Disorder With an mHealth Intervention Targeting Addiction: A Randomized Clinical Trial.,Gustafson,10.1176/appi.ajp.20230055,37789744,PMC10843669,2024,The American journal of psychiatry,C3IZIGPT,b4c4df62e81b5f3ed0e2c54113781764,OK,downloaded,,,,testing,2026-08-06T22:23:19.510182+00:00
5JW6ZLVT,NCCIH; NIDDK,Boring Task / NCCIH; Boring Task / NIDDK,Pilot Cluster Randomized Controlled Trial of Integrative Nutritional Counseling Versus Standard Diabetes Self-Management Education for Chinese Americans with  Type 2 Diabetes.,Ho,10.1089/heq.2020.0002,33111026,PMC7585608,2020,Health equity,75HTSDDA,874a74516c2ab6a48c2f427c36da5d3b,OK,downloaded,,,,testing,2026-08-06T22:23:19.975935+00:00
U4TKV94S,NCCIH; NIDDK,Boring Task / NCCIH; Boring Task / NIDDK,"Design and Rationale of HiLo: A Pragmatic, Randomized Trial of Phosphate Management for Patients Receiving Maintenance Hemodialysis.",Edmonston,10.1053/j.ajkd.2020.10.008,33279558,PMC9933919,2021,American journal of kidney diseases : the official journal of the National Kidney Foundation,MIPZ9VSX,578abe776c10270cd0b88458f2a1c7d9,OK,downloaded,"2 PDF attachments, picked highest priority: Full Text PDF; Full Text PDF",,,testing,2026-08-06T22:23:20.480023+00:00
3N5XV697,NCCIH; NIDDK,Boring Task / NCCIH; Boring Task / NIDDK,"The TiME Trial: A Fully Embedded, Cluster-Randomized, Pragmatic Trial of Hemodialysis Session Duration.",Dember,10.1681/asn.2018090945,31000566,PMC6493975,2019,Journal of the American Society of Nephrology : JASN,88PTE4RQ,20b5e4c29020bcc8abf1fb601aa61a29,OK,downloaded,,,,testing,2026-08-06T22:23:21.066687+00:00
BVWKLVHG,NCCIH; NIDDK,Boring Task / NCCIH; Boring Task / NIDDK,Ethical Issues in Pragmatic Cluster-Randomized Trials in Dialysis Facilities.,Goldstein,10.1053/j.ajkd.2019.04.019,31227227,PMC6815240,2019,American journal of kidney diseases : the official journal of the National Kidney Foundation,CVK84JDE,5a215585b0e9a62f42b3187910b25f5c,OK,downloaded,"2 PDF attachments, picked highest priority: Full Text PDF; Full Text PDF",,,testing,2026-08-06T22:23:21.562492+00:00
4L2VVRAS,NCCIH; NIDDK,Boring Task / NCCIH; Boring Task / NIDDK,Pragmatic Trial of Hospitalization Rate in Chronic Kidney Disease.,Vazquez,10.1056/nejmoa2311708,38598574,PMC11646681,2024,The New England journal of medicine,ZD5GEL8V,fd02aec074f92477401e8602d33f9ae6,OK,downloaded,"2 PDF attachments, picked highest priority: PMC11646681_PMID38598574; Full Text PDF",,,testing,2026-08-06T22:23:22.081895+00:00
67AFTHV2,NCCIH; NIAMS,Boring Task / NCCIH; Boring Task / NIAMS,Effects of Including Epidemiologic Data in Lumbar Spine Imaging Reports on Prescribing Non-Opioid Medications for Pain.,Marcum,10.1007/s11606-021-06627-6,33559061,PMC8342684,2021,Journal of general internal medicine,7CMVUQVW,6bb17b50bc7888e238655a34d7ff9377,OK,downloaded,,,,testing,2026-08-06T22:23:22.573564+00:00
SJVR4TTN,NCCIH; NIA,Boring Task / NCCIH; Boring Task / NIA,"If You Build It, Will They Come? Patient and Provider Use of a Novel Hybrid Telehealth Care Pathway for Low Back Pain.",Lentz,10.1093/ptj/pzad127,37756618,PMC10851867,2024,Physical therapy,8RI8NDQU,9f058ff6e46807f3854c0bebaf34a469,OK,downloaded,,,,testing,2026-08-06T22:23:23.080915+00:00
M4TNHMYH,NCCIH; NIA,Boring Task / NCCIH; Boring Task / NIA,Improving Veteran Access to Integrated Management of Back Pain (AIM-Back): Protocol for an Embedded Pragmatic Cluster-Randomized Trial.,George,10.1093/pm/pnaa348,33313728,PMC7734660,2020,"Pain medicine (Malden, Mass.)",QTFDKICN,88052e1f491e3db8a1fb50a3595cd590,OK,downloaded,,,,testing,2026-08-06T22:23:23.631214+00:00
PQB2RMMU,NCCIH; NIA,Boring Task / NCCIH; Boring Task / NIA,Advance Care Planning Video Intervention Among Long-Stay Nursing Home Residents: A Pragmatic Cluster Randomized Clinical Trial.,Mitchell,10.1001/jamainternmed.2020.2366,32628258,PMC7399750,2020,JAMA internal medicine,QVREM38F,9382f603cd1bdb4afa5292d5343d55d4,OK,downloaded,,,,testing,2026-08-06T22:23:24.214452+00:00
NDBCX4DU,NCCIH; NIA,Boring Task / NCCIH; Boring Task / NIA,A Cluster Randomized Trial of Tai Chi vs Health Education in Subsidized Housing: The MI-WiSH Study.,Lipsitz,10.1111/jgs.15986,31116883,PMC6732029,2019,Journal of the American Geriatrics Society,7XJ4PM7A,5a58de03033993f4627a40717fe761d1,OK,downloaded,,,,testing,2026-08-06T22:23:24.676792+00:00
HX2ZB2VD,NCCIH; NIA,Boring Task / NCCIH; Boring Task / NIA,In the Eyes of Those Who Were Randomized: Perceptions of Disadvantaged Older Adults in a Tai Chi Trial.,Lo,10.1093/geront/gny165,30544227,PMC7228436,2020,The Gerontologist,D44E64FX,65d04916bdebce461a0c6bf1b85d5f57,OK,downloaded,,,,testing,2026-08-06T22:23:25.256885+00:00
7Q8HUC5P,NCCIH; NIA,Boring Task / NCCIH; Boring Task / NIA,Impact of an Advance Care Planning Video Intervention on Care of Short-Stay Nursing Home Patients.,Loomer,10.1111/jgs.16918,33159697,PMC7969401,2021,Journal of the American Geriatrics Society,M459HICF,88607986531688226c1c340b43692fa1,OK,downloaded,,,,testing,2026-08-06T22:23:25.745057+00:00
KXK8TLEV,NCCIH,Boring Task / NCCIH,Protocol for the Imagine HEALTH Study: Guided imagery lifestyle intervention to improve obesity-related behaviors and salivary cortisol patterns in predominantly  Latino adolescents.,Weigensberg,10.1016/j.cct.2018.07.009,30076988,PMC8746570,2018,Contemporary clinical trials,PAJI5JQ5,be03c855cf949d847fa1e7917473147a,OK,downloaded,,,,testing,2026-08-06T22:23:26.232573+00:00
M5CER7F5,NCCIH,Boring Task / NCCIH,Imagine HEALTH: Randomized Controlled Trial of a Guided Imagery Lifestyle Intervention to Improve Obesity-Related Lifestyle Behaviors in Predominantly  Latinx Adolescents.,Weigensberg,10.1089/acm.2020.0515,34037459,PMC8558072,2021,"Journal of alternative and complementary medicine (New York, N.Y.)",YN62VMKP,8af216aff5fc54d70c04075a95667ebe,OK,downloaded,,,,testing,2026-08-06T22:23:26.727100+00:00
8G9N5B5B,NCCIH,Boring Task / NCCIH,Moderators of the effectiveness of an intervention to increase colorectal cancer screening through mailed fecal immunochemical test kits: results from a pragmatic  randomized trial.,O'Connor,10.1186/s13063-019-4027-7,31941527,PMC6964086,2020,Trials,IXI43TLA,1cb3723ac75019ba8e3024aaf28ddeb5,OK,downloaded,,,,testing,2026-08-06T22:23:27.263876+00:00
Q4Y3ER3R,NCCIH,Boring Task / NCCIH,Prospective Cohort study of Predictors of Follow-Up Diagnostic Colonoscopy from a Pragmatic Trial of FIT Screening.,O'Connor,10.1038/s41598-020-59032-0,32051454,PMC7016148,2020,Scientific reports,472QU9VS,fa4a5b4ac43f4271811f5d558dab368d,OK,downloaded,,,,testing,2026-08-06T22:23:27.848039+00:00
ZKUB7Y5L,NCCIH,Boring Task / NCCIH,Analysis of multiple-period group randomized trials: random coefficients model or repeated measures ANOVA?,Moyer,10.1186/s13063-022-06917-2,36476294,PMC9727985,2022,Trials,D8AP52E2,589c87f1d7a05027bf2801c5e594c1c6,OK,downloaded,,,,testing,2026-08-06T22:23:28.493982+00:00
TZZP2GMX,NCCIH,Boring Task / NCCIH,A cost-effectiveness analysis of a colorectal cancer screening program in safety net clinics.,Meenan,10.1016/j.ypmed.2019.01.014,30685318,PMC6392039,2019,Preventive medicine,Q7VUS7QN,c7eb5c856a9c38042b5e5c5de7f2724a,OK,downloaded,,,,testing,2026-08-06T22:23:29.040477+00:00
Z7AH5NE4,NCCIH,Boring Task / NCCIH,Effectiveness of a Mailed Colorectal Cancer Screening Outreach Program in Community Health Clinics: The STOP CRC Cluster Randomized Clinical Trial.,Coronado,10.1001/jamainternmed.2018.3629,30083752,PMC6142956,2018,JAMA internal medicine,BU86TBX4,f28db98174daf2e6831068e46eee0d1b,OK,downloaded,,,,testing,2026-08-06T22:23:29.728181+00:00
5QJIFBRP,NEI; NIMH,Boring Task / NEI; Boring Task / NIMH,Annual Versus Biannual Mass Azithromycin Distribution and Malaria Parasitemia During the Peak Transmission Season Among Children in Niger.,Oldenburg,10.1097/inf.0000000000001813,29088030,PMC5924654,2018,The Pediatric infectious disease journal,HV6QGBX6,f79c529131cda4a0dcba8775f60333e3,OK,downloaded,,,,testing,2026-08-06T22:23:30.149660+00:00
ZQYES9Q5,NEI; NIMH,Boring Task / NEI; Boring Task / NIMH,Comparison of anthropometric indicators to predict mortality in a population-based prospective study of children under 5 years in Niger.,O'Brien,10.1017/s1368980019002520,31496465,PMC7024038,2020,Public health nutrition,G46H3KXJ,f9ef7640da0a1e01c33e9b1fbd07dd05,OK,downloaded,,,,testing,2026-08-06T22:23:30.666231+00:00
3V4I9246,NEI; NIMH,Boring Task / NEI; Boring Task / NIMH,Mass azithromycin distribution for hyperendemic trachoma following a cluster-randomized trial: A continuation study of randomly reassigned subclusters  (TANA II).,Keenan,10.1371/journal.pmed.1002633,30106956,PMC6091918,2018,PLoS medicine,KHMCZLB3,fce6a7a6d2ea931ee44d1a7422459819,OK,downloaded,"2 PDF attachments, picked highest priority: Full Text PDF; Full Text PDF",,,testing,2026-08-06T22:23:31.192212+00:00
VH5MJZ7U,NEI; NIMH,Boring Task / NEI; Boring Task / NIMH,Frequency of Mass Azithromycin Distribution for Ocular Chlamydia in a Trachoma Endemic Region of Ethiopia: A Cluster Randomized Trial.,Lietman,10.1016/j.ajo.2020.02.019,32171768,PMC9982657,2020,American journal of ophthalmology,PAP2T7PN,57fbb6852e6c77693571c32b6a4facb8,OK,downloaded,,,,testing,2026-08-06T22:23:32.148562+00:00
NMYAF58A,NEI; NIGMS,Boring Task / NEI; Boring Task / NIGMS,Temporal Trends in Phenotypic Macrolide and Nonmacrolide Resistance for Streptococcus pneumoniae Nasopharyngeal Samples Up to 36 Months after Mass  Azithromycin Administration in a Cluster-Randomized Trial in Niger.,Hazel,10.4269/ajtmh.23-0431,37783458,PMC10622462,2023,The American journal of tropical medicine and hygiene,AYCJZKKP,6c4a2b899b73673a8deacaa2085f8059,OK,downloaded,"2 PDF attachments, picked highest priority: Full Text PDF; Full Text PDF",,,testing,2026-08-06T22:23:32.694752+00:00
UYKSA3BR,NEI; NIMH,Boring Task / NEI; Boring Task / NIMH,Comparison of Mass Azithromycin Coverage Targets of Children in Niger: A Cluster-Randomized Trachoma Trial.,Oldenburg,10.4269/ajtmh.17-0501,29260659,PMC5929194,2018,The American journal of tropical medicine and hygiene,WXHZG2SX,5316d7378acb55092a27d13159d5a32b,OK,downloaded,,,,testing,2026-08-06T22:23:33.165460+00:00
N8SBUY24,NEI; NIMH,Boring Task / NEI; Boring Task / NIMH,A Longitudinal Analysis of Chlamydial Infection and Trachomatous Inflammation Following Mass Azithromycin Distribution.,Morberg,10.1080/09286586.2018.1512635,30153085,PMC6344262,2019,Ophthalmic epidemiology,FEP5NPBX,d8e5cd6472d82260db2657d3d6f5edb1,OK,downloaded,,,,testing,2026-08-06T22:23:33.646306+00:00
WWKDJQ4L,NEI; NIMH,Boring Task / NEI; Boring Task / NIMH,Mass Azithromycin Distribution and Community Microbiome: A Cluster-Randomized Trial.,Doan,10.1093/ofid/ofy182,30151409,PMC6101535,2018,Open forum infectious diseases,5633ZWAB,737b48c4270eba9c2270faa35a587209,OK,downloaded,,,,testing,2026-08-06T22:23:34.186025+00:00
Y3IVUL24,NEI; NIMH,Boring Task / NEI; Boring Task / NIMH,Anthropometry and Malaria among Children in Niger: A Cross-Sectional Study.,O'Brien,10.4269/ajtmh.18-0214,30014814,PMC6169168,2018,The American journal of tropical medicine and hygiene,BPQ4M4ZI,bc863e66afb33aecfb27d9e53685962d,OK,downloaded,,,,testing,2026-08-06T22:23:34.742059+00:00
XPFDUAYQ,NEI,Boring Task / NEI,Community Health Workers for Prevention of Corneal Ulcers in South India: A Cluster-Randomized Trial.,Srinivasan,10.1016/j.ajo.2021.12.010,34942106,PMC10276527,2022,American journal of ophthalmology,4TCRMNWA,009b457c99b1331760a6673bbaa9085f,OK,downloaded,,,,testing,2026-08-06T22:23:35.236359+00:00
392RTAL7,NEI,Boring Task / NEI,Vitamin A and fish oils for preventing the progression of retinitis pigmentosa.,Schwartz,10.1002/14651858.cd008428.pub3,32573764,PMC7388842,2020,The Cochrane database of systematic reviews,5VRVDRCX,048ed57118c1cffd77a791158b4670d1,OK,downloaded,,,,testing,2026-08-06T22:23:35.725370+00:00
KFD9XVKA,NEI,Boring Task / NEI,Targeted Antibiotics for Trachoma: A Cluster-Randomized Trial.,Melo,10.1093/cid/ciab193,33674869,PMC8442777,2021,Clinical infectious diseases : an official publication of the Infectious Diseases Society of America,BNTJM5MV,120e2d590c98da3ab77c4bef8fad3bc0,OK,downloaded,,,,testing,2026-08-06T22:23:36.254797+00:00
VN2Z3GMG,NEI,Boring Task / NEI,Targeted Mass Azithromycin Distribution for Trachoma: A Community-Randomized Trial (TANA II).,Mahmud,10.1093/cid/ciad211,37021692,PMC10681647,2023,Clinical infectious diseases : an official publication of the Infectious Diseases Society of America,LPW8FQYF,6cc0d5f06ec627112cf370b1cbd73aa5,OK,downloaded,,,,testing,2026-08-06T22:23:36.729148+00:00
38R9U3WA,NEI,Boring Task / NEI,Linear growth in preschool children treated with mass azithromycin distributions for trachoma: A cluster-randomized trial.,Keenan,10.1371/journal.pntd.0007442,31166952,PMC6550377,2019,PLoS neglected tropical diseases,NHAIGSWF,1fb328075fce2ede0e2c5e823addb5c5,OK,downloaded,,,,testing,2026-08-06T22:23:37.205911+00:00
AULRV66J,NEI,Boring Task / NEI,Post-antibiotic Ocular Surface Microbiome in Children: A Cluster-Randomized Trial.,Doan,10.1016/j.ophtha.2020.02.014,32197915,PMC7384962,2020,Ophthalmology,FYG5S8BR,c313d39ff6ec60be2171b8803c91050a,OK,downloaded,,,,testing,2026-08-06T22:23:37.725482+00:00
Y4PYDT6J,NEI,Boring Task / NEI,Effect of Azithromycin on the Ocular Surface Microbiome of Children in a High Prevalence Trachoma Area.,Doan,10.1097/ico.0000000000002863,34483276,PMC8894504,2022,Cornea,JKD6XKNS,2f3156b7b1b639fcf7c381d49065f6cc,OK,downloaded,,,,testing,2026-08-06T22:23:38.297948+00:00
36HV682B,NEI,Boring Task / NEI,Risk factors for corneal abrasions in Nepal: a community-based study.,Brekke,10.1038/s41433-023-02809-0,37949975,PMC10966037,2024,"Eye (London, England)",SKEVSL5A,6d22ab3425b466fd21c09df2c4746879,OK,downloaded,,,,testing,2026-08-06T22:23:38.834695+00:00
X3CRX49A,NEI,Boring Task / NEI,Gut Resistome of Preschool Children After Prolonged Mass Azithromycin Distribution: A Cluster-randomized Trial.,Arzika,10.1093/cid/ciab485,34037753,PMC8492121,2021,Clinical infectious diseases : an official publication of the Infectious Diseases Society of America,65GFZVWH,8152b20a433a74019096f21ce7a0f899,OK,downloaded,,,,testing,2026-08-06T22:23:39.304521+00:00
M33HNRXE,NEI,Boring Task / NEI,"Changing hygiene behaviours: a cluster-randomized trial, Ethiopia.",Aragie,10.2471/blt.21.285915,34737469,PMC8542271,2021,Bulletin of the World Health Organization,5SU5TH2S,4a89fba67ab4a8cb9ff42b8b8a82b08e,OK,downloaded,,,,testing,2026-08-06T22:23:39.827856+00:00
JH6JQDBD,NEI,Boring Task / NEI,Community Hand-Dug Wells for Trachoma: A Cluster-Randomized Trial.,Aragie,10.4269/ajtmh.20-0390,33534742,PMC8045603,2021,The American journal of tropical medicine and hygiene,26GYG7WF,f7ec2faf50215258aeaaeb123cc6cae4,OK,downloaded,,,,testing,2026-08-06T22:23:40.560612+00:00
AEKPMZDH,NEI,Boring Task / NEI,Azithromycin Reduction to Reach Elimination of Trachoma (ARRET): study protocol for a cluster randomized trial of stopping mass azithromycin distribution for  trachoma.,Amza,10.1186/s12886-020-01776-4,33407263,PMC7789605,2021,BMC ophthalmology,KU5BFR7W,bd77c4c8be10de860ffce6b0d47e601d,OK,downloaded,,,,testing,2026-08-06T22:23:41.013166+00:00
KG6HCUIJ,NHGRI,Boring Task / NHGRI,Reducing decisional conflict in decisions about prenatal genetic testing: the impact of a dyadic intervention at the start of prenatal care.,Collart,10.1515/jpm-2023-0442,38669584,PMC11143442,2024,Journal of perinatal medicine,8VFHNX5U,59b6d60d11ee75484676933d49cb3dcc,OK,downloaded,,,,testing,2026-08-06T22:23:41.563096+00:00
RVGHTCUQ,NIA; NIEHS,Boring Task / NIA; Boring Task / NIEHS,System Level Informatics to Improve Triage Practices for Sickle Cell Disease Vaso-Occlusive Crisis: A Cluster Randomized Controlled Trial.,Linton,10.1016/j.jen.2021.05.007,34301422,PMC9924131,2021,Journal of emergency nursing,CAHGGX29,e4b8af6006ec3a40ebf87ad8fc232a76,OK,downloaded,,,,testing,2026-08-06T22:23:42.044842+00:00
4347I8U7,NIA; NIGMS; NLM,Boring Task / NIA; Boring Task / NIGMS; Boring Task / NLM,A Scalable Service to Improve Health Care Quality Through Precision Audit and Feedback: Proposal for a Randomized Controlled Trial.,Landis-Lewis,10.2196/34990,35536637,PMC9131150,2022,JMIR research protocols,2FBEV83N,985bba2417e8cbf52009e3cb9855a5f3,OK,downloaded,"2 PDF attachments, picked highest priority: Full Text; Full Text",,,testing,2026-08-06T22:23:42.612204+00:00
9FSNPZT8,NIA; NICHD,Boring Task / NIA; Boring Task / NICHD,Caring for the elderly at work and home: Can a randomized organizational intervention improve psychological health?,Kossek,10.1037/ocp0000104,29215909,PMC5991990,2019,Journal of occupational health psychology,CBMFK237,864e8bc9d9fe2ae49cd019edb6fae61f,OK,downloaded,,,,testing,2026-08-06T22:23:43.125824+00:00
FV293MF3,NIA; NIMH,Boring Task / NIA; Boring Task / NIMH,Caregiver Speaks Study Protocol: A Technologically-Mediated Storytelling Intervention for Hospice Family Caregivers of Persons Living With Dementia.,Rolbiecki,10.1177/1049909120960449,32985230,PMC7946764,2021,The American journal of hospice & palliative care,9WCG2RKN,47d2eb19a48cfdb65e58432cca39aee6,OK,downloaded,,,,testing,2026-08-06T22:23:43.663737+00:00
SBVY3TGC,NIA; NIGMS,Boring Task / NIA; Boring Task / NIGMS,An mHealth Diabetes Intervention for Glucose Control: Health Care Utilization Analysis.,Quinn,10.2196/10776,30322839,PMC6231737,2018,JMIR mHealth and uHealth,AH5W22BQ,3d37838bccec25079143f20d476fbfb3,OK,downloaded,,,,testing,2026-08-06T22:23:44.183333+00:00
4UQJBDTF,NIA; NIAMS,Boring Task / NIA; Boring Task / NIAMS,"The Contribution of Patient, Primary Care Physician, and Primary Care Clinic Factors to Good Bone Health Care.",Roblin,10.7812/tpp/20.095,33635767,PMC8784026,2021,The Permanente journal,I2B8DA6C,f77ae5a9decd1b046948ca359a37d382,OK,downloaded,,,,testing,2026-08-06T22:23:44.675758+00:00
RYA7FGYI,NIA; NIMHD,Boring Task / NIA; Boring Task / NIMHD,"The Church Challenge: A community-based multilevel cluster randomized controlled trial to improve blood pressure and wellness in African American churches in  Flint, Michigan.",Johnson-Lawrence,10.1016/j.conctc.2019.100329,30886933,PMC6402374,2019,Contemporary clinical trials communications,Z7ZX6JVM,421f93c9456ad7b4ce73c0b2561b8e89,OK,downloaded,,,,testing,2026-08-06T22:23:45.241217+00:00
NYT8TV5W,NIA; NIDDK,Boring Task / NIA; Boring Task / NIDDK,A Behavioral Economics-Electronic Health Record Module to Promote Appropriate Diabetes Management in Older Adults: Protocol for a Pragmatic Cluster Randomized  Controlled Trial.,Belli,10.2196/28723,34704959,PMC8581753,2021,JMIR research protocols,UMWJKZZI,b1efe160d1b98a972c25c15a9e0a921a,OK,downloaded,,,,testing,2026-08-06T22:23:45.742530+00:00
7NHDV3J9,NIA; NICHD; NIDDK,Boring Task / NIA; Boring Task / NICHD; Boring Task / NIDDK,Effect of a Multicomponent Home-Based Physical Therapy Intervention on Ambulation After Hip Fracture in Older Adults: The CAP Randomized Clinical Trial.,Magaziner,10.1001/jama.2019.12964,31503309,PMC6737521,2019,JAMA,94H4MM9X,2c678d1c22ca228ab5f93b8b6fd82d6f,OK,downloaded,,,,testing,2026-08-06T22:23:46.642595+00:00
NQSS6ZME,NIA; NIGMS,Boring Task / NIA; Boring Task / NIGMS,Association between advanced cancer patient-caregiver agreement regarding prognosis and hospice enrollment.,Trevino,10.1002/cncr.32188,31145833,PMC6717015,2019,Cancer,86S8MBIH,f6a47ecb267eecd77a2fe2459d0f4b64,OK,downloaded,,,,testing,2026-08-06T22:23:47.161203+00:00
UUU3B93D,NIA; NINR,Boring Task / NIA; Boring Task / NINR,TEAM-UP for quality: a cluster randomized controlled trial protocol focused on preventing pressure ulcers through repositioning frequency and precipitating  factors.,Yap,10.1186/s12877-018-0744-0,29463211,PMC5820803,2018,BMC geriatrics,FQLFS3RF,0b39465db6818d3df539cc93f6c35408,OK,downloaded,,,,testing,2026-08-06T22:23:47.618603+00:00
TA793S87,NIA; NINR,Boring Task / NIA; Boring Task / NINR,Effect of the STAMP (Sharing and Talking About My Preferences) Intervention on Completing Multiple Advance Care Planning Activities in Ambulatory Care : A  Cluster Randomized Controlled Trial.,Fried,10.7326/m21-1007,34461035,PMC8711627,2021,Annals of internal medicine,7JBD8L8S,2adaa0b59e0096e2c53115ff7c72b966,OK,downloaded,,,,testing,2026-08-06T22:23:48.245449+00:00
VQERMQTN,NIA; NIDA,Boring Task / NIA; Boring Task / NIDA,Behavioral economic implementation strategies to improve serious illness communication between clinicians and high-risk patients with cancer: protocol for  a cluster randomized pragmatic trial.,Takvorian,10.1186/s13012-021-01156-6,34563227,PMC8466719,2021,Implementation science : IS,Q4GBIL3L,e5c038569bf78181b68f1479fa85fe28,OK,downloaded,,,,testing,2026-08-06T22:23:48.700059+00:00
ZNV4MKDT,NIA; NICHD,Boring Task / NIA; Boring Task / NICHD,The effects of a workplace intervention on employees' cortisol awakening response.,Almeida,10.1080/13668803.2018.1428172,30078991,PMC6075734,2018,"Community, work & family",QIGXIXFU,855dd77fe313e640015c286ba60079e6,OK,downloaded,,,,testing,2026-08-06T22:23:49.252218+00:00
5KN7Q7SX,NIA; NIAID; NICHD,Boring Task / NIA; Boring Task / NIAID; Boring Task / NICHD,"Evaluation of a community-based mobile video breastfeeding intervention in Khayelitsha, South Africa: The Philani MOVIE cluster-randomized controlled trial.",Adam,10.1371/journal.pmed.1003744,34582438,PMC8478218,2021,PLoS medicine,Z2W5KBBA,a95f8be8febe69c0764369862a82c4a2,OK,downloaded,"3 PDF attachments, picked highest priority: Full Text PDF; Full Text PDF; Full Text PDF",,,testing,2026-08-06T22:23:49.867456+00:00
WKXCBGM3,NIA; NIAID; NIGMS,Boring Task / NIA; Boring Task / NIAID; Boring Task / NIGMS,Architecting Process of Care: A randomized controlled study evaluating the impact of providing nonadherence information and pharmacist assistance to physicians.,McConnell,10.1111/1475-6773.13243,31835278,PMC6981078,2020,Health services research,55UFJEMW,624551dc930c86674c78f2db9e4fbaa7,OK,downloaded,,,,testing,2026-08-06T22:23:50.544190+00:00
HY5KNXPB,NIA; NINR,Boring Task / NIA; Boring Task / NINR,"Change in Depression, Confidence, and Physical Function Among Older Adults With Mild Cognitive Impairment.",Ellis,10.1519/jpt.0000000000000143,29059120,PMC5910300,2019,Journal of geriatric physical therapy (2001),MVFK92QK,2801e43c14ea1da2678a96e777d98445,OK,downloaded,,,,testing,2026-08-06T22:23:51.208747+00:00
BB5EFB7Y,NIA; NINR,Boring Task / NIA; Boring Task / NINR,Resident Vignettes for Assessing Care Quality in Nursing Homes.,Colón-Emeric,10.1016/j.jamda.2017.10.018,29174560,PMC5924713,2018,Journal of the American Medical Directors Association,6BQRFDIG,8619336f5f012d49699b78b7c5b2a747,OK,downloaded,,,,testing,2026-08-06T22:23:51.710130+00:00
GE5YUEC5,NIA; NIDDK; NIMHD; NINDS,Boring Task / NIA; Boring Task / NIDDK; Boring Task / NIMHD; Boring Task / NINDS,Using increased trust in medical researchers to increase minority recruitment: The RECRUIT cluster randomized clinical trial.,Tilley,10.1016/j.cct.2021.106519,34333138,PMC8665835,2021,Contemporary clinical trials,NA9BKTEG,fd588cda623aad344178290c55c8722d,OK,downloaded,,,,testing,2026-08-06T22:23:52.278292+00:00
82SN3AXQ,NIA; NICHD,Boring Task / NIA; Boring Task / NICHD,"Effects of a Flexibility/Support Intervention on Work Performance: Evidence From the Work, Family, and Health Network.",Bray,10.1177/0890117117696244,28299947,PMC6719311,2018,American journal of health promotion : AJHP,J7WDDPMK,51d59ccb56ccdae057bba86720e4757e,OK,downloaded,,,,testing,2026-08-06T22:23:52.793295+00:00
S2ZQHQ7S,NIA; NIMH,Boring Task / NIA; Boring Task / NIMH,"Study protocol for comparing Screening, Brief Intervention, and Referral to Treatment (SBIRT) to referral as usual for depression in African American  churches.",Hankerson,10.1186/s13063-021-05767-8,35101100,PMC8801931,2022,Trials,THGH9GPY,d4e2bc41d8ba83026835e0408945e59a,OK,downloaded,"2 PDF attachments, picked highest priority: Full Text PDF; Full Text PDF",,,testing,2026-08-06T22:23:53.247485+00:00
CQWMFUI8,NIA; NIMHD,Boring Task / NIA; Boring Task / NIMHD,Nursing home staff perspectives on adoption of an innovation in goals of care communication.,Chisholm,10.1016/j.gerinurse.2017.08.001,28866315,PMC5832512,2018,"Geriatric nursing (New York, N.Y.)",233IG8X2,71aea168f02acac437992f417871751c,OK,downloaded,,,,testing,2026-08-06T22:23:53.821456+00:00
6TH7JZG3,NIA; NIDA,Boring Task / NIA; Boring Task / NIDA,Rationale and protocol for a cluster randomized pragmatic clinical trial testing behavioral economic implementation strategies to improve tobacco treatment rates  for cancer patients who smoke.,Jenssen,10.1186/s13012-021-01139-7,34266468,PMC8281481,2021,Implementation science : IS,9KJZIXEQ,2569dc33fab7826678f8ee0328e7a049,OK,downloaded,"2 PDF attachments, picked highest priority: Full Text PDF; Full Text PDF",,,testing,2026-08-06T22:23:54.354420+00:00
4P75RKMV,NIA; NIGMS,Boring Task / NIA; Boring Task / NIGMS,Effect on Patient Safety of a Resident Physician Schedule without 24-Hour Shifts.,Landrigan,10.1056/nejmoa1900669,32579812,PMC7405505,2020,The New England journal of medicine,5YGMK2A3,3a34d905419f9c18a3746372e8b9f4c6,OK,downloaded,"2 PDF attachments, picked highest priority: Submitted Version; Full Text PDF",,,testing,2026-08-06T22:23:54.993023+00:00
CWS9XSIY,NIA; NIMH,Boring Task / NIA; Boring Task / NIMH,The Female Athlete Body project study: 18-month outcomes in eating disorder symptoms and risk factors.,Stewart,10.1002/eat.23145,31350934,PMC7089677,2019,The International journal of eating disorders,4TV75ZV7,84f33793b2a8ef7697219517a1e42a87,OK,downloaded,,,,testing,2026-08-06T22:23:55.445467+00:00
WZHWKDU4,NIA; NIGMS,Boring Task / NIA; Boring Task / NIGMS,"Impact of the iWHELD digital person-centered care program on quality of life, agitation and psychotropic medications in people with dementia living in nursing  homes during the COVID-19 pandemic: A randomized controlled trial.",McDermid,10.1002/alz.13582,38116916,PMC10984502,2024,Alzheimer's & dementia : the journal of the Alzheimer's Association,ZWYT3XS3,60201b2b16b01f31bfc04ef05e4a5c79,OK,downloaded,,,,testing,2026-08-06T22:23:55.963201+00:00
83RPH6BD,NIA; NIDDK,Boring Task / NIA; Boring Task / NIDDK,"Only one cluster per condition is an invalid design for a cluster randomized trial and should be re-labeled a quasi-experimental study. Response to: ""Effect  of behavioral activation on time and frequency domain heart rate variability in  older adults with subthreshold depression: a cluster randomized controlled trial  in Thailand"".",Jamshidi-Naeini,10.1186/s12888-022-04491-0,36639614,PMC9840303,2023,BMC psychiatry,SHN2DNT2,d725d3dc40292f60504d9d644ff9b4c2,OK,downloaded,"2 PDF attachments, picked highest priority: Full Text PDF; Full Text PDF",,,testing,2026-08-06T22:23:56.465763+00:00
V4D33GKD,NIA; NIEHS,Boring Task / NIA; Boring Task / NIEHS,Assessment of Financial Toxicity Among Older Adults With Advanced Cancer.,Arastu,10.1001/jamanetworkopen.2020.25810,33284337,PMC8184122,2020,JAMA network open,6VMD92GV,3756c30d31729487e0e19149b7ca3c1d,OK,downloaded,,,,testing,2026-08-06T22:23:56.975837+00:00
CGFN57QZ,NIA; NICHD,Boring Task / NIA; Boring Task / NICHD,"Employee Cardiometabolic Risk Following a Cluster-Randomized Workplace Intervention From the Work, Family and Health Network, 2009-2013.",Berkman,10.2105/ajph.2023.307413,37939328,PMC10632833,2023,American journal of public health,82VBPR98,af975949672e592d5a0340c70f34bcc5,OK,downloaded,,,,testing,2026-08-06T22:23:57.485974+00:00
9X4PEVBD,NIA; NINDS,Boring Task / NIA; Boring Task / NINDS,"Mixed-Method, Multilevel Clustered-Randomized Control Trial for Menstrual Health Disparities.",Houghton,10.1007/s11121-024-01646-1,38358576,PMC11239736,2024,Prevention science : the official journal of the Society for Prevention Research,WGZ9SCWK,89444d78bf980840e4158549816322d6,OK,downloaded,,,,testing,2026-08-06T22:23:58.000986+00:00
MRAHGVSS,NIA; NINDS,Boring Task / NIA; Boring Task / NINDS,Physical Activity in Hospitalized Persons With Dementia: Feasibility and Validity of the MotionWatch 8.,Kuzmik,10.1123/japa.2020-0275,33863850,PMC9494281,2021,Journal of aging and physical activity,G5WJI4JN,4db96201cee908eb587b236f289e23cd,OK,downloaded,,,,testing,2026-08-06T22:23:58.628768+00:00
2MWISP7C,NIA; NIDDK,Boring Task / NIA; Boring Task / NIDDK,Electronic Decision Support for Management of CKD in Primary Care: A Pragmatic Randomized Trial.,Peralta,10.1053/j.ajkd.2020.05.013,32682696,PMC7606321,2020,American journal of kidney diseases : the official journal of the National Kidney Foundation,NUVWQ5D8,fd5216ef37b625db1e7dcdeebd13cf23,OK,downloaded,,,,testing,2026-08-06T22:23:59.129833+00:00
4XYV8HZY,NIA; NICHD; NLM,Boring Task / NIA; Boring Task / NICHD; Boring Task / NLM,Assessing the representativeness of cluster randomized trials: Evidence from two large pragmatic trials in United States nursing homes.,Joyce,10.1177/17407745231185055,37493171,PMC10811279,2023,"Clinical trials (London, England)",EGHK9LVQ,7ed0fb9ef09c298a1d14cd9b25f0934a,OK,downloaded,,,,testing,2026-08-06T22:23:59.694390+00:00
RPDUHJVP,NIA; NINR,Boring Task / NIA; Boring Task / NINR,Completion of Patient-Reported Outcome Questionnaires Among Older Adults with Advanced Cancer.,Flannery,10.1016/j.jpainsymman.2021.07.032,34371137,PMC8816807,2022,Journal of pain and symptom management,29WEY88U,5c95d133ea5688dbc15a8e4aa1bff019,OK,downloaded,,,,testing,2026-08-06T22:24:00.206746+00:00
XGDEQSIC,NIA; NINDS,Boring Task / NIA; Boring Task / NINDS,Delirium and Behavioral Symptoms in Persons With Dementia at Hospital Admission: Mediating Factors.,Boltz,10.1097/wad.0000000000000552,36897056,PMC10238610,2023,Alzheimer disease and associated disorders,UH8XEA9T,eb9ab5ef70e58654eebf8034e8906771,OK,downloaded,,,,testing,2026-08-06T22:24:00.663035+00:00
9I6YTA9P,NIA; NIDDK,Boring Task / NIA; Boring Task / NIDDK,"Randomization, design and analysis for interdependency in aging research: no person or mouse is an island.",Chusyd,10.1038/s43587-022-00333-6,37063472,PMC10099485,2022,Nature aging,GDM75B9T,e7c2ae8c0d8dd586497d96ede77938e0,OK,downloaded,,,,testing,2026-08-06T22:24:01.186186+00:00
6NZ2X7WN,NIA; NIDDK; NIGMS,Boring Task / NIA; Boring Task / NIDDK; Boring Task / NIGMS,Predictors of racial differences in weight loss: the PROPEL trial.,Newton,10.1002/oby.23936,38058232,PMC10922207,2024,"Obesity (Silver Spring, Md.)",NTE4DDZC,141b802b9169d1d725ec9049bc2d8c65,OK,downloaded,,,,testing,2026-08-06T22:24:01.679057+00:00
DVTPLYEC,NIA; NIDDK; NIMHD,Boring Task / NIA; Boring Task / NIDDK; Boring Task / NIMHD,Process of Engaging Community and Scientific Partners in the Development of the CIRCL-Chicago Study Protocol.,Smith,10.18865/ed.decipher.18,38846735,PMC11895547,2023,Ethnicity & disease,DUA4S3W7,3209f396d315ed27c76c6586fcbcf02e,OK,downloaded,,,,testing,2026-08-06T22:24:02.150412+00:00
M9BWEQ9C,NIA; NIDDK,Boring Task / NIA; Boring Task / NIDDK,Geriatric Syndromes and Health-Related Quality of Life in Older Adults with Chronic Kidney Disease.,Liu,10.34067/kid.0000000000000078,36790849,PMC10278840,2023,Kidney360,VFNGT29B,a286b144609ddf654faff8128411ff26,OK,downloaded,,,,testing,2026-08-06T22:24:02.637311+00:00
6SAHHJTI,NIA; NIDDK,Boring Task / NIA; Boring Task / NIDDK,Effect of Long-term Exercise Training on Physical Performance and Cardiorespiratory Function in Adults With CKD: A Randomized Controlled Trial.,Weiner,10.1053/j.ajkd.2022.06.008,35944747,PMC9780154,2023,American journal of kidney diseases : the official journal of the National Kidney Foundation,YXTGVH4B,f4d7a5222f99328bff44a23d47182c1b,OK,downloaded,,,,testing,2026-08-06T22:24:03.068052+00:00
ZSVGVCQS,NIA,Boring Task / NIA,Changes in Moderate Intensity Physical Activity Are Associated With Better Cognition in the Multilevel Intervention for Physical Activity in Retirement  Communities (MIPARC) Study.,Zlatar,10.1016/j.jagp.2019.04.011,31138456,PMC6739142,2019,The American journal of geriatric psychiatry : official journal of the American Association for Geriatric Psychiatry,3UN4TQIX,23b52cab702fabdee1474bc71d7888fd,OK,downloaded,,,,testing,2026-08-06T22:24:03.574714+00:00
DZM6LTUC,NIA,Boring Task / NIA,The shared uncertainty experience of older adults with advanced cancer and their caregivers.,Zhang,10.1002/pon.5895,35112424,PMC9177692,2022,Psycho-oncology,JD9NABPP,bce6cec7eda72efc83024fd40c999835,OK,downloaded,,,,testing,2026-08-06T22:24:04.112623+00:00
M7LQMW8H,NIA,Boring Task / NIA,Agreement of Antipsychotic Use between Nursing Home Electronic Records and Minimum Data Set.,Zhang,10.1016/j.jamda.2023.07.005,37573885,PMC10858287,2024,Journal of the American Medical Directors Association,JTEGANTU,f6f62d001c8dc72036ef32784166e9d6,OK,downloaded,,,,testing,2026-08-06T22:24:04.608836+00:00
TLXU4MVQ,NIA,Boring Task / NIA,"Protocol paper: Multi-site, cluster-randomized clinical trial for optimizing functional outcomes of older cancer survivors after chemotherapy.",Yilmaz,10.1016/j.jgo.2022.03.001,35292232,PMC9283231,2022,Journal of geriatric oncology,YTDS4C4F,3ab4ed71cb97e14f81bbfcacc1a721d2,OK,downloaded,,,,testing,2026-08-06T22:24:05.036717+00:00
VJETY9NK,NIA,Boring Task / NIA,Vestibular therapy to reduce falls in people with Alzheimer's disease: study protocol for a pilot randomized controlled trial.,Yesantharao,10.1186/s40814-022-01133-w,35918757,PMC9344717,2022,Pilot and feasibility studies,SUDV2PN3,d9caee8c4cb9daa5acc0ced288ad3b31,OK,downloaded,,,,testing,2026-08-06T22:24:05.556332+00:00
SAGEATPB,NIA,Boring Task / NIA,A Multifaceted Intervention Improves Prescribing for Acute Respiratory Infection for Adults and Children in Emergency Department and Urgent Care Settings.,Yadav,10.1111/acem.13690,31215721,PMC8146207,2019,Academic emergency medicine : official journal of the Society for Academic Emergency Medicine,PA7DXDUN,c235a774204271d749caa570fe44fdd1,OK,downloaded,,,,testing,2026-08-06T22:24:05.999651+00:00
4NA6ICX5,NIA,Boring Task / NIA,"Effect of the Tailored, Family-Involved Hospital Elder Life Program on Postoperative Delirium and Function in Older Adults: A Randomized Clinical Trial.",Wang,10.1001/jamainternmed.2019.4446,31633738,PMC6806427,2020,JAMA internal medicine,JCJ4Q3VM,e42f385b3a66c2661c6d928ca9ad8a89,OK,downloaded,,,,testing,2026-08-06T22:24:06.526421+00:00
NCZHFUG6,NIA,Boring Task / NIA,LungCARE: Encouraging Shared Decision-Making in Lung Cancer Screening-a Randomized Trial.,Walsh,10.1007/s11606-023-08189-1,37653203,PMC10651593,2023,Journal of general internal medicine,L5UV66QX,2f1b0be8a5e5372d5fb70b8bd8f8ca1a,OK,downloaded,,,,testing,2026-08-06T22:24:07.008208+00:00
DGN43CXD,NIA,Boring Task / NIA,Population-Based Pragmatic Trial of Advance Care Planning in Primary Care in the University of California Health System.,Walling,10.1089/jpm.2019.0142,31486723,PMC6916115,2019,Journal of palliative medicine,URKJHSPI,589309d37b4ed77697504f95b45e7173,OK,downloaded,,,,testing,2026-08-06T22:24:07.476506+00:00
SCVW75H8,NIA,Boring Task / NIA,Patient and public involvement in pragmatic trials: online survey of corresponding authors of published trials.,Vanderhout,10.9778/cmajo.20220198,37726115,PMC10516685,2023,CMAJ open,W3TPHF2A,ac5a2ca0b574c3c2d35abe0ca413a38a,OK,downloaded,,,,testing,2026-08-06T22:24:07.954354+00:00
FGKYM2SH,NIA,Boring Task / NIA,Resources for Enhancing Alzheimer's Caregiver Health in Vietnam (REACH VN): Exploratory Analyses of Outcomes of a Cluster Randomized Controlled Trial to Test  the Feasibility and Preliminary Efficacy of a Family Dementia Caregiver  Intervention in Vietnam.,Tran,10.1016/j.jagp.2022.04.011,35667959,,2022,The American journal of geriatric psychiatry : official journal of the American Association for Geriatric Psychiatry,I2H7RIKX,d25e4909af4e167facdebdd4f0723380,OK,downloaded,,,,testing,2026-08-06T22:24:08.354730+00:00
M3IMKTAR,NIA,Boring Task / NIA,"A qualitative evaluation of a simplified cardiovascular management program in Tibet, China.",Tian,10.1186/s12992-018-0342-0,29490675,PMC5831713,2018,Globalization and health,4D3N7FAH,5205b85f8f55963fa6f3aefc4eb3d63b,OK,downloaded,,,,testing,2026-08-06T22:24:08.865871+00:00
56IHXJJI,NIA,Boring Task / NIA,Resident-to-Resident Mistreatment: Evaluation of a Staff Training Program in the Reduction of Falls and Injuries.,Teresi,10.3928/00989134-20180326-01,29677382,PMC6668910,2018,Journal of gerontological nursing,MKZ4DAZ3,67bda06c4f5ae6570a2d425f1b81943b,OK,downloaded,,,,testing,2026-08-06T22:24:09.418391+00:00
BK76F4GJ,NIA,Boring Task / NIA,Resident-to-resident elder mistreatment (R-REM) intervention for direct care staff in assisted living residences: study protocol for a cluster randomized  controlled trial.,Teresi,10.1186/s13063-020-04580-z,32787944,PMC7425144,2020,Trials,REG7ILND,6d56a45870ff9fa3b46c70b8dad77873,OK,downloaded,,,,testing,2026-08-06T22:24:09.937689+00:00
GDJ4LD32,NIA,Boring Task / NIA,Personalized Disease Prevention (PDP): study protocol for a cluster-randomized clinical trial.,Taksler,10.1186/s13063-022-06750-7,36273151,PMC9587586,2022,Trials,E6IEL43D,ac783bfdc3f2abd8f9987f7440da05bf,OK,downloaded,,,,testing,2026-08-06T22:24:10.496612+00:00
PMAXGL5B,NIA,Boring Task / NIA,Risk Factors Associated With Transition From Acute to Chronic Low Back Pain in US Patients Seeking Primary Care.,Stevans,10.1001/jamanetworkopen.2020.37371,33591367,PMC7887659,2021,JAMA network open,HQJIG2J4,b82ae654ee847f24c9f6934ca8c6b915,OK,downloaded,,,,testing,2026-08-06T22:24:11.044425+00:00
WT4FKUEX,NIA,Boring Task / NIA,Results of a multi-site pragmatic hybrid type 3 cluster randomized trial comparing level of facilitation while implementing an intervention in  community-dwelling disabled and older adults in a Medicaid waiver.,Spoelstra,10.1186/s13012-022-01232-5,36028873,PMC9419328,2022,Implementation science : IS,PEMA5TNT,83fa529e380679aa01df97b5c33a61c4,OK,downloaded,,,,testing,2026-08-06T22:24:11.628079+00:00
SX22ZM82,NIA,Boring Task / NIA,"Using Structured Observations to Evaluate the Effects of a Personalized Music Intervention on Agitated Behaviors and Mood in Nursing Home Residents With  Dementia: Results From an Embedded, Pragmatic Randomized Controlled Trial.",Sisti,10.1016/j.jagp.2023.10.016,37973488,PMC10922136,2024,The American journal of geriatric psychiatry : official journal of the American Association for Geriatric Psychiatry,X338T48U,aaee9706516a613ed62e72870f818b63,OK,downloaded,,,,testing,2026-08-06T22:24:12.146165+00:00
PX36RSR8,NIA,Boring Task / NIA,"Effects of an Oncology Nurse-Led, Primary Palliative Care Intervention (CONNECT) on Illness Expectations Among Patients With Advanced Cancer.",Sigler,10.1200/op.21.00573,34767474,PMC9014423,2022,JCO oncology practice,U7HA7FRI,a9250982a3bd29196117377e6f3d9d12,OK,downloaded,,,,testing,2026-08-06T22:24:12.612344+00:00
VK6ISFI7,NIA,Boring Task / NIA,Association Between Improved Mobility and Distal Health Outcomes.,Shuman,10.1093/gerona/glaa086,32270185,PMC7662180,2020,"The journals of gerontology. Series A, Biological sciences and medical sciences",Z5TV9SB4,7d5cf6b02eeefdc9a2c0fb01342b4c84,OK,downloaded,,,,testing,2026-08-06T22:24:13.121617+00:00
82VGQ9L3,NIA,Boring Task / NIA,Poor patient health is associated with higher caregiver burden for older adults with advanced cancer.,Semere,10.1016/j.jgo.2021.01.002,33478890,PMC8184574,2021,Journal of geriatric oncology,CZJX5DTT,f6eeabce7ae169f0635c21fef0a0a46e,OK,downloaded,,,,testing,2026-08-06T22:24:13.649488+00:00
VMVQ2SRD,NIA,Boring Task / NIA,Examining Caregiver Outcomes in the CONNECT Intervention for Patients With Advanced Cancer.,Semere,10.1016/j.jpainsymman.2022.11.025,36503155,PMC10191108,2023,Journal of pain and symptom management,3GM3PLRT,53e3ae26b59360233b3b9bab522af389,OK,downloaded,,,,testing,2026-08-06T22:24:14.207773+00:00
AD2GEB7Y,NIA,Boring Task / NIA,Effect of a Mammography Screening Decision Aid for Women 75 Years and Older: A Cluster Randomized Clinical Trial.,Schonberg,10.1001/jamainternmed.2020.0440,32310288,PMC7171581,2020,JAMA internal medicine,4KACAE4F,481b2d59b266a5c86fab3198d63f71cc,OK,downloaded,,,,testing,2026-08-06T22:24:14.677713+00:00
S7WLRJUA,NIA,Boring Task / NIA,The effects of a physical and cognitive training intervention vs. physical training alone on older adults' physical activity: A randomized controlled trial  with extended follow-up during COVID-19.,Savikangas,10.1371/journal.pone.0258559,34644357,PMC8513828,2021,PloS one,5FN287MN,1811029279f5cfa4aa183acc325793db,OK,downloaded,,,,testing,2026-08-06T22:24:15.144576+00:00
7FV77GHR,NIA,Boring Task / NIA,MIND at Home-Streamlined: Study protocol for a randomized trial of home-based care coordination for persons with dementia and their caregivers.,Samus,10.1016/j.cct.2018.05.009,29783091,PMC6415306,2018,Contemporary clinical trials,E28RRSDU,04d447de7bb6bf654c2bfaf1b64820a6,OK,downloaded,,,,testing,2026-08-06T22:24:15.691475+00:00
QRNNZKQD,NIA,Boring Task / NIA,Effect of Social Comparison Feedback on Laboratory Test Ordering for Hospitalized Patients: A Randomized Controlled Trial.,Ryskina,10.1007/s11606-018-4482-y,29790072,PMC6153251,2018,Journal of general internal medicine,X3NNGMIL,07865d3aad3004bfaa9551854fe46e78,OK,downloaded,,,,testing,2026-08-06T22:24:16.223616+00:00
G3V64L83,NIA,Boring Task / NIA,Application of randomization techniques for balancing site covariates in the adult day service plus pragmatic cluster-randomized trial.,Roth,10.1016/j.conctc.2020.100628,32838052,PMC7385904,2020,Contemporary clinical trials communications,STPC4VP6,449b919200b972fe2661bd4de6295316,OK,downloaded,,,,testing,2026-08-06T22:24:16.687441+00:00
DSCI2YQI,NIA,Boring Task / NIA,Testing Function Focused Care for Acute Care using the Evidence Integration Triangle: Protocol description.,Resnick,10.1002/nur.22223,35274750,PMC9064936,2022,Research in nursing & health,WAWND9BH,2cf9be2e5582a915de20f421eb00b287,OK,downloaded,,,,testing,2026-08-06T22:24:17.208107+00:00
RC54XH99,NIA,Boring Task / NIA,Reliability and Validity of the Neuropsychiatric Inventory-Questionnaire Using a Rasch Analysis.,Resnick,10.1891/jnm-2021-0008,35882530,PMC9877242,2022,Journal of nursing measurement,P8XSQSCC,634e876b0e442a268bd86d0bab694263,OK,downloaded,,,,testing,2026-08-06T22:24:17.747880+00:00
V4IJ9JW5,NIA,Boring Task / NIA,Decreasing polypharmacy in older adults with cancer: A pilot cluster-randomized trial protocol.,Ramsdale,10.1016/j.jgo.2023.101687,38302299,PMC10923001,2024,Journal of geriatric oncology,QHGQ4UCL,52ef41c76b3a088c327c90e46904cce5,OK,downloaded,,,,testing,2026-08-06T22:24:18.231050+00:00
VDTZHUI6,NIA,Boring Task / NIA,"Geriatric assessment-driven polypharmacy discussions between oncologists, older patients, and their caregivers.",Ramsdale,10.1016/j.jgo.2018.02.007,29530495,PMC6113101,2018,Journal of geriatric oncology,4ZKPMJ4H,752b2680b5de4098c3486ccfe8861abb,OK,downloaded,,,,testing,2026-08-06T22:24:18.685529+00:00
4SECYYI8,NIA,Boring Task / NIA,A Geriatric Assessment Intervention to Reduce Treatment Toxicity Among Older Adults With Advanced Lung Cancer: A Subgroup Analysis From a Cluster Randomized  Controlled Trial.,Presley,10.3389/fonc.2022.835582,35433441,PMC9008713,2022,Frontiers in oncology,YC39WNZE,954df0d2e910fdd747c112c43a81be37,OK,downloaded,,,,testing,2026-08-06T22:24:19.290057+00:00
QDC744HA,NIA,Boring Task / NIA,Reducing Care Overuse in Older Patients Using Professional Norms and Accountability : A Cluster Randomized Controlled Trial.,Persell,10.7326/m23-2183,38315997,PMC12080469,2024,Annals of internal medicine,VE8HZMZH,ebc936f1f97a386c7e7c0baa2722ecd1,OK,downloaded,,,,testing,2026-08-06T22:24:19.807627+00:00
XSBXXCT3,NIA,Boring Task / NIA,Assessing gait efficacy in older adults: An analysis using item response theory.,Perera,10.1016/j.gaitpost.2020.01.028,32028078,PMC7061088,2020,Gait & posture,953VJSAD,1691e5d8777362c602b07f9b5b4dba54,OK,downloaded,,,,testing,2026-08-06T22:24:20.256665+00:00
VXSX55VK,NIA,Boring Task / NIA,Intraclass Correlation Coefficients for Planning Cluster Randomized Trials in Community-Dwelling Older Adults.,Perera,10.1177/0898264318816216,30522389,PMC8012005,2020,Journal of aging and health,W24C9D4U,48988334ec82c0c6f74162988efe7810,OK,downloaded,,,,testing,2026-08-06T22:24:20.824730+00:00
JNNSEAAG,NIA,Boring Task / NIA,Can clinician champions reduce potentially inappropriate medications in people living with dementia? Study protocol for a cluster randomized trial.,Parchman,10.1186/s13012-022-01237-0,36163181,PMC9513870,2022,Implementation science : IS,AEVZMDFJ,8bb04d58110110fc214082e2a20b1041,OK,downloaded,,,,testing,2026-08-06T22:24:21.325966+00:00
NVKKCW4E,NIA,Boring Task / NIA,"A dynamic application of PRECIS-2 to evaluate implementation in a pragmatic, cluster randomized clinical trial in two nursing home systems.",Palmer,10.1186/s13063-018-2817-y,30134976,PMC6106941,2018,Trials,4M5UVUF9,cf564d1ae5a01eba8105708793ccd086,OK,downloaded,,,,testing,2026-08-06T22:24:21.848489+00:00
RP5TMMXH,NIA,Boring Task / NIA,Measuring implementation fidelity in a cluster-randomized pragmatic trial: development and use of a quantitative multi-component approach.,Olson,10.1186/s13063-022-06002-8,35033176,PMC8761354,2022,Trials,DRDFI9P7,6d9cdbf99db594b1ac3c234d94d5430b,OK,downloaded,,,,testing,2026-08-06T22:24:22.583721+00:00
AVNZGS8L,NIA,Boring Task / NIA,Ethical analysis of vulnerabilities in cluster randomized trials involving people living with dementia in long-term care homes.,Nix,10.1111/jgs.18128,36435175,PMC9957897,2023,Journal of the American Geriatrics Society,RJEVPRTP,171c3ebffa80caa6ae74bad7de910832,OK,downloaded,,,,testing,2026-08-06T22:24:23.151461+00:00
8X8VAVS2,NIA,Boring Task / NIA,A cluster randomized controlled trial to test the feasibility and preliminary effectiveness of a family dementia caregiver intervention in Vietnam: The REACH  VN study protocol.,Nguyen,10.1097/md.0000000000012553,30334942,PMC6211867,2018,Medicine,4XD3FQVP,1b7a978bd3f0468e130b59a702fcd8a7,OK,downloaded,,,,testing,2026-08-06T22:24:23.578315+00:00
668LFLRC,NIA,Boring Task / NIA,Hospital-Associated Complications of Older People: A Proposed Multicomponent Outcome for Acute Care.,Mudge,10.1111/jgs.15662,30423197,PMC6367036,2019,Journal of the American Geriatrics Society,FHA8EFHS,515c0267af93939aeaed6ea1f2533302,OK,downloaded,,,,testing,2026-08-06T22:24:24.067091+00:00
7JHMUXBM,NIA,Boring Task / NIA,Effect of a Ward-Based Program on Hospital-Associated Complications and Length of Stay for Older Inpatients: The Cluster Randomized CHERISH Trial.,Mudge,10.1001/jamainternmed.2021.7556,35006265,PMC8749692,2022,JAMA internal medicine,T363VQAX,793b8715069ca351b0754abe076248ce,OK,downloaded,,,,testing,2026-08-06T22:24:24.547422+00:00
N644CX8B,NIA,Boring Task / NIA,Effect of a Video-Assisted Advance Care Planning Intervention on End-of-Life Health Care Transitions Among Long-Stay Nursing Home Residents.,Moyo,10.1016/j.jamda.2021.09.014,34627753,PMC8885779,2022,Journal of the American Medical Directors Association,VCA5E3I6,c7c98b3a83554aa1b7fbdb7cf525c184,OK,downloaded,,,,testing,2026-08-06T22:24:25.080973+00:00
45QRDBNZ,NIA,Boring Task / NIA,Communication With Older Patients With Cancer Using Geriatric Assessment: A Cluster-Randomized Clinical Trial From the National Cancer Institute Community  Oncology Research Program.,Mohile,10.1001/jamaoncol.2019.4728,31697365,PMC6865234,2020,JAMA oncology,D3TISWUH,a4c1dc3b6b86c4ba597e8984e47f06de,OK,downloaded,,,,testing,2026-08-06T22:24:25.571834+00:00
GSZMCC5S,NIA,Boring Task / NIA,Effectiveness of a Multicomponent Intervention to Reduce Multidrug-Resistant Organisms in Nursing Homes: A Cluster Randomized Clinical Trial.,Mody,10.1001/jamanetworkopen.2021.16555,34269807,PMC8285736,2021,JAMA network open,WAAQUEBD,c59493f31980905b154eb852281d4cd5,OK,downloaded,,,,testing,2026-08-06T22:24:26.058471+00:00
K7VA9ZA6,NIA,Boring Task / NIA,An Advance Care Planning Video Decision Support Tool for Nursing Home Residents With Advanced Dementia: A Cluster Randomized Clinical Trial.,Mitchell,10.1001/jamainternmed.2018.1506,29868778,PMC6033645,2018,JAMA internal medicine,76AWADHB,527ed87fb3e1b267f75c182a20d03f6b,OK,downloaded,,,,testing,2026-08-06T22:24:26.517810+00:00
YVTFQYD2,NIA,Boring Task / NIA,Symptom Burden and Shared Care Planning in an Oncology Nurse-Led Primary Palliative Care Intervention (CONNECT) for Patients with Advanced Cancer.,Mitchell,10.1089/jpm.2022.0277,36472545,PMC10150730,2023,Journal of palliative medicine,4KMARE3A,a738b298cad0458a8a9b5fb675ac188d,OK,downloaded,,,,testing,2026-08-06T22:24:27.039100+00:00
7EUMUR7L,NIA,Boring Task / NIA,Effect of Peer Benchmarking on Specialist Electronic Consult Performance in a Los Angeles Safety-Net: a Cluster Randomized Trial.,Meeker,10.1007/s11606-021-07002-1,34505234,PMC8428492,2022,Journal of general internal medicine,SS7RZH6V,7bc41ddf73aea976ebfb4a79331c0f1a,OK,downloaded,,,,testing,2026-08-06T22:24:27.533889+00:00
W7JB8WJ4,NIA,Boring Task / NIA,Effect of advance care planning video on do-not-hospitalize orders for nursing home residents with advanced illness.,McCreedy,10.1186/s12877-022-02970-3,35392827,PMC8991654,2022,BMC geriatrics,VKLUD3YL,23523a3e7468ba3a88bb9c92d60597b0,OK,downloaded,,,,testing,2026-08-06T22:24:28.070875+00:00
WKF8PMVN,NIA,Boring Task / NIA,Pragmatic Trial of Personalized Music for Agitation and Antipsychotic Use in Nursing Home Residents With Dementia.,McCreedy,10.1016/j.jamda.2021.12.030,35038407,PMC9256757,2022,Journal of the American Medical Directors Association,IU3RNT7D,56ecda623e5709ddf689ef1a601e813b,OK,downloaded,,,,testing,2026-08-06T22:24:28.615306+00:00
HHV9UIL8,NIA,Boring Task / NIA,Measuring the effects of a personalized music intervention on agitated behaviors among nursing home residents with dementia: design features for  cluster-randomized adaptive trial.,McCreedy,10.1186/s13063-021-05620-y,34620193,PMC8496617,2021,Trials,YRG9G4Q9,c0c00d390c4e0bcc8594ba7abc0c15b0,OK,downloaded,,,,testing,2026-08-06T22:24:29.146135+00:00
AUPMUZSK,NIA,Boring Task / NIA,Representation in the Care Planning Process for Nursing Home Residents With Dementia.,McCreedy,10.1016/j.jamda.2018.01.004,29534863,PMC5924720,2018,Journal of the American Medical Directors Association,7ATZQK52,4ef1a2f636a325631596e037e097b45d,OK,downloaded,,,,testing,2026-08-06T22:24:29.728285+00:00
JNM3WPH3,NIA,Boring Task / NIA,Social Mobile Approaches to Reducing Weight (SMART) 2.0: protocol of a randomized controlled trial among young adults in university settings.,Mansour-Assi,10.1186/s13063-021-05938-7,34980208,PMC8721474,2022,Trials,V4XDIP96,677d7a7337947f1df612dab9dc44ef6b,OK,downloaded,,,,testing,2026-08-06T22:24:30.187144+00:00
N6Z88UT5,NIA,Boring Task / NIA,Hope and illness expectations: A cross-sectional study in patients with advanced cancer.,Loučka,10.1177/02692163231214422,38087831,PMC11552658,2024,Palliative medicine,CK8HV7TJ,4e903c7fae2a88912e96d08480d194a4,OK,downloaded,,,,testing,2026-08-06T22:24:30.683617+00:00
4G67IF2E,NIA,Boring Task / NIA,The trial to reduce antimicrobial use in nursing home residents with Alzheimer's disease and other dementias: study protocol for a cluster randomized controlled  trial.,Loizeau,10.1186/s13063-019-3675-y,31615540,PMC6794759,2019,Trials,I63U4Y5R,c5b0e32ad78228b1d707ae803f6e434e,OK,downloaded,,,,testing,2026-08-06T22:24:31.216214+00:00
CLP2FY5Z,NIA,Boring Task / NIA,Associations of Caregiver-Oncologist Discordance in Prognostic Understanding With Caregiver-Reported Therapeutic Alliance and Anxiety.,Loh,10.1016/j.jpainsymman.2020.02.005,32061833,PMC7311277,2020,Journal of pain and symptom management,LNPTK3NC,6bc1d11b5cae69eea29f0bca60dcc022,OK,downloaded,,,,testing,2026-08-06T22:24:31.850044+00:00
33MGPB3E,NIA,Boring Task / NIA,"Beliefs About Advanced Cancer Curability in Older Patients, Their Caregivers, and Oncologists.",Loh,10.1634/theoncologist.2018-0890,31015317,PMC6656513,2019,The oncologist,2QNV5R8H,dc9549e845b5312618205a40ffc9f18b,OK,downloaded,,,,testing,2026-08-06T22:24:32.311550+00:00
UN3SHL78,NIA,Boring Task / NIA,"Caregiver-Oncologist Prognostic Concordance, Caregiver Mastery, and Caregiver Psychological Health and Quality of Life.",Loh,10.1002/onco.13699,33523583,PMC8018313,2021,The oncologist,BZPXPW52,37c909a03c5b3d468156d8853114e6c7,OK,downloaded,,,,testing,2026-08-06T22:24:32.815554+00:00
DCJKXL89,NIA,Boring Task / NIA,Relationships of self-perceived age with geriatric assessment domains in older adults with cancer.,Loh,10.1016/j.jgo.2019.12.011,31899198,PMC7326651,2020,Journal of geriatric oncology,XJ2VUHAG,97016a052712606a1f6e0ce2d2d982ad,OK,downloaded,,,,testing,2026-08-06T22:24:33.288373+00:00
ENRGULMN,NIA,Boring Task / NIA,Clinical Effectiveness of Cognitively Enhanced Tai Ji Quan Training on Global Cognition and Dual-Task Performance During Walking in Older Adults With Mild  Cognitive Impairment or Self-Reported Memory Concerns : A Randomized Controlled  Trial.,Li,10.7326/m23-1603,37903365,,2023,Annals of internal medicine,22DJBEIL,78d030d480efe073de7bdbbcdc6ec020,OK,downloaded,,,,testing,2026-08-06T22:24:33.900678+00:00
UKWR9HXN,NIA,Boring Task / NIA,The Modified Caregiver Strain Index in Black and White Dementia Caregivers at Hospital Discharge.,Kuzmik,10.1080/07317115.2022.2106927,35916440,PMC9892362,2023,Clinical gerontologist,Z8VIMSGZ,53d6735426ee5c7d1dd066d98e8ef31f,OK,downloaded,,,,testing,2026-08-06T22:24:34.365725+00:00
CM3N743Z,NIA,Boring Task / NIA,Factors Associated With Sleep Quality in Hospitalized Persons With Dementia.,Kuzmik,10.1097/wad.0000000000000502,36001764,PMC9426998,2022,Alzheimer disease and associated disorders,N7R9BSK5,a85fb5bc6e3a2e1bb571afdeaa4de485,OK,downloaded,,,,testing,2026-08-06T22:24:34.885338+00:00
P5ASMXQM,NIA,Boring Task / NIA,Caregiver preparedness is associated with desire to seek long-term care admission of hospitalized persons with dementia.,Kuzmik,10.1002/gps.6006,37715936,,2023,International journal of geriatric psychiatry,DDCKJ9BB,9715b2dfdc4a800b7b4440d75ae87bce,OK,downloaded,,,,testing,2026-08-06T22:24:35.373194+00:00
A3DS3XMT,NIA,Boring Task / NIA,Digital detection of dementia (D(3)): a study protocol for a pragmatic cluster-randomized trial examining the application of patient-reported outcomes  and passive clinical decision support systems.,Kleiman,10.1186/s13063-022-06809-5,36221141,PMC9552361,2022,Trials,FFYKVXLS,d3f6f0896db2b6b56212bfb9c6d3dfdd,OK,downloaded,,,,testing,2026-08-06T22:24:35.840227+00:00
9YDDGPRA,NIA,Boring Task / NIA,Effect of menopausal hormone therapy on arterial wall echomorphology: Results from the Early versus Late Intervention Trial with Estradiol (ELITE).,Karim,10.1016/j.maturitas.2022.02.007,35474254,PMC9232990,2022,Maturitas,4DTS7IAP,1562a14ada112142082db2d6725194ba,OK,downloaded,,,,testing,2026-08-06T22:24:36.360689+00:00
2W2VMC7U,NIA,Boring Task / NIA,Developing and Testing Remote Implementation for the Changing Talk Online (CHATO) Communication Intervention for Nursing Home Staff: A Pilot Pragmatic Randomized  Controlled Trial.,K Coleman,10.1093/geroni/igac026,36161143,PMC9495503,2022,Innovation in aging,7FNHIBHC,8a50d837fc364a9ba7890048da0c638e,OK,downloaded,,,,testing,2026-08-06T22:24:36.876783+00:00
Z6QQIWFY,NIA,Boring Task / NIA,Communication About Fall Risk in Community Oncology Practice: The Role of Geriatric Assessment.,Jensen-Battaglia,10.1200/op.22.00173,35984998,PMC9835996,2022,JCO oncology practice,5TRVAJ6G,bd0ce6fbb17f29e11b2e51a4f0f6d2dd,OK,downloaded,,,,testing,2026-08-06T22:24:37.434621+00:00
YY2Y4J6Y,NIA,Boring Task / NIA,Advancing family dementia caregiver interventions in low- and middle-income countries: A pilot cluster randomized controlled trial of Resources for Advancing  Alzheimer's Caregiver Health in Vietnam (REACH VN).,Hinton,10.1002/trc2.12063,33532542,PMC7825546,2020,"Alzheimer's & dementia (New York, N. Y.)",KDAMGGMB,c9ade8a9ec7421a4df0e700ce5ae9143,OK,downloaded,,,,testing,2026-08-06T22:24:37.906368+00:00
27HHPVDB,NIA,Boring Task / NIA,The design and conduct of a pragmatic cluster randomized trial of an advance care planning program for nursing home residents with dementia.,Hickman,10.1177/17407745221108992,35815777,PMC9691516,2022,"Clinical trials (London, England)",9H28Q56W,4dded65211f0de11efc8fda12f6168ff,OK,downloaded,,,,testing,2026-08-06T22:24:38.413302+00:00
GCNXXHDX,NIA,Boring Task / NIA,Medication use quality and safety in older adults: 2022 update.,Gray,10.1111/jgs.18684,38038490,PMC11090755,2024,Journal of the American Geriatrics Society,75KAT25U,5999a5771ad96287f5d0292f2ff591e1,OK,downloaded,,,,testing,2026-08-06T22:24:38.880864+00:00
G5AIEDKN,NIA,Boring Task / NIA,Embedding Caregiver Support Within Adult Day Services: Outcomes of a Multisite Trial.,Gitlin,10.1093/geront/gnad107,37549428,PMC10943495,2024,The Gerontologist,B2QXHAXH,deb17579a6143968ae029083dbe0dd14,OK,downloaded,,,,testing,2026-08-06T22:24:39.367394+00:00
9QV6LKJA,NIA,Boring Task / NIA,A Cluster Randomized Controlled Trial Testing the Impact of Function and Behavior Focused Care for Nursing Home Residents With Dementia.,Galik,10.1016/j.jamda.2020.12.020,33454311,PMC8280250,2021,Journal of the American Medical Directors Association,S5ZR9557,7964ad664872efe99090258ce7d4d423,OK,downloaded,,,,testing,2026-08-06T22:24:39.862169+00:00
8NRL8T54,NIA,Boring Task / NIA,Perceptions of event notification following discharge to improve geriatric care: qualitative interviews of care team members from a 2-site cluster randomized  trial.,Franzosa,10.1093/jamia/ocab074,33997903,PMC8324223,2021,Journal of the American Medical Informatics Association : JAMIA,VRMV5ZXQ,03071c031c7bf23956a13bd86b4246ad,OK,downloaded,,,,testing,2026-08-06T22:24:40.321003+00:00
RMZNQIE9,NIA,Boring Task / NIA,Sustained impact of community-based interventions on contraceptive use among married adolescent girls in rural Niger: Results from a cluster randomized  controlled trial.,Erhardt-Ohren,10.1002/ijgo.14378,35900221,,2023,International journal of gynaecology and obstetrics: the official organ of the International Federation of Gynaecology and Obstetrics,UCRK6MAU,a44996353196b2769e5ad7f2a04c590f,OK,downloaded,,,,testing,2026-08-06T22:24:40.807444+00:00
XVZRE9CR,NIA,Boring Task / NIA,SHARING Choices: Design and rationale for a pragmatic trial of an advance care planning intervention for older adults with and without dementia in primary care.,Dy,10.1016/j.cct.2022.106818,35690262,PMC9700199,2022,Contemporary clinical trials,GA9TQMBK,16bf6ec1ea3bbbe6d194e4f5bddebd78,OK,downloaded,,,,testing,2026-08-06T22:24:41.328619+00:00
DLPYKKUZ,NIA,Boring Task / NIA,Recruitment of older adults from long-term care settings for a longitudinal clinical trial.,Davis,10.1002/nur.22360,38095101,PMC10843827,2024,Research in nursing & health,WVUA93D3,f159c09a0c91cb6c359343daf447c961,OK,downloaded,,,,testing,2026-08-06T22:24:41.863113+00:00
IG5YG7VB,NIA,Boring Task / NIA,Effects of a Geriatric Assessment Intervention on Patient-Reported Symptomatic Toxicity in Older Adults With Advanced Cancer.,Culakova,10.1200/jco.22.00738,36356279,PMC9901996,2023,Journal of clinical oncology : official journal of the American Society of Clinical Oncology,D3FEPC9Q,678739229c4e60a1c457e5909cbe3290,OK,downloaded,,,,testing,2026-08-06T22:24:42.345664+00:00
4AY2WR3U,NIA,Boring Task / NIA,SHARING Choices: Lessons Learned from a Primary-Care Focused Advance Care Planning Intervention.,Colburn,10.1016/j.jpainsymman.2023.04.014,37100306,PMC12685009,2023,Journal of pain and symptom management,FLFDW3IH,62201b78aed8e3e9c59701e77091977a,OK,downloaded,,,,testing,2026-08-06T22:24:42.799925+00:00
KV28CSXV,NIA,Boring Task / NIA,Concordance Between Proxy Level of Care Preference and Advance Directives Among Nursing Home Residents With Advanced Dementia: A Cluster Randomized Clinical  Trial.,Cohen,10.1016/j.jpainsymman.2018.09.018,30273717,PMC6310643,2019,Journal of pain and symptom management,M8VZJNJK,12ff333206ad14f0d327633711015e2c,OK,downloaded,,,,testing,2026-08-06T22:24:43.298708+00:00
2EAWBLSK,NIA,Boring Task / NIA,Primary Palliative Care Improves Uptake of Advance Care Planning Among Patients With Advanced Cancers.,Cohen,10.6004/jnccn.2023.7002,37015338,PMC10477933,2023,Journal of the National Comprehensive Cancer Network : JNCCN,PMYJ22RQ,1b3dc6ba530c7364ae4095697bb019c7,OK,downloaded,,,,testing,2026-08-06T22:24:43.792997+00:00
H8U7KRVH,NIA,Boring Task / NIA,Strategies to Prevent Serious Fall Injuries: A Commentary on Bhasin et al. A Randomized Trial of a Multifactorial Strategy to Prevent Serious Fall Injuries. N  Engl J Med. 2020;383(2):129-140.,Clark,10.20900/agmr20210002,33283207,PMC7710184,2021,Advances in geriatric medicine and research,YN5C2AFT,a2cee020b60ea5f8aa8288183934511e,OK,downloaded,,,,testing,2026-08-06T22:24:44.327448+00:00
4JDNFZC7,NIA,Boring Task / NIA,Three Nurse-administered Protocols Reduce Nutritional Decline and Frailty in Older Gastrointestinal Surgery Patients: A Cluster Randomized Trial.,Chia-Hui Chen,10.1016/j.jamda.2018.09.016,30424980,PMC6607892,2019,Journal of the American Medical Directors Association,B9HA9N9W,1a2bbc22ed4a87a650a7eb08b3f034fe,OK,downloaded,,,,testing,2026-08-06T22:24:44.800805+00:00
3IGYKNGH,NIA,Boring Task / NIA,Role of Hand Hygiene Ambassador and Implementation of Directly Observed Hand Hygiene Among Residents in Residential Care Homes for the Elderly in Hong Kong.,Cheng,10.1017/ice.2018.21,29485019,PMC6225785,2018,Infection control and hospital epidemiology,NTIKA5FW,590830eb28c6bab3c6f717cdd5bc6332,OK,downloaded,,,,testing,2026-08-06T22:24:45.399009+00:00
TSYDUWJK,NIA,Boring Task / NIA,Effects by educational attainment of a mammography screening patient decision aid for women aged 75 years and older.,Cadet,10.1002/cncr.33857,34374430,PMC9152733,2021,Cancer,5PGRCJN6,fb12f3e4679e1cc2b6507af1afb87547,OK,downloaded,,,,testing,2026-08-06T22:24:45.936794+00:00
9A76VE5R,NIA,Boring Task / NIA,Interventions to Reduce Ageism Against Older Adults: A Systematic Review and Meta-Analysis.,Burnes,10.2105/ajph.2019.305123,31219720,PMC6611108,2019,American journal of public health,WMW8MVXB,1f14fbd461741e992d3f1e7ef62c7925,OK,downloaded,,,,testing,2026-08-06T22:24:46.400002+00:00
KGR36X85,NIA,Boring Task / NIA,Protocol for an embedded pragmatic clinical trial to test the effectiveness of Aliviado Dementia Care in improving quality of life for persons living with  dementia and their informal caregivers.,Bristol,10.1016/j.cct.2020.106005,32320844,PMC7269690,2020,Contemporary clinical trials,ZSBZ8UPH,d65dd105c5c7bef3ae9da880c9face8c,OK,downloaded,,,,testing,2026-08-06T22:24:46.909110+00:00
HZH7VKVP,NIA,Boring Task / NIA,Evaluating the Safety of an Educational Deprescribing Intervention: Lessons from the Optimize Trial.,Boyd,10.1007/s40266-023-01080-y,37982982,PMC11101016,2024,Drugs & aging,59A5PHKT,e8f4878dc088c6cb57e82a89466af63a,OK,downloaded,,,,testing,2026-08-06T22:24:47.418546+00:00
7FSI3RN9,NIA,Boring Task / NIA,Can a private sector engagement intervention that prioritizes pro-poor strategies improve healthcare access and quality? A randomized field experiment in Kenya.,Boone,10.1093/heapol/czad076,37602984,PMC11020211,2023,Health policy and planning,945AVCMZ,34080c1cc00ea584a0f205537efac43b,OK,downloaded,,,,testing,2026-08-06T22:24:47.935681+00:00
9RLPXJX2,NIA,Boring Task / NIA,Racial Differences in Pain Management for Patients Receiving Hospice Care.,Booker,10.1188/20.onf.228-240,32078609,,2020,Oncology nursing forum,MYBGIZ98,e5c0c88e2799008a7cd03830a5210032,OK,downloaded,,,,testing,2026-08-06T22:24:48.459704+00:00
GI62Z9QD,NIA,Boring Task / NIA,Hospital Elder Life Program in Long-Term Care (HELP-LTC): A Cluster Randomized Controlled Trial.,Boockvar,10.1111/jgs.16695,32710658,PMC7718417,2020,Journal of the American Geriatrics Society,CARXMBD3,4519889a2e7a66f2f25d3e13adfaae10,OK,downloaded,,,,testing,2026-08-06T22:24:48.916071+00:00
HMITKU4R,NIA,Boring Task / NIA,A behavioral intervention to promote use of multimodal pain medication for hospitalized patients: A randomized controlled trial.,Bongiovanni,10.1002/jhm.13153,37357367,PMC10578203,2023,Journal of hospital medicine,2DLUG4SU,dbd92169a6f0d866e3c04d2f6d3abd57,OK,downloaded,,,,testing,2026-08-06T22:24:49.430250+00:00
YGT6CCGT,NIA,Boring Task / NIA,"Pain Incidence, Treatment, and Associated Symptoms in Hospitalized Persons with Dementia.",Boltz,10.1016/j.pmn.2020.08.002,32921569,PMC7943650,2021,Pain management nursing : official journal of the American Society of Pain Management Nurses,7EI459HT,87c1da3edaff7f408bd018de7b7c4aee,OK,downloaded,,,,testing,2026-08-06T22:24:49.937095+00:00
BBXP6ADJ,NIA,Boring Task / NIA,Testing an Intervention to Improve Posthospital Outcomes in Persons Living With Dementia and Their Family Care Partners.,Boltz,10.1093/geroni/igad083,37841214,PMC10573730,2023,Innovation in aging,HEUJN2NQ,6c3a54c3a178f7ae3e910c01fba41786,OK,downloaded,,,,testing,2026-08-06T22:24:50.463941+00:00
V75G53SK,NIA,Boring Task / NIA,Recruiting and Retaining Dyads of Hospitalized Persons with Dementia and Family Caregivers.,Boltz,10.1177/01939459211032282,34382886,PMC9472232,2022,Western journal of nursing research,5UKLDUPK,27039ca2e662f75ebfd0308b8f963d28,OK,downloaded,,,,testing,2026-08-06T22:24:50.948809+00:00
XLBLVF4U,NIA,Boring Task / NIA,Reducing disability via a family centered intervention for acutely ill persons with Alzheimer's disease and related dementias: protocol of a cluster-randomized  controlled trial (Fam-FFC study).,Boltz,10.1186/s13063-018-2875-1,30223870,PMC6142366,2018,Trials,GK9Z4TZ8,37c15db6f0a69b790335bbc584b26c2f,OK,downloaded,,,,testing,2026-08-06T22:24:51.420756+00:00
XZSSRCQQ,NIA,Boring Task / NIA,"Enhancing Palliative Care for Patients With Advanced Heart Failure Through Simple Prognostication Tools: A Comparison of the Surprise Question, the Number of  Previous Heart Failure Hospitalizations, and the Seattle Heart Failure Model for  Predicting 1-Year Survival.",Blum,10.3389/fcvm.2022.836237,35479267,PMC9035562,2022,Frontiers in cardiovascular medicine,YNECYE6H,b01e76770657f92977b182a3de15f624,OK,downloaded,,,,testing,2026-08-06T22:24:51.946497+00:00
7AKBUICC,NIA,Boring Task / NIA,Intervening on fear after acute cardiac events: Rationale and design of the INFORM randomized clinical trial.,Birk,10.1037/hea0000853,32833475,PMC7449512,2020,"Health psychology : official journal of the Division of Health Psychology, American Psychological Association",X3LUWS5K,3585d0841ffbe9ba67811ccb2ff9a2a0,OK,downloaded,,,,testing,2026-08-06T22:24:52.385376+00:00
D5MT9R7C,NIA,Boring Task / NIA,Evaluating the Findings of the IMPACT-C Randomized Clinical Trial to Improve COVID-19 Vaccine Coverage in Skilled Nursing Facilities.,Berry,10.1001/jamainternmed.2021.8067,35099523,PMC8804975,2022,JAMA internal medicine,UG4RZIRQ,c24f340d01dc24b6ed577d08762553c3,OK,downloaded,,,,testing,2026-08-06T22:24:52.861282+00:00
Z582MYLU,NIA,Boring Task / NIA,Deprescribing Education vs Usual Care for Patients With Cognitive Impairment and Primary Care Clinicians: The OPTIMIZE Pragmatic Cluster Randomized Trial.,Bayliss,10.1001/jamainternmed.2022.0502,35343999,PMC8961395,2022,JAMA internal medicine,E26D4XW7,3526ae933c134e27cc36e98aa4d83ab9,OK,downloaded,,,,testing,2026-08-06T22:24:53.364234+00:00
GP44YDTA,NIA,Boring Task / NIA,"The OPTIMIZE patient- and family-centered, primary care-based deprescribing intervention for older adults with dementia or mild cognitive impairment and  multiple chronic conditions: study protocol for a pragmatic cluster randomized  controlled trial.",Bayliss,10.1186/s13063-020-04482-0,32552857,PMC7301527,2020,Trials,8GUZZ3ZD,e328c2d70087503c9c3f0092f14e8c5f,OK,downloaded,,,,testing,2026-08-06T22:24:53.823282+00:00
3QQZB4ZH,NIA,Boring Task / NIA,Effect of Doxycycline on Aneurysm Growth Among Patients With Small Infrarenal Abdominal Aortic Aneurysms: A Randomized Clinical Trial.,Baxter,10.1001/jama.2020.5230,32453369,PMC7251450,2020,JAMA,9I3C7EII,7a6e0194125416e5dfbcdddb8f32028f,OK,downloaded,,,,testing,2026-08-06T22:24:54.402380+00:00
VSBNZPUS,NIA,Boring Task / NIA,Effectiveness of Quality Improvement Coaching on Process Outcomes in Health Care Settings: A Systematic Review.,Ballengee,10.1007/s11606-021-07217-2,34981354,PMC8904663,2022,Journal of general internal medicine,AGQC5YLB,0f4c10c2baa2568ac8c7d53f75b00762,OK,downloaded,,,,testing,2026-08-06T22:24:54.886523+00:00
ZKK4BKTQ,NIA,Boring Task / NIA,Multicrossover Randomized Controlled Trial Designs in Alzheimer Disease.,Arnold,10.1002/ana.25280,30014506,PMC6481185,2018,Annals of neurology,K9HBU2US,afd71da9b79d0370eab1cd1528b076e2,OK,downloaded,,,,testing,2026-08-06T22:24:55.387294+00:00
V6W2HD3R,NIA,Boring Task / NIA,Effect of Community-Based Group Exercise Interventions on Standing Balance and Strength in Independent Living Older Adults.,Alqahtani,10.1519/jpt.0000000000000221,31592997,PMC6788762,2019,Journal of geriatric physical therapy (2001),46PZ493E,7ebd330e919970c053e7250c017f9c3a,OK,downloaded,,,,testing,2026-08-06T22:24:55.951689+00:00
93FNETVQ,NIA,Boring Task / NIA,Medication Use Quality and Safety in Older Adults: 2019 Update.,Ailabouni,10.1111/jgs.17018,33438206,PMC11057223,2021,Journal of the American Geriatrics Society,WWGEJAJI,63e01454ad842bb9b4cbaf79d2b8625c,OK,downloaded,,,,testing,2026-08-06T22:24:56.537214+00:00
QNXF4WMN,NIA,Boring Task / NIA,Medication Use Quality and Safety in Older Adults: 2018 Update.,Ailabouni,10.1111/jgs.16243,31765004,PMC7211086,2019,Journal of the American Geriatrics Society,V9M2PURM,30ca357fe83f8c478e717c9872263856,OK,downloaded,,,,testing,2026-08-06T22:24:57.070300+00:00
IGQ8WSPJ,NIA,Boring Task / NIA,"Supplemental income program design: A cluster-randomized controlled trial to examine the health and wellbeing effects on older adults by gender, duration, and  payment frequency.",Aguila,10.1016/j.socscimed.2020.113139,32623230,PMC7394009,2020,Social science & medicine (1982),4WFAWAC3,5e97a0e8b611e7aebe15d70eabd3434e,OK,downloaded,,,,testing,2026-08-06T22:24:57.495325+00:00
52R34RAC,NIA,Boring Task / NIA,"Effect of Nudges to Clinicians, Patients, or Both to Increase Statin Prescribing: A Cluster Randomized Clinical Trial.",Adusumalli,10.1001/jamacardio.2022.4373,36449275,PMC9713674,2023,JAMA cardiology,XIKAJHW4,88b3b9e60ef372db5e03be40b376cc70,OK,downloaded,,,,testing,2026-08-06T22:24:58.003086+00:00
SPGKN8GS,NIAAA; NIMHD,Boring Task / NIAAA; Boring Task / NIMHD,25 Years of Complex Intervention Trials: Reflections on Lived and Scientific Experiences.,Komro,10.1177/1049731517718939,29962823,PMC6022401,2018,Research on social work practice,NEWQTKT3,de466df2432f3cce852d2ff9761203cb,OK,downloaded,,,,testing,2026-08-06T22:24:58.462000+00:00
4LJNP9IY,NIAAA; NIAID,Boring Task / NIAAA; Boring Task / NIAID,"Design of a randomized controlled trial of smoking cessation medications for alcohol reduction among HIV-positive heavy drinkers and daily smokers in St.  Petersburg, Russia.",Tindle,10.1016/j.conctc.2020.100625,33659761,PMC7889999,2020,Contemporary clinical trials communications,R8TDW2B6,d41acd12246989245d48d73a4e56e67a,OK,downloaded,,,,testing,2026-08-06T22:24:58.978127+00:00
B5PSHGJ9,NIAAA; NIMH,Boring Task / NIAAA; Boring Task / NIMH,Implementing Illness Management and Recovery Within Assertive Community Treatment: A Pilot Trial of Feasibility and Effectiveness.,Monroe-DeVita,10.1176/appi.ps.201700124,29446335,PMC6433370,2018,"Psychiatric services (Washington, D.C.)",IIEBBT8V,d116e00c098cb3b2817d076a180e1b84,OK,downloaded,,,,testing,2026-08-06T22:24:59.602297+00:00
HA7NFJKF,NIAAA; NICHD,Boring Task / NIAAA; Boring Task / NICHD,"A cluster-randomized trial of a college health center-based alcohol and sexual violence intervention (GIFTSS): Design, rationale, and baseline sample.",Abebe,10.1016/j.cct.2017.12.008,29287667,PMC5803349,2018,Contemporary clinical trials,FGFUNRHK,453434802ec0ba38caf35e74c1c9fae4,OK,downloaded,,,,testing,2026-08-06T22:25:00.203091+00:00
EZVDX7EV,NIAAA; NIMH,Boring Task / NIAAA; Boring Task / NIMH,The association of maternal alcohol use and paraprofessional home visiting with children's health: A randomized controlled trial.,Rotheram-Borus,10.1037/ccp0000408,31120274,PMC6775769,2019,Journal of consulting and clinical psychology,EYTJGMSE,d2fc5bba7f809d5cb85ecc6c71f62bc5,OK,downloaded,,,,testing,2026-08-06T22:25:00.660818+00:00
WJAFVFA8,NIAAA; NIDA; NIMHD,Boring Task / NIAAA; Boring Task / NIDA; Boring Task / NIMHD,Persons from racial and ethnic minority groups receiving medication for opioid use disorder experienced increased difficulty accessing harm reduction services  during COVID-19.,Rosales,10.1016/j.jsat.2021.108648,34742607,PMC8566093,2022,Journal of substance abuse treatment,YPELHC4A,497a3ac6ca4bc7ef876c65050954e342,OK,downloaded,,,,testing,2026-08-06T22:25:01.198647+00:00
3LHY56PV,NIAAA; NIDDK,Boring Task / NIAAA; Boring Task / NIDDK,Health Within Reach-a Patient-Centered Intervention to Increase Hepatitis B Screening Among Asian Americans: a Randomized Clinical Trial.,Khalili,10.1007/s11606-021-07232-3,34993863,PMC9550928,2022,Journal of general internal medicine,5RSLQ2HD,29bd8c1b792a51e8eb85042c3279da73,OK,downloaded,"2 PDF attachments, picked highest priority: Full Text PDF; Full Text PDF",,,testing,2026-08-06T22:25:01.744129+00:00
ZJKQ8F5L,NIAAA; NIDA,Boring Task / NIAAA; Boring Task / NIDA,Gender Differences in Impacts of Place-Based Neighborhood Greening Interventions on Fear of Violence Based on a Cluster-Randomized Controlled ﻿Trial.,Kondo,10.1007/s11524-021-00580-9,34750735,PMC8688630,2021,Journal of urban health : bulletin of the New York Academy of Medicine,MF77RXMN,efad4a0877b746a54a1945c58473c5bb,OK,downloaded,,,,testing,2026-08-06T22:25:02.301144+00:00
FJXKFL9F,NIAAA; NIAID; NIMH,Boring Task / NIAAA; Boring Task / NIAID; Boring Task / NIMH,Home Visiting and Antenatal Depression Affect the Quality of Mother and Child Interactions in South Africa.,Christodoulou,10.1016/j.jaac.2019.03.016,30926571,PMC7316421,2019,Journal of the American Academy of Child and Adolescent Psychiatry,PZMPEJJA,8a8e9235fe3c582012303b03eeeff3d4,OK,downloaded,,,,testing,2026-08-06T22:25:02.814944+00:00
PSM5JQ3Y,NIAAA; NIDA,Boring Task / NIAAA; Boring Task / NIDA,Effect of Greening Vacant Land on Mental Health of Community-Dwelling Adults: A Cluster Randomized Trial.,South,10.1001/jamanetworkopen.2018.0298,30646029,PMC6324526,2018,JAMA network open,PF5S72WV,45ab0193ec5707cc83c5677f74b8ce40,OK,downloaded,,,,testing,2026-08-06T22:25:03.297890+00:00
QN49II8P,NIAAA; NIDA,Boring Task / NIAAA; Boring Task / NIDA,"Citywide cluster randomized trial to restore blighted vacant land and its effects on violence, crime, and fear.",Branas,10.1073/pnas.1718503115,29483246,PMC5866574,2018,Proceedings of the National Academy of Sciences of the United States of America,ZBD3JK7L,1e0fdffd68c0e7fa9467143025778fb9,OK,downloaded,,,,testing,2026-08-06T22:25:03.856675+00:00
FDPS9FE9,NIAAA; NIDA,Boring Task / NIAAA; Boring Task / NIDA,"Study protocol for a factorial-randomized controlled trial evaluating the implementation, costs, effectiveness, and sustainment of digital therapeutics for  substance use disorder in primary care (DIGITS Trial).",Glass,10.1186/s13012-022-01258-9,36726127,PMC9893639,2023,Implementation science : IS,GXZRU6CF,3ecd84f5ed59817e19f00e7371e36f83,OK,downloaded,"2 PDF attachments, picked highest priority: Full Text PDF; Full Text PDF",,,testing,2026-08-06T22:25:04.415888+00:00
3WNQ9RHH,NIAAA; NIAID; NIMH,Boring Task / NIAAA; Boring Task / NIAID; Boring Task / NIMH,Universal HIV Testing and Treatment With Patient-Centered Care Improves ART Uptake and Viral Suppression Among Adults Reporting Hazardous Alcohol Use in  Uganda and Kenya.,Puryear,10.1097/qai.0000000000003226,37220015,PMC10524467,2023,Journal of acquired immune deficiency syndromes (1999),SAN52KDW,24183c1e8fedd7e0de0eae4eac0e4f0e,OK,downloaded,,,,testing,2026-08-06T22:25:05.009690+00:00
T47RKM5B,NIAAA; NICHD,Boring Task / NIAAA; Boring Task / NICHD,Sexual Communication and Sexual Consent Self-Efficacy Among College Students: Implications for Sexually Transmitted Infection Prevention.,Edison,10.1016/j.jadohealth.2021.08.012,34620545,PMC9028224,2022,The Journal of adolescent health : official publication of the Society for Adolescent Medicine,J2PKIQME,34417d20739c34ad7bb369fec9c0fbdd,OK,downloaded,,,,testing,2026-08-06T22:25:05.545790+00:00
QEFC624Z,NIAAA; NIAID,Boring Task / NIAAA; Boring Task / NIAID,Effectiveness of Varenicline and Cytisine for Alcohol Use Reduction Among People With HIV and Substance Use: A Randomized Clinical Trial.,Tindle,10.1001/jamanetworkopen.2022.25129,35930287,PMC9356316,2022,JAMA network open,CHM3HQDR,ff9b6bd81ba73c17c8becc79342acfd9,OK,downloaded,,,,testing,2026-08-06T22:25:06.058679+00:00
9K6L8NPX,NIAAA; NIDA; NIMH,Boring Task / NIAAA; Boring Task / NIDA; Boring Task / NIMH,Standardized Versus Tailored Implementation of Measurement-Based Care for Depression in Community Mental Health Clinics.,Lewis,10.1176/appi.ps.202100284,35538748,PMC9529853,2022,"Psychiatric services (Washington, D.C.)",H6WH39PR,806d15234041f957f60539c0266115c7,OK,downloaded,,,,testing,2026-08-06T22:25:06.578135+00:00
MEKD4KMW,NIAAA; NIDA,Boring Task / NIAAA; Boring Task / NIDA,Addressing identification bias in the design and analysis of cluster-randomized pragmatic trials: a case study.,Bobb,10.1186/s13063-020-4148-z,32293514,PMC7092580,2020,Trials,IHS8H76G,035662b79833d196de0307731c6fb324,OK,downloaded,"2 PDF attachments, picked highest priority: Full Text PDF; Full Text PDF",,,testing,2026-08-06T22:25:07.067521+00:00
ZSZEJEG4,NIAAA; NICHD,Boring Task / NIAAA; Boring Task / NICHD,College students' experiences of sexual violence and reasons for seeking care in campus health and counseling centers.,Anderson,10.1080/07448481.2022.2057189,35380934,PMC9532461,2024,Journal of American college health : J of ACH,KQK2Q5X5,d1e69c42f31d8ef94e79aebc5298828d,OK,downloaded,,,,testing,2026-08-06T22:25:07.656167+00:00
RB9I4EW6,NIAAA; NICHD; NIDA,Boring Task / NIAAA; Boring Task / NICHD; Boring Task / NIDA,Efficacy and Safety of Varenicline for Adolescent Smoking Cessation: A Randomized Clinical Trial.,Gray,10.1001/jamapediatrics.2019.3553,31609433,PMC6802269,2019,JAMA pediatrics,DIJD8IMG,d39518ec0229d653fd37a9bdb2ad89dc,OK,downloaded,,,,testing,2026-08-06T22:25:08.180293+00:00
RWMD4Q74,NIAAA,Boring Task / NIAAA,"The Effects of Cooperative Learning on Peer Relations, Academic Support, and Engagement in Learning Among Students of Color.",Van Ryzin,10.1080/00220671.2020.1806016,33664528,PMC7928266,2020,The Journal of educational research,ZS23Z7TH,c8e9384a478c2bc44345fc6c7ac13f4f,OK,downloaded,,,,testing,2026-08-06T22:25:08.669649+00:00
KMVAL9WZ,NIAAA,Boring Task / NIAAA,Reciprocated Friendship as a Mediator of the Effects of Cooperative Learning on Peer Victimization in Middle School.,Van Ryzin,10.1080/15388220.2022.2098502,36744109,PMC9894378,2022,Journal of school violence,LBTGEKFJ,3e76b19559e8050c0c9429421900ef51,OK,downloaded,,,,testing,2026-08-06T22:25:09.172265+00:00
VTXUDLKI,NIAAA,Boring Task / NIAAA,Mediators of Effects of Cooperative Learning on Prosocial Behavior in Middle School.,Van Ryzin,10.1007/s41042-020-00026-8,33072852,PMC7561041,2020,International journal of applied positive psychology,MWQQWPC5,c8d49e0c1babb72c80a9a06ab5a99c14,OK,downloaded,,,,testing,2026-08-06T22:25:09.647898+00:00
DCPKMZRA,NIAAA,Boring Task / NIAAA,The Longitudinal Relationship Between Peer Relations and Empathy and their Joint Contribution to Reducing Bullying in Middle School: Findings from a Randomized  Trial of Cooperative Learning.,Van Ryzin,10.1177/26320770221094032,36818659,PMC9934011,2022,Journal of prevention and health promotion,H7LEXKDF,dc076057f2d0923e686a64cf29297597,OK,downloaded,,,,testing,2026-08-06T22:25:10.240092+00:00
VASRLIV9,NIAAA,Boring Task / NIAAA,The Cascading Effects of Reducing Student Stress: Cooperative Learning as a Means to Reduce Emotional Problems and Promote Academic Engagement.,Van Ryzin,10.1177/0272431620950474,37621735,PMC10448952,2021,The Journal of early adolescence,BNBNWHNY,7dfcdd2682a0162cb732c22ca701eaee,OK,downloaded,,,,testing,2026-08-06T22:25:10.681627+00:00
W5M3P4MY,NIAAA,Boring Task / NIAAA,"Effects of cooperative learning on peer relations, empathy, and bullying in middle school.",Van Ryzin,10.1002/ab.21858,31432535,PMC7413077,2019,Aggressive behavior,JRE82RDI,c59551fb2d8f5f3d8217f4472929e061,OK,downloaded,,,,testing,2026-08-06T22:25:11.151904+00:00
QRJXSLKY,NIAAA,Boring Task / NIAAA,Enlisting Peer Cooperation in the Service of Alcohol Use Prevention in Middle School.,Van Ryzin,10.1111/cdev.12981,29265358,PMC6008178,2018,Child development,FJTJ3SB7,9c5b07294de731f416102dfee9f38448,OK,downloaded,,,,testing,2026-08-06T22:25:11.665900+00:00
BWCFXZ8L,NIAAA,Boring Task / NIAAA,Cooperative Learning Effects on Peer Relations and Alcohol Use in Middle School.,Van Ryzin,10.1016/j.appdev.2019.101059,32855579,PMC7448523,2019,Journal of applied developmental psychology,R7EZDMXS,83db559d05ff70fca47a9080e4042316,OK,downloaded,,,,testing,2026-08-06T22:25:12.184239+00:00
XQWL3HY9,NIAAA,Boring Task / NIAAA,"Cooperative Learning in Middle School: A Means to Improve Peer Relations and Reduce Victimization, Bullying, and Related Outcomes.",Van Ryzin,10.1037/edu0000265,30911200,PMC6430212,2018,Journal of educational psychology,4MMKQRDC,c0f12c239698e1f7479c052c714df9c1,OK,downloaded,,,,testing,2026-08-06T22:25:12.703398+00:00
LZE9T854,NIAAA,Boring Task / NIAAA,Peer influence processes as mediators of effects of a middle school substance use prevention program.,Van Ryzin,10.1016/j.addbeh.2018.06.016,29921538,PMC7402525,2018,Addictive behaviors,CA42J9PE,70f7323dea164b29487eee1ff5a60f65,OK,downloaded,,,,testing,2026-08-06T22:25:13.144489+00:00
2CRQDIHN,NIAAA,Boring Task / NIAAA,"The effects of cooperative learning on self-reported peer relations, peer support, and classroom engagement among students with disabilities.",Van Ryzin,10.1080/00220671.2024.2410494,40241935,PMC12002563,2024,The Journal of educational research,ECLJA5JX,94f1f515515f26dd4331e4c407ed80d2,OK,downloaded,,,,testing,2026-08-06T22:25:13.812682+00:00
TJY49I4I,NIAAA,Boring Task / NIAAA,Costs and benefits of cooperative learning as a universal school-based approach to adolescent substance use prevention.,Van Ryzin,10.1002/jcop.22916,35801306,PMC9742138,2023,Journal of community psychology,RJ9WGR2M,4c248056a53f24dd9731b61fb445e20f,OK,downloaded,,,,testing,2026-08-06T22:25:14.384966+00:00
IYS5C8L6,NIAAA,Boring Task / NIAAA,"A Longitudinal Process Model Evaluating the Effects of Cooperative Learning on Victimization, Stress, Mental Health, and Academic Engagement in Middle School.",Van Ryzin,10.1007/s42380-022-00140-y,35935738,PMC9345003,2022,International journal of bullying prevention : an official publication of the International Bullying Prevention Association,CE8FSZQP,b2a802b365af8b8d351f61086a8424fe,OK,downloaded,,,,testing,2026-08-06T22:25:14.961242+00:00
RT77AMLV,NIAAA,Boring Task / NIAAA,Use of an Automated Bilingual Digital Health Tool to Reduce Unhealthy Alcohol Use Among Latino Emergency Department Patients: A Randomized Clinical Trial.,Vaca,10.1001/jamanetworkopen.2023.14848,37219901,PMC10208138,2023,JAMA network open,WX4U9JG3,4ac4274aabcc416ae5c15498848011ee,OK,downloaded,,,,testing,2026-08-06T22:25:15.477007+00:00
C5JXLSUM,NIAAA,Boring Task / NIAAA,A randomized controlled trial of a brief motivational interviewing-based group intervention for emerging adults experiencing homelessness: 24-month effects on  alcohol use.,Tucker,10.1037/adb0000963,37768593,PMC10972771,2024,Psychology of addictive behaviors : journal of the Society of Psychologists in Addictive Behaviors,GE4KX27V,fee0699f8c1b5e0655c706cb9d7ca3c5,OK,downloaded,,,,testing,2026-08-06T22:25:15.953868+00:00
XMMCNU97,NIAAA,Boring Task / NIAAA,A randomized controlled trial of a brief motivational interviewing-based group intervention for emerging adults experiencing homelessness: 12-Month effects on  substance use and sexual risk behavior.,Tucker,10.1016/j.josat.2023.209114,37355155,PMC10530378,2023,Journal of substance use and addiction treatment,V8RHSVKS,9b10546a40d4bb21abaa973be0e51f0c,OK,downloaded,,,,testing,2026-08-06T22:25:16.467492+00:00
5KSENBRK,NIAAA,Boring Task / NIAAA,Computer-Facilitated Screening and Brief Intervention for Alcohol Use Risk in Adolescent Patients of Pediatric Primary Care Offices: Protocol for a Cluster  Randomized Controlled Trial.,Shrier,10.2196/55039,38530346,PMC11005433,2024,JMIR research protocols,CEF5R966,fc01690e19ba4a7179708cdb9034dd96,OK,downloaded,,,,testing,2026-08-06T22:25:16.975646+00:00
A9YFYUW7,NIAAA,Boring Task / NIAAA,Randomized Trial to Reduce Risky Sexual Behavior Among Justice-Involved Adolescents.,Schmiege,10.1016/j.amepre.2020.07.009,33341180,PMC7755031,2021,American journal of preventive medicine,UCTXA5MH,cd4f0d92aa33f224fe9a3f3158a0c80c,OK,downloaded,,,,testing,2026-08-06T22:25:17.455808+00:00
CUM3GQXP,NIAAA,Boring Task / NIAAA,Effects of the Universal Prevention Curriculum for Schools on Substance Use Among Peruvian Adolescents: A Randomized Trial.,Paschall,10.1177/00472379231185130,37365824,PMC10356739,2022,Journal of drug education,7FBAJF4D,b2936596ac0fe12ebd87707e1116de22,OK,downloaded,,,,testing,2026-08-06T22:25:17.930840+00:00
7RHBB6YS,NIAAA,Boring Task / NIAAA,Three-Year Outcomes After Brief Treatment of Substance Use and Mood Symptoms.,Parthasarathy,10.1542/peds.2020-009191,33372122,PMC7786828,2021,Pediatrics,NZTFXBNA,0576a7a295930d03dbda079ad3c51d72,OK,downloaded,,,,testing,2026-08-06T22:25:18.452120+00:00
EQFXGLNL,NIAAA,Boring Task / NIAAA,Effect of Remediating Blighted Vacant Land on Shootings: A Citywide Cluster Randomized Trial.,Moyer,10.2105/ajph.2018.304752,30496003,PMC6301418,2019,American journal of public health,84HTSWQE,120e29e8480a6cb7bdf7c2b9dd635e5b,OK,downloaded,,,,testing,2026-08-06T22:25:18.936050+00:00
AFCWE9KZ,NIAAA,Boring Task / NIAAA,Effectiveness of a pharmacist-delivered primary care telemedicine intervention to increase access to pharmacotherapy and specialty treatment for alcohol use  problems: Protocol for the alcohol telemedicine consult cluster-randomized  pragmatic trial.,Metz,10.1016/j.cct.2022.107004,36379437,PMC9729439,2022,Contemporary clinical trials,BUDUHXGW,be728eaf83ab036188aaf0a86d1b3aca,OK,downloaded,,,,testing,2026-08-06T22:25:19.489505+00:00
8EZG7HP9,NIAAA,Boring Task / NIAAA,Student-centered instruction can build social-emotional skills and peer relations: Findings from a cluster-randomized trial of technology-supported  cooperative learning.,Low,10.1037/spq0000589,37902702,,2024,"School psychology (Washington, D.C.)",VSC6J38X,072bfbc211a12e0c9e3517bfcffd023d,OK,downloaded,,,,testing,2026-08-06T22:25:19.977227+00:00
RC3NW9E4,NIAAA,Boring Task / NIAAA,A Group Randomized Trial of the Stop Service to Obviously-Impaired Patrons (S-STOP) Program to Prevent Overservice in Bars and Restaurants in College  Communities.,Grube,10.1080/10826084.2021.1914107,33960263,PMC8159893,2021,Substance use & misuse,8E5L7A7I,fba7f637302724152b7b4cd96265bcdd,OK,downloaded,,,,testing,2026-08-06T22:25:20.490631+00:00
U8ZJRIVR,NIAAA,Boring Task / NIAAA,Safer Bars: A cluster-randomized effectiveness evaluation of alcohol-related sexual violence prevention through bar staff bystander training.,Davis,10.1016/j.cct.2024.107488,38458561,PMC11065559,2024,Contemporary clinical trials,VEFE9F82,93db96571329ef4fa9c226c833c203c5,OK,downloaded,,,,testing,2026-08-06T22:25:21.006792+00:00
RCY3W772,NIAAA,Boring Task / NIAAA,Delivery of a Prevention Program in Large College Classes: Effectiveness of the Expectancy Challenge Alcohol Literacy Curriculum.,Flori,10.1080/10826084.2023.2223282,37344387,PMC11151344,2023,Substance use & misuse,XUYMQCV7,5cc522fcf0b1ab7caae31770c38e1270,OK,downloaded,,,,testing,2026-08-06T22:25:21.484585+00:00
BE2FKCXY,NIAAA,Boring Task / NIAAA,A behavioral activation intervention administered in a 16-week freshman orientation course: Study protocol.,Fazzino,10.1016/j.cct.2020.105950,31982647,PMC7279510,2020,Contemporary clinical trials,7VIIWWQG,50b77a93df70ac85ccc0775b0404afdd,OK,downloaded,,,,testing,2026-08-06T22:25:21.993418+00:00
9FHCNQLX,NIAAA,Boring Task / NIAAA,Effective prevention programming for reducing alcohol-related harms experienced by first year college students: Evaluation of the expectancy challenge alcohol  literacy curriculum (ECALC).,Dunn,10.1016/j.addbeh.2022.107338,35472696,PMC10349386,2022,Addictive behaviors,TXFDR5PI,f57452817f2e28a5d5e19ea102bb7af2,OK,downloaded,,,,testing,2026-08-06T22:25:22.603649+00:00
4GTAWDKF,NIAAA,Boring Task / NIAAA,A randomized controlled trial comparing a manual and computer version of CALM in VA community-based outpatient clinics.,Cucciare,10.1016/j.jadr.2021.100202,34423330,PMC8373037,2021,Journal of affective disorders reports,SFDFT7I6,500374af9235f6c204b0d391485fe9ad,OK,downloaded,,,,testing,2026-08-06T22:25:23.104886+00:00
7BKPCXSF,NIAAA,Boring Task / NIAAA,Universal School-Based Substance Use Prevention Using Technology-Supported Cooperative Learning.,Chirimwami,10.1007/s11121-024-01662-1,38427269,,2024,Prevention science : the official journal of the Society for Prevention Research,UHY8BF2U,8b047c98dadd3c45c61f204c5e627576,OK,downloaded,,,,testing,2026-08-06T22:25:23.624848+00:00
GVP28VW6,NIAAA,Boring Task / NIAAA,Influence of an Implementation Support Intervention on Barriers and Facilitators to Delivery of a Substance Use Prevention Program.,Cannon,10.1007/s11121-019-01037-x,31473932,PMC6883157,2019,Prevention science : the official journal of the Society for Prevention Research,AR2KKZ63,e4651cc3ad01db97a58f3defbdc3bc6f,OK,downloaded,,,,testing,2026-08-06T22:25:24.152273+00:00
C5YKG5KJ,NIAAA,Boring Task / NIAAA,Effect of Including Alcohol and Cannabis Content in a Sexual Risk-Reduction Intervention on the Incidence of Sexually Transmitted Infections in Adolescents:  A Cluster Randomized Clinical Trial.,Bryan,10.1001/jamapediatrics.2017.5621,29435591,PMC5875326,2018,JAMA pediatrics,FKDWST2P,35b795a7423f85c0a7bba5e95e8e5090,OK,downloaded,,,,testing,2026-08-06T22:25:24.675496+00:00
KJUJ8Q7N,NIAAA,Boring Task / NIAAA,Professional Development to Improve Responsible Beverage Service Training: Formative Research Results and Protocol for a Randomized Controlled Trial.,Woodall,10.2196/49680,38265847,PMC10851124,2024,JMIR research protocols,SXJC2Q3T,4d0a3d696f4c9b1b485fedad9ba4a621,OK,downloaded,,,,testing,2026-08-06T22:25:25.120871+00:00
LLZYSRKB,NIAAA,Boring Task / NIAAA,Cross-Tailoring Integrative Alcohol and Risky Sexual Behavior Feedback for College Students: Protocol for a Hybrid Type 1 Effectiveness-Implementation  Trial.,Ray,10.2196/43986,36716301,PMC10131715,2023,JMIR research protocols,VG32PJE8,ffa648f5171b931dddd3b27eaf13ab7b,OK,downloaded,,,,testing,2026-08-06T22:25:25.661033+00:00
AWT9EB5R,NIAAA,Boring Task / NIAAA,Implementing a text-messaging intervention for unhealthy alcohol use in emergency departments: protocol for implementation strategy development and a pilot cluster  randomized implementation trial.,O'Grady,10.1186/s43058-022-00333-y,35933560,PMC9356403,2022,Implementation science communications,SGAHKVQ4,152302cbc1c6e0c698a8109ce6351573,OK,downloaded,,,,testing,2026-08-06T22:25:26.121977+00:00
P3ZJYJ5P,NIAAA,Boring Task / NIAAA,Technology-Based Methods for Training Counseling Skills in Behavioral Health: a Scoping Review.,Magill,10.1007/s41347-022-00252-8,35402697,PMC8983031,2022,Journal of technology in behavioral science,4QGMSPH9,189365200b6304b646912b2f6c415f69,OK,downloaded,,,,testing,2026-08-06T22:25:26.613804+00:00
BAQ99QW8,NIAAA,Boring Task / NIAAA,Pay-for-performance as a cost-effective implementation strategy: results from a cluster randomized trial.,Garner,10.1186/s13012-018-0774-1,29973280,PMC6033288,2018,Implementation science : IS,SRZZYP23,3cb54aa77744e010ddf0888f211e1ee7,OK,downloaded,,,,testing,2026-08-06T22:25:27.112950+00:00
2RZV777D,NIAAA,Boring Task / NIAAA,"Providing Lesbian, Gay, Bisexual, Transgender, Nonbinary, and Queer Adolescents With Nurturance, Trustworthiness, and Safety: Protocol for Pilot Cluster  Randomized Controlled Trial Design.",Coulter,10.2196/55210,38502156,PMC10988370,2024,JMIR research protocols,446X937Y,5c7f4b6a74ee2b4eef46c3ac16cbcd76,OK,downloaded,,,,testing,2026-08-06T22:25:27.666339+00:00
Y5I3JNXM,NIAAA,Boring Task / NIAAA,Testing implementation support for evidence-based programs in community settings: a replication cluster-randomized trial of Getting To Outcomes®.,Chinman,10.1186/s13012-018-0825-7,30348227,PMC6196461,2018,Implementation science : IS,4YKHBM8E,2c4943f9cda3e59665e1cc91a881ade1,OK,downloaded,,,,testing,2026-08-06T22:25:28.203219+00:00
9732B3QR,NIAAA,Boring Task / NIAAA,A case series measuring campus and clinic level factors during implementation of a sexual violence prevention intervention in campus health and counseling  centers: does environment matter?,Anderson,10.1186/s43058-023-00467-7,37525258,PMC10388455,2023,Implementation science communications,7VI6VK3T,0e14e5bb5e7c63cb985c7ca938094172,OK,downloaded,,,,testing,2026-08-06T22:25:28.757554+00:00
2RJUK6SQ,NIAID; NICHD,Boring Task / NIAID; Boring Task / NICHD,High CD4 counts associated with better economic outcomes for HIV-positive adults and their HIV-negative household members in the SEARCH Trial.,Jakubowski,10.1371/journal.pone.0198912,29944678,PMC6019679,2018,PloS one,3TLJ5VWR,3bb9f6e26cb9fe2e5bf3c0a21defae42,OK,downloaded,"3 PDF attachments, picked highest priority: Full Text PDF; Full Text PDF; Full Text PDF",,,testing,2026-08-06T22:25:29.224044+00:00
IGR3XGVP,NIAID; NIMH,Boring Task / NIAID; Boring Task / NIMH,Intervention Increases Physical Activity and Healthful Diet Among South African Adolescents Over 54 Months: A Randomized Controlled Trial.,Jemmott,10.1016/j.jadohealth.2019.01.027,31028006,PMC9393844,2019,The Journal of adolescent health : official publication of the Society for Adolescent Medicine,R34K9RLW,ddef353bb58ca664e5ed5609d5552ad1,OK,downloaded,"2 PDF attachments, picked highest priority: Full Text; Full Text PDF",,,testing,2026-08-06T22:25:29.784602+00:00
WD63V6VJ,NIAID; NICHD; NIMH,Boring Task / NIAID; Boring Task / NICHD; Boring Task / NIMH,Does Economic Strengthening Improve Viral Suppression Among Adolescents Living with HIV? Results From a Cluster Randomized Trial in Uganda.,Bermudez,10.1007/s10461-018-2173-7,29846836,PMC6204092,2018,AIDS and behavior,PDX6CGVP,6620c7f6d737986a1a7c22570668add4,OK,downloaded,,,,testing,2026-08-06T22:25:30.429420+00:00
XEW934XP,NIAID; NIMH,Boring Task / NIAID; Boring Task / NIMH,Physician-delivered motivational interviewing to improve adherence and retention in care among challenging HIV-infected patients in Argentina (COPA2): study  protocol for a cluster randomized controlled trial.,Sued,10.1186/s13063-018-2758-5,30041703,PMC6056946,2018,Trials,FEHVA8GW,2b0a7412c78052726ede5af66c7cba01,OK,downloaded,,,,testing,2026-08-06T22:25:30.956839+00:00
NVP5Q3EY,NIAID; NIDA; NIMH; NIMHD,Boring Task / NIAID; Boring Task / NIDA; Boring Task / NIMH; Boring Task / NIMHD,"Empowering With PrEP (E-PrEP), a Peer-Led Social Media-Based Intervention to Facilitate HIV Preexposure Prophylaxis Adoption Among Young Black and Latinx Gay  and Bisexual Men: Protocol for a Cluster Randomized Controlled Trial.",Patel,10.2196/11375,30154071,PMC6134229,2018,JMIR research protocols,J44EGZZV,ac106206169bcacfeeb23fbd14c1fb94,OK,downloaded,,,,testing,2026-08-06T22:25:31.568115+00:00
4CNKNNSR,NIAID; NINR,Boring Task / NIAID; Boring Task / NINR,Prevalence of Pre-Existing Hearing Loss Among Patients With Drug-Resistant Tuberculosis in South Africa.,Hong,10.1044/2020_aja-19-00103,32320639,PMC7839025,2020,American journal of audiology,BAQVPZ2P,94097bfd865814f5bfa2a9669262f73b,OK,downloaded,,,,testing,2026-08-06T22:25:32.052189+00:00
R7UFE2HF,NIAID; NIMH,Boring Task / NIAID; Boring Task / NIMH,Sexual and Social Network Correlates of Willingness to Self-Test for HIV Among Ever-Tested and Never-Tested Men: Implications for the Tanzania STEP Project.,Conserve,10.1080/09540121.2018.1537466,30362377,PMC7295037,2019,AIDS care,IXEQGANN,6454fa93209620e373b1a14ba3798b02,OK,downloaded,,,,testing,2026-08-06T22:25:32.485600+00:00
YXC5JXVA,NIAID; NIMH,Boring Task / NIAID; Boring Task / NIMH,"Engaging Young Men as Community Health Leaders in an STI and Intimate Partner Violence Prevention Trial in Dar es Salaam, Tanzania.",Kajula,10.1007/s40609-018-00134-z,31857942,PMC6921932,2019,"Global social welfare : research, policy & practice",TR8H8QGV,3368c448d557fda522ad32d7c699aae8,OK,downloaded,,,,testing,2026-08-06T22:25:33.053807+00:00
YZ5R9VRE,NIAID; NICHD; NIDA; NIMH,Boring Task / NIAID; Boring Task / NICHD; Boring Task / NIDA; Boring Task / NIMH,Structural Network Position and Performance of Health Leaders Within an HIV Prevention Trial.,Mulawa,10.1007/s10461-018-2126-1,29705931,PMC6076845,2018,AIDS and behavior,Z8JHT96I,9f057c1de9e67f6d90093c3b5dcab7c7,OK,downloaded,,,,testing,2026-08-06T22:25:33.576710+00:00
TUPAJP4G,NIAID; NIMH,Boring Task / NIAID; Boring Task / NIMH,Bayesian method for inferring the impact of geographical distance on intensity of communication.,Ozga,10.1038/s41598-020-68583-1,32678148,PMC7367279,2020,Scientific reports,BJ878FUT,99c0dfe3ed6096c25ccda26069bbf4c4,OK,downloaded,,,,testing,2026-08-06T22:25:34.133754+00:00
EGBS5UQ9,NIAID; NINR,Boring Task / NIAID; Boring Task / NINR,Effect of FAmily CEntered (FACE®) Advance Care Planning on Longitudinal Congruence in End-of-Life Treatment Preferences: A Randomized Clinical Trial.,Lyon,10.1007/s10461-020-02909-y,32399799,PMC7699823,2020,AIDS and behavior,G57SKQNC,5c1e38cb2a624ffc013d3e02d9e4df94,OK,downloaded,,,,testing,2026-08-06T22:25:34.815233+00:00
MGQIXSEX,NIAID; NIGMS,Boring Task / NIAID; Boring Task / NIGMS,"The TIRS trial: protocol for a cluster randomized controlled trial assessing the efficacy of preventive targeted indoor residual spraying to reduce Aedes-borne  viral illnesses in Merida, Mexico.",Manrique-Saide,10.1186/s13063-020-04780-7,33032661,PMC7542575,2020,Trials,WHX785A5,d1ade04c4081f5e75962395b7f80be18,OK,downloaded,,,,testing,2026-08-06T22:25:35.339189+00:00
7IP6HGIW,NIAID; NICHD; NIMH,Boring Task / NIAID; Boring Task / NICHD; Boring Task / NIMH,Associations Between Peer Network Gender Norms and the Perpetration of Intimate Partner Violence Among Urban Tanzanian Men: a Multilevel Analysis.,Mulawa,10.1007/s11121-017-0835-8,28849338,PMC5832502,2018,Prevention science : the official journal of the Society for Prevention Research,QTNQZJMN,f91bcd60dd8e34b0e32e451a412f70f8,OK,downloaded,,,,testing,2026-08-06T22:25:35.982380+00:00
FAGZB7EH,NIAID; NIDA,Boring Task / NIAID; Boring Task / NIDA,"Addressing the nexus of risk: Biobehavioral outcomes from a cluster randomized trial of the Women's Health CoOp Plus in Pretoria, South Africa.",Wechsberg,10.1016/j.drugalcdep.2018.10.036,30562676,PMC6415667,2019,Drug and alcohol dependence,NDKWJ66Q,656438f8179155cb57891d7222e51970,OK,downloaded,,,,testing,2026-08-06T22:25:36.562615+00:00
7E6RC38B,NIAID; NICHD,Boring Task / NIAID; Boring Task / NICHD,Implementation of Steps 1-9 to Successful Breastfeeding Reduces the Frequency of Mild and Severe Episodes of Diarrhea and Respiratory Tract Infection Among  0-6 Month Infants in Democratic Republic of Congo.,Zivich,10.1007/s10995-018-2446-9,29417366,PMC6645680,2018,Maternal and child health journal,7UHMHVZQ,d7ab0130a39aa25bb860c2d476acee8d,OK,downloaded,,,,testing,2026-08-06T22:25:37.119490+00:00
H8AUCYE9,NIAID; NICHD,Boring Task / NIAID; Boring Task / NICHD,Influence of Male Partners on HIV Disclosure Among South African Women in a Cluster Randomized PMTCT Intervention.,Abbamonte,10.1007/s10461-020-03021-x,32892297,PMC10174224,2021,AIDS and behavior,D5FFUJ9Y,1f45ea65f2092fa85c2b854210af05d5,OK,downloaded,,,,testing,2026-08-06T22:25:37.689672+00:00
EYKT5EJ4,NIAID; NICHD,Boring Task / NIAID; Boring Task / NICHD,Prevalence of prenatal and postpartum depression and associated factors among HIV-infected women in public primary care in rural South Africa: a longitudinal  study.,Peltzer,10.1080/09540121.2018.1455960,29575943,PMC6150830,2018,AIDS care,B5E7BMMS,e3a148ea8245667ba19f188b8934b4fb,OK,downloaded,,,,testing,2026-08-06T22:25:38.317525+00:00
EXYJ3P6Y,NIAID; NICHD,Boring Task / NIAID; Boring Task / NICHD,Human-Centered Design for Public Health Innovation: Codesigning a Multicomponent Intervention to Support Youth Across the HIV Care Continuum in Mozambique.,Mukherjee,10.9745/ghsp-d-21-00664,35487546,PMC9053144,2022,"Global health, science and practice",I5EUQBVV,77bacd79f9b3d5d726f72e4508d8ba3b,OK,downloaded,,,,testing,2026-08-06T22:25:38.851656+00:00
L8AIQUDW,NIAID; NIMH,Boring Task / NIAID; Boring Task / NIMH,Digital crowdsourced intervention to promote HIV testing among MSM in China: study protocol for a cluster randomized controlled trial.,Ren,10.1186/s13063-020-04860-8,33203449,PMC7673095,2020,Trials,ZFL6U2XA,3b6c2f3bbb7b0e89898fd8b1b1a19917,OK,downloaded,,,,testing,2026-08-06T22:25:39.425281+00:00
SW9N3V2K,NIAID; NIMH,Boring Task / NIAID; Boring Task / NIMH,Age-Related Differences in Socio-demographic and Behavioral Determinants of HIV Testing and Counseling in HPTN 043/NIMH Project Accept.,Salazar-Austin,10.1007/s10461-017-1807-5,28589504,PMC5718984,2018,AIDS and behavior,4373G2DM,89fde6bdf1b551f4f010a48420657063,OK,downloaded,,,,testing,2026-08-06T22:25:39.968590+00:00
PQQGXWXV,NIAID; NIDA,Boring Task / NIAID; Boring Task / NIDA,Study protocol for the targeting effective analgesia in clinics for HIV (TEACH) study - a cluster randomized controlled trial and parallel cohort to increase  guideline concordant care for long-term opioid therapy among people living with  HIV.,Lira,10.1080/15284336.2019.1627509,31303143,PMC6693587,2019,HIV research & clinical practice,BI3RRLRR,a790b9c1e305434de5751f3372e4bee5,OK,downloaded,,,,testing,2026-08-06T22:25:40.495137+00:00
GCZCGQ9M,NIAID; NIMH,Boring Task / NIAID; Boring Task / NIMH,Healthy Options: study protocol and baseline characteristics for a cluster randomized controlled trial of group psychotherapy for perinatal women living  with HIV and depression in Tanzania.,Smith Fawzi,10.1186/s12889-019-7907-6,31959151,PMC6971937,2020,BMC public health,KR5EIANP,d1012a3960cf6d6a167eb893fb0cbb08,OK,downloaded,,,,testing,2026-08-06T22:25:41.097003+00:00
Q9B3JIJ2,NIAID; NIMH,Boring Task / NIAID; Boring Task / NIMH,"TransPrEP: Results from the Pilot Study of a Social Network-Based Intervention to Support PrEP Adherence Among Transgender Women in Lima, Peru.",Clark,10.1007/s10461-020-03117-4,33385279,PMC8084919,2021,AIDS and behavior,8C59VP2H,f19cc31b7ec8f4fdc6651ad056430557,OK,downloaded,,,,testing,2026-08-06T22:25:41.663928+00:00
U4QPJ56S,NIAID; NIMH,Boring Task / NIAID; Boring Task / NIMH,Urine tenofovir testing for real-time PrEP adherence feedback: a qualitative study involving transgender women in Uganda.,Mujugira,10.1002/jia2.26255,38695107,PMC11063774,2024,Journal of the International AIDS Society,3ZLE7Q9T,0e6b7cb5bb631095d772bc604ec7c892,OK,downloaded,,,,testing,2026-08-06T22:25:42.199042+00:00
W2DYSIWU,NIAID; NIDA,Boring Task / NIAID; Boring Task / NIDA,"A collaborative care intervention to improve opioid prescribing among providers caring for persons with HIV: Impact on satisfaction, confidence, and trust.",Colasanti,10.1016/j.drugalcdep.2021.109250,34998255,PMC10763596,2022,Drug and alcohol dependence,S8SD542K,4c9ba0ab3d41ffb6aae45dfbada407f2,OK,downloaded,,,,testing,2026-08-06T22:25:42.699118+00:00
GEQ6WUAX,NIAID; NICHD; NIMH,Boring Task / NIAID; Boring Task / NICHD; Boring Task / NIMH,Post-trial perceptions of a symptom-based TB screening intervention in South Africa: implementation insights and future directions for TB preventive  healthcare services.,Salazar-Austin,10.1186/s12912-021-00544-z,33557831,PMC7869510,2021,BMC nursing,TFJMVRVT,1eee552921dcf5376ed71ba4265ce5e3,OK,downloaded,,,,testing,2026-08-06T22:25:43.233649+00:00
HEEDECA8,NIAID; NIDA,Boring Task / NIAID; Boring Task / NIDA,Improving the Delivery of Chronic Opioid Therapy Among People Living With Human Immunodeficiency Virus: A Cluster Randomized Clinical Trial.,Samet,10.1093/cid/ciaa1025,32697847,PMC8492355,2021,Clinical infectious diseases : an official publication of the Infectious Diseases Society of America,7263NRJD,b6be3919cd4f66d6b5ff0d69b945a0c1,OK,downloaded,,,,testing,2026-08-06T22:25:43.732973+00:00
LD9H9BAM,NIAID; NIDA,Boring Task / NIAID; Boring Task / NIDA,"PRimary Care Opioid Use Disorders treatment (PROUD) trial protocol: a pragmatic, cluster-randomized implementation trial in primary care for opioid use disorder  treatment.",Campbell,10.1186/s13722-021-00218-w,33517894,PMC7849121,2021,Addiction science & clinical practice,CT68HPKY,89c50a4d29e93b3a008464357082c0b5,OK,downloaded,,,,testing,2026-08-06T22:25:44.269643+00:00
7WY36RXR,NIAID; NIDA,Boring Task / NIAID; Boring Task / NIDA,Effect of 2 Integrated Interventions on Alcohol Abstinence and Viral Suppression Among Vietnamese Adults With Hazardous Alcohol Use and HIV: A Randomized Clinical  Trial.,Go,10.1001/jamanetworkopen.2020.17115,32945875,PMC7501538,2020,JAMA network open,IJ6XA6TD,886391273713926e096e010acab81cc1,OK,downloaded,,,,testing,2026-08-06T22:25:44.774119+00:00
Z97CGZK3,NIAID; NICHD,Boring Task / NIAID; Boring Task / NICHD,Home-Based Intervention to Test and Start (HITS): a community-randomized controlled trial to increase HIV testing uptake among men in rural South Africa.,Tanser,10.1002/jia2.25665,33586911,PMC7883477,2021,Journal of the International AIDS Society,8BDVBZKH,ca7080d05f1d2a4fb85ea7ab6465306b,OK,downloaded,,,,testing,2026-08-06T22:25:45.289343+00:00
44B5KKXT,NIAID; NIMH,Boring Task / NIAID; Boring Task / NIMH,Results from a cluster-randomized trial to evaluate a microfinance and peer health leadership intervention to prevent HIV and intimate partner violence among  social networks of Tanzanian men.,Maman,10.1371/journal.pone.0230371,32196514,PMC7083321,2020,PloS one,T4TNL3YB,f8301b5b90f528264ae05db7d9132f46,OK,downloaded,,,,testing,2026-08-06T22:25:45.814161+00:00
7UP2FMMR,NIAID; NICHD; NIMH,Boring Task / NIAID; Boring Task / NICHD; Boring Task / NIMH,"Effects of Depression, Stigma and Intimate Partner Violence on Postpartum Women's Adherence and Engagement in HIV Care in Kenya.",Onono,10.1007/s10461-019-02750-y,31813076,PMC7228848,2020,AIDS and behavior,9PB6TFI4,ea81fada43230ae39602e35803e9e07d,OK,downloaded,,,,testing,2026-08-06T22:25:46.447691+00:00
EAK3A5Y3,NIAID; NINR,Boring Task / NIAID; Boring Task / NINR,Risk of hearing loss among multidrug-resistant tuberculosis patients according to cumulative aminoglycoside dose.,Hong,10.5588/ijtld.19.0062,32005308,PMC7594545,2020,The international journal of tuberculosis and lung disease : the official journal of the International Union against Tuberculosis and Lung Disease,N54MVR8R,c79fb1300af6c450c4b48a61e2835497,OK,downloaded,,,,testing,2026-08-06T22:25:46.945801+00:00
VLXNFLT2,NIAID; NIDA; NIMH,Boring Task / NIAID; Boring Task / NIDA; Boring Task / NIMH,Effect of HIV self-testing on the number of sexual partners among female sex workers in Zambia.,Oldenburg,10.1097/qad.0000000000001740,29494424,PMC5844591,2018,"AIDS (London, England)",GSRWM3BF,0c13d78f4ebfde77e4af97a10945c4ab,OK,downloaded,,,,testing,2026-08-06T22:25:47.477970+00:00
5WZNN3F5,NIAID; NICHD,Boring Task / NIAID; Boring Task / NICHD,"Performance of family planning clinics in conducting recommended HIV counseling and testing in Mombasa County, Kenya: a cross-sectional study.",Eastment,10.1186/s12913-019-4519-x,31521157,PMC6744633,2019,BMC health services research,YLYMF2JJ,a1c5b5e264e006d5bcd4b5f9d8d28e84,OK,downloaded,"3 PDF attachments, picked highest priority: Full Text PDF; Full Text PDF; Full Text PDF",,,testing,2026-08-06T22:25:47.937637+00:00
IYANX6R2,NIAID; NICHD; NIGMS,Boring Task / NIAID; Boring Task / NICHD; Boring Task / NIGMS,"Enteropathogens and Rotavirus Vaccine Immunogenicity in a Cluster Randomized Trial of Improved Water, Sanitation and Hygiene in Rural Zimbabwe.",Church,10.1097/inf.0000000000002485,31738342,PMC7205402,2019,The Pediatric infectious disease journal,DJPKSEHK,1aeb0823572a3afabcd006b04e98e32e,OK,downloaded,,,,testing,2026-08-06T22:25:48.572517+00:00
RJV3GKY7,NIAID; NIMH,Boring Task / NIAID; Boring Task / NIMH,"Client-Perpetrated Violence Experience Among Female Sex Worker in Guangdong, South China: Results from a Cross-Sectional Study.",Xie,10.1007/s10461-022-03813-3,36044124,,2023,AIDS and behavior,E6LASNXJ,b0daf7612e10df2a6b9f41bc8e7ce94d,OK,downloaded,,,,testing,2026-08-06T22:25:49.099289+00:00
7EYVXCRP,NIAID; NICHD,Boring Task / NIAID; Boring Task / NICHD,Stigma interdependence among pregnant HIV-infected couples in a cluster randomized controlled trial from rural South Africa.,Abbamonte,10.1016/j.socscimed.2020.112940,32234584,PMC7309592,2020,Social science & medicine (1982),C7TMZNCC,65045f2294500e86a76da97cf6d453c0,OK,downloaded,,,,testing,2026-08-06T22:25:49.592286+00:00
B8KQBT87,NIAID; NIDDK; NIMH,Boring Task / NIAID; Boring Task / NIDDK; Boring Task / NIMH,Preliminary Effects of an Urban Gardens and Peer Nutritional Counseling Intervention on HIV Treatment Adherence and Detectable Viral Load Among People  with HIV and Food Insecurity: Evidence from a Pilot Cluster Randomized Controlled  Trial in the Dominican Republic.,Derose,10.1007/s10461-022-03821-3,36066760,PMC9446649,2023,AIDS and behavior,IHQMGNSL,c7b3e5802c2ba1b3e4f9c510f2510435,OK,downloaded,,,,testing,2026-08-06T22:25:50.070573+00:00
DQ4NTQ8G,NIAID; NINR,Boring Task / NIAID; Boring Task / NINR,Cardiovascular risk prevalence in South Africans with drug-resistant tuberculosis: a cross-sectional study.,Whitehouse,10.5588/ijtld.18.0374,31097067,,2019,The international journal of tuberculosis and lung disease : the official journal of the International Union against Tuberculosis and Lung Disease,C8WFTHZC,1245065e9ddab831428a7873ab7d4877,OK,downloaded,,,,testing,2026-08-06T22:25:50.581996+00:00
BXNQ7D5H,NIAID; NICHD,Boring Task / NIAID; Boring Task / NICHD,Mobile solutions to Empower reproductive life planning for women living with HIV in Kenya (MWACh EMPOWER): Protocol for a cluster randomized controlled trial.,Ngumbau,10.1371/journal.pone.0300642,38557692,PMC10984530,2024,PloS one,UFIM5EU7,6aa9eaa9f20e64497d5922d95c5256ad,OK,downloaded,,,,testing,2026-08-06T22:25:51.062809+00:00
HKIUYRQT,NIAID; NIMH,Boring Task / NIAID; Boring Task / NIMH,Improving child tuberculosis contact identification and screening in Lesotho: Results from a mixed-methods cluster-randomized implementation science study.,Hirsch-Moverman,10.1371/journal.pone.0248516,34014956,PMC8136650,2021,PloS one,KK3N2TEI,957deef575e680f45bf1b1181bef5294,OK,downloaded,"3 PDF attachments, picked highest priority: Full Text PDF; Full Text PDF; Full Text PDF",,,testing,2026-08-06T22:25:51.582347+00:00
YHPPC627,NIAID; NICHD,Boring Task / NIAID; Boring Task / NICHD,The effect of male involvement and a prevention of mother-to-child transmission (PMTCT) intervention on depressive symptoms in perinatal HIV-infected rural South  African women.,Peltzer,10.1007/s00737-019-00955-7,30798376,PMC6707893,2020,Archives of women's mental health,CVEN7HAD,46be6b218e686d4bc2a538cadc121dd5,OK,downloaded,,,,testing,2026-08-06T22:25:52.241400+00:00
AVXCCBPP,NIAID; NIEHS,Boring Task / NIAID; Boring Task / NIEHS,"The effects of cool roofs on health, environmental, and economic outcomes in rural Africa: study protocol for a community-based cluster randomized controlled  trial.",Bunker,10.1186/s13063-023-07804-0,38229177,PMC10792891,2024,Trials,HLTHYFSE,f4d9e7ae94851067a382ecf8aa4c4d40,OK,downloaded,"3 PDF attachments, picked highest priority: Full Text PDF; Full Text PDF; Full Text PDF",,,testing,2026-08-06T22:25:52.771376+00:00
H2ZDWR59,NIAID; NIGMS,Boring Task / NIAID; Boring Task / NIGMS,DESIGN OF VACCINE TRIALS DURING OUTBREAKS WITH AND WITHOUT A DELAYED VACCINATION COMPARATOR.,Dean,10.1214/17-aoas1095,29606991,PMC5878056,2018,The annals of applied statistics,CYH5YZ97,82b103d86518c533648d06f40aafb109,OK,downloaded,"3 PDF attachments, picked highest priority: Full Text PDF; Full Text PDF; Full Text PDF",,,testing,2026-08-06T22:25:53.392437+00:00
IU3XWCTM,NIAID; NIMH,Boring Task / NIAID; Boring Task / NIMH,Testing a social network approach to promote HIV self-testing and linkage to care among fishermen at Lake Victoria: study protocol for the Owete cluster randomized  controlled trial.,Sheira,10.1186/s13063-022-06409-3,35668499,PMC9169331,2022,Trials,KMLSLZCQ,b89d9f07a4ac998cec6d55c21e7730bc,OK,downloaded,,,,testing,2026-08-06T22:25:53.937192+00:00
E2RXAAPX,NIAID; NICHD,Boring Task / NIAID; Boring Task / NICHD,Results of a cluster randomized trial testing the systems analysis and improvement approach to increase HIV testing in family planning clinics.,Eastment,10.1097/qad.0000000000003099,34628439,PMC8702477,2022,"AIDS (London, England)",EWAHM5JW,86850c2094709fd45addfa72501931ea,OK,downloaded,,,,testing,2026-08-06T22:25:54.490974+00:00
GY63DGR9,NIAID; NIMH,Boring Task / NIAID; Boring Task / NIMH,"Evaluation of the Implementation and Effectiveness of a Mobile Health Intervention to Improve Outcomes for People With HIV in the Washington, DC  Cohort: Study Protocol for a Cluster Randomized Controlled Trial.",Hodges,10.2196/37748,35349466,PMC9077495,2022,JMIR research protocols,62KUHAF5,b72fbd0b5580a476f4deae76fc7bd61a,OK,downloaded,"2 PDF attachments, picked highest priority: Full Text; Full Text",,,testing,2026-08-06T22:25:54.969828+00:00
MVQ6WUBN,NIAID; NICHD,Boring Task / NIAID; Boring Task / NICHD,Qualitative evaluation of the Systems Analysis and Improvement Approach as a strategy to increase HIV testing in family planning clinics using the  Consolidated Framework for Implementation Research and the Implementation  Outcomes Framework.,Eastment,10.1186/s43058-022-00342-x,36076250,PMC9458310,2022,Implementation science communications,8AH8LLRM,f6df3101b44ef527f39b554039ad4f1c,OK,downloaded,"3 PDF attachments, picked highest priority: Full Text PDF; Full Text PDF; Full Text PDF",,,testing,2026-08-06T22:25:55.498981+00:00
7B9CVL8W,NIAID; NIMH,Boring Task / NIAID; Boring Task / NIMH,Understanding factors influencing home pregnancy test use among women in western Kenya: A qualitative analysis.,Mazumder,10.3389/frph.2023.1092001,37091549,PMC10117977,2023,Frontiers in reproductive health,IHM7Q2XN,104e53d9aff5e99c99338273749e40ad,OK,downloaded,,,,testing,2026-08-06T22:25:56.107797+00:00
XCEW696W,NIAID; NIEHS,Boring Task / NIAID; Boring Task / NIEHS,A stochastic second-order generalized estimating equations approach for estimating association parameters.,Chen,10.1080/10618600.2019.1710156,33041613,PMC7540735,2020,"Journal of computational and graphical statistics : a joint publication of American Statistical Association, Institute of Mathematical Statistics, Interface  Foundation of North America",P5PVEEMU,0d37b0333d8f11f35b2b06bc7d473426,OK,downloaded,,,,testing,2026-08-06T22:25:56.619900+00:00
GI25UXDR,NIAID; NICHD,Boring Task / NIAID; Boring Task / NICHD,"Assessing the sustainability of the Systems Analysis and Improvement Approach to increase HIV testing in family planning clinics in Mombasa, Kenya: results of a  cluster randomized trial.",Long,10.1186/s13012-022-01242-3,36195890,PMC9530422,2022,Implementation science : IS,PM3MIQFT,958e15bc65f6cbe51a4d06772f8c39ea,OK,downloaded,,,,testing,2026-08-06T22:25:57.162958+00:00
QDI75V3P,NIAID; NICHD,Boring Task / NIAID; Boring Task / NICHD,Effects of behavioural interventions on postpartum retention and adherence among women with HIV on lifelong ART: the results of a cluster randomized trial in  Kenya (the MOTIVATE trial).,Abuogi,10.1002/jia2.25852,35041776,PMC8765560,2022,Journal of the International AIDS Society,TN24NUMP,6658b332aeac7ee09c2b06fe2085551a,OK,downloaded,,,,testing,2026-08-06T22:25:57.644761+00:00
U9W4GJY9,NIAID; NICHD; NIMH,Boring Task / NIAID; Boring Task / NICHD; Boring Task / NIMH,Population impacts of conditional financial incentives and a male-targeted digital decision support application on the HIV treatment cascade in rural  KwaZulu Natal: findings from the HITS cluster randomized clinical trial.,Inghels,10.1002/jia2.26248,38695099,PMC11063775,2024,Journal of the International AIDS Society,VQS83UXJ,9c009630ba2c1639e57d7cc731343ac1,OK,downloaded,"4 PDF attachments, picked highest priority: Accepted Version; Accepted Version; Accepted Version; Accepted Version",,,testing,2026-08-06T22:25:58.176418+00:00
6XK6CMCE,NIAID; NICHD,Boring Task / NIAID; Boring Task / NICHD,A quasi-experimental study estimating the impact of long-lasting insecticidal nets with and without piperonyl butoxide on pregnancy outcomes.,Roh,10.1186/s12936-021-04034-0,34983550,PMC8725517,2022,Malaria journal,JAGBAAC9,f8021ada7cb2923866df15a74a43651a,OK,downloaded,,,,testing,2026-08-06T22:25:58.713013+00:00
A285SV9J,NIAID; NIMH,Boring Task / NIAID; Boring Task / NIMH,"An mHealth Platform for People With HIV Receiving Care in Washington, District of Columbia: Qualitative Analysis of Stakeholder Feedback.",Caldwell,10.2196/48739,37725419,PMC10548330,2023,JMIR formative research,MQI4DBVX,bcc6367daea23bb965cbe9b3c29537e8,OK,downloaded,,,,testing,2026-08-06T22:25:59.237470+00:00
QICUHUID,NIAID; NIMH,Boring Task / NIAID; Boring Task / NIMH,A Pay-It-Forward Approach to Improve Chlamydia and Gonorrhea Testing Uptake Among Female Sex Workers in China: Venue-Based Superiority Cluster Randomized  Controlled Trial.,Tang,10.2196/43772,36862485,PMC10020898,2023,JMIR public health and surveillance,6WW4562G,617d20d8dbfd188880fcdfc0cec4f1d9,OK,downloaded,,,,testing,2026-08-06T22:25:59.699537+00:00
LSWMZLTI,NIAID; NIMH,Boring Task / NIAID; Boring Task / NIMH,"Pay-it-forward gonorrhea and chlamydia testing among men who have sex with men and male STD patients in China: the PIONEER pragmatic, cluster randomized  controlled trial protocol.",Marley,10.1186/s12889-023-16095-8,37337181,PMC10280958,2023,BMC public health,6GWMSQU9,624cf9e52250457507a389056c970b5b,OK,downloaded,,,,testing,2026-08-06T22:26:00.184909+00:00
EHWZJTW2,NIAID; NIMH,Boring Task / NIAID; Boring Task / NIMH,A community-based dynamic choice model for HIV prevention improves PrEP and PEP coverage in rural Uganda and Kenya: a cluster randomized trial.,Kakande,10.1002/jia2.26195,38054535,PMC10698808,2023,Journal of the International AIDS Society,SV4W79IG,a0637232de103f8380b8e0034eb94e57,OK,downloaded,,,,testing,2026-08-06T22:26:00.715200+00:00
7I5NGZXB,NIAID; NICHD,Boring Task / NIAID; Boring Task / NICHD,"Results of a cluster randomized trial testing the Systems Analysis and Improvement Approach to increase cervical cancer screening in family planning  clinics in Mombasa County, Kenya.",Eastment,10.1186/s13012-023-01322-y,38012647,PMC10680234,2023,Implementation science : IS,KUU4QSY3,0f41a3c5480b9d5811a4ed36871e6c7f,OK,downloaded,"3 PDF attachments, picked highest priority: Full Text PDF; Full Text PDF; Full Text PDF",,,testing,2026-08-06T22:26:01.310833+00:00
LCZW6RBC,NIAID; NIDA; NINR,Boring Task / NIAID; Boring Task / NIDA; Boring Task / NINR,An Analysis of Social Determinants of Health and Their Implications for Hepatitis C Virus Treatment in People Who Inject Drugs: The Case of Baltimore.,Gonzalez Corro,10.1093/ofid/ofae107,38567197,PMC10986855,2024,Open forum infectious diseases,T67J2HZZ,5cbe1d875b00a1e744bf9be1ee4c0110,OK,downloaded,,,,testing,2026-08-06T22:26:01.883799+00:00
537XY6CJ,NIAID; NIGMS,Boring Task / NIAID; Boring Task / NIGMS,Competing Effects of Indirect Protection and Clustering on the Power of Cluster-Randomized Controlled Vaccine Trials.,Hitchings,10.1093/aje/kwy047,29522080,PMC6070038,2018,American journal of epidemiology,ZIVEPR25,634a68fa922d687814983c50ad901786,OK,downloaded,"2 PDF attachments, picked highest priority: Full Text PDF; Full Text PDF",,,testing,2026-08-06T22:26:02.407318+00:00
H8TVF5FE,NIAID; NIMH,Boring Task / NIAID; Boring Task / NIMH,Motivational interviewing experiences from a community health worker-led HIV prevention and care intervention in rural Uganda: a qualitative study.,Nishimura,10.1080/09540121.2023.2253504,37713732,PMC13317512,2024,AIDS care,CC3R64LV,4433c6964800f1d637cfd3eb843eace6,OK,downloaded,,,,testing,2026-08-06T22:26:02.893869+00:00
3MPI8AD8,NIAID; NIDA,Boring Task / NIAID; Boring Task / NIDA,Reducing Partner Violence Against Women who Exchange Sex and use Drugs through a Combination Microfinance and HIV Risk Reduction Intervention: A Cluster  Randomized Trial.,Witte,10.1007/s10461-023-04122-z,37389675,PMC11041061,2023,AIDS and behavior,TMA9995I,fb0e8f03a8e3474c0e3b5747bdb915ef,OK,downloaded,,,,testing,2026-08-06T22:26:03.438781+00:00
9I377UY5,NIAID; NICHD,Boring Task / NIAID; Boring Task / NICHD,"Comparing depression screening tools (CESD-10, EPDS, PHQ-9, and PHQ-2) for diagnostic performance and epidemiologic associations among postpartum Kenyan  women: Implications for research and practice.",Larsen,10.1016/j.jad.2022.12.101,36586607,PMC9990497,2023,Journal of affective disorders,JCUAJ63P,ccde69554089e82ceebfb715d52aedb2,OK,downloaded,,,,testing,2026-08-06T22:26:03.952258+00:00
R7TMEQLY,NIAID; NIDA; NIMH,Boring Task / NIAID; Boring Task / NIDA; Boring Task / NIMH,Role of geospatial mapping in the planning of HIV programs: A case study from Southern India.,Prabhu,10.1097/md.0000000000027092,34449513,PMC8389960,2021,Medicine,SX43T6N4,3dfca69b13af8b6453165fd75e89a974,OK,downloaded,,,,testing,2026-08-06T22:26:04.467421+00:00
2X4CB7R3,NIAID; NICHD; NIMH,Boring Task / NIAID; Boring Task / NICHD; Boring Task / NIMH,Risk-based versus universal PrEP delivery during pregnancy: a cluster randomized trial in Western Kenya from 2018 to 2019.,Kinuthia,10.1002/jia2.26061,36807505,PMC9939942,2023,Journal of the International AIDS Society,JHJDANLB,0728597e771abd3ecadbd5719bed7240,OK,downloaded,,,,testing,2026-08-06T22:26:04.979863+00:00
GST6ZG9J,NIAID; NIMH,Boring Task / NIAID; Boring Task / NIMH,Comparison of Self and Caregiver Reports of Antiretroviral Treatment Adherence among Children and Adolescents Living with HIV in Western Kenya.,Gillette,10.1177/23259582241242335,38562058,PMC10989044,2024,Journal of the International Association of Providers of AIDS Care,PWFKUPI6,d0ecccd672e9165e77f90ae46b304f01,OK,downloaded,,,,testing,2026-08-06T22:26:05.446695+00:00
V7NL6N4P,NIAID; NIMH,Boring Task / NIAID; Boring Task / NIMH,Economic evaluation of improving HIV self-testing among MSM in China using a crowdsourced intervention: a cost-effectiveness analysis.,Ong,10.1097/qad.0000000000003457,36729711,PMC10032349,2023,"AIDS (London, England)",JJ4H7NU6,a5c53a3e050c1f7a8391eec863c6c9a5,OK,downloaded,,,,testing,2026-08-06T22:26:05.854213+00:00
M5Z4NRYX,NIAID; NIMH,Boring Task / NIAID; Boring Task / NIMH,Pay-it-forward incentives for hepatitis virus testing in men who have sex with men: a cluster randomized trial.,Zhang,10.1038/s41591-023-02519-w,37640859,,2023,Nature medicine,G3FLQPM2,ac3f46b506b5c5b81129aab21d832da3,OK,downloaded,,,,testing,2026-08-06T22:26:06.361040+00:00
WLX8RYDW,NIAID; NIDA; NINR,Boring Task / NIAID; Boring Task / NIDA; Boring Task / NINR,"Health economic design for cost, cost-effectiveness and simulation analyses in the HEALing Communities Study.",Aldridge,10.1016/j.drugalcdep.2020.108336,33152672,PMC7532345,2020,Drug and alcohol dependence,VN38EPB5,73a7b699d248d626e0eee1cfa9b5e718,OK,downloaded,,,,testing,2026-08-06T22:26:06.998257+00:00
K5J22MLQ,NIAID; NICHD,Boring Task / NIAID; Boring Task / NICHD,Opportunities and Challenges in HIV Treatment as Prevention Research: Results from the ANRS 12249 Cluster-Randomized Trial and Associated Population Cohort.,Tanser,10.1007/s11904-020-00487-1,32072468,PMC7072051,2020,Current HIV/AIDS reports,NRC2IQPT,20b68dd3f1fb5c652dee579e6cd862a2,OK,downloaded,,,,testing,2026-08-06T22:26:07.570275+00:00
EICZYW8V,NIAID; NIDA; NINR,Boring Task / NIAID; Boring Task / NIDA; Boring Task / NINR,Integrated care van delivery of evidence-based services for people who inject drugs: A cluster-randomized trial.,Page,10.1111/add.16486,38561602,PMC11259310,2024,"Addiction (Abingdon, England)",UCWNAH6W,00c475d5bdc53402999425aca990012f,OK,downloaded,,,,testing,2026-08-06T22:26:08.157812+00:00
GSTMJS9Q,NIAID; NIMH,Boring Task / NIAID; Boring Task / NIMH,The arc of HIV epidemics in sub-Saharan Africa: new challenges with concentrating epidemics in the era of 90-90-90.,Ortblad,10.1097/coh.0000000000000569,31343457,PMC6669088,2019,Current opinion in HIV and AIDS,KJECK3PH,9c569b807f104029290bc09ee57b96af,OK,downloaded,,,,testing,2026-08-06T22:26:08.640752+00:00
NGGBZIRD,NIAID; NIMH,Boring Task / NIAID; Boring Task / NIMH,Adoption of HIV pre-exposure prophylaxis among women at high risk of HIV infection in Kenya.,Bien-Gund,10.1371/journal.pone.0273409,36084050,PMC9462728,2022,PloS one,RIJ6SRAM,6c9413288aafe052e88ed90666a800bd,OK,downloaded,"2 PDF attachments, picked highest priority: Full Text PDF; Full Text PDF",,,testing,2026-08-06T22:26:09.199331+00:00
IW36FQM9,NIAID; NIDDK; NIGMS,Boring Task / NIAID; Boring Task / NIDDK; Boring Task / NIGMS,Influence of hydrometeorological risk factors on child diarrhea and enteropathogens in rural Bangladesh.,Grembi,10.1371/journal.pntd.0012157,38739632,PMC11115220,2024,PLoS neglected tropical diseases,5N5JMUW5,6751e45520014c7e56b163774da57480,OK,downloaded,"3 PDF attachments, picked highest priority: Full Text PDF; Full Text PDF; Full Text PDF",,,testing,2026-08-06T22:26:09.762261+00:00
XDE6GNXA,NIAID; NIEHS,Boring Task / NIAID; Boring Task / NIEHS,Estimands and inference in cluster-randomized vaccine trials.,Kilpatrick,10.1002/pst.2026,32372535,PMC8273646,2020,Pharmaceutical statistics,32SJNX97,45a1090d64df86b5d5b6bc04ee87aa87,OK,downloaded,,,,testing,2026-08-06T22:26:10.394365+00:00
QD4CGKG2,NIAID,Boring Task / NIAID,"Attractive targeted sugar bait phase III trials in Kenya, Mali, and Zambia.",,10.1186/s13063-022-06555-8,35945599,PMC9361277,2022,Trials,TDKECSKI,972dc84fc1e5368fba9a5766674efbc3,OK,downloaded,,,,testing,2026-08-06T22:26:10.917282+00:00
8LUVFBZQ,NIAID,Boring Task / NIAID,"Adaptive interventions for optimizing malaria control: an implementation study protocol for a block-cluster randomized, sequential multiple assignment trial.",Zhou,10.1186/s13063-020-04573-y,32690063,PMC7372887,2020,Trials,FJU2MM67,f91d970580d66dd52e66158afb2585b3,OK,downloaded,,,,testing,2026-08-06T22:26:11.369521+00:00
YHNLFDNU,NIAID,Boring Task / NIAID,"Uptake of medical male circumcision with household-based testing, and the association of traditional male circumcision and HIV infection.",Zewdie,10.1097/qad.0000000000003463,36727597,PMC10023451,2023,"AIDS (London, England)",UYCFMW4V,f9dc49aa21ca4749637dedda0cc3af2d,OK,downloaded,,,,testing,2026-08-06T22:26:11.923968+00:00
FP3HZHGS,NIAID,Boring Task / NIAID,Use of Asthma APGAR Tools in Primary Care Practices: A Cluster-Randomized Controlled Trial.,Yawn,10.1370/afm.2179,29531100,PMC5847347,2018,Annals of family medicine,DMTGJYKG,306581bbe277dcd1e38f1d4930bbc8a6,OK,downloaded,,,,testing,2026-08-06T22:26:12.477152+00:00
7WFZEPV4,NIAID,Boring Task / NIAID,A randomized evaluation of on-site monitoring nested in a multinational randomized trial.,Wyman Engen,10.1177/1740774519881616,31647325,PMC6992467,2020,"Clinical trials (London, England)",B3UVUMPE,28f279d125515d8d4d6a7b046a6f5f09,OK,downloaded,,,,testing,2026-08-06T22:26:13.042192+00:00
N284SIAR,NIAID,Boring Task / NIAID,"Incentivizing appropriate malaria case management in the private sector: a study protocol for two linked cluster randomized controlled trials to evaluate  provider- and client-focused interventions in western Kenya and Lagos, Nigeria.",Woolsey,10.1186/s13012-020-01077-w,33472650,PMC7816435,2021,Implementation science : IS,FVTWKGVI,1f67e998369d2d4ea5cb713b278833f2,OK,downloaded,,,,testing,2026-08-06T22:26:13.574599+00:00
5M3W8KDN,NIAID,Boring Task / NIAID,"The safety of double- and triple-drug community mass drug administration for lymphatic filariasis: A multicenter, open-label, cluster-randomized study.",Weil,10.1371/journal.pmed.1002839,31233507,PMC6590784,2019,PLoS medicine,JM9M9FYT,9246257598d02d2a66a0b8453c427832,OK,downloaded,,,,testing,2026-08-06T22:26:14.080000+00:00
CQCCTAR8,NIAID,Boring Task / NIAID,Model-robust and efficient covariate adjustment for cluster-randomized experiments.,Wang,10.1080/01621459.2023.2289693,39911293,PMC11795269,2024,Journal of the American Statistical Association,KVPXPF7N,40e357e31e5d74ba500f22687fc6596c,OK,downloaded,,,,testing,2026-08-06T22:26:14.601933+00:00
2T5PZEAW,NIAID,Boring Task / NIAID,Evaluating a patient-centred intervention to increase disclosure and promote resilience for children living with HIV in Kenya.,Vreeman,10.1097/qad.0000000000002183,31397727,,2019,"AIDS (London, England)",DR7EPPMA,cf8eae0814f351b49e4331ca7f0d953f,OK,downloaded,,,,testing,2026-08-06T22:26:15.192711+00:00
3U39FM4S,NIAID,Boring Task / NIAID,"A cluster-randomized trial of client and provider directed financial interventions to align incentives with appropriate case management in private  medicine retailers: Results of the TESTsmART trial in Lagos, Nigeria.",Visser,10.1371/journal.pgph.0002938,38954701,PMC11218985,2024,PLOS global public health,VYXWYGSV,b67b7c8cb242dd0dcade3f0b29bf6c33,OK,downloaded,,,,testing,2026-08-06T22:26:15.661234+00:00
LTKIP9MK,NIAID,Boring Task / NIAID,Community Health Workers Improve Linkage to Hypertension Care in Western Kenya.,Vedanthan,10.1016/j.jacc.2019.08.003,31487546,PMC6788970,2019,Journal of the American College of Cardiology,Y5VNB96D,0ab3e62047eb7b107ab7a236e7eb6e40,OK,downloaded,,,,testing,2026-08-06T22:26:16.231208+00:00
PLBLWLKR,NIAID,Boring Task / NIAID,"Preventive residual insecticide applications successfully controlled Aedes aegypti in Yucatan, Mexico.",Vazquez-Prokopec,10.1038/s41598-022-26577-1,36539478,PMC9768150,2022,Scientific reports,UHT3B7KM,81428b9970da7d13dfbb6b8a08963b21,OK,downloaded,,,,testing,2026-08-06T22:26:16.676562+00:00
A7JWJW43,NIAID,Boring Task / NIAID,Efficacy of Wolbachia-Infected Mosquito Deployments for the Control of Dengue.,Utarini,10.1056/nejmoa2030243,34107180,PMC8103655,2021,The New England journal of medicine,UMD8V5JU,c8b4543520ac70abc1778bd0aa60a914,OK,downloaded,,,,testing,2026-08-06T22:26:17.254742+00:00
WY8Y3TRN,NIAID,Boring Task / NIAID,Assessment of a viral load result-triggered automated differentiated service delivery model for people taking ART in Lesotho (the VITAL study): Study protocol  of a cluster-randomized trial.,Tschumi,10.1371/journal.pone.0268100,35511950,PMC9071137,2022,PloS one,FE4KIDXV,7e42b3b49d682b783e090b8e23d059aa,OK,downloaded,,,,testing,2026-08-06T22:26:17.798028+00:00
EYG252Z5,NIAID,Boring Task / NIAID,Seasonal Malaria Chemoprevention Therapy in Children Up To 9 Years of Age: Protocol for a Cluster-Randomized Trial Study.,Toure,10.2196/51660,38252481,PMC10845024,2024,JMIR research protocols,Z42WU2DT,bfc3d781c443a868dad9b6454cc32e95,OK,downloaded,,,,testing,2026-08-06T22:26:18.316187+00:00
GDGSLXJ9,NIAID,Boring Task / NIAID,"Development of parallel measures to assess HIV stigma and discrimination among people living with HIV, community members and health workers in the HPTN 071  (PopART) trial in Zambia and South Africa.",Stangl,10.1002/jia2.25421,31840400,PMC6912047,2019,Journal of the International AIDS Society,2UYMRF37,cc15939cd13c693fc79cc1df6995580c,OK,downloaded,,,,testing,2026-08-06T22:26:18.873141+00:00
HY4A7RP8,NIAID,Boring Task / NIAID,Community- and individual-level correlates of HIV incidence in HPTN 071 (PopART).,Skalland,10.1002/jia2.26155,37643290,PMC10465013,2023,Journal of the International AIDS Society,6WZYPHMN,897a8259e8c49ba56348612a9594cb8f,OK,downloaded,,,,testing,2026-08-06T22:26:19.458209+00:00
WJ95LIDE,NIAID,Boring Task / NIAID,The impact of a combined TB/HIV intervention on the incidence of TB infection among adolescents and young adults in the HPTN 071 (PopART) trial communities in  Zambia and South Africa.,Shanaube,10.1371/journal.pgph.0001473,37450474,PMC10348566,2023,PLOS global public health,ZZGPDVF5,20f9f09ab9bc77aaea363606beb6cc8a,OK,downloaded,,,,testing,2026-08-06T22:26:19.942037+00:00
BEQ38Q4E,NIAID,Boring Task / NIAID,Impact of a community-wide combination HIV prevention intervention on knowledge of HIV status among adolescents.,Shanaube,10.1097/qad.0000000000002722,33048875,PMC7810414,2021,"AIDS (London, England)",RX52SJK6,5e8bdecefa2754d00cb019fa5ed4517a,OK,downloaded,,,,testing,2026-08-06T22:26:20.486318+00:00
FPA2W97J,NIAID,Boring Task / NIAID,"Attrition in serum anti-DENV antibodies correlates with high anti-SARS-CoV-2 IgG levels and low DENV positivity in mosquito vectors-Findings from a state-wide  cluster-randomized community-based study in Tamil Nadu, India.",Selvavinayagam,10.1371/journal.pgph.0003608,39570962,PMC11581277,2024,PLOS global public health,WCV4JV7F,412627ec585ba19a41d3fafa1ccfd4b2,OK,downloaded,,,,testing,2026-08-06T22:26:21.006506+00:00
SGE9SXHK,NIAID,Boring Task / NIAID,"Impact of Rotavirus Vaccine Introduction in Children Less Than 2 Years of Age Presenting for Medical Care With Diarrhea in Rural Matlab, Bangladesh.",Schwartz,10.1093/cid/ciz133,30753368,PMC6880338,2019,Clinical infectious diseases : an official publication of the Infectious Diseases Society of America,7UV235HG,41d6e957236b4423f3dcf94105e5fb18,OK,downloaded,,,,testing,2026-08-06T22:26:21.590948+00:00
LS2A7DHW,NIAID,Boring Task / NIAID,Comparison of 3 Days Amoxicillin Versus 5 Days Co-Trimoxazole for Treatment of Fast-breathing Pneumonia by Community Health Workers in Children Aged 2-59 Months  in Pakistan: A Cluster-randomized Trial.,Sadruddin,10.1093/cid/ciy918,30596964,PMC6637273,2019,Clinical infectious diseases : an official publication of the Infectious Diseases Society of America,373UCKWP,47fdde825f4b86f2c10d072234301f1b,OK,downloaded,,,,testing,2026-08-06T22:26:22.269410+00:00
2YZJN5IB,NIAID,Boring Task / NIAID,Participation in adherence clubs and on-time drug pickup among HIV-infected adults in Zambia: A matched-pair cluster randomized trial.,Roy,10.1371/journal.pmed.1003116,32609756,PMC7329062,2020,PLoS medicine,GSPUFHVK,93a24ba0321ca169b53a116230699cd1,OK,downloaded,,,,testing,2026-08-06T22:26:22.843705+00:00
WLTXN9WI,NIAID,Boring Task / NIAID,PROmotion of COvid-19 VA(X)ccination in the Emergency Department-PROCOVAXED: study protocol for a cluster randomized controlled trial.,Rodriguez,10.1186/s13063-022-06285-x,35449064,PMC9021557,2022,Trials,HT4NMX4X,0f220906037d3ef7f777f117f6a0b86c,OK,downloaded,,,,testing,2026-08-06T22:26:23.418867+00:00
YRLFNSIU,NIAID,Boring Task / NIAID,Effect of COVID-19 Vaccine Messaging Platforms in Emergency Departments on Vaccine Acceptance and Uptake: A Cluster Randomized Clinical Trial.,Rodriguez,10.1001/jamainternmed.2022.5909,36574256,PMC9856883,2023,JAMA internal medicine,FXZXBRQ2,34adedb6953ff9396e063b9891e0cbd2,OK,downloaded,,,,testing,2026-08-06T22:26:23.858854+00:00
4KHXZDRI,NIAID,Boring Task / NIAID,Randomization-based confidence intervals for cluster randomized trials.,Rabideau,10.1093/biostatistics/kxaa007,32112077,PMC8511941,2021,"Biostatistics (Oxford, England)",3E5APPHG,1dd5c79c33f9f07268b384d0277e567e,OK,downloaded,,,,testing,2026-08-06T22:26:24.406775+00:00
9UV44WUN,NIAID,Boring Task / NIAID,Improving rational use of ACTs through diagnosis-dependent subsidies: Evidence from a cluster-randomized controlled trial in western Kenya.,Prudhomme O'Meara,10.1371/journal.pmed.1002607,30016316,PMC6049880,2018,PLoS medicine,UWMWS3AS,ecc29a2f54b3e77bc94bbc8e5c433da1,OK,downloaded,,,,testing,2026-08-06T22:26:24.874190+00:00
42WCIVYS,NIAID,Boring Task / NIAID,Cost of community-led larval source management and house improvement for malaria control: a cost analysis within a cluster-randomized trial in a rural district in  Malawi.,Phiri,10.1186/s12936-021-03800-4,34120608,PMC8200285,2021,Malaria journal,GYSP76LW,1009cb2729508fab2b90a298c5aeb00c,OK,downloaded,,,,testing,2026-08-06T22:26:25.428365+00:00
MTDQCBD8,NIAID,Boring Task / NIAID,"Design, implementation, and analysis considerations for cluster-randomized trials in infection control and hospital epidemiology: A systematic review.",O'Hara,10.1017/ice.2019.48,31043183,PMC6897299,2019,Infection control and hospital epidemiology,6ZDT3CZ7,d6c2f7fdf30b74337e472be9289a032e,OK,downloaded,,,,testing,2026-08-06T22:26:25.904780+00:00
VAP7UDPH,NIAID,Boring Task / NIAID,Immunogenicity of seasonal inactivated influenza and inactivated polio vaccines among children in Senegal: Results from a cluster-randomized trial.,Niang,10.1016/j.vaccine.2020.09.059,33012603,PMC7936169,2020,Vaccine,P3JMBIN6,d080bb510ddd9fae80a57491fcdd5350,OK,downloaded,,,,testing,2026-08-06T22:26:26.356352+00:00
AV72WSNF,NIAID,Boring Task / NIAID,Screening for Tuberculosis With Xpert MTB/RIF Assay Versus Fluorescent Microscopy Among Adults Newly Diagnosed With Human Immunodeficiency Virus in Rural Malawi: A  Cluster Randomized Trial (Chepetsa).,Ngwira,10.1093/cid/ciy590,30059995,PMC6769397,2019,Clinical infectious diseases : an official publication of the Infectious Diseases Society of America,I88NXA24,8370f1327280976b8affc4ccce83d95a,OK,downloaded,,,,testing,2026-08-06T22:26:26.895483+00:00
XJK5Y6HN,NIAID,Boring Task / NIAID,"Efficacy of a spatial repellent for control of Aedes-borne virus transmission: A cluster-randomized trial in Iquitos, Peru.",Morrison,10.1073/pnas.2118283119,35737833,PMC9245620,2022,Proceedings of the National Academy of Sciences of the United States of America,2BCCUMRH,afbb9cf6b974437d63ed528f2968c648,OK,downloaded,,,,testing,2026-08-06T22:26:27.351342+00:00
WWX4J35N,NIAID,Boring Task / NIAID,Self-reported cardiovascular disease risk factor screening among people living with HIV vs. members of the general population in Botswana: a community-based  study.,Molefe-Baikai,10.1186/s12889-024-17651-6,38229024,PMC10792864,2024,BMC public health,HZWZPTU2,7eb28473085a294d84ae7c7e5dd5ec82,OK,downloaded,,,,testing,2026-08-06T22:26:27.980741+00:00
7J243NU9,NIAID,Boring Task / NIAID,Time to care-seeking for TB symptoms.,Mmolawa,10.5588/ijtld.21.0447,35197167,PMC9636494,2022,The international journal of tuberculosis and lung disease : the official journal of the International Union against Tuberculosis and Lung Disease,98VUUTIS,2e0b44732ee2f7cb485ddfae2b91f3d9,OK,downloaded,,,,testing,2026-08-06T22:26:28.581437+00:00
BPBIGTHF,NIAID,Boring Task / NIAID,The Trial to Reduce Antimicrobial Use in Nursing Home Residents With Alzheimer Disease and Other Dementias (TRAIN-AD): A Cluster Randomized Clinical Trial.,Mitchell,10.1001/jamainternmed.2021.3098,34251396,PMC8276127,2021,JAMA internal medicine,C6QINBBV,fbe114a19abb0729ec79706d7596300d,OK,downloaded,,,,testing,2026-08-06T22:26:29.110214+00:00
LW6HXNMV,NIAID,Boring Task / NIAID,Home-based intervention to test and start (HITS) protocol: a cluster-randomized controlled trial to reduce HIV-related mortality in men and HIV incidence in  women through increased coverage of HIV treatment.,Mathenjwa,10.1186/s12889-019-7277-0,31324175,PMC6642506,2019,BMC public health,HDK2HHZ7,a3154452f23eb38c74588e8ed664dc81,OK,downloaded,,,,testing,2026-08-06T22:26:29.556306+00:00
E8TA87P4,NIAID,Boring Task / NIAID,Cluster-randomized trial of monthly malaria prophylaxis versus focused screening and treatment: a study protocol to define malaria elimination strategies in  Cambodia.,Manning,10.1186/s13063-018-2931-x,30326952,PMC6192281,2018,Trials,TIR5BJJC,b4429418274a06abf4503c71f477a5d7,OK,downloaded,,,,testing,2026-08-06T22:26:30.111985+00:00
BNN69THV,NIAID,Boring Task / NIAID,Impact of Clinical Decision Support on Antibiotic Prescribing for Acute Respiratory Infections: a Cluster Randomized Implementation Trial.,Mann,10.1007/s11606-020-06096-3,32875505,PMC7652959,2020,Journal of general internal medicine,YZGRK8HV,120195d09f33cc153f8a45035a897b19,OK,downloaded,,,,testing,2026-08-06T22:26:30.659452+00:00
3LBN72KK,NIAID,Boring Task / NIAID,Pragmatic cluster-randomized trial of home-based preventive treatment for TB in Ethiopia and South Africa (CHIP-TB).,Malhotra,10.1186/s13063-023-07514-7,37491264,PMC10367260,2023,Trials,K8KEQUXN,200eb5c5c68f2061e5ef9ea24940e211,OK,downloaded,,,,testing,2026-08-06T22:26:31.166025+00:00
6JFXBMVH,NIAID,Boring Task / NIAID,A platform trial design for preventive vaccines against Marburg virus and other emerging infectious disease threats.,Longini,10.1177/17407745221110880,35866633,PMC9679315,2022,"Clinical trials (London, England)",2GNRDKUK,ed94a51c77ca482dfce27028d9c02b59,OK,downloaded,,,,testing,2026-08-06T22:26:31.683809+00:00
VIWU5HNY,NIAID,Boring Task / NIAID,"Advanced HIV disease in the Botswana combination prevention project: prevalence, risk factors, and outcomes.",Lebelonyane,10.1097/qad.0000000000002627,32694412,,2020,"AIDS (London, England)",CT8GCS6D,21ed6e6240b3d86dd4a85786e82f2458,OK,downloaded,,,,testing,2026-08-06T22:26:32.150170+00:00
N96FALII,NIAID,Boring Task / NIAID,"A cluster-randomized trial of water, sanitation, handwashing and nutritional interventions on stress and epigenetic programming.",Lin,10.1038/s41467-024-47896-z,38670986,PMC11053067,2024,Nature communications,N8R3SLCG,a5646498431e78a423d983226fc92ded,OK,downloaded,,,,testing,2026-08-06T22:26:32.610681+00:00
K2BMQ78U,NIAID,Boring Task / NIAID,"Acceptability and Preferences of Two Different Community Models of ART Delivery in a High Prevalence Urban Setting in Zambia: Cluster-Randomized Trial, Nested in  the HPTN 071 (PopART) Study.",Limbada,10.1007/s10461-021-03385-8,34304330,PMC8813709,2022,AIDS and behavior,7Z9WWQRJ,3bc9143d2b27c3906deb263c0b1d21b2,OK,downloaded,,,,testing,2026-08-06T22:26:33.172000+00:00
NML3VQY6,NIAID,Boring Task / NIAID,"A comparison of different community models of antiretroviral therapy delivery with the standard of care among stable HIV+ patients: rationale and design of a  non-inferiority cluster randomized trial, nested in the HPTN 071 (PopART) study.",Limbada,10.1186/s13063-020-05010-w,33430928,PMC7802215,2021,Trials,EJWRFXDA,ab8c92db1274aa11314c0cdad25a6bac,OK,downloaded,,,,testing,2026-08-06T22:26:33.656285+00:00
D2AHL2JJ,NIAID,Boring Task / NIAID,Treating high-risk moderate acute malnutrition using therapeutic food compared with nutrition counseling (Hi-MAM Study): a cluster-randomized controlled trial.,Lelijveld,10.1093/ajcn/nqab137,33963734,PMC8921644,2021,The American journal of clinical nutrition,BXGNPB9C,66568de6591f89450adf749e8f125c0f,OK,downloaded,,,,testing,2026-08-06T22:26:34.175020+00:00
VST48IDP,NIAID,Boring Task / NIAID,Did a quality improvement intervention improve quality of maternal health care? Implementation evaluation from a cluster-randomized controlled study.,Larson,10.1093/intqhc/mzz126,31829427,PMC7172021,2020,International journal for quality in health care : journal of the International Society for Quality in Health Care,WMQ2Z92I,cc844012023ee01e097ea8b001833ea9,OK,downloaded,,,,testing,2026-08-06T22:26:34.700739+00:00
SARRUGNG,NIAID,Boring Task / NIAID,A cluster-randomized trial of client and provider-directed financial interventions to align incentives with appropriate case management in retail  medicine outlets: Results of the TESTsmART Trial in western Kenya.,Laktabai,10.1371/journal.pgph.0002451,38324584,PMC10849268,2024,PLOS global public health,M6ISFWWP,10684ced69028b9a5a8c0f22f9e723f5,OK,downloaded,"2 PDF attachments, picked highest priority: Full Text PDF; Full Text PDF",,,testing,2026-08-06T22:26:35.275048+00:00
VQYIB59P,NIAID,Boring Task / NIAID,"Post-exposure Lopinavir-Ritonavir Prophylaxis versus Surveillance for Individuals Exposed to SARS-CoV-2: The COPEP Pragmatic Open-Label, Cluster Randomized Trial.",Labhardt,10.1016/j.eclinm.2021.101188,34778734,PMC8570913,2021,EClinicalMedicine,6UAFVGYE,2c95310ed84797f1e274bfa8d70c06d4,OK,downloaded,,,,testing,2026-08-06T22:26:35.868467+00:00
NYX258BS,NIAID,Boring Task / NIAID,Stigma and Judgment Toward People Living with HIV and Key Population Groups Among Three Cadres of Health Workers in South Africa and Zambia: Analysis of Data from  the HPTN 071 (PopART) Trial.,Krishnaratne,10.1089/apc.2019.0131,31944852,PMC6983735,2020,AIDS patient care and STDs,KJJEUNB4,c661955b4793a0d0bfe22e49bdf97d42,OK,downloaded,,,,testing,2026-08-06T22:26:36.393761+00:00
CCE83GDA,NIAID,Boring Task / NIAID,Targeted indoor residual insecticide applications shift Aedes aegypti age structure and arbovirus transmission potential.,Kirstein,10.1038/s41598-023-48620-5,38042955,PMC10693548,2023,Scientific reports,TLN3N3T8,b128c1e5290884176f7c45dd92916dce,OK,downloaded,,,,testing,2026-08-06T22:26:36.865405+00:00
AL494NXV,NIAID,Boring Task / NIAID,Variable coverage in an Autocidal Gravid Ovitrap intervention impacts efficacy of Aedes aegypti control.,Juarez,10.1111/1365-2664.13951,34690360,PMC8518497,2021,The Journal of applied ecology,5EGAFCXC,52f0dfb99e15758ba35c25de2670ab94,OK,downloaded,,,,testing,2026-08-06T22:26:37.367128+00:00
NIDPDKFT,NIAID,Boring Task / NIAID,Trial of Three Rounds of Mass Azithromycin Administration for Yaws Eradication.,John,10.1056/nejmoa2109449,34986286,PMC7612200,2022,The New England journal of medicine,6SU3J8FW,62a1b716fdd530fc884ecff545543946,OK,downloaded,,,,testing,2026-08-06T22:26:37.853661+00:00
NBBD4EVE,NIAID,Boring Task / NIAID,Corrigendum: Analysis of cluster-randomized test-negative designs: cluster-level methods.,Jewell,10.1093/biostatistics/kxz008,30942383,PMC8035991,2021,"Biostatistics (Oxford, England)",IW7DWVVA,c00229b75fc71fd629f31940ce769271,OK,downloaded,,,,testing,2026-08-06T22:26:38.401597+00:00
XG2URWAA,NIAID,Boring Task / NIAID,"Households, fluidity, and HIV service delivery in Zambia and South Africa - an exploratory analysis of longitudinal qualitative data from the HPTN 071 (PopART)  trial.",Hoddinott,10.1002/jia2.25135,30027687,PMC6053477,2018,Journal of the International AIDS Society,GBBNC57M,671511891d62535ffc7ae0fbac4f56af,OK,downloaded,,,,testing,2026-08-06T22:26:38.810855+00:00
F7KNRNCZ,NIAID,Boring Task / NIAID,Provider adherence to training components from the Trial to Reduce Antimicrobial use In Nursing home residents with Alzheimer's disease and other Dementias  (TRAIN-AD) intervention.,Hendricksen,10.1016/j.conctc.2022.100913,35369403,PMC8965910,2022,Contemporary clinical trials communications,R8S57T7V,cc01b142e17bd49820a813b39c1376f2,OK,downloaded,,,,testing,2026-08-06T22:26:39.304737+00:00
ZCQWSNNG,NIAID,Boring Task / NIAID,"Extending the I-squared statistic to describe treatment effect heterogeneity in cluster, multi-centre randomized trials and individual patient data  meta-analysis.",Hemming,10.1177/0962280220948550,32955403,PMC8173367,2021,Statistical methods in medical research,3YREQANF,c81d34d8a920b3a040868096eea61b87,OK,downloaded,,,,testing,2026-08-06T22:26:39.758478+00:00
SSATX3WX,NIAID,Boring Task / NIAID,The association between HIV stigma and HIV incidence in the context of universal testing and treatment: analysis of data from the HPTN 071 (PopART) trial in  Zambia and South Africa.,Hargreaves,10.1002/jia2.25931,35818869,PMC9274206,2022,Journal of the International AIDS Society,MRWR45R4,112d2acbc5e603ee43c2706ed1697824,OK,downloaded,,,,testing,2026-08-06T22:26:40.344002+00:00
G95B3HHC,NIAID,Boring Task / NIAID,Individual and community-level risk factors for HIV stigma in 21 Zambian and South African communities: analysis of data from the HPTN071 (PopART) study.,Hargreaves,10.1097/qad.0000000000001757,29369164,PMC5854764,2018,"AIDS (London, England)",QC3U4ST6,88dd768659faf99f1d25a07f0b30fd8c,OK,downloaded,,,,testing,2026-08-06T22:26:40.845760+00:00
NAA22RTH,NIAID,Boring Task / NIAID,Household- Versus Incentive-Based Contact Investigation for Tuberculosis in Rural South Africa: A Cluster-Randomized Trial.,Hanrahan,10.1093/cid/ciac920,36458857,PMC10319771,2023,Clinical infectious diseases : an official publication of the Infectious Diseases Society of America,AAPKKVV4,38f41d07d531f3eb72b4165ce0ae6f80,OK,downloaded,,,,testing,2026-08-06T22:26:41.372329+00:00
MXKWYL3P,NIAID,Boring Task / NIAID,Contact tracing versus facility-based screening for active TB case finding in rural South Africa: A pragmatic cluster-randomized trial (Kharitode TB).,Hanrahan,10.1371/journal.pmed.1002796,31039165,PMC6490908,2019,PLoS medicine,LETJW55X,215493b3c9e761da0c041834a7f25503,OK,downloaded,"2 PDF attachments, picked highest priority: Full Text PDF; Full Text PDF",,,testing,2026-08-06T22:26:41.868107+00:00
AJ2JFE48,NIAID,Boring Task / NIAID,Effect of the Friendship Bench Intervention on Antiretroviral Therapy Outcomes and Mental Health Symptoms in Rural Zimbabwe: A Cluster Randomized Trial.,Haas,10.1001/jamanetworkopen.2023.23205,37440230,PMC10346120,2023,JAMA network open,396PENV5,b456bdee8e604ab85401cba74e9fcb78,OK,downloaded,,,,testing,2026-08-06T22:26:42.452694+00:00
BI3UII4S,NIAID,Boring Task / NIAID,Partnering faith leaders with community health workers increases utilization of antenatal care and facility delivery services in Ethiopia: A cluster randomized  trial.,Guthrie,10.7189/jogh.11.04063,34737863,PMC8564884,2021,Journal of global health,5F3RJU77,7832b1e470ecf7a317fea37c9a7ffc9c,OK,downloaded,,,,testing,2026-08-06T22:26:42.928589+00:00
KZ792YKP,NIAID,Boring Task / NIAID,"Effect of water, sanitation, handwashing and nutrition interventions on enteropathogens in children 14 months old: a cluster-randomized controlled trial  in rural Bangladesh.",Grembi,10.1093/infdis/jiaa549,32861214,PMC9891429,2020,The Journal of infectious diseases,H7XZ3P76,1ab6296feabe791b11604537d0129e89,OK,downloaded,,,,testing,2026-08-06T22:26:43.434613+00:00
3C5XA7IA,NIAID,Boring Task / NIAID,Systems analysis and improvement approach to optimize the hypertension diagnosis and care cascade for PLHIV individuals (SAIA-HTN): a hybrid type III cluster  randomized trial.,Gimbel,10.1186/s13012-020-0973-4,32143657,PMC7059349,2020,Implementation science : IS,QJLTPJZB,e685d43d321560dfc19c53e1879475e8,OK,downloaded,,,,testing,2026-08-06T22:26:43.962446+00:00
LFJVWISZ,NIAID,Boring Task / NIAID,Hyperhydration to Improve Kidney Outcomes in Children with Shiga Toxin-Producing E. coli Infection: a multinational embedded cluster crossover randomized trial  (the HIKO STEC trial).,Freedman,10.1186/s13063-023-07379-w,37245030,PMC10224603,2023,Trials,VG998CA9,e2c73e953121ca6bc8f4d437bf13372a,OK,downloaded,"2 PDF attachments, picked highest priority: Full Text PDF; Full Text PDF",,,testing,2026-08-06T22:26:44.477992+00:00
T9W9DAV6,NIAID,Boring Task / NIAID,"Repeat Ivermectin Mass Drug Administrations for Malaria Control II: Protocol for a Double-blind, Cluster-Randomized, Placebo-Controlled Trial for the Integrated  Control of Malaria.",Foy,10.2196/41197,36939832,PMC10132043,2023,JMIR research protocols,BCA3EPXW,c916e062559c3b3d829f9afa8228af16,OK,downloaded,"2 PDF attachments, picked highest priority: Full Text; Full Text PDF",,,testing,2026-08-06T22:26:45.383086+00:00
BDD2KZD6,NIAID,Boring Task / NIAID,Efficacy of a bivalent killed whole-cell cholera vaccine over five years: a re-analysis of a cluster-randomized trial.,Fong,10.1186/s12879-018-2981-4,29463233,PMC5819652,2018,BMC infectious diseases,5T8CCQTA,f11da880d4045611935155fd91c8df26,OK,downloaded,"2 PDF attachments, picked highest priority: Full Text PDF; Full Text PDF",,,testing,2026-08-06T22:26:45.862425+00:00
CYV862M8,NIAID,Boring Task / NIAID,Towards 90-90: Findings after two years of the HPTN 071 (PopART) cluster-randomized trial of a universal testing-and-treatment intervention in  Zambia.,Floyd,10.1371/journal.pone.0197904,30096139,PMC6086421,2018,PloS one,BZTD5C3E,4e08854d71f3e6fc9255dd457d16bbdd,OK,downloaded,"2 PDF attachments, picked highest priority: Full Text PDF; Full Text PDF",,,testing,2026-08-06T22:26:46.485208+00:00
G9HEQGLU,NIAID,Boring Task / NIAID,Practical issues in operationalizing the design and outcome evaluation of cluster randomized trials.,Donnell,10.1177/17407745221087465,35393864,PMC9378425,2022,"Clinical trials (London, England)",7S4RIL8B,686a5f789f302c4d6b80af8fc94cab50,OK,downloaded,,,,testing,2026-08-06T22:26:47.307489+00:00
S7TM7MCE,NIAID,Boring Task / NIAID,Effectiveness of Seasonal Influenza Vaccination in Children in Senegal During a Year of Vaccine Mismatch: A Cluster-randomized Trial.,Diallo,10.1093/cid/ciz066,30689757,PMC6821165,2019,Clinical infectious diseases : an official publication of the Infectious Diseases Society of America,QD6S9GV5,7b6030af60ed42572b1a6c644e09ea77,OK,downloaded,,,,testing,2026-08-06T22:26:47.824469+00:00
DJXA99RG,NIAID,Boring Task / NIAID,Network methods and design of randomized trials: Application to investigation of COVID-19 vaccination boosters.,DeGruttola,10.1177/17407745221111818,35894099,PMC9378506,2022,"Clinical trials (London, England)",K57YKMSI,8d147f75eaa18dce95dd688f7482df24,OK,downloaded,,,,testing,2026-08-06T22:26:48.351854+00:00
EMIFV3K7,NIAID,Boring Task / NIAID,The ring vaccination trial design for the estimation of vaccine efficacy and effectiveness during infectious disease outbreaks.,Dean,10.1177/17407745211073594,35057647,PMC9300768,2022,"Clinical trials (London, England)",G29IK5YZ,100fda9f1fa112222c483a21539b4b01,OK,downloaded,,,,testing,2026-08-06T22:26:48.803257+00:00
MW55PRG6,NIAID,Boring Task / NIAID,Considerations for first field trials of low-threshold gene drive for malaria vector control.,Connolly,10.1186/s12936-024-04952-9,38773487,PMC11110314,2024,Malaria journal,AM9XXD4Y,9f0acebc01e03fc9c2935b35b95bd9d7,OK,downloaded,"2 PDF attachments, picked highest priority: Full Text PDF; Full Text PDF",,,testing,2026-08-06T22:26:49.283534+00:00
K65U39GR,NIAID,Boring Task / NIAID,Mid-level managers' perspectives on implementing isoniazid preventive therapy for people living with HIV in Ugandan health districts: a qualitative study.,Christian,10.1186/s12913-024-10803-9,38454501,PMC10921742,2024,BMC health services research,ECCSFTLP,e93b968190ff4507038e1d0a92c85f39,OK,downloaded,"2 PDF attachments, picked highest priority: Full Text PDF; Full Text PDF",,,testing,2026-08-06T22:26:49.889663+00:00
C7QFVRM7,NIAID,Boring Task / NIAID,Pathways for reduction of HIV-related stigma: a model derived from longitudinal qualitative research in Kenya and Uganda.,Camlin,10.1002/jia2.25647,33283986,PMC7720278,2020,Journal of the International AIDS Society,RW875BIN,4bb240032ac4fc4304a783cd35ebe6dd,OK,downloaded,,,,testing,2026-08-06T22:26:50.415510+00:00
RQFM7VM8,NIAID,Boring Task / NIAID,A Review of the Ring Trial Design for Evaluating Ring Interventions for Infectious Diseases.,Butzin-Dozier,10.1093/epirev/mxac003,35593400,PMC10362935,2022,Epidemiologic reviews,K8PNN239,858354bdf730fd2d3e4c23d3bdcf475f,OK,downloaded,,,,testing,2026-08-06T22:26:50.917083+00:00
67P4RDC7,NIAID,Boring Task / NIAID,"Spinning plates: livelihood mobility, household responsibility and anti-retroviral treatment in an urban Zambian community during the HPTN 071  (PopART) study.",Bond,10.1002/jia2.25117,30027643,PMC6053474,2018,Journal of the International AIDS Society,DMCL72FY,42a5a73ab4a24772c2ebcbc0b0786908,OK,downloaded,,,,testing,2026-08-06T22:26:51.399597+00:00
WKFM2BUS,NIAID,Boring Task / NIAID,A new approach to hierarchical data analysis: Targeted maximum likelihood estimation for the causal effect of a cluster-level exposure.,Balzer,10.1177/0962280218774936,29921160,PMC6173669,2019,Statistical methods in medical research,4722YSJA,780e77e941542e326a8bfcb107805acc,OK,downloaded,,,,testing,2026-08-06T22:26:51.900607+00:00
X83J4YUG,NIAID,Boring Task / NIAID,Conditional Cash Transfers to Incentivize Tuberculosis Screening: Description of a Novel Strategy for Contact Investigation in Rural South Africa.,Baik,10.1093/cid/ciab601,34212181,PMC8946721,2022,Clinical infectious diseases : an official publication of the Infectious Diseases Society of America,QRR5TC5F,52814deb8c0ce4538f642d4b7ec757b4,OK,downloaded,,,,testing,2026-08-06T22:26:52.417248+00:00
P8WBH993,NIAID,Boring Task / NIAID,Geographic pair matching in large-scale cluster randomized trials.,Arnold,10.1038/s41467-024-45152-y,38316755,PMC10844220,2024,Nature communications,VSBQHU4Y,06fbc18b5f31213d51d1962986a01f55,OK,downloaded,,,,testing,2026-08-06T22:26:52.869848+00:00
3ZC4NVNY,NIAID,Boring Task / NIAID,WASH interventions and child diarrhea at the interface of climate and socioeconomic position in Bangladesh.,Ante-Testard,10.1038/s41467-024-45624-1,38378704,PMC10879131,2024,Nature communications,7FJN96QK,0cacdf1ad943c9de05e220a68d3b4c6b,OK,downloaded,,,,testing,2026-08-06T22:26:53.343303+00:00
MLS3VVRS,NIAID,Boring Task / NIAID,Increasing knowledge of HIV status in a country with high HIV testing coverage: Results from the Botswana Combination Prevention Project.,Alwano,10.1371/journal.pone.0225076,31765394,PMC6876886,2019,PloS one,CHIRKYVU,9a3ac9b9e04348bb2503e80181be280b,OK,downloaded,"2 PDF attachments, picked highest priority: Full Text PDF; Full Text PDF",,,testing,2026-08-06T22:26:54.146404+00:00
AWRICXTL,NIAID,Boring Task / NIAID,Brief Report: Proportion and Predictors of Adult TB Contacts Accepting HIV Testing During an Active TB Case Finding Intervention in South Africa.,Albaugh,10.1097/qai.0000000000002509,33031156,PMC8219244,2020,Journal of acquired immune deficiency syndromes (1999),QMCC8ZXF,36ac61d05ceb225befbfa6105151bffb,OK,downloaded,,,,testing,2026-08-06T22:26:54.689742+00:00
EL68RXI7,NIAID,Boring Task / NIAID,Impact of community masking on COVID-19: A cluster-randomized trial in Bangladesh.,Abaluck,10.1126/science.abi9069,34855513,PMC9036942,2022,"Science (New York, N.Y.)",49CGQD3V,47cfc2594e40599b5109e86e11b5ebe2,OK,downloaded,,,,testing,2026-08-06T22:26:55.184009+00:00
5EGYIWZA,NIAMS; NICHD,Boring Task / NIAMS; Boring Task / NICHD,Higher compliance to a neuromuscular injury prevention program improves overall injury rate in male football players.,Silvers-Granelli,10.1007/s00167-018-4895-5,29556709,PMC6415668,2018,"Knee surgery, sports traumatology, arthroscopy : official journal of the ESSKA",5DBACMZR,232e7a722477aeb25b2236c725a62d3b,OK,downloaded,,,,testing,2026-08-06T22:26:55.690105+00:00
ZIKITPY8,NIAMS; NIGMS,Boring Task / NIAMS; Boring Task / NIGMS,Implementation of Multifaceted Patient-Centered Treatment Strategies for Intensive Blood Pressure Control (IMPACTS): Rationale and design of a  cluster-randomized trial.,Mills,10.1016/j.ahj.2020.08.009,32827458,PMC7437489,2020,American heart journal,QAQ4HFXR,9dbed7cf8073e4931eac47b9d35898b5,OK,downloaded,,,,testing,2026-08-06T22:26:56.261737+00:00
PSPTLUIM,NIAMS,Boring Task / NIAMS,Benefits and Sustainability of a Learning Collaborative for Implementation of Treat-to-Target in Rheumatoid Arthritis: Results of a Cluster-Randomized  Controlled Phase II Clinical Trial.,Solomon,10.1002/acr.23508,29316341,PMC6033691,2018,Arthritis care & research,VQFP2C3H,c8f17bbb13558b6a08cea1df65ce339f,OK,downloaded,,,,testing,2026-08-06T22:26:56.985732+00:00
L32XUKZ8,NIAMS,Boring Task / NIAMS,Virtual Reality-Augmented Physiotherapy for Chronic Pain in Youth: Protocol for a Randomized Controlled Trial Enhanced With a Single-Case Experimental Design.,Simons,10.2196/40705,36508251,PMC9793297,2022,JMIR research protocols,VZT7FYH3,89e0236157a3694b58b78330f2c698e3,OK,downloaded,,,,testing,2026-08-06T22:26:57.529108+00:00
HHY6EJQG,NIAMS,Boring Task / NIAMS,"Cost-Utility Analysis of Routine Anxiety and Depression Screening in Patients Consulting for Osteoarthritis: Results From a Clinical, Randomized Controlled  Trial.",Kigozi,10.1002/acr.23568,29609205,PMC6563477,2018,Arthritis care & research,V6QG5GM6,2897fdb2c20da53e83c48153b21abbfd,OK,downloaded,,,,testing,2026-08-06T22:26:58.076058+00:00
8A8JT5TV,NIAMS,Boring Task / NIAMS,"Satisfaction with modes of telemedicine delivery during COVID-19: A randomized, single-blind, parallel group, noninferiority trial.",Danila,10.1016/j.amjms.2022.06.021,35793732,PMC9446840,2022,The American journal of the medical sciences,U9K5XUQ9,31ff343c2865f1285667ef16864518ea,OK,downloaded,"2 PDF attachments, picked highest priority: Full Text PDF; Full Text PDF",,,testing,2026-08-06T22:26:58.532621+00:00
K72YHXJV,NIAMS,Boring Task / NIAMS,The impact of heterotopic ossification prophylaxis after surgical fixation of acetabular fractures: national treatment patterns and related outcomes.,Boissonneault,10.1016/j.injury.2023.03.001,37002119,PMC10480339,2023,Injury,ZIQ4EHML,ef5cce5cee062dac021b56ba5fda65d8,OK,downloaded,,,,testing,2026-08-06T22:26:59.048770+00:00
RXFQY4XC,NIBIB,Boring Task / NIBIB,"Testing the effectiveness of community-engaged citizen science to promote physical activity, foster healthier neighborhood environments, and advance health  equity in vulnerable communities: The Steps for Change randomized controlled  trial design and methods.",King,10.1016/j.cct.2021.106526,34371162,PMC8453124,2021,Contemporary clinical trials,6PPHK3QD,110b21529098d7aebfd329d84be0d766,OK,downloaded,,,,testing,2026-08-06T22:26:59.541367+00:00
64LN27S7,NICHD; NIMH,Boring Task / NICHD; Boring Task / NIMH,Adherence to Combination Antiretroviral Therapy among Pregnant Women Enrolled in a HIV Prevention Program in Rural North-central Nigeria.,Calder,10.21106/ijma.327,32123632,PMC7031888,2020,International journal of MCH and AIDS,DD5SFRU6,20993dbf8e704b826eff9ea3d2c3d5b3,OK,downloaded,"3 PDF attachments, picked highest priority: Full Text PDF; Full Text PDF; Full Text PDF",,,testing,2026-08-06T22:27:00.037302+00:00
MSMKSVSG,NICHD; NIDA; NIMH,Boring Task / NICHD; Boring Task / NIDA; Boring Task / NIMH,The effect of a behavioral activation treatment for substance use on post-treatment abstinence: a randomized controlled trial.,Daughters,10.1111/add.14049,28963853,PMC5807178,2018,"Addiction (Abingdon, England)",GX3S3WQJ,206588d2aadb93d6ce0f5d771d06defc,OK,downloaded,,,,testing,2026-08-06T22:27:00.793884+00:00
KZ6I2GMV,NICHD; NIMH,Boring Task / NICHD; Boring Task / NIMH,Suubi+Adherence study protocol: A family economic empowerment intervention addressing HIV treatment adherence for perinatally infected adolescents.,Ssewamala,10.1016/j.conctc.2019.100463,31872152,PMC6915750,2019,Contemporary clinical trials communications,AHAKBN46,b6581b32d2a077748ec4b2408d7b9b79,OK,downloaded,,,,testing,2026-08-06T22:27:01.433836+00:00
US8CIH33,NICHD; NIDA,Boring Task / NICHD; Boring Task / NIDA,Can a Gender Equity and Family Planning Intervention for Men Change Their Gender Ideology? Results from the CHARM Intervention in Rural India.,Fleming,10.1111/sifp.12047,29441577,PMC6469641,2018,Studies in family planning,5N4NQH9Q,0910aeee75baf02ec39a27111a980b8c,OK,downloaded,,,,testing,2026-08-06T22:27:02.082849+00:00
VYU7HU26,NICHD; NIEHS,Boring Task / NICHD; Boring Task / NIEHS,Examining the relationship between household air pollution and infant microbial nasal carriage in a Ghanaian cohort.,Carrión,10.1016/j.envint.2019.105150,31518936,PMC6868532,2019,Environment international,3DN2GBTH,15c689a74728071beafc577ad76b37ac,OK,downloaded,,,,testing,2026-08-06T22:27:02.611661+00:00
DZZM2YID,NICHD; NIDDK,Boring Task / NICHD; Boring Task / NIDDK,'Ripple' effect on infant zBMI trajectory of an internet-based weight loss program for low-income postpartum women.,Phelan,10.1111/ijpo.12456,30225981,PMC7368392,2019,Pediatric obesity,SQSZ9ECS,c2aa5a2bc4059f49256c79ac3e5c1268,OK,downloaded,,,,testing,2026-08-06T22:27:03.150715+00:00
3SZRVFPC,NICHD; NIMH,Boring Task / NICHD; Boring Task / NIMH,A combination intervention addressing sexual risk-taking behaviors among vulnerable women in Uganda: study protocol for a cluster randomized clinical  trial.,Ssewamala,10.1186/s12905-019-0807-1,31419968,PMC6697981,2019,BMC women's health,NU2WW6R4,4b2b4dd5054c51a81904dbdff5acee87,OK,downloaded,,,,testing,2026-08-06T22:27:03.588129+00:00
MYASS2HR,NICHD; NIMH,Boring Task / NICHD; Boring Task / NIMH,Community mobilization to modify harmful gender norms and reduce HIV risk: results from a community cluster randomized trial in South Africa.,Pettifor,10.1002/jia2.25134,29972287,PMC6058206,2018,Journal of the International AIDS Society,LWED2DMS,9f90c84a79e5bf1b1e245fd333e8ef13,OK,downloaded,,,,testing,2026-08-06T22:27:04.121469+00:00
GKAKJGI4,NICHD; NIGMS,Boring Task / NICHD; Boring Task / NIGMS,"The Impact of Improved Water, Sanitation, and Hygiene on Oral Rotavirus Vaccine Immunogenicity in Zimbabwean Infants: Substudy of a Cluster-randomized Trial.",Church,10.1093/cid/ciz140,30770931,PMC6880336,2019,Clinical infectious diseases : an official publication of the Infectious Diseases Society of America,JPBBAEFP,93f7760289f02574573e69445ec9bad6,OK,downloaded,,,,testing,2026-08-06T22:27:04.617483+00:00
AX6KKX59,NICHD; NIDA; NIEHS,Boring Task / NICHD; Boring Task / NIDA; Boring Task / NIEHS,Nicotine on Children's Hands: Limited Protection of Smoking Bans and Initial Clinical Findings.,Mahabee-Gittens,10.1177/1179173x18823493,30728727,PMC6351963,2019,Tobacco use insights,DFKT5LFU,74aba4d326c17f56c79bdab8d0f98a72,OK,downloaded,,,,testing,2026-08-06T22:27:05.184055+00:00
6BGC43UM,NICHD; NIDDK,Boring Task / NICHD; Boring Task / NIDDK,"Effect of an Intervention to Promote Breastfeeding on Asthma, Lung Function, and Atopic Eczema at Age 16 Years: Follow-up of the PROBIT Randomized Trial.",Flohr,10.1001/jamapediatrics.2017.4064,29131887,PMC6583261,2018,JAMA pediatrics,SJ9J7WHX,7851efefe9abc935595413b3d1e85a38,OK,downloaded,"2 PDF attachments, picked highest priority: Submitted Version; Submitted Version",,,testing,2026-08-06T22:27:05.611237+00:00
B4WIN2WY,NICHD; NIMH,Boring Task / NICHD; Boring Task / NIMH,"The CombinADO study to assess the impact of a combination intervention strategy on viral suppression, antiretroviral therapy adherence, and retention in HIV care  among adolescents and young people living with HIV: protocol for a  cluster-randomized controlled trial.",Mogoba,10.1186/s13063-021-05943-w,34961567,PMC8710928,2021,Trials,H3AI7GWW,5203b1f6bcb2543c3ea54aeb4fe66327,OK,downloaded,,,,testing,2026-08-06T22:27:06.061350+00:00
YNFC4GFU,NICHD; NIEHS,Boring Task / NICHD; Boring Task / NIEHS,Effect of sanitation improvements on soil-transmitted helminth eggs in courtyard soil from rural Bangladesh: Evidence from a cluster-randomized controlled trial.,Kwong,10.1371/journal.pntd.0008815,34319986,PMC8351931,2021,PLoS neglected tropical diseases,KG3LYFDB,9c4605efc7aa865ab0cdc4ee67cdcf82,OK,downloaded,"3 PDF attachments, picked highest priority: Full Text PDF; Full Text PDF; Full Text PDF",,,testing,2026-08-06T22:27:06.644897+00:00
NBEZRCXR,NICHD; NIMH; NIMHD,Boring Task / NICHD; Boring Task / NIMH; Boring Task / NIMHD,"Family Economic Empowerment, Family Social Support, and Sexual Risk-Taking Behaviors Among Adolescents Living With HIV in Uganda: The Suubi+Adherence Study.",Shato,10.1016/j.jadohealth.2021.02.005,33812750,PMC8403623,2021,The Journal of adolescent health : official publication of the Society for Adolescent Medicine,WGQ4UTV5,490ab0bcde2c11eab1a48296d37a37ec,OK,downloaded,,,,testing,2026-08-06T22:27:07.252892+00:00
CY8JBG64,NICHD; NIDDK,Boring Task / NICHD; Boring Task / NIDDK,A Tailored Letter Based on Electronic Health Record Data Improves Gestational Weight Gain Among Women With Gestational Diabetes Mellitus: The Gestational  Diabetes' Effects on Moms (GEM) Cluster-Randomized Controlled Trial.,Hedderson,10.2337/dc17-1133,29669736,PMC6463614,2018,Diabetes care,C2UD5UV3,0df0f83ddd4c33f0bbe01553e9014f73,OK,downloaded,,,,testing,2026-08-06T22:27:07.708451+00:00
VG586LG9,NICHD; NIMH,Boring Task / NICHD; Boring Task / NIMH,Impact of a Family Economic Intervention (Bridges) on Health Functioning of Adolescents Orphaned by HIV/AIDS: A 5-Year (2012-2017) Cluster Randomized  Controlled Trial in Uganda.,Ssewamala,10.2105/ajph.2020.306044,33476237,PMC7893332,2021,American journal of public health,4CCJNTC9,abd09466313fefae17439be79b9fac34,OK,downloaded,,,,testing,2026-08-06T22:27:08.233791+00:00
3KYGTLUB,NICHD; NIMH,Boring Task / NICHD; Boring Task / NIMH,Relationship Between Mental Health and HIV Transmission Knowledge and Prevention Attitudes Among Adolescents Living with HIV: Lessons from Suubi + Adherence  Cluster Randomized Study in Southern Uganda.,Byansi,10.1007/s10461-021-03243-7,33797667,PMC8486891,2021,AIDS and behavior,MD8TYA49,d152b114fc3a773eb99c90c05696a988,OK,downloaded,,,,testing,2026-08-06T22:27:08.742439+00:00
C34DF68E,NICHD; NIMH,Boring Task / NICHD; Boring Task / NIMH,Examining the nonkin support networks of orphaned adolescents participating in a family-based economic-strengthening intervention in Uganda.,Nabunya,10.1002/jcop.22139,30394541,PMC6397685,2019,Journal of community psychology,ABAE92VQ,3cbe39cce3cb50e699c5bb263b7ca64e,OK,downloaded,,,,testing,2026-08-06T22:27:09.262657+00:00
2EUBGI6V,NICHD; NIMH,Boring Task / NICHD; Boring Task / NIMH,The long-term effects of a family based economic empowerment intervention (Suubi+Adherence) on suppression of HIV viral loads among adolescents living with  HIV in southern Uganda: Findings from 5-year cluster randomized trial.,Ssewamala,10.1371/journal.pone.0228370,32040523,PMC7010288,2020,PloS one,GCKANML9,e464d8c101499f25d903fbd0a6283eb4,OK,downloaded,,,,testing,2026-08-06T22:27:09.846495+00:00
3QSZDDKM,NICHD; NIMH,Boring Task / NICHD; Boring Task / NIMH,The efficacy and cost-effectiveness of a family-based economic empowerment intervention (Suubi + Adherence) on suppression of HIV viral loads among  adolescents living with HIV: results from a Cluster Randomized Controlled Trial  in southern Uganda.,Tozan,10.1002/jia2.25752,34176245,PMC8236226,2021,Journal of the International AIDS Society,SR5C9RC4,eb836b71d8c949971eabee42d4f3cfd8,OK,downloaded,,,,testing,2026-08-06T22:27:10.309943+00:00
TNRY4AWD,NICHD; NIEHS,Boring Task / NICHD; Boring Task / NIEHS,Longitudinal Effects of a Sanitation Intervention on Environmental Fecal Contamination in a Cluster-Randomized Controlled Trial in Rural Bangladesh.,Contreras,10.1021/acs.est.1c01114,34086447,PMC8213058,2021,Environmental science & technology,LW6P6GN3,bd7c7a6a096b1d8ee19b7a9bca64c18a,OK,downloaded,"2 PDF attachments, picked highest priority: Full Text PDF; Full Text PDF",,,testing,2026-08-06T22:27:10.793864+00:00
UJ9UUMG8,NICHD; NIDDK; NIMH,Boring Task / NICHD; Boring Task / NIDDK; Boring Task / NIMH,Effectiveness of a Digital Cognitive Behavior Therapy-Guided Self-Help Intervention for Eating Disorders in College Women: A Cluster Randomized Clinical  Trial.,Fitzsimmons-Craft,10.1001/jamanetworkopen.2020.15633,32865576,PMC7489868,2020,JAMA network open,ZK2ISN2Q,fd8ee96223503e5b4437414601195813,OK,downloaded,,,,testing,2026-08-06T22:27:11.370530+00:00
YP9UIW27,NICHD; NIMH,Boring Task / NICHD; Boring Task / NIMH,Using Hierarchical Regression to Examine the Predictors of Sexual Risk-Taking Attitudes among Adolescents Living with Human Immunodeficiency Virus in Uganda.,Kizito,10.1016/j.jadohealth.2023.02.034,37074235,PMC10523903,2023,The Journal of adolescent health : official publication of the Society for Adolescent Medicine,W5MTBSWS,6a943e061e7d578d123d3b4cf24526aa,OK,downloaded,,,,testing,2026-08-06T22:27:11.874166+00:00
2LQ9IQJP,NICHD; NIMH,Boring Task / NICHD; Boring Task / NIMH,"Poverty, economic strengthening, and mental health among AIDS orphaned children in Uganda: Mediation model in a randomized clinical trial.",Karimli,10.1016/j.socscimed.2019.03.003,30870668,PMC6502261,2019,Social science & medicine (1982),ZB3VB5XR,6319cbc3cf344c2fe83909d092bc0356,OK,downloaded,,,,testing,2026-08-06T22:27:12.370378+00:00
MUYY6VBN,NICHD; NIEHS,Boring Task / NICHD; Boring Task / NIEHS,Impact of Improved Biomass and Liquid Petroleum Gas Stoves on Birth Outcomes in Rural Nepal: Results of 2 Randomized Trials.,Katz,10.9745/ghsp-d-20-00011,32680912,PMC7541104,2020,"Global health, science and practice",95XSWPKB,11acf683bd2079d2fb38b88926661e5d,OK,downloaded,"3 PDF attachments, picked highest priority: Full Text PDF; Full Text PDF; Full Text PDF",,,testing,2026-08-06T22:27:12.924400+00:00
GMPZN8V7,NICHD; NIMH,Boring Task / NICHD; Boring Task / NIMH,"Gender, HIV knowledge and prevention attitudes among adolescents living with HIV participating in an economic empowerment intervention in Uganda.",Nabunya,10.1080/09540121.2020.1844860,33172305,PMC8107187,2021,AIDS care,U2WZFRBD,006659ad3324de038d26947da07d248f,OK,downloaded,,,,testing,2026-08-06T22:27:13.452606+00:00
FSRS8FVB,NICHD; NIMHD,Boring Task / NICHD; Boring Task / NIMHD,Mediators of Improved Adherence to Infant Safe Sleep Using a Mobile Health Intervention.,Moon,10.1542/peds.2018-2799,31015374,PMC6564062,2019,Pediatrics,SPGE3GVC,4680ee4c91b15379f44cba39ab96ff5b,OK,downloaded,,,,testing,2026-08-06T22:27:13.976220+00:00
6PBVUYNN,NICHD; NIDA; NIMH,Boring Task / NICHD; Boring Task / NIDA; Boring Task / NIMH,Influence of provider openness and leadership behaviors on adherence to motivational interviewing training implementation strategies: Considerations for  evidence-based practice delivery.,Budhwani,10.1177/26334895231205888,37936969,PMC10559702,2023,Implementation research and practice,9EZK4GEC,0c865d349133260f58be40318aacd20a,OK,downloaded,,,,testing,2026-08-06T22:27:14.534720+00:00
9NTCFVUF,NICHD; NIMH,Boring Task / NICHD; Boring Task / NIMH,How Can Programs Better Support Female Sex Workers to Avoid HIV Infection in Zimbabwe? A Prevention Cascade Analysis.,Fearon,10.1097/qai.0000000000001980,30964804,PMC6467580,2019,Journal of acquired immune deficiency syndromes (1999),WV7AS9XA,5d1a6922bd03d40f5e096b0d9eb5f2ab,OK,downloaded,,,,testing,2026-08-06T22:27:15.019427+00:00
P6Z2Z86T,NICHD; NINDS,Boring Task / NICHD; Boring Task / NINDS,Estimating the association between being seropositive for cysticercosis and the prevalence of epilepsy and severe chronic headaches in 60 villages of rural  Burkina Faso.,Sahlu,10.1371/journal.pntd.0007101,30677038,PMC6345432,2019,PLoS neglected tropical diseases,X7GGAYCZ,9c71b876c6d7006bd1bcb83ba9b466cf,OK,downloaded,,,,testing,2026-08-06T22:27:15.536072+00:00
8Q7AB3YY,NICHD; NIMH; NIMHD,Boring Task / NICHD; Boring Task / NIMH; Boring Task / NIMHD,The Long-term (5-year) Impact of a Family Economic Empowerment Intervention on Adolescents Living with HIV in Uganda: Analysis of Longitudinal Data from a  Cluster Randomized Controlled Trial from the Suubi+Adherence Study (2012-2018).,Brathwaite,10.1007/s10461-022-03637-1,35429307,PMC9474691,2022,AIDS and behavior,HFU8WE24,7da602a79140be91cb13a459bc457e2d,OK,downloaded,,,,testing,2026-08-06T22:27:16.087052+00:00
YZ2ZXEQJ,NICHD; NINR,Boring Task / NICHD; Boring Task / NINR,Methods in the design and implementation of the Randomized Evaluation of Sedation Titration for Respiratory Failure (RESTORE) clinical trial.,Curley,10.1186/s13063-018-3075-8,30558653,PMC6296093,2018,Trials,4LTXPUDJ,485512cb176fd0ec5b6de9ae924b06e9,OK,downloaded,"2 PDF attachments, picked highest priority: Full Text PDF; Full Text PDF",,,testing,2026-08-06T22:27:16.580040+00:00
J5L2LUM7,NICHD; NIEHS,Boring Task / NICHD; Boring Task / NIEHS,Assessing sustained uptake of latrine and child feces management interventions: Extended follow-up of a cluster-randomized controlled trial in rural Bangladesh  1-3.5 years after intervention initiation.,Islam,10.1016/j.ijheh.2023.114149,36913791,PMC10186382,2023,International journal of hygiene and environmental health,GZU4FMI9,66964dc917e3fbbd192ead373ad23e37,OK,downloaded,,,,testing,2026-08-06T22:27:17.194822+00:00
4RZVCI4Z,NICHD; NIDA; NIDDK; NIMH,Boring Task / NICHD; Boring Task / NIDA; Boring Task / NIDDK; Boring Task / NIMH,Priorities Wizard: Multisite Web-Based Primary Care Clinical Decision Support Improved Chronic Care Outcomes with High Use Rates and High Clinician  Satisfaction Rates.,Sperl-Hillen,10.5334/egems.284,30972358,PMC6450247,2019,"EGEMS (Washington, DC)",B2G75VJC,b5bd09d98e692c3b9b2ec2f0ccfe7f84,OK,downloaded,,,,testing,2026-08-06T22:27:17.741656+00:00
XQ95HYJB,NICHD; NIDDK,Boring Task / NICHD; Boring Task / NIDDK,A Web-Based mHealth Intervention With Telephone Support to Increase Physical Activity Among Pregnant Patients With Overweight or Obesity: Feasibility  Randomized Controlled Trial.,Thomas,10.2196/33929,35731565,PMC9260523,2022,JMIR formative research,D8WUDDAH,d1b0bf910662cddd4bc95433e5ac4406,OK,downloaded,,,,testing,2026-08-06T22:27:18.295960+00:00
42EQYZHC,NICHD; NINR,Boring Task / NICHD; Boring Task / NINR,Virtual family-centered hospital rounds in the neonatal intensive care unit: protocol for a cluster randomized controlled trial.,Rosenthal,10.1186/s13063-023-07340-x,37194089,PMC10186317,2023,Trials,N3CGWVFH,d8d3ef852014fe9121956ef989363668,OK,downloaded,,,,testing,2026-08-06T22:27:19.126515+00:00
TC2FHAH5,NICHD; NIEHS,Boring Task / NICHD; Boring Task / NIEHS,Improved Child Feces Management Mediates Reductions in Childhood Diarrhea from an On-Site Sanitation Intervention: Causal Mediation Analysis of a  Cluster-Randomized Trial in Rural Bangladesh.,Contreras,10.1007/s44197-024-00210-y,38507184,PMC11444030,2024,Journal of epidemiology and global health,9NTFQX2S,e82a0c0b32fb213c696a8e5057a8abf4,OK,downloaded,"3 PDF attachments, picked highest priority: Full Text PDF; Full Text PDF; Full Text PDF",,,testing,2026-08-06T22:27:19.687651+00:00
NPL23U9B,NICHD; NIMH,Boring Task / NICHD; Boring Task / NIMH,A Structural Equation Model of the Impact of a Family-Based Economic Intervention on Antiretroviral Therapy Adherence Among Adolescents Living With HIV in Uganda.,Kizito,10.1016/j.jadohealth.2022.12.012,37062583,PMC10161872,2023,The Journal of adolescent health : official publication of the Society for Adolescent Medicine,H2YMNPT6,05c9117bcbe52c5c668cfaad16e8ea74,OK,downloaded,"3 PDF attachments, picked highest priority: Full Text PDF; Full Text PDF; Full Text PDF",,,testing,2026-08-06T22:27:20.251359+00:00
KWP6MN8U,NICHD; NIMH,Boring Task / NICHD; Boring Task / NIMH,The Impact of an Economic Strengthening Intervention on Academic Achievement Among Adolescents Living with HIV: Findings from the Suubi + Adherence  Cluster-Randomized Trial in Uganda (2012-2018).,Kizito,10.1007/s10461-022-03838-8,36048290,PMC9974578,2023,AIDS and behavior,T5Z7FCDG,80bef3e7adb0c73298a35a4badcc96f3,OK,downloaded,,,,testing,2026-08-06T22:27:20.935399+00:00
5M2K2D2U,NICHD; NIEHS,Boring Task / NICHD; Boring Task / NIEHS,Evaluation of an on-site sanitation intervention against childhood diarrhea and acute respiratory infection 1 to 3.5 years after implementation: Extended  follow-up of a cluster-randomized controlled trial in rural Bangladesh.,Contreras,10.1371/journal.pmed.1004041,35939520,PMC9394830,2022,PLoS medicine,YWCBCPCR,2ebff38f3696ee9740b663445eacd3d0,OK,downloaded,"2 PDF attachments, picked highest priority: Full Text PDF; Full Text PDF",,,testing,2026-08-06T22:27:21.463303+00:00
ETDH7GPM,NICHD; NIMH,Boring Task / NICHD; Boring Task / NIMH,Unconditional cash transfers and maternal substance use: findings from a randomized control trial of low-income mothers with infants in the U.S.,Yoo,10.1186/s12889-022-12989-1,35513842,PMC9070980,2022,BMC public health,YB978IUL,f3bf366febf7ca85db05d665baaa7a22,OK,downloaded,,,,testing,2026-08-06T22:27:22.060059+00:00
WMQ8HAXX,NICHD; NIMH,Boring Task / NICHD; Boring Task / NIMH,Monitoring adherence to antiretroviral therapy among adolescents in Southern Uganda: comparing Wisepill to Self-report in predicting viral suppression in a  cluster-randomized trial.,Kizito,10.1002/jia2.25990,36052462,PMC9437555,2022,Journal of the International AIDS Society,CDMRPQB4,ea10bb076eca5f2a5b4f4626e25e4ff8,OK,downloaded,,,,testing,2026-08-06T22:27:22.629061+00:00
HNZ4TWSX,NICHD; NIDDK,Boring Task / NICHD; Boring Task / NIDDK,Mental Health Distress and Delayed Contraception Among Older Adolescents and Young Adults.,Harper,10.1089/jwh.2023.0549,38465503,PMC11302189,2024,Journal of women's health (2002),MF9PE839,1df9816c34063e5107402edd3c136a85,OK,downloaded,"3 PDF attachments, picked highest priority: Submitted Version; Submitted Version; Submitted Version",,,testing,2026-08-06T22:27:23.135405+00:00
I83PU28U,NICHD; NIDDK,Boring Task / NICHD; Boring Task / NIDDK,The Effect of an Obesity Prevention Intervention Among Specific Subpopulations: A Heterogeneity of Treatment Effect Analysis of the Greenlight Trial.,Heerman,10.1089/chi.2023.0171,38722268,PMC12344108,2024,Childhood obesity (Print),NFSQHPAC,a5a20d7644e9b88c86657adccea03b7c,OK,downloaded,,,,testing,2026-08-06T22:27:23.629171+00:00
ZRSMSXIP,NICHD; NIMH,Boring Task / NICHD; Boring Task / NIMH,"Factors associated with caregiver compliance to an HIV disclosure intervention and its effect on HIV and mental health outcomes among children living with HIV:  post-hoc instrumental variable-based analysis of a cluster randomized trial in  Eldoret, Kenya.",Magill,10.3389/fpubh.2023.1150744,37213654,PMC10196043,2023,Frontiers in public health,H66DE65V,70ba2b53b9ba7737da72dbf5f97cb507,OK,downloaded,,,,testing,2026-08-06T22:27:24.037998+00:00
4KPD94UD,NICHD; NIMH,Boring Task / NICHD; Boring Task / NIMH,The impact of poverty-reduction intervention on child mental health mediated by family relations: Findings from a cluster-randomized trial in Uganda.,Karimli,10.1016/j.socscimed.2023.116102,37506487,PMC11498331,2023,Social science & medicine (1982),U7S2P9ZH,a4a986b1dd809f68d94b576298906e0d,OK,downloaded,,,,testing,2026-08-06T22:27:24.562397+00:00
B2XHWRIN,NICHD; NIGMS,Boring Task / NICHD; Boring Task / NIGMS,The fecal microbiome and rotavirus vaccine immunogenicity in rural Zimbabwean infants.,Robertson,10.1016/j.vaccine.2021.07.076,34393020,PMC8423000,2021,Vaccine,P5CKI263,38f286a072631b49247d842f3a18bd3d,OK,downloaded,,,,testing,2026-08-06T22:27:25.123033+00:00
GIT8FJVZ,NICHD; NIDDK,Boring Task / NICHD; Boring Task / NIDDK,Use of preferred contraceptive method among young adults in Texas and California: A comparison by state and insurance coverage.,Hopkins,10.1371/journal.pone.0290726,37651402,PMC10470945,2023,PloS one,9HBIEBYM,8ca07871653eedcd2aca2cf554937c0d,OK,downloaded,"3 PDF attachments, picked highest priority: Full Text PDF; Full Text PDF; Full Text PDF",,,testing,2026-08-06T22:27:25.671643+00:00
H74HCP9P,NICHD; NIDA,Boring Task / NICHD; Boring Task / NIDA,Effect of the Communities That Care Prevention System on Adolescent Handgun Carrying: A Cluster-Randomized Clinical Trial.,Rowhani-Rahbar,10.1001/jamanetworkopen.2023.6699,37022682,PMC10080373,2023,JAMA network open,JMDG4I82,e739bdfbb656540e95ed39b663e06511,OK,downloaded,,,,testing,2026-08-06T22:27:26.223544+00:00
PQ27VEZT,NICHD; NINR,Boring Task / NICHD; Boring Task / NINR,An overview of the Connect through PLAY trial to increase physical activity in underserved adolescents.,Zarrett,10.1016/j.cct.2022.106677,35051662,PMC11457049,2022,Contemporary clinical trials,2XNP3ZXE,0e755fbb199325d4f43895698601a1d2,OK,downloaded,,,,testing,2026-08-06T22:27:26.772503+00:00
NTMJV7AY,NICHD; NIMH,Boring Task / NICHD; Boring Task / NIMH,Impact of short message service and peer navigation on linkage to care and antiretroviral therapy initiation in South Africa.,Lippman,10.1097/qad.0000000000003453,36468499,PMC9994809,2023,"AIDS (London, England)",JWG7T73F,dda20ff0790346327a944b2411423ba7,OK,downloaded,,,,testing,2026-08-06T22:27:27.241669+00:00
JUUD3HHC,NICHD; NIMH,Boring Task / NICHD; Boring Task / NIMH,"Self-efficacy, academic performance and school transition among orphaned adolescents in southern Uganda.",Nabunya,10.1016/j.childyouth.2022.106707,36483662,PMC9728805,2022,Children and youth services review,TVRXNZ4B,b87e484361b990c5c8be8b1d3792a780,OK,downloaded,,,,testing,2026-08-06T22:27:27.714168+00:00
2QQF68M7,NICHD; NIGMS,Boring Task / NICHD; Boring Task / NIGMS,Predictors of oral rotavirus vaccine immunogenicity in rural Zimbabwean infants.,Church,10.1016/j.vaccine.2020.01.097,32088018,PMC7065039,2020,Vaccine,CDAP2CD2,64a56a67e3a303a6f903df8caa8282c2,OK,downloaded,,,,testing,2026-08-06T22:27:28.259597+00:00
FZ5BAWMJ,NICHD; NIEHS; NIGMS,Boring Task / NICHD; Boring Task / NIEHS; Boring Task / NIGMS,Social capital and changes of psychologic distress during early stage of COVID-19 in New orleans.,Wu,10.1038/s41598-024-56249-1,38459081,PMC10924086,2024,Scientific reports,WYZ9YRHY,d269d8fbd7a95768559ee3fe8a73883b,OK,downloaded,,,,testing,2026-08-06T22:27:28.758629+00:00
NDIKHK78,NICHD; NIMH,Boring Task / NICHD; Boring Task / NIMH,A Cluster-Randomized Controlled Trial of an Economic Strengthening Intervention to Enhance Antiretroviral Therapy Adherence among Adolescents Living with HIV.,Kizito,10.1007/s10461-024-04268-4,38231361,PMC11070301,2024,AIDS and behavior,DBKXCQAZ,53e860053a2ca50de7648cfa2c3268b6,OK,downloaded,,,,testing,2026-08-06T22:27:29.284802+00:00
A7CYSY54,NICHD; NIDA,Boring Task / NICHD; Boring Task / NIDA,Incentive programmes for smoking cessation: cluster randomized trial in workplaces in Thailand.,White,10.1136/bmj.m3797,33055176,PMC7555070,2020,BMJ (Clinical research ed.),WN8G4F3E,0a0c061f05c29d66a7e54a27c34b9dae,OK,downloaded,,,,testing,2026-08-06T22:27:29.832100+00:00
5JHWBSSM,NICHD; NIMHD,Boring Task / NICHD; Boring Task / NIMHD,The Impact of Breastfeeding and Safe Sleep Mobile Health Messaging on Breastfeeding and Bedsharing.,Kellams,10.1016/j.acap.2022.01.016,35124281,PMC9349472,2022,Academic pediatrics,XNBP2FFV,36a939693669d35649f555eabd77ae2c,OK,downloaded,,,,testing,2026-08-06T22:27:30.295839+00:00
7RCBALCA,NICHD,Boring Task / NICHD,The Pathways from a Behavior Change Communication Intervention to Infant and Young Child Feeding in Bangladesh Are Mediated and Potentiated by Maternal  Self-Efficacy.,Zongrone,10.1093/jn/nxx048,29490102,PMC6299133,2018,The Journal of nutrition,KMXADUFF,f0ff0a630369cea3d311dc086c85325d,OK,downloaded,,,,testing,2026-08-06T22:27:30.774478+00:00
4BGJM745,NICHD,Boring Task / NICHD,Analysis of 'sensitive' periods of fetal and child growth.,Zhang,10.1093/ije/dyy045,29618044,PMC6380295,2019,International journal of epidemiology,B2DZWJSB,9a432052ed8599c827c69066d5e23944,OK,downloaded,,,,testing,2026-08-06T22:27:31.259558+00:00
5UKFSQDX,NICHD,Boring Task / NICHD,Growth During Infancy and Early Childhood and Its Association With Metabolic Risk Biomarkers at 11.5 Years of Age.,Zhang,10.1093/aje/kwz234,31595955,PMC7305788,2020,American journal of epidemiology,9C9F866Z,991d0bfddc3abe2bbd76be266091c418,OK,downloaded,,,,testing,2026-08-06T22:27:31.763468+00:00
IQTTD2YI,NICHD,Boring Task / NICHD,Perceived Access to Contraception via Telemedicine Among Young Adults: Inequities by Food and Housing Insecurity.,Yarger,10.1007/s11606-022-07669-0,35657468,PMC9165539,2023,Journal of general internal medicine,A2QJ8R87,945a03b57f268e62db3cc2b5455e5dc7,OK,downloaded,,,,testing,2026-08-06T22:27:32.246984+00:00
4Y2UKP4Y,NICHD,Boring Task / NICHD,Breastfeeding during infancy and neurocognitive function in adolescence: 16-year follow-up of the PROBIT cluster-randomized trial.,Yang,10.1371/journal.pmed.1002554,29677187,PMC5909901,2018,PLoS medicine,HU4CAXKC,e56931d51353635372eee5fd07f9f1fe,OK,downloaded,,,,testing,2026-08-06T22:27:32.878424+00:00
G9FYDK5D,NICHD,Boring Task / NICHD,"The PrEPARE Pretoria Project: protocol for a cluster-randomized factorial-design trial to prevent HIV with PrEP among adolescent girls and young women in Tshwane,  South Africa.",Wechsberg,10.1186/s12889-020-09458-y,32933510,PMC7490774,2020,BMC public health,CKMRTNCF,cb58eb1f08abb55006bbcdef66e79db5,OK,downloaded,,,,testing,2026-08-06T22:27:33.482126+00:00
KM89CUBZ,NICHD,Boring Task / NICHD,Childhood obesity prevention through a community-based cluster randomized controlled physical activity intervention among schools in china: the health  legacy project of the 2nd world summer youth olympic Games (YOG-Obesity study).,Wang,10.1038/ijo.2017.243,28978975,PMC5984083,2018,International journal of obesity (2005),BFGI2MS6,5ba616a9efc12fd4f9bc66255b814230,OK,downloaded,,,,testing,2026-08-06T22:27:34.036085+00:00
AFXL27TZ,NICHD,Boring Task / NICHD,"""Our Choice"" improves use of safer conception methods among HIV serodiscordant couples in Uganda: a cluster randomized controlled trial evaluating two  implementation approaches.",Wagner,10.1186/s13012-021-01109-z,33858462,PMC8048255,2021,Implementation science : IS,N3DUTCY8,8ed2a4ac57fccd143c4b317b8453870b,OK,downloaded,,,,testing,2026-08-06T22:27:34.578871+00:00
9RTBX6PJ,NICHD,Boring Task / NICHD,Leveraging Community Health Workers and a Responsive Digital Health System to Improve Vaccination Coverage and Timeliness in Resource-Limited Settings:  Protocol for a Cluster Randomized Type 1 Effectiveness-Implementation Hybrid  Study.,Vasudevan,10.2196/52523,38214956,PMC10818232,2024,JMIR research protocols,ECU9K2QP,43514b024cbd051705eea32d0bd5b9d6,OK,downloaded,,,,testing,2026-08-06T22:27:35.104498+00:00
HAF73Q82,NICHD,Boring Task / NICHD,"The impact of a multilevel childhood obesity prevention intervention on healthful food acquisition, preparation, and fruit and vegetable consumption on  African-American adult caregivers.",Trude,10.1017/s1368980018003038,30463637,PMC6486455,2019,Public health nutrition,JB5WGJKH,42e3efd5b14d9639683c92628e459cc3,OK,downloaded,,,,testing,2026-08-06T22:27:35.627982+00:00
DL7D6CSW,NICHD,Boring Task / NICHD,"A multilevel, multicomponent childhood obesity prevention group-randomized controlled trial improves healthier food purchasing and reduces sweet-snack  consumption among low-income African-American youth.",Trude,10.1186/s12937-018-0406-2,30373597,PMC6206663,2018,Nutrition journal,MUPZP7GW,cafd54c534db5a5c751578b86cc606a7,OK,downloaded,,,,testing,2026-08-06T22:27:36.097729+00:00
JNCT34KA,NICHD,Boring Task / NICHD,Training contraceptive providers to offer intrauterine devices and implants in contraceptive care: a cluster randomized trial.,Thompson,10.1016/j.ajog.2018.03.016,29577915,PMC5970088,2018,American journal of obstetrics and gynecology,5JB5SPIJ,ea08ebb4ab90f1e99213f0724485fc84,OK,downloaded,,,,testing,2026-08-06T22:27:36.605397+00:00
YLAIH7M3,NICHD,Boring Task / NICHD,A Dating Violence Prevention Program for Middle School Youth: A Cluster Randomized Trial.,Temple,10.1542/peds.2021-052880,34615696,PMC9645690,2021,Pediatrics,B3EM8KF2,69727a5b55752db94fdd93d2b7c47fa6,OK,downloaded,,,,testing,2026-08-06T22:27:37.147906+00:00
FTZX4NKI,NICHD,Boring Task / NICHD,Passive versus active service delivery: Comparing the effects of two parenting interventions on early cognitive development in rural China.,Sylvia,10.1016/j.worlddev.2021.105686,34980940,PMC8566276,2022,World development,UKR6RWMJ,4da3cf6de9ef3171de64533a965a56cc,OK,downloaded,,,,testing,2026-08-06T22:27:37.622540+00:00
KG7K5MJP,NICHD,Boring Task / NICHD,"Impact of sunflower seed oil versus mustard seed oil on skin barrier function in newborns: a community-based, cluster-randomized trial.",Summers,10.1186/s12887-019-1871-2,31870338,PMC6927111,2019,BMC pediatrics,SZ8TMEN9,ddb2860802a7887af8c4515eff538c01,OK,downloaded,,,,testing,2026-08-06T22:27:38.097129+00:00
8YD6VXVA,NICHD,Boring Task / NICHD,Integrated Care Delivery for HIV Prevention and Treatment in Adolescent Girls and Young Women in Zambia: Protocol for a Cluster-Randomized Controlled Trial.,Subramanian,10.2196/15314,31584004,PMC6797972,2019,JMIR research protocols,BNBDYSYA,c8c281d2cbfe68589d4bba128faa44c5,OK,downloaded,,,,testing,2026-08-06T22:27:38.630569+00:00
P2HZSA46,NICHD,Boring Task / NICHD,Lipid-Based Nutrient Supplementation Reduces Child Anemia and Increases Micronutrient Status in Madagascar: A Multiarm Cluster-Randomized Controlled  Trial.,Stewart,10.1093/jn/nxz320,32006028,PMC7138674,2020,The Journal of nutrition,RB3IBCMM,d3f4aa44a758e7b942519f8e51a3460e,OK,downloaded,,,,testing,2026-08-06T22:27:39.147308+00:00
J3J3LTI7,NICHD,Boring Task / NICHD,Efficacy of a Web-Based Oral Case Presentation Instruction Module: Multicenter Randomized Controlled Trial.,Sox,10.1016/j.acap.2017.12.010,29325913,,2018,Academic pediatrics,5HFJ6AWK,eee080701efd6661ce52a13f14f76b1f,OK,downloaded,,,,testing,2026-08-06T22:27:39.718753+00:00
X9UGXDZL,NICHD,Boring Task / NICHD,Effect of a Novel Transition Program on Disability After Stroke: A Trial Protocol.,Somerville,10.1001/jamanetworkopen.2019.12356,31577356,PMC6777394,2019,JAMA network open,DR49VIU6,5c13d34a6439032962c5bbb6833df30f,OK,downloaded,,,,testing,2026-08-06T22:27:40.229114+00:00
FUZ4IACA,NICHD,Boring Task / NICHD,"Efficacy of ""Mentoring to Be Active"" on Weight Loss, Body Mass Index, and Body Fat among Obese and Extremely Obese Youth in Rural Appalachia.",Smith,10.1111/jrh.12410,31885129,PMC7185163,2020,The Journal of rural health : official journal of the American Rural Health Association and the National Rural Health Care Association,SB5XF674,1202ce2aaf974aa549587293ac319b46,OK,downloaded,,,,testing,2026-08-06T22:27:40.753246+00:00
J5I9KCXF,NICHD,Boring Task / NICHD,Peer mentor versus teacher delivery of a physical activity program on the effects of BMI and daily activity: protocol of a school-based group randomized controlled  trial in Appalachia.,Smith,10.1186/s12889-018-5537-z,29769106,PMC5956615,2018,BMC public health,BPFZBUZ9,c971b4854f9679ef943a138b05bd89c2,OK,downloaded,,,,testing,2026-08-06T22:27:41.228437+00:00
HXF5LXAQ,NICHD,Boring Task / NICHD,Text message alerts to emergency physicians identifying potential study candidates increase clinical trial enrollment.,Simon,10.1093/jamia/ocz118,31340023,PMC6798557,2019,Journal of the American Medical Informatics Association : JAMIA,SVMFE4QF,c2c62a2b602d265a10752bb4a65c754d,OK,downloaded,,,,testing,2026-08-06T22:27:41.811259+00:00
GQ95B5YM,NICHD,Boring Task / NICHD,"Feasibility, acceptability, and initial efficacy of a wheelchair exercise training program in persons with multiple sclerosis: study protocol for a  parallel group randomized controlled trial.",Silveira,10.1080/17483107.2024.2332322,38520055,PMC11416561,2024,Disability and rehabilitation. Assistive technology,3K9K8H3R,343f1e8e3c0b0dbb2cd0e7e4cabae46b,OK,downloaded,,,,testing,2026-08-06T22:27:42.330638+00:00
SVUMLSFU,NICHD,Boring Task / NICHD,Efficacy of a virtual reality-based cognitive interactive training program for children with traumatic brain injuries: study protocol for a parallel-group  randomized controlled trial.,Shen,10.1186/s13063-024-08049-1,38481293,PMC10935958,2024,Trials,34TGMKCI,327507f623834fbf7dd908dab6afcee7,OK,downloaded,,,,testing,2026-08-06T22:27:42.895362+00:00
VGHM75AE,NICHD,Boring Task / NICHD,Power and resistance in schools: Implementing institutional change to promote health equity for sexual and gender minority youth.,Shattuck,10.3389/frhs.2022.920790,36873606,PMC9979782,2022,Frontiers in health services,DWJ43PXU,c2a56bfabd56081d27747fda0d596f49,OK,downloaded,,,,testing,2026-08-06T22:27:43.423382+00:00
DET6F793,NICHD,Boring Task / NICHD,Outer-context determinants on the implementation of school-based interventions for LGBTQ+ adolescents.,Shattuck,10.1177/26334895241249417,38666140,PMC11044576,2024,Implementation research and practice,7WY9DRWW,a5cd45a3d7c19242785ab65e986b6807,OK,downloaded,,,,testing,2026-08-06T22:27:43.880703+00:00
JYHWEYTI,NICHD,Boring Task / NICHD,Prevalence of NAFLD in Guatemala following exposure to a protein-energy nutrition intervention in early life.,Sekkarie,10.1016/j.aohep.2020.04.004,32507551,PMC8314427,2020,Annals of hepatology,JVN3R6HW,323b5185c6088edd7c3ada0d653cde7a,OK,downloaded,,,,testing,2026-08-06T22:27:44.395480+00:00
UWBLHHP7,NICHD,Boring Task / NICHD,Injury characteristics and hemodynamics associated with guideline-compliant CPR in a pediatric porcine cardiac arrest model.,Salcido,10.1016/j.ajem.2021.10.030,34763236,PMC8982633,2022,The American journal of emergency medicine,5QZH2SKZ,9e112cacdf1e2d800ba0a1509b13ac64,OK,downloaded,,,,testing,2026-08-06T22:27:44.947521+00:00
2MUC87T4,NICHD,Boring Task / NICHD,Can a Clinic-Based Community Health Worker Intervention Buffer the Negative Impact of the COVID-19 Pandemic on Health and Well-Being of Low-Income Families  during Early Childhood.,Salaguinto,10.3390/ijerph20146407,37510639,PMC10379322,2023,International journal of environmental research and public health,NFVZG9CS,4de715e0302a0645b8792bcc32b2fa7f,OK,downloaded,,,,testing,2026-08-06T22:27:45.491398+00:00
K3TFJ2BC,NICHD,Boring Task / NICHD,The Fueling Learning Through Exercise Study Cluster RCT: Impact on Children's Moderate-to-Vigorous Physical Activity.,Sacheck,10.1016/j.amepre.2021.01.002,33781620,PMC8154686,2021,American journal of preventive medicine,FZ2F44VF,95813e2ffc6bd1b26e8923806a8ddd72,OK,downloaded,,,,testing,2026-08-06T22:27:45.969180+00:00
6RHL77XN,NICHD,Boring Task / NICHD,Contraception after medication abortion in the United States: results from a cluster randomized trial.,Rocca,10.1016/j.ajog.2017.09.020,28986072,PMC5997454,2018,American journal of obstetrics and gynecology,948B79IN,8a65b17499621f7d5038197948ccd71c,OK,downloaded,,,,testing,2026-08-06T22:27:46.380339+00:00
82MXIXU5,NICHD,Boring Task / NICHD,Cluster randomized control trial promoting child self-regulation around energy-dense food.,Rhee,10.1016/j.appet.2018.10.035,30391226,PMC6325077,2019,Appetite,KBS4T6XK,8c8de510a38f0a38b7f1eb24f80ef6b4,OK,downloaded,,,,testing,2026-08-06T22:27:46.904642+00:00
W5JU6S4L,NICHD,Boring Task / NICHD,Evaluation of a gender synchronized family planning intervention for married couples in rural India: The CHARM2 cluster randomized control trial.,Raj,10.1016/j.eclinm.2022.101334,35274093,PMC8902598,2022,EClinicalMedicine,YSTP8A6J,acd7a7fababb9d9f3c2acc6d588afc12,OK,downloaded,,,,testing,2026-08-06T22:27:47.438803+00:00
IUD3958X,NICHD,Boring Task / NICHD,"A holistic approach to promoting early child development: a cluster randomised trial of a group-based, multicomponent intervention in rural Bangladesh.",Pitchik,10.1136/bmjgh-2020-004307,33727278,PMC7970287,2021,BMJ global health,ECYUIWVU,184c364717242cf033f9b824afd753f8,OK,downloaded,,,,testing,2026-08-06T22:27:47.946686+00:00
R7A9Q3GV,NICHD,Boring Task / NICHD,Provider experiences with three- and six-month antiretroviral therapy dispensing for stable clients in Zambia.,Phiri,10.1080/09540121.2020.1755010,32363910,,2021,AIDS care,PTSK3ICK,ca7fe8a44aa34b84073132ddd4c7e381,OK,downloaded,,,,testing,2026-08-06T22:27:48.579043+00:00
48LLFXMC,NICHD,Boring Task / NICHD,iCanCope with Sickle Cell Pain: Design of a randomized controlled trial of a smartphone and web-based pain self-management program for youth with sickle cell  disease.,Palermo,10.1016/j.cct.2018.10.006,30316999,PMC6218943,2018,Contemporary clinical trials,2XWDHJAF,5fbd01a87c419cd0ead80b5e12fd5cd3,OK,downloaded,,,,testing,2026-08-06T22:27:49.088475+00:00
6ZB536GP,NICHD,Boring Task / NICHD,The Effect of Longer-Term and Exclusive Breastfeeding Promotion on Visual Outcome in Adolescence.,Owen,10.1167/iovs.17-23211,29860453,PMC5983062,2018,Investigative ophthalmology & visual science,EV9B22WV,2ed92b1da1bea5f9254dd9c99bdcaa09,OK,downloaded,,,,testing,2026-08-06T22:27:49.590232+00:00
JYXGKCBF,NICHD,Boring Task / NICHD,Associations Between Food Insecurity and Parental Feeding Behaviors of Toddlers.,Orr,10.1016/j.acap.2020.05.020,32492577,PMC7655687,2020,Academic pediatrics,9387SK3B,7a2c0081082f5097980992ae65756012,OK,downloaded,,,,testing,2026-08-06T22:27:50.112458+00:00
JTME3IFQ,NICHD,Boring Task / NICHD,Previsit Screening for Parental Vaccine Hesitancy: A Cluster Randomized Trial.,Opel,10.1542/peds.2019-0802,31597690,PMC6855815,2019,Pediatrics,4TGNK9V2,4cc54b22f2b88299d064bd13c32459a7,OK,downloaded,,,,testing,2026-08-06T22:27:50.598551+00:00
SAR7XR63,NICHD,Boring Task / NICHD,Maximizing adherence and retention for women living with HIV and their infants in Kenya (MOTIVATE! study): study protocol for a randomized controlled trial.,Odeny,10.1186/s13063-018-2464-3,29378622,PMC5789594,2018,Trials,MY8Y7XQW,5c6769bf38fb2eff023f26e6317589c6,OK,downloaded,,,,testing,2026-08-06T22:27:51.123044+00:00
QBBH86HG,NICHD,Boring Task / NICHD,Development of PIVOT with MI: A motivational Interviewing-Based vaccine communication training for pediatric clinicians.,O'Leary,10.1016/j.vaccine.2023.02.010,36775776,PMC12798271,2023,Vaccine,6HSREXDC,7103de2ac756b58ca764738aec2be8cc,OK,downloaded,,,,testing,2026-08-06T22:27:51.657683+00:00
HRENXTRC,NICHD,Boring Task / NICHD,Early child development in children who are HIV-exposed uninfected compared to children who are HIV-unexposed: observational sub-study of a cluster-randomized  trial in rural Zimbabwe.,Ntozini,10.1002/jia2.25456,32386127,PMC7318086,2020,Journal of the International AIDS Society,NIQM5ASM,db602f12211a01b953f91715c72341b4,OK,downloaded,,,,testing,2026-08-06T22:27:52.135614+00:00
2YQ564QT,NICHD,Boring Task / NICHD,Impact of Vaping Prevention Advertisements on US Adolescents: A Randomized Clinical Trial.,Noar,10.1001/jamanetworkopen.2022.36370,36227597,PMC9561946,2022,JAMA network open,GZ3HV4XK,cbe86739414e0389fc7692367c018c49,OK,downloaded,,,,testing,2026-08-06T22:27:52.644443+00:00
MU556XRC,NICHD,Boring Task / NICHD,Does money buy happiness? Evidence from an unconditional cash transfer in Zambia.,Natali,10.1016/j.ssmph.2018.02.002,29854906,PMC5976828,2018,SSM - population health,XHI55XRS,ed18477ff0f08ef2b92ba803caf05821,OK,downloaded,,,,testing,2026-08-06T22:27:53.129757+00:00
3D94JQV3,NICHD,Boring Task / NICHD,"Health care providers' perspectives on delivering gender equity focused family planning program for young married couples in a cluster randomized controlled  trial in rural Maharashtra, India.",Nair,10.12688/gatesopenres.13026.1,32266327,PMC7100659,2019,Gates open research,27JI4QTN,512f8a8df52c7223599564f64bbbb43e,OK,downloaded,,,,testing,2026-08-06T22:27:53.875085+00:00
U76H4DGQ,NICHD,Boring Task / NICHD,"Determinants of Urogenital Schistosomiasis Among Pregnant Women and its Association With Pregnancy Outcomes, Neonatal Deaths, and Child Growth.",Murenjekwa,10.1093/infdis/jiz664,31832636,PMC8064048,2021,The Journal of infectious diseases,XTIC9X9M,02f7e0e6d086d140ddb141177af52be9,OK,downloaded,,,,testing,2026-08-06T22:27:54.331559+00:00
F68HJV2Q,NICHD,Boring Task / NICHD,"A Hybrid Pragmatic and Factorial Cluster Randomized Controlled Trial for an Anti-racist, Multilevel Intervention to Improve Mental Health Equity in High  Schools.",Mulawa,10.1007/s11121-023-01626-x,38175459,PMC11239747,2024,Prevention science : the official journal of the Society for Prevention Research,7YLIR7N3,dad3f8835dec0910cb5d087092d2fbf1,OK,downloaded,,,,testing,2026-08-06T22:27:55.023244+00:00
XATUXZC5,NICHD,Boring Task / NICHD,The Temporal Association of the COVID-19 Pandemic and Pediatric Cardiopulmonary Resuscitation Quality and Outcomes.,Morgan,10.1097/pcc.0000000000003073,36053072,PMC9624237,2022,Pediatric critical care medicine : a journal of the Society of Critical Care Medicine and the World Federation of Pediatric Intensive and Critical Care  Societies,M7FME2SV,9e854e26d9026131c8ec431c3d6b61e4,OK,downloaded,,,,testing,2026-08-06T22:27:55.532696+00:00
62ZSZPVQ,NICHD,Boring Task / NICHD,Evaluation of a Circadian Rhythm and Sleep-Focused Mobile Health Intervention for the Prevention of Accelerated Summer Weight Gain Among Elementary School-Age  Children: Protocol for a Randomized Controlled Feasibility Study.,Moreno,10.2196/37002,35576573,PMC9152728,2022,JMIR research protocols,ACTTI9DB,d2ad45232cbc4379b81268fc1e993f69,OK,downloaded,,,,testing,2026-08-06T22:27:56.073654+00:00
8T4JJQJ3,NICHD,Boring Task / NICHD,"Positive attitudes toward adoption of a multi-component intervention strategy aimed at improving HIV outcomes among adolescents and young people in Nampula,  Mozambique: perspectives of HIV care providers.",Mogoba,10.1186/s12913-023-09630-1,37280638,PMC10246389,2023,BMC health services research,SPI2PZYR,dc4cea8443c592b3a29405ad02d49c29,OK,downloaded,,,,testing,2026-08-06T22:27:56.581671+00:00
FBHYH7B5,NICHD,Boring Task / NICHD,"Analysis of bacterial vaginosis, the vaginal microbiome, and sexually transmitted infections following the provision of menstrual cups in Kenyan schools: Results  of a nested study within a cluster randomized controlled trial.",Mehta,10.1371/journal.pmed.1004258,37490459,PMC10368270,2023,PLoS medicine,4I7ZR9Z4,bd8d0e905bd20c0b3222ed66af0cce5d,OK,downloaded,,,,testing,2026-08-06T22:27:57.186638+00:00
C899TGUB,NICHD,Boring Task / NICHD,Father involvement is a protective factor for maternal mental health in Western Kenya.,McCann,10.1016/j.ssmmh.2024.100318,38910840,PMC11192501,2024,SSM. Mental health,G4ICZQXZ,117a70621ebc9882f134a9c0b69bc45e,OK,downloaded,,,,testing,2026-08-06T22:27:57.687591+00:00
X7J9NG8M,NICHD,Boring Task / NICHD,Networks for prevention in 19 communities at the start of a large-scale community-based obesity prevention initiative.,Marks,10.1093/tbm/iby026,30016518,PMC6457086,2018,Translational behavioral medicine,NWWC6XNU,5e454440b3487881c6f4a0be5a5b077a,OK,downloaded,,,,testing,2026-08-06T22:27:58.179989+00:00
7YEVYBVX,NICHD,Boring Task / NICHD,An Implementation Evaluation of A Group-Based Parenting Intervention to Promote Early Childhood Development in Rural Kenya.,Luoto,10.3389/fpubh.2021.653106,34026713,PMC8131637,2021,Frontiers in public health,RF5TV8PT,70d71bb60d3539f11c6b8d751a0def0d,OK,downloaded,,,,testing,2026-08-06T22:27:58.808311+00:00
Q9RJZIWK,NICHD,Boring Task / NICHD,Testing means to scale early childhood development interventions in rural Kenya: the Msingi Bora cluster randomized controlled trial study design and protocol.,Luoto,10.1186/s12889-019-6584-9,30832624,PMC6399811,2019,BMC public health,NCUQPWS2,f5029e0232e58d15d069f1717e2cacfc,OK,downloaded,,,,testing,2026-08-06T22:27:59.356851+00:00
584R6WDS,NICHD,Boring Task / NICHD,Using community health workers to deliver a scalable integrated parenting program in rural China: A cluster-randomized controlled trial.,Luo,10.1016/j.socscimed.2019.112545,31568997,PMC7249221,2019,Social science & medicine (1982),ZG2MPTBN,66a69410082d5232c50a5267887e7d40,OK,downloaded,,,,testing,2026-08-06T22:27:59.978233+00:00
X59TDBE4,NICHD,Boring Task / NICHD,Improving health literacy through group antenatal care: results from a cluster randomized controlled trial in Ghana.,Lori,10.1186/s12884-023-06224-x,38182969,PMC10768124,2024,BMC pregnancy and childbirth,HTMGK4AC,cc2643020bb67422918d8fe4726a8c0b,OK,downloaded,,,,testing,2026-08-06T22:28:00.485889+00:00
JTH78MGD,NICHD,Boring Task / NICHD,"iCOPE, a multi-level, cluster randomized, 36-month, parallel-group study to assess the efficacy of HIV disclosure intervention in HIV parental disclosure  among parents living with HIV in China.",Li,10.1177/2050312120907821,32128208,PMC7031783,2020,SAGE open medicine,DUBVVJJF,86f29abb4d4944df6ef6cabe1ff71f0d,OK,downloaded,,,,testing,2026-08-06T22:28:01.020768+00:00
CAYHBC44,NICHD,Boring Task / NICHD,Use of a Geographic Information System to create treatment groups for group-randomized community trials: The Minnesota Heart Health Program.,Krzyzanowski,10.1186/s13063-019-3284-9,30922358,PMC6438016,2019,Trials,5YX4RIMC,1747e0594ea8c5148613dfcb12a6aeb0,OK,downloaded,"2 PDF attachments, picked highest priority: Full Text PDF; Full Text PDF",,,testing,2026-08-06T22:28:01.561756+00:00
JAC9BM6H,NICHD,Boring Task / NICHD,Improved nutrition in early life and pulse wave velocity and augmentation index in mid-adulthood: Follow-up of the INCAP Nutrition Supplementation Trial  Longitudinal Study.,Kroker-Lobos,10.1371/journal.pone.0239921,33108379,PMC7591084,2020,PloS one,R75232XF,fad96653de1f3cda1a1c8a33b9c23b40,OK,downloaded,"2 PDF attachments, picked highest priority: Full Text PDF; Full Text PDF",,,testing,2026-08-06T22:28:02.183837+00:00
YEXMPZHP,NICHD,Boring Task / NICHD,Effectiveness of the baby-friendly community initiative on exclusive breastfeeding in Kenya.,Kimani-Murage,10.1111/mcn.13142,33528102,PMC8189218,2021,Maternal & child nutrition,VZMWXGAX,aa176c88425b523fc5b3fe5befc7e56c,OK,downloaded,,,,testing,2026-08-06T22:28:02.705336+00:00
A2IG2LVP,NICHD,Boring Task / NICHD,Paying for Happiness: Experimental Results from a Large Cash Transfer Program in Malawi.,Kilburn,10.1002/pam.22044,31747450,PMC6088229,2018,Journal of policy analysis and management : [the journal of the Association for Public Policy Analysis and Management],SDPQB34R,98f0a64d508dc74f2979b39b95b49603,OK,downloaded,,,,testing,2026-08-06T22:28:03.260506+00:00
987UU9R7,NICHD,Boring Task / NICHD,"Impact of topical applications of sunflower seed oil on neonatal mortality and morbidity in southern Nepal: a community-based, cluster-randomised trial.",Katz,10.1136/bmjgh-2023-013691,38423547,PMC10910473,2024,BMJ global health,6UNX3K5G,e36a5d5e02f2ad791001fc3cf88ccc91,OK,downloaded,"2 PDF attachments, picked highest priority: Full Text PDF; Full Text PDF",,,testing,2026-08-06T22:28:03.790849+00:00
7DTYVILP,NICHD,Boring Task / NICHD,Referral to Community-Based Rehabilitation Following Acute Stroke: Findings From the COMPASS Pragmatic Trial.,Jones Berkeley,10.1161/circoutcomes.123.010026,38189125,PMC10997162,2024,Circulation. Cardiovascular quality and outcomes,F95889XJ,350fc3cc7648494fefe48eff3e7360cd,OK,downloaded,,,,testing,2026-08-06T22:28:04.329213+00:00
WSZNXDF3,NICHD,Boring Task / NICHD,Effects of a Parenting and Nutrition Intervention on Siblings: A Cluster-RCT.,Jeong,10.1542/peds.2023-061383,37777643,,2023,Pediatrics,37X4JF7V,b25b3f687c5e4a18070fb0421c1c984c,OK,downloaded,,,,testing,2026-08-06T22:28:04.912063+00:00
UQAHNYE6,NICHD,Boring Task / NICHD,Barber-Led HIV/Sexually Transmitted Infection Risk Reduction for Young African-American Men: Efficacy and Mediation in a Cluster Randomized Controlled  Trial.,Jemmott,10.1016/j.jadohealth.2022.10.030,36690549,,2023,The Journal of adolescent health : official publication of the Society for Adolescent Medicine,FQK63V5H,f6dc491d2bd79d843b572122c13f91a1,OK,downloaded,,,,testing,2026-08-06T22:28:05.538363+00:00
B7CXJE8G,NICHD,Boring Task / NICHD,Implementing School-Based Policies to Prevent Obesity: Cluster Randomized Trial.,Ickovics,10.1016/j.amepre.2018.08.026,30573151,PMC7050629,2019,American journal of preventive medicine,MFWHBVRF,700381556c59eda13e84a54a19263f02,OK,downloaded,,,,testing,2026-08-06T22:28:06.063223+00:00
CV5NMINV,NICHD,Boring Task / NICHD,A Parent Coach-Led Model of Well-Child Care for Young Children in Low-Income Communities: Protocol for a Cluster Randomized Controlled Trial.,Hurst,10.2196/27054,34842563,PMC8663704,2021,JMIR research protocols,NT3VXIKN,59551a9bf8bdf08cf40e6e25c5257c6e,OK,downloaded,"2 PDF attachments, picked highest priority: Full Text; Full Text",,,testing,2026-08-06T22:28:06.634169+00:00
AT7F9XWR,NICHD,Boring Task / NICHD,Correction: Assessing COVID-19 testing strategies in K-12 schools in underserved populations: study protocol for a cluster-randomized trial.,Hayes,10.1186/s12889-022-14059-y,36050666,PMC9434065,2022,BMC public health,L4JUBWBK,e38ce1b260a9555cfffa9a75c55c4013,OK,downloaded,"2 PDF attachments, picked highest priority: Full Text PDF; Full Text PDF",,,testing,2026-08-06T22:28:07.160775+00:00
MPSTWIIE,NICHD,Boring Task / NICHD,Assessing COVID-19 testing strategies in K-12 schools in underserved populations: study protocol for a cluster-randomized trial.,Hayes,10.1186/s12889-022-13577-z,35698094,PMC9189793,2022,BMC public health,JBYIGNR5,d96e0a812fd81f1471ab4f753e7ed223,OK,downloaded,"2 PDF attachments, picked highest priority: Full Text PDF; Full Text PDF",,,testing,2026-08-06T22:28:07.749157+00:00
IT6PBHMH,NICHD,Boring Task / NICHD,"Delivery of home-based postpartum contraception in Southwest Trifinio, Guatemala: Reach, adoption, and implementation in a cluster-randomized trial.",Harrison,10.1016/j.contraception.2021.07.003,34270979,PMC8435003,2021,Contraception,HRZBSH5V,7da17722fdfb79048cf63a10242f8025,OK,downloaded,,,,testing,2026-08-06T22:28:08.367312+00:00
T23NIRNS,NICHD,Boring Task / NICHD,"Delivery of home-based post-partum contraception in rural Guatemalan women: feasibility, recruitment and retention in a cluster-randomized trial.",Harrison,10.1093/inthealth/ihz098,31867673,PMC9248054,2022,International health,BG33HVTJ,41a47b9c238d80d68712485a81473674,OK,downloaded,,,,testing,2026-08-06T22:28:08.882719+00:00
ZXM9U5IL,NICHD,Boring Task / NICHD,"Initial Contraceptive Choices of Women Enrolled in a Cluster-Randomized Trial in Southwest Trifinio, Guatemala.",Harrison,10.1007/s10995-021-03275-4,34709526,PMC9121772,2022,Maternal and child health journal,Y5SMLUDN,e5224aa902a4eafe8424aa8da3c78dcd,OK,downloaded,,,,testing,2026-08-06T22:28:09.382313+00:00
MEWFJM3S,NICHD,Boring Task / NICHD,"Twelve-Month outcomes of a Cluster-Randomized Trial of Home-Based Postpartum Contraceptive Delivery in Southwest Trifinio, Guatemala.",Harrison,10.26502/ogr057,33987556,PMC8112724,2021,Obstetrics and gynecology research,YWV7KV3V,03bcb7ebac2cfa8f4a28532e2de2a8e7,OK,downloaded,"2 PDF attachments, picked highest priority: Full Text PDF; Full Text PDF",,,testing,2026-08-06T22:28:09.941195+00:00
XRI47MRG,NICHD,Boring Task / NICHD,Delivery of home-based postpartum contraception in rural Guatemalan women: a cluster-randomized trial protocol.,Harrison,10.1186/s13063-019-3735-3,31752969,PMC6869182,2019,Trials,6HXVCXZV,f5359e413b8a52d255b529bd796af455,OK,downloaded,"2 PDF attachments, picked highest priority: Full Text PDF; Full Text PDF",,,testing,2026-08-06T22:28:10.514160+00:00
PKC5FBL6,NICHD,Boring Task / NICHD,Effects of a multipronged beverage intervention on young children's beverage intake and weight: a cluster-randomized pilot study.,Grummon,10.1017/s1368980019001629,31303190,PMC6750979,2019,Public health nutrition,98QJKAFH,63bb2bb133e11212c8baef110629bf00,OK,downloaded,"2 PDF attachments, picked highest priority: Full Text PDF; Full Text PDF",,,testing,2026-08-06T22:28:11.079059+00:00
VTYAUJX8,NICHD,Boring Task / NICHD,"Effects of improved water, sanitation, and hygiene and improved complementary feeding on environmental enteric dysfunction in children in rural Zimbabwe:  A cluster-randomized controlled trial.",Gough,10.1371/journal.pntd.0007963,32059011,PMC7046282,2020,PLoS neglected tropical diseases,X5K3262A,ca299adc7fb9950557a579946fe5d0de,OK,downloaded,"2 PDF attachments, picked highest priority: Full Text PDF; Full Text PDF",,,testing,2026-08-06T22:28:11.543261+00:00
SKPC6J6Z,NICHD,Boring Task / NICHD,The intrauterine device as emergency contraception: how much do young women know?,Goodman,10.1016/j.contraception.2018.04.009,29679591,PMC6546552,2018,Contraception,EZHXRC7U,5066e2770bf8a44f69973b9465cc50cb,OK,downloaded,,,,testing,2026-08-06T22:28:12.188034+00:00
424P5WIT,NICHD,Boring Task / NICHD,"Study protocol of ""Our Choice"": a randomized controlled trial of the integration of safer conception counseling to transform HIV family planning services in  Uganda.",Goggin,10.1186/s13012-018-0793-y,30107843,PMC6092849,2018,Implementation science : IS,LMYANJ7C,bc6fb7c61424525b81782f3b73440d2a,OK,downloaded,"2 PDF attachments, picked highest priority: Full Text PDF; Full Text PDF",,,testing,2026-08-06T22:28:12.756377+00:00
SDG6XWS5,NICHD,Boring Task / NICHD,Inconsistencies in Adolescent Self-Reported Sexual Behavior: Experience from Four Randomized Controlled Trials.,Glassman,10.1007/s11121-022-01438-5,36125691,PMC12020203,2023,Prevention science : the official journal of the Society for Prevention Research,UN28LCSC,e785e59f493470609546fccfc23c844b,OK,downloaded,,,,testing,2026-08-06T22:28:13.387325+00:00
ZZT32XJE,NICHD,Boring Task / NICHD,"Independent and combined effects of improved water, sanitation, and hygiene (WASH) and improved complementary feeding on early neurodevelopment among  children born to HIV-negative mothers in rural Zimbabwe: Substudy of a  cluster-randomized trial.",Gladstone,10.1371/journal.pmed.1002766,30897095,PMC6428259,2019,PLoS medicine,ST9SSUYL,371f78968b28140d1ef7cfebd6217577,OK,downloaded,"2 PDF attachments, picked highest priority: Full Text PDF; Full Text PDF",,,testing,2026-08-06T22:28:13.903104+00:00
389YZXVK,NICHD,Boring Task / NICHD,Father involvement and early child development in a low-resource setting.,Garcia,10.1016/j.socscimed.2022.114933,35472657,PMC9262343,2022,Social science & medicine (1982),2WDK4N2B,ad1881f1fe8c95f9dee4328b666837c9,OK,downloaded,,,,testing,2026-08-06T22:28:14.475147+00:00
LKSTDI4X,NICHD,Boring Task / NICHD,cvcrand and cptest: Commands for efficient design and analysis of cluster randomized trials using constrained randomization and permutation tests.,Gallis,10.1177/1536867x1801800204,34413708,PMC8372194,2018,The Stata journal,JLZB4ES2,8aeaf629ad09395ee950801b85b5d5de,OK,downloaded,"2 PDF attachments, picked highest priority: Gallis.pdf; Gallis.pdf",,,testing,2026-08-06T22:28:14.996258+00:00
P657AIST,NICHD,Boring Task / NICHD,"Integrating early stimulation and play at scale: study protocol for ""MAHAY Mikolo"", a multi-arm cluster-randomized controlled trial.",Galasso,10.1186/s12889-022-12640-z,35139822,PMC8826715,2022,BMC public health,5TXTHVID,7248d814121c5cfed5547c78da8adb5b,OK,downloaded,"2 PDF attachments, picked highest priority: Full Text PDF; Full Text PDF",,,testing,2026-08-06T22:28:15.515945+00:00
9KP9QJHL,NICHD,Boring Task / NICHD,Factors influencing referrals for ultrasound-diagnosed complications during prenatal care in five low and middle income countries.,Franklin,10.1186/s12978-018-0647-8,30541560,PMC6291965,2018,Reproductive health,ZHCRNCBL,76bf13bd15414cf194cd44bd87a8924c,OK,downloaded,"2 PDF attachments, picked highest priority: Full Text PDF; Full Text PDF",,,testing,2026-08-06T22:28:16.070764+00:00
C6AQU6JK,NICHD,Boring Task / NICHD,The influence of racial violence in neighborhoods and schools on the psycho-behavioral outcomes in adolescence.,Francois,10.1080/15427609.2023.2171694,37681203,PMC10482067,2023,Research in human development,996UWVB6,8f4ac0edf4206cdb64710bddde9f1ed3,OK,downloaded,,,,testing,2026-08-06T22:28:16.728720+00:00
U4Y6PM48,NICHD,Boring Task / NICHD,A complementary feeding and play intervention improves the home environment and mental development among toddlers in rural India.,Fernandez Rao,10.1111/mcn.13066,33347725,PMC7752118,2020,Maternal & child nutrition,9H5E7NMP,1d0350b4160495254a06a305264f85c7,OK,downloaded,,,,testing,2026-08-06T22:28:17.251076+00:00
BVLEIZ2H,NICHD,Boring Task / NICHD,Survival With Favorable Neurologic Outcome and Quality of Cardiopulmonary Resuscitation Following In-Hospital Cardiac Arrest in Children With Cardiac  Disease Compared With Noncardiac Disease.,Federman,10.1097/pcc.0000000000003368,37678381,PMC10843749,2024,Pediatric critical care medicine : a journal of the Society of Critical Care Medicine and the World Federation of Pediatric Intensive and Critical Care  Societies,68JH3LRR,dbfbdb7170e95ea880cb7dba7ee2ca2b,OK,downloaded,"2 PDF attachments, picked highest priority: Submitted Version; Submitted Version",,,testing,2026-08-06T22:28:18.276676+00:00
5HAM77TE,NICHD,Boring Task / NICHD,Intrauterine Devices and Sexually Transmitted Infection among Older Adolescents and Young Adults in a Cluster Randomized Trial.,El Ayadi,10.1016/j.jpag.2020.11.022,33276125,PMC8096684,2021,Journal of pediatric and adolescent gynecology,PD6XCBTT,0f1a7ff35af0f7d79ec6d5db709d6316,OK,downloaded,,,,testing,2026-08-06T22:28:18.748515+00:00
GZY8FTLP,NICHD,Boring Task / NICHD,Development of a Clinical Decision Support System for Pediatric Abdominal Pain in Emergency Department Settings Across Two Health Systems Within the HCSRN.,Ekstrom,10.5334/egems.282,30993147,PMC6460497,2019,"EGEMS (Washington, DC)",8PT2LHG4,5a90b057299301a9716232b3aa7f7401,OK,downloaded,"2 PDF attachments, picked highest priority: Full Text PDF; Full Text PDF",,,testing,2026-08-06T22:28:19.211014+00:00
NCXFTDSE,NICHD,Boring Task / NICHD,Beat osteoporosis - nourish and exercise skeletons (BONES): a group randomized controlled trial in children.,Economos,10.1186/s12887-020-1964-y,32093625,PMC7038625,2020,BMC pediatrics,73W3DBYR,ceadf6954674a45ed5e5a9828c270cd8,OK,downloaded,"2 PDF attachments, picked highest priority: Full Text PDF; Full Text PDF",,,testing,2026-08-06T22:28:19.808662+00:00
QUKVYUVE,NICHD,Boring Task / NICHD,The impact and implementation of an mHealth intervention to improve infant and young child feeding in Senegal: IIMAANJE protocol for a cluster randomized  control trial.,Downs,10.3389/fpubh.2023.1258963,37818304,PMC10561905,2023,Frontiers in public health,5TS4L7UV,66d3fd959f30ee449074297137a2da8c,OK,downloaded,"2 PDF attachments, picked highest priority: Full Text PDF; Full Text PDF",,,testing,2026-08-06T22:28:20.395220+00:00
8IPVL2E6,NICHD,Boring Task / NICHD,"Qualitative Examination of the Role and Influence of Mothers-in-Law on Young Married Couples' Family Planning in Rural Maharashtra, India.",Dixit,10.9745/ghsp-d-22-00050,36316150,PMC9622279,2022,"Global health, science and practice",U42XK6MX,a002336d9332c0b8b3661e59d67184c7,OK,downloaded,"2 PDF attachments, picked highest priority: Full Text PDF; Full Text PDF",,,testing,2026-08-06T22:28:20.940787+00:00
JI6N7NLI,NICHD,Boring Task / NICHD,A gender synchronized family planning intervention for married couples in rural India: study protocol for the CHARM2 cluster randomized controlled trial  evaluation.,Dixit,10.1186/s12978-019-0744-3,31238954,PMC6593563,2019,Reproductive health,AMVAWY7Z,cc2872aa0abb1eb8bd96ea7f1f0ddb45,OK,downloaded,"2 PDF attachments, picked highest priority: Full Text PDF; Full Text PDF",,,testing,2026-08-06T22:28:21.443623+00:00
GGWLA8CQ,NICHD,Boring Task / NICHD,"Cash Transfers, Microentrepreneurial Activity, and Child Work: Evidence from Malawi and Zambia.",de Hoop,10.1093/wber/lhz004,36909737,PMC9997202,2020,The World Bank economic review,2P4MP7WN,4b32e85840e66830684bf9dab76aac01,OK,downloaded,,,,testing,2026-08-06T22:28:21.983856+00:00
QXN2CHIB,NICHD,Boring Task / NICHD,"Design and rationale of the ""Sedation strategy and cognitive outcome after critical illness in early childhood"" study.",Curley,10.1016/j.cct.2018.07.004,30017814,PMC6914341,2018,Contemporary clinical trials,NPZ8TMCH,60987f0280a7b847c04f75975756d674,OK,downloaded,,,,testing,2026-08-06T22:28:22.475539+00:00
ATUXMR2R,NICHD,Boring Task / NICHD,Community Health Workers in Early Childhood Well-Child Care for Medicaid-Insured Children: A Randomized Clinical Trial.,Coker,10.1001/jama.2023.7197,37120800,PMC10150321,2023,JAMA,M8BB9TNT,2c5819aa426d68e41736a2202fa3dcba,OK,downloaded,,,,testing,2026-08-06T22:28:23.007860+00:00
F2XIYWBC,NICHD,Boring Task / NICHD,How Does Green Dot Bystander Training in High School and Beyond Impact Attitudes Toward Violence and Sexism in a Prospective Cohort?,Coker,10.1177/08862605211006354,33851547,,2022,Journal of interpersonal violence,BNKRI3FI,7ac8af12483be2912ce9d8805808f58c,OK,downloaded,,,,testing,2026-08-06T22:28:23.454426+00:00
XRU8G8A8,NICHD,Boring Task / NICHD,A Methodology Report for the Life's Snapshot Cohort Study to Investigate the Long-Term Efficacy of a Violence Intervention.,Coker,10.1177/1077801221992871,33656939,,2022,Violence against women,EILG4E79,69367c16dcdfdfb337fb06c4370a0308,OK,downloaded,,,,testing,2026-08-06T22:28:23.912945+00:00
EIPAKG3X,NICHD,Boring Task / NICHD,"Parenting, mental health and economic pathways to prevention of violence against children in South Africa.",Cluver,10.1016/j.socscimed.2020.113194,32763649,PMC10782842,2020,Social science & medicine (1982),HDX7YPTJ,19dbbe12a69b13f9233d1845d09b94f4,OK,downloaded,"2 PDF attachments, picked highest priority: Full Text PDF; Full Text PDF",,,testing,2026-08-06T22:28:24.380390+00:00
PWIYEX26,NICHD,Boring Task / NICHD,A Cluster-Randomized Trial of Getting To Outcomes' Impact on Sexual Health Outcomes in Community-Based Settings.,Chinman,10.1007/s11121-017-0845-6,28971273,PMC5880746,2018,Prevention science : the official journal of the Society for Prevention Research,6BZFN2JQ,ddf26d1a3b9e8c444817278ceaa8dd25,OK,downloaded,,,,testing,2026-08-06T22:28:24.996277+00:00
3UVLBHAP,NICHD,Boring Task / NICHD,Development of a Randomized Trial Comparing ICP-Monitor-Based Management of Severe Pediatric Traumatic Brain Injury to Management Based on Imaging and  Clinical Examination Without ICP Monitoring-Study Protocol.,Chesnut,10.1227/neu.0000000000002582,37409817,PMC12245298,2024,Neurosurgery,MT4F8G7M,df35235594f59b878266063d4864d16c,OK,downloaded,,,,testing,2026-08-06T22:28:25.517492+00:00
YEV6RFDP,NICHD,Boring Task / NICHD,Protocol for cluster randomized evaluation of reaching married adolescents - a gender-synchronized intervention to increase modern contraceptive use among  married adolescent girls and young women and their husbands in Niger.,Challa,10.1186/s12978-019-0841-3,31852538,PMC6921454,2019,Reproductive health,EPAK7VEN,b676c30c3e6a141684142a182e9e22f4,OK,downloaded,"2 PDF attachments, picked highest priority: Full Text PDF; Full Text PDF",,,testing,2026-08-06T22:28:25.924655+00:00
SSNM9DRD,NICHD,Boring Task / NICHD,Association of CPR simulation program characteristics with simulated and actual performance during paediatric in-hospital cardiac arrest.,Cashen,10.1016/j.resuscitation.2023.109939,37625580,PMC10528057,2023,Resuscitation,EJSF7CTF,4fdb3797c04bfaab9cc64a3157cc8bdd,OK,downloaded,,,,testing,2026-08-06T22:28:26.392073+00:00
VNG9LQ74,NICHD,Boring Task / NICHD,mHealth Phone Intervention to Reduce Maternal Deaths and Morbidity in Cameroon: Protocol for Translational Adaptation.,Budhwani,10.2147/ijwh.s353919,35572348,PMC9093609,2022,International journal of women's health,D6PWFMHG,2a7d179a31a68f3c372c3cdb2b328ec5,OK,downloaded,"2 PDF attachments, picked highest priority: Full Text PDF; Full Text PDF",,,testing,2026-08-06T22:28:26.920264+00:00
4FL6J5P5,NICHD,Boring Task / NICHD,eHealth Interventions for Early Infant Diagnosis: Mothers' Satisfaction with the HIV Infant Tracking System in Kenya.,Brown,10.1007/s10461-019-02579-5,31313093,,2019,AIDS and behavior,BYC34JUA,474a05fd1b6f04c0d18d11437c5299b9,OK,downloaded,,,,testing,2026-08-06T22:28:27.522820+00:00
8R3JFVUF,NICHD,Boring Task / NICHD,Safety Huddle Intervention for Reducing Physiologic Monitor Alarms: A Hybrid Effectiveness-Implementation Cluster Randomized Trial.,Bonafide,10.12788/jhm.2956,29489921,PMC12445287,2018,Journal of hospital medicine,QTEARBHR,064db58c0b74b5bb2b15f0ceb781885e,OK,downloaded,,,,testing,2026-08-06T22:28:28.045642+00:00
RK8ZWWNV,NICHD,Boring Task / NICHD,Processed and Packed: How Refined Are the Foods That Children Bring to School for Snack and Lunch?,Blondin,10.1016/j.jand.2020.07.017,33023852,,2021,Journal of the Academy of Nutrition and Dietetics,C4NHDKGJ,82b692f74bf12e6927adb80bb71834aa,OK,downloaded,,,,testing,2026-08-06T22:28:28.563678+00:00
ASKKVVKB,NICHD,Boring Task / NICHD,A Randomized Multiple Micronutrient Powder Point-of-Use Fortification Trial Implemented in Indian Preschools Increases Expressive Language and Reduces Anemia  and Iron Deficiency.,Black,10.1093/jn/nxab066,33880548,PMC8245888,2021,The Journal of nutrition,K6KWMB8T,407d2407be3944d135dac4a64493c61e,OK,downloaded,,,,testing,2026-08-06T22:28:29.012865+00:00
4TDB7ESX,NICHD,Boring Task / NICHD,"A Randomized Controlled Trial to Measure Spillover Effects of a Combined Water, Sanitation, and Handwashing Intervention in Rural Bangladesh.",Benjamin-Chung,10.1093/aje/kwy046,29596644,PMC6070113,2018,American journal of epidemiology,SWCAR5JW,ee90b1b351cc68a4909a99832cebf55e,OK,downloaded,,,,testing,2026-08-06T22:28:29.531698+00:00
UUDU4DNS,NICHD,Boring Task / NICHD,Community level interventions for pre-eclampsia (CLIP) in India: A cluster randomised controlled trial.,Bellad,10.1016/j.preghy.2020.05.008,32554291,PMC7471838,2020,Pregnancy hypertension,FUAB7KRA,1573a28ef7e66f2b6732016ec340ce19,OK,downloaded,,,,testing,2026-08-06T22:28:30.039421+00:00
6CGYTE67,NICHD,Boring Task / NICHD,"Design and rationale for evaluating the impact of salad bars on elementary school students' fruit, vegetable, and energy intake: a wait list control, cluster  randomized controlled trial.",Bean,10.1186/s12889-022-14744-y,36494649,PMC9733053,2022,BMC public health,WVPQAD69,c6eaa8a68c3514f88fa4ee0f4743f453,OK,downloaded,,,,testing,2026-08-06T22:28:30.629858+00:00
IF6WVFIU,NICHD,Boring Task / NICHD,Active learning improves on-task behaviors in 4th grade children.,Bartholomew,10.1016/j.ypmed.2018.02.023,29474851,PMC5930023,2018,Preventive medicine,QFW8HKU3,f17011ce92e361ec54cf08d57085cb60,OK,downloaded,,,,testing,2026-08-06T22:28:31.174409+00:00
9VR3RMAR,NICHD,Boring Task / NICHD,Prevalence of and risk factors for abnormal vaginal flora and its association with adverse pregnancy outcomes in a rural district in north-east Bangladesh.,Baqui,10.1111/aogs.13492,30346023,PMC6389396,2019,Acta obstetricia et gynecologica Scandinavica,SV228HFD,9b2fb9d56f33a53068ae6d2e7438d76c,OK,downloaded,,,,testing,2026-08-06T22:28:31.649429+00:00
EA86FRVU,NICHD,Boring Task / NICHD,Protocol adherence rates in superiority and noninferiority randomized clinical trials published in high impact medical journals.,Bamat,10.1177/1740774520941428,32666826,PMC7529954,2020,"Clinical trials (London, England)",ESDGRKVX,3e1785a3dc9fa142d58d6834dcda597e,OK,downloaded,,,,testing,2026-08-06T22:28:32.119647+00:00
IFNK5UIA,NICHD,Boring Task / NICHD,Understanding quality of contraceptive counseling in the CHARM2 gender-equity focused family planning intervention: Findings from a cluster randomized  controlled trial among couples in rural India.,Averbach,10.1016/j.contraception.2022.10.009,36328094,PMC10695301,2023,Contraception,QK47B3I4,34ea4912e51ea1e7e797a7dbea5fe261,OK,downloaded,"2 PDF attachments, picked highest priority: Full Text PDF; Full Text PDF",,,testing,2026-08-06T22:28:32.596675+00:00
NTWDE6C4,NICHD,Boring Task / NICHD,Evaluation of a Whole-School Change Intervention: Findings from a Two-Year Cluster-Randomized Trial of the Restorative Practices Intervention.,Acosta,10.1007/s10964-019-01013-2,30900083,PMC6508973,2019,Journal of youth and adolescence,7ZTZBETG,e8cde928dbd86580c37baf8bb40ab6b3,OK,downloaded,,,,testing,2026-08-06T22:28:33.104184+00:00
36XA3V3Y,NIDA; NIMH,Boring Task / NIDA; Boring Task / NIMH,Factors associated with program effectiveness in the implementation of a sexual risk reduction intervention for female sex workers across Mexico: Results from a  randomized trial.,Pitpitan,10.1371/journal.pone.0201954,30204761,PMC6133277,2018,PloS one,BVYTFG43,15285f5fa44f7697667e35c4f924ddb0,OK,downloaded,,,,testing,2026-08-06T22:28:33.752554+00:00
PRALKUIM,NIDA; NIMH,Boring Task / NIDA; Boring Task / NIMH,"Effects of the ""Circle of Life"" HIV-prevention program on marijuana use among American Indian middle school youths: a group randomized trial in a Northern  Plains tribe.",Asdigian,10.1080/00952990.2016.1265122,28032813,PMC6774242,2018,The American journal of drug and alcohol abuse,H25RLYY2,176fbef9bbe27b03cffebba79b963410,OK,downloaded,,,,testing,2026-08-06T22:28:34.280205+00:00
QLIMJPK7,NIDA; NIMH,Boring Task / NIDA; Boring Task / NIMH,Efficacy of Communication Training of Community Health Workers on Service Delivery to People Who Inject Drugs in Vietnam: A Clustered Randomized Trial.,Li,10.2105/ajph.2018.304350,29672144,PMC5944870,2018,American journal of public health,86YJYCM8,31993c023a9159b600cc38de8a8d1502,OK,downloaded,,,,testing,2026-08-06T22:28:34.788562+00:00
I9DQXR3E,NIDA; NIMH,Boring Task / NIDA; Boring Task / NIMH,Improving the implementation and sustainment of evidence-based practices in community mental health organizations: a study protocol for a matched-pair  cluster randomized pilot study of the Collaborative Organizational Approach to  Selecting and Tailoring Implementation Strategies (COAST-IS).,Powell,10.1186/s43058-020-00009-5,32391524,PMC7207049,2020,Implementation science communications,XNVDXKK5,48a862aa92abc04f489aab6a9e2a3f2b,OK,downloaded,,,,testing,2026-08-06T22:28:35.356246+00:00
SAXIWEGE,NIDA; NIMH,Boring Task / NIDA; Boring Task / NIMH,Barriers to Implementing Motivational Interviewing in Addiction Treatment: A Nominal Group Technique Process Evaluation.,Hatch,10.1177/26334895211018400,35211677,PMC8865398,2021,Implementation research and practice,47MD5NGV,c22f9745fd743b8b30fe5b2fe39302c9,OK,downloaded,,,,testing,2026-08-06T22:28:35.872573+00:00
LBWBM3QI,NIDA; NIMH,Boring Task / NIDA; Boring Task / NIMH,Comparing a standard and tailored approach to scaling up an evidence-based intervention for antiretroviral therapy for people who inject drugs in Vietnam:  study protocol for a cluster randomized hybrid type III trial.,Nguyen,10.1186/s13012-020-01020-z,32771017,PMC7414564,2020,Implementation science : IS,B2WPPISN,c7f68de7cbfbf35e3a1d68888a065b37,OK,downloaded,,,,testing,2026-08-06T22:28:36.445468+00:00
P6KHNMXR,NIDA; NIMH,Boring Task / NIDA; Boring Task / NIMH,Change in Patient Outcomes After Augmenting a Low-level Implementation Strategy in Community Practices That Are Slow to Adopt a Collaborative Chronic Care Model:  A Cluster Randomized Implementation Trial.,Smith,10.1097/mlr.0000000000001138,31135692,PMC6684247,2019,Medical care,5UVBV4ZR,0637fb42cbcc9e2b6bb6387739e59a96,OK,downloaded,,,,testing,2026-08-06T22:28:36.978491+00:00
R8Q9IC7L,NIDA; NIEHS,Boring Task / NIDA; Boring Task / NIEHS,Exemplar Hospital initiation trial to Enhance Treatment Engagement (EXHIT ENTRE): protocol for CTN-0098B a randomized implementation study to support hospitals in  caring for patients with opioid use disorder.,Bart,10.1186/s13722-024-00455-9,38600571,PMC11007900,2024,Addiction science & clinical practice,ZLBVJEPC,c23d6721533fd3b7827269b2ea693afb,OK,downloaded,"3 PDF attachments, picked highest priority: Full Text PDF; Full Text PDF; Full Text PDF",,,testing,2026-08-06T22:28:37.476517+00:00
7LMAP35D,NIDA; NIMH,Boring Task / NIDA; Boring Task / NIMH,Leveraging family-based assets for Black men who have sex with men in House Ball Communities: Protocol for a cluster randomized controlled trial.,Birnbaum,10.1371/journal.pone.0289681,37683036,PMC10490903,2023,PloS one,8HXLLDF4,ee8e6e2fbcd60048c79ddcdae3c80fe1,OK,downloaded,"3 PDF attachments, picked highest priority: Full Text PDF; Full Text PDF; Full Text PDF",,,testing,2026-08-06T22:28:38.074238+00:00
DB7RLSI3,NIDA; NIMH,Boring Task / NIDA; Boring Task / NIMH,Strengthening Addiction Care Continuum Through Community Consortium in Vietnam: Protocol for a Cluster-Randomized Controlled Trial.,Li,10.2196/44219,36947125,PMC10131887,2023,JMIR research protocols,ZESCSW7J,2077973fa9c3736dd75bdc661ca1952d,OK,downloaded,,,,testing,2026-08-06T22:28:38.647172+00:00
ZS32FFTG,NIDA; NIMH,Boring Task / NIDA; Boring Task / NIMH,Childhood Factors Associated With Unnatural Death Through Midadulthood.,Roth,10.1001/jamanetworkopen.2024.0327,38393724,PMC10891468,2024,JAMA network open,USVTGPDM,ed783e6e232fc07b14b2fa4cb405bef4,OK,downloaded,,,,testing,2026-08-06T22:28:39.082210+00:00
GRJMUSBP,NIDA; NIDDK,Boring Task / NIDA; Boring Task / NIDDK,Project MIMIC (Maximizing Implementation of Motivational Incentives in Clinics): A cluster-randomized type 3 hybrid effectiveness-implementation trial.,Becker,10.1186/s13722-021-00268-0,34635178,PMC8505014,2021,Addiction science & clinical practice,USYTAES5,07a9c405879dea0a57087cf789db3137,OK,downloaded,"3 PDF attachments, picked highest priority: Full Text PDF; Full Text PDF; Full Text PDF",,,testing,2026-08-06T22:28:39.666037+00:00
T6E33ANN,NIDA; NIDCD,Boring Task / NIDA; Boring Task / NIDCD,Effects of a Health Education Intervention for COVID-19 Prevention in Latinx Communities: A Cluster-Randomized Controlled Trial.,Anda,10.2105/ajph.2022.307129,36446063,PMC9707712,2022,American journal of public health,TXBSEM3Y,a5a9b14ced58877723c80f8daa163709,OK,downloaded,,,,testing,2026-08-06T22:28:40.239941+00:00
UQJ2NCVC,NIDA; NIDCD,Boring Task / NIDA; Boring Task / NIDCD,Effectiveness of a COVID-19 Testing Outreach Intervention for Latinx Communities: A Cluster Randomized Trial.,DeGarmo,10.1001/jamanetworkopen.2022.16796,35708690,PMC9204550,2022,JAMA network open,7C57M5AA,a869b80bc98fb512ee8613f1112d3afa,OK,downloaded,,,,testing,2026-08-06T22:28:40.690169+00:00
B3UVYJDJ,NIDA,Boring Task / NIDA,The Financial Lives and Capabilities of Women Engaged in Sex Work: Can Paradoxical Autonomy Inform Intervention Strategies?,Yang,10.5539/gjhs.v13n6p69,37163144,PMC10165725,2021,Global journal of health science,RZELXPIQ,5fbf909e96591eaec0a03250207da639,OK,downloaded,,,,testing,2026-08-06T22:28:41.208046+00:00
4A7J7XUT,NIDA,Boring Task / NIDA,NIATx-TI versus typical product training on e-health technology implementation: a clustered randomized controlled trial study protocol.,White,10.1186/s13012-020-01053-4,33097097,PMC7582427,2020,Implementation science : IS,BUEUD8YM,3d70c75d18f74bb00fc2b17b8b60a4cd,OK,downloaded,,,,testing,2026-08-06T22:28:41.655600+00:00
DQG9L8F9,NIDA,Boring Task / NIDA,Nurse Care Management for Opioid Use Disorder Treatment: The PROUD Cluster Randomized Clinical Trial.,Wartko,10.1001/jamainternmed.2023.5701,37902748,PMC10616772,2023,JAMA internal medicine,CVPUQIFU,12c8bd414393b5e1078c0efe24c4f098,OK,downloaded,,,,testing,2026-08-06T22:28:42.157505+00:00
PJFZQC88,NIDA,Boring Task / NIDA,Peer Comparison or Guideline-Based Feedback and Postsurgery Opioid Prescriptions: A Randomized Clinical Trial.,Wagner,10.1001/jamahealthforum.2024.0077,38488780,PMC10943416,2024,JAMA health forum,K7699PAN,664bb9a0b3fcea9e5f09d7d1cf250644,OK,downloaded,,,,testing,2026-08-06T22:28:42.609209+00:00
HM2J3JE3,NIDA,Boring Task / NIDA,PRescribing Interventions for Chronic pain using the Electronic health record (PRINCE): Study protocol.,Vock,10.1016/j.cct.2022.106905,36057376,PMC11729458,2022,Contemporary clinical trials,QTIEH5A8,9a1fe4b764f379c5371f923ec9f64351,OK,downloaded,,,,testing,2026-08-06T22:28:43.091044+00:00
2RCCARWL,NIDA,Boring Task / NIDA,'I never hoped for anything … now I have other plans': The role of microfinance in HIV intervention for women who use drugs and engage in sex work in Kazakhstan.,Vélez-Grau,10.1177/0020872820917737,38031578,PMC10686268,2022,International social work,7HHRCWS8,8ffef0bb0068f867a31dcf5886f44e1b,OK,downloaded,,,,testing,2026-08-06T22:28:43.617316+00:00
T9WES4J6,NIDA,Boring Task / NIDA,Suicidal ideation among women who engage in sex work and have a history of drug use in Kazakhstan.,Vélez-Grau,10.1016/j.mhp.2021.200208,38031555,PMC10686267,2021,Mental health & prevention,PISQ4CCM,e7aebe373a4cad30c9a308751597a997,OK,downloaded,,,,testing,2026-08-06T22:28:44.113474+00:00
4MQ6MTCP,NIDA,Boring Task / NIDA,A qualitative assessment of factors influencing implementation and sustainability of evidence-based tobacco use treatment in Vietnam health centers.,VanDevanter,10.1186/s13012-020-01035-6,32907603,PMC7488010,2020,Implementation science : IS,Y8YS8JGU,cd8ac955e387b9acfb6a142c2b205b74,OK,downloaded,,,,testing,2026-08-06T22:28:44.530758+00:00
CR28AVZ3,NIDA,Boring Task / NIDA,Cognitive Decline as a Result of Incarceration and the Effects of a CBT/MT Intervention: A Cluster-Randomized Controlled Trial.,Umbach,10.1177/0093854817736345,29795707,PMC5961486,2018,Criminal justice and behavior,5JNIC64D,930c84c2e090e456ed9e44c240b6f0cc,OK,downloaded,,,,testing,2026-08-06T22:28:45.052487+00:00
R28V6KHD,NIDA,Boring Task / NIDA,Facilitating treatment initiation and reproductive care postpartum to prevent substance-exposed pregnancies: A randomized bayesian pilot trial.,Stotts,10.1016/j.drugalcdep.2022.109602,35987083,,2022,Drug and alcohol dependence,KJGQK783,f86d3b8d262a8cc37a20704c73a5f963,OK,downloaded,,,,testing,2026-08-06T22:28:45.770575+00:00
N2QZPD9W,NIDA,Boring Task / NIDA,Implementation Strategy Fidelity and Organizational Outcomes in a Randomized Trial: Implications for Reentry from Corrections to Community Treatment.,Stein,10.1080/10826084.2022.2161311,36629127,PMC9969992,2023,Substance use & misuse,LVYPGSYI,02c1ec9ec0fa420576140c2e1c16fc9b,OK,downloaded,,,,testing,2026-08-06T22:28:46.266149+00:00
VW5JPFPD,NIDA,Boring Task / NIDA,The impact of co-occurring mental health problems on referral to and initiation of treatment among youth under probation supervision: Findings from a cluster  randomized trial.,Stanley,10.1016/j.josat.2023.209279,38135122,,2024,Journal of substance use and addiction treatment,8ZAAPXDV,1f0a97ccaf63b3a4b23dfe79ef282d49,OK,downloaded,,,,testing,2026-08-06T22:28:46.784690+00:00
SDFD7EM2,NIDA,Boring Task / NIDA,Trauma-Integrated Mindfulness-Based Relapse Prevention for Women with Comorbid Post-Traumatic Stress Disorder and Substance Use Disorder: A Cluster Randomized  Controlled Feasibility and Acceptability Trial.,Somohano,10.1089/jicm.2021.0306,35648046,PMC11577492,2022,Journal of integrative and complementary medicine,4SRM6ZSW,3b62494c7a08719ae73f308d4e348447,OK,downloaded,,,,testing,2026-08-06T22:28:47.245119+00:00
3Q2CRGE2,NIDA,Boring Task / NIDA,Organizational culture and climate as moderators of enhanced outreach for persons with serious mental illness: results from a cluster-randomized trial of adaptive  implementation strategies.,Smith,10.1186/s13012-018-0787-9,29986765,PMC6038326,2018,Implementation science : IS,HTPURQL5,37659a9ae2fff83676047ca6d7851bca,OK,downloaded,,,,testing,2026-08-06T22:28:47.882420+00:00
H9P7B7GU,NIDA,Boring Task / NIDA,"The ""Haves, Have Some, and Have Nots:"" a Latent Profile Analysis of Capacity, Quality, and Implementation in Community-Based Afterschool Programs.",Smith,10.1007/s11121-021-01258-z,34191244,PMC8458217,2021,Prevention science : the official journal of the Society for Prevention Research,NU6A6QRU,eb088b535084e014615e273e6e116d12,OK,downloaded,,,,testing,2026-08-06T22:28:48.398994+00:00
HXE2S4AP,NIDA,Boring Task / NIDA,Promoting Afterschool Quality and Positive Youth Development: Cluster Randomized Trial of the Pax Good Behavior Game.,Smith,10.1007/s11121-017-0820-2,28766191,PMC6533071,2018,Prevention science : the official journal of the Society for Prevention Research,ZGZWY5LT,39693321bbe2094be643015b2b05247d,OK,downloaded,,,,testing,2026-08-06T22:28:49.007711+00:00
W65U65NV,NIDA,Boring Task / NIDA,Operationalizing and selecting outcome measures for the HEALing Communities Study.,Slavova,10.1016/j.drugalcdep.2020.108328,33091844,PMC7531340,2020,Drug and alcohol dependence,I57W422W,3f05d279487acae1188d307e4c32df33,OK,downloaded,,,,testing,2026-08-06T22:28:49.509422+00:00
VDRMHBWA,NIDA,Boring Task / NIDA,"Randomized controlled trial to test the efficacy of a brief, communication-based, substance use preventive intervention for parents of adolescents: Protocol for  the SUPPER Project (Substance Use Prevention Promoted by Eating family meals  Regularly).",Skeer,10.1371/journal.pone.0263016,35108294,PMC8809599,2022,PloS one,TKPVZNZ2,a97ddc33bcd1d3c7760f4445c654fd18,OK,downloaded,,,,testing,2026-08-06T22:28:50.028295+00:00
Y4PS4QIT,NIDA,Boring Task / NIDA,"Assessing barriers to providing tobacco use disorder treatment in community mental health settings with a revised version of the Smoking Knowledge,  Attitudes, and Practices (S-KAP) instrument.",Siegel,10.1016/j.addbeh.2020.106735,33248743,PMC7785675,2021,Addictive behaviors,NH66CZ3V,0ff51b87a93631b1cf89c433612e65c1,OK,downloaded,,,,testing,2026-08-06T22:28:50.540687+00:00
FCNX4CVT,NIDA,Boring Task / NIDA,A randomized clinical trial testing two implementation strategies to promote the treatment of tobacco dependence in community mental healthcare.,Schnoll,10.1016/j.drugalcdep.2023.109873,37084508,PMC10198962,2023,Drug and alcohol dependence,8H7ZVUAS,e30036f6104386c50f132198b93047fa,OK,downloaded,,,,testing,2026-08-06T22:28:50.966716+00:00
LPGMZZ5G,NIDA,Boring Task / NIDA,Integrated Smoking Cessation for Smokers With Serious Mental Illness: Protocol for a Convergent Mixed Methods Implementation Evaluation Study.,Schnitzer,10.2196/25390,34313603,PMC8367188,2021,JMIR research protocols,K23B43J4,115a61ca15575c7886ad8208a12f1f36,OK,downloaded,,,,testing,2026-08-06T22:28:51.525493+00:00
BEQARD7N,NIDA,Boring Task / NIDA,"Aerosol, vapor, or chemicals? College student perceptions of harm from electronic cigarettes and support for a tobacco-free campus policy.",Rossheim,10.1080/07448481.2020.1819293,32931725,PMC9275670,2022,Journal of American college health : J of ACH,PCLSRFQS,479774e8651ab9605ea9aae02df42fb4,OK,downloaded,,,,testing,2026-08-06T22:28:52.035079+00:00
WW6ZMVMC,NIDA,Boring Task / NIDA,Best Practice Alerts Informed by Inpatient Opioid Intake to Reduce Opioid Prescribing after Surgery (PRIOR): A Cluster Randomized Multiple Crossover Trial.,Rolfzen,10.1097/aln.0000000000004607,37155372,PMC10602614,2023,Anesthesiology,7EGAXTME,74ff8d2618519c13c91b68d9903e1d36,OK,downloaded,,,,testing,2026-08-06T22:28:52.520534+00:00
TR4G9SM7,NIDA,Boring Task / NIDA,A behavioral economic intervention to increase psychiatrist adherence to tobacco treatment guidelines: a provider-randomized study protocol.,Rogers,10.1186/s43058-020-00011-x,32617528,PMC7331951,2020,Implementation science communications,FZBD9LKE,12dd2690d40c0f661562cc2572568a82,OK,downloaded,,,,testing,2026-08-06T22:28:52.997484+00:00
MA8B7BQH,NIDA,Boring Task / NIDA,Impact of implementation interventions to improve substance use service delivery on recidivism among justice-involved youth.,Robertson,10.1186/s40352-023-00210-3,36853574,PMC9972752,2023,Health & justice,W6RFFMZ9,a7d7eff84c7046b938f744442876fc5a,OK,downloaded,,,,testing,2026-08-06T22:28:53.497358+00:00
MB2VXL8B,NIDA,Boring Task / NIDA,Equity of overdose education and naloxone distribution provided in the Kentucky HEALing Communities Study.,Oyler,10.1016/j.dadr.2023.100207,38283913,PMC10821613,2024,Drug and alcohol dependence reports,CPWQKAHG,33a7f2f8760974a9c071d0ea4ecf9d00,OK,downloaded,,,,testing,2026-08-06T22:28:54.028433+00:00
V8JID29X,NIDA,Boring Task / NIDA,Effect of Integrating Access to a Prescription Drug Monitoring Program Within the Electronic Health Record on the Frequency of Queries by Primary Care Clinicians:  A Cluster Randomized Clinical Trial.,Neprash,10.1001/jamahealthforum.2022.1852,35977248,PMC9168784,2022,JAMA health forum,QVT3954Q,e2a43d5f1f69605740fe34514bf4b584,OK,downloaded,,,,testing,2026-08-06T22:28:54.567230+00:00
2NT7ULNN,NIDA,Boring Task / NIDA,"The Association of Recurrent and Multiple Types of Abuse with Adverse Mental Health, Substance Use, and Sexual Health Outcomes among Out-of-School Adolescent  Girls and Young Women in Cape Town, South Africa.",Myers,10.3390/ijerph182111403,34769920,PMC8582840,2021,International journal of environmental research and public health,MTAR767B,f3ff041a352ddeddbf4c27afb9385175,OK,downloaded,,,,testing,2026-08-06T22:28:55.054318+00:00
DWQ7WBBU,NIDA,Boring Task / NIDA,Organizational Acceptability of Implementing SBIRT for Adolescents in Primary Care.,Monico,10.1080/10826084.2021.1942054,34196582,,2021,Substance use & misuse,8HH4LUFL,7a7e9d2692a2b22d600dd348ec7ef8b7,OK,downloaded,,,,testing,2026-08-06T22:28:55.553112+00:00
FWVBXVTT,NIDA,Boring Task / NIDA,Adolescent SBIRT implementation: Generalist vs. Specialist models of service delivery in primary care.,Mitchell,10.1016/j.jsat.2020.01.007,32087839,PMC7039979,2020,Journal of substance abuse treatment,XS8K8TIV,d4f5775e57d3b9287f4ed8f367fc2550,OK,downloaded,,,,testing,2026-08-06T22:28:56.158769+00:00
BPHT6HTT,NIDA,Boring Task / NIDA,Project Nova: A Combination HIV Prevention and Microfinance Intervention for Women Who Engage in Sex Work and Use Drugs in Kazakhstan.,Mergenova,10.1007/s10461-018-2268-1,30194502,PMC6790132,2019,AIDS and behavior,HKTYFD4U,61cbedd017567203f3a96e22c4c0db52,OK,downloaded,,,,testing,2026-08-06T22:28:56.635885+00:00
53JMSN6N,NIDA,Boring Task / NIDA,Microfinance for women at high risk for HIV in Kazakhstan: study protocol for a cluster-randomized controlled trial.,McCrimmon,10.1186/s13063-018-2566-y,29558982,PMC5859522,2018,Trials,NA36IFI5,89210137210e3f758b8bab669d0a3f56,OK,downloaded,,,,testing,2026-08-06T22:28:57.222273+00:00
Y4TUSWXX,NIDA,Boring Task / NIDA,Evaluating the Effects of a Brief Tobacco Intervention in the US Air Force.,Little,10.1093/ntr/ntaa001,31903494,PMC7443583,2020,Nicotine & tobacco research : official journal of the Society for Research on Nicotine and Tobacco,USPWU3BM,5876cbe829cd513687ac1a85fd3355be,OK,downloaded,,,,testing,2026-08-06T22:28:57.733984+00:00
ECSSDXZJ,NIDA,Boring Task / NIDA,Application of System Dynamics to Inform a Model of Adolescent SBIRT Implementation in Primary Care Settings.,Lounsbury,10.1007/s11414-019-09650-y,31214935,,2020,The journal of behavioral health services & research,UFGHKEEQ,97310b9d375b9d018b8f92a9c49c9641,OK,downloaded,,,,testing,2026-08-06T22:28:58.225384+00:00
3NFJBP2C,NIDA,Boring Task / NIDA,"Theory, Measurement, and Psychometric Properties of Risk and Protective Factors for Drug Misuse Among Adolescents Living on or near the Cherokee Nation  Reservation.",Livingston,10.1007/s42844-023-00112-1,38895740,PMC11185823,2023,Adversity and resilience science,3IM3XPU3,ee279947f703df6882ff8d562b81d8cb,OK,downloaded,,,,testing,2026-08-06T22:28:58.849256+00:00
8U42N73M,NIDA,Boring Task / NIDA,Subthreshold opioid use disorder prevention (STOP) trial: a cluster randomized clinical trial: study design and methods.,Liebschutz,10.1186/s13722-023-00424-8,37980494,PMC10657560,2023,Addiction science & clinical practice,KCFKVFV3,1ffe823a0923bc16546126b8abb4b5b6,OK,downloaded,,,,testing,2026-08-06T22:28:59.318458+00:00
CHZCXVDR,NIDA,Boring Task / NIDA,StaySafe: A self-administered android tablet application for helping individuals on probation make better decisions pertaining to health risk behaviors.,Lehman,10.1016/j.conctc.2018.03.010,30023441,PMC6047315,2018,Contemporary clinical trials communications,SXJSBNPZ,93a7457821828a0c8147efd96b2be6de,OK,downloaded,,,,testing,2026-08-06T22:28:59.842478+00:00
QWHPR7PA,NIDA,Boring Task / NIDA,The impact of a brief cessation induction intervention for waterpipe tobacco smoking: A pilot randomized clinical trial.,Leavens,10.1016/j.addbeh.2017.10.023,29128712,PMC5801765,2018,Addictive behaviors,8TZ2VS4H,44503dc0a3895a56aecda554c0ef3c1c,OK,downloaded,,,,testing,2026-08-06T22:29:00.413855+00:00
QSBC7SYW,NIDA,Boring Task / NIDA,Keepin' It REAL-Mantente REAL in Mexico: a Cluster Randomized Controlled Trial of a Culturally Adapted Substance Use Prevention Curriculum for Early Adolescents.,Kulis,10.1007/s11121-021-01217-8,33772435,,2021,Prevention science : the official journal of the Society for Prevention Research,C2YXD52N,50697bc24a2e4c9dab1c237348b20681,OK,downloaded,,,,testing,2026-08-06T22:29:00.912704+00:00
XN4FZUHH,NIDA,Boring Task / NIDA,"Study protocol for a cluster randomized trial of a school, family, and community intervention for preventing drug misuse among older adolescents in the Cherokee  Nation.",Komro,10.1186/s13063-022-06096-0,35197100,PMC8864592,2022,Trials,I3F4KYNY,1a1325b8bad34d57e22f44e913248f95,OK,downloaded,"2 PDF attachments, picked highest priority: Full Text PDF; Full Text PDF",,,testing,2026-08-06T22:29:01.510096+00:00
3UEX8VI8,NIDA,Boring Task / NIDA,Prescribers' satisfaction with delivering medications for opioid use disorder.,Knudsen,10.1186/s13011-021-00413-7,34663379,PMC8521499,2021,"Substance abuse treatment, prevention, and policy",WLEY7REW,50c3d95767f94ba825cdaae7ec7a8597,OK,downloaded,"2 PDF attachments, picked highest priority: Full Text PDF; Full Text PDF",,,testing,2026-08-06T22:29:02.051341+00:00
IIVEWCX5,NIDA,Boring Task / NIDA,Physicians' satisfaction with providing buprenorphine treatment.,Knudsen,10.1186/s13722-019-0163-3,31446893,PMC6709557,2019,Addiction science & clinical practice,VEPAFVPM,59f2fb30a7dc23e293857a99ed04bba1,OK,downloaded,"2 PDF attachments, picked highest priority: Full Text PDF; Full Text PDF",,,testing,2026-08-06T22:29:02.669619+00:00
NIK4YS4I,NIDA,Boring Task / NIDA,The comparative effectiveness of Core versus Core+Enhanced implementation strategies in a randomized controlled trial to improve substance use treatment  receipt among justice-involved youth.,Knight,10.1186/s12913-022-08902-6,36527067,PMC9758864,2022,BMC health services research,PNWT37HM,4763ff658d6dcccf15bd4740708a26d9,OK,downloaded,"2 PDF attachments, picked highest priority: Full Text PDF; Full Text PDF",,,testing,2026-08-06T22:29:03.260048+00:00
J6N8MZHS,NIDA,Boring Task / NIDA,Cluster Randomized Pragmatic Clinical Trial Testing Behavioral Economic Implementation Strategies to Improve Tobacco Treatment for Patients With Cancer  Who Smoke.,Jenssen,10.1200/jco.23.00355,37467454,PMC10552951,2023,Journal of clinical oncology : official journal of the American Society of Clinical Oncology,5BXAYWP3,82ae4a87c40fbd10fec26362cfd396be,OK,downloaded,"2 PDF attachments, picked highest priority: Full Text; Full Text",,,testing,2026-08-06T22:29:03.811420+00:00
6J9D36EE,NIDA,Boring Task / NIDA,Randomized Trial of Academic Training and Medication Decision-Making for Adolescents with ADHD in Usual Care.,Hogue,10.1080/15374416.2020.1716362,32078394,PMC7438261,2021,"Journal of clinical child and adolescent psychology : the official journal for the Society of Clinical Child and Adolescent Psychology, American Psychological  Association, Division 53",5H557R4A,8693b2c3231561f55cafc8ec469fe0e9,OK,downloaded,,,,testing,2026-08-06T22:29:04.413972+00:00
NYA6E7TI,NIDA,Boring Task / NIDA,Measurement Training and Feedback System for Implementation of family-based services for adolescent substance use: protocol for a cluster randomized trial of  two implementation strategies.,Hogue,10.1186/s13012-019-0874-6,30866967,PMC6416843,2019,Implementation science : IS,9NU7ZBP6,d39d3852d9b2126001a75d4f764bbca7,OK,downloaded,"2 PDF attachments, picked highest priority: Full Text PDF; Full Text PDF",,,testing,2026-08-06T22:29:05.005797+00:00
6MW7LBJK,NIDA,Boring Task / NIDA,Virtual Training Is More Cost-Effective Than In-Person Training for Preparing Staff to Implement Contingency Management.,Hartzler,10.1007/s41347-022-00283-1,36246531,PMC9553630,2022,Journal of technology in behavioral science,AGW4MD34,07626d287b6f03db5eb765516158c131,OK,downloaded,,,,testing,2026-08-06T22:29:05.664735+00:00
JZZT4K5G,NIDA,Boring Task / NIDA,To be mindful of the breath or pain: Comparing two brief preoperative mindfulness techniques for total joint arthroplasty patients.,Hanley,10.1037/ccp0000657,34165999,PMC8363593,2021,Journal of consulting and clinical psychology,JW969RLG,d5479c8e056fe2ed7ed8915a823b3764,OK,downloaded,,,,testing,2026-08-06T22:29:06.197875+00:00
9CML7LKG,NIDA,Boring Task / NIDA,Brief preoperative mind-body therapies for total joint arthroplasty patients: a randomized controlled trial.,Hanley,10.1097/j.pain.0000000000002195,33449510,PMC8119303,2021,Pain,GIC66KFT,0ed277998e596f60aa1c5967aafcc0af,OK,downloaded,,,,testing,2026-08-06T22:29:06.650136+00:00
SUPN2UW2,NIDA,Boring Task / NIDA,A cluster-randomized trial of a brief multi-component intervention to improve tobacco outcomes in substance use treatment.,Guydish,10.1186/s13011-023-00539-w,37328775,PMC10276468,2023,"Substance abuse treatment, prevention, and policy",59BQZIEZ,c7997a6150872e21036f8404c3b1bc12,OK,downloaded,"2 PDF attachments, picked highest priority: Full Text PDF; Full Text PDF",,,testing,2026-08-06T22:29:07.160493+00:00
5G2P944R,NIDA,Boring Task / NIDA,Application of a Heuristic Framework for Multilevel Interventions to Eliminate the Impact of Unjust Social Processes and Other Harmful Social Determinants of  Health.,Guilamo-Ramos,10.1007/s11121-024-01658-x,38607535,PMC11239765,2024,Prevention science : the official journal of the Society for Prevention Research,XL9GUNXH,d07a32f9ba884a8a67aeab26a384aae5,OK,downloaded,"2 PDF attachments, picked highest priority: Full Text PDF; Full Text PDF",,,testing,2026-08-06T22:29:07.811194+00:00
YDATJERL,NIDA,Boring Task / NIDA,Braiding Two Evidence-based Programs for Families at-risk: Results of a Cluster Randomized Trial.,Guastaferro,10.1007/s10826-017-0886-2,29540976,PMC5847301,2018,Journal of child and family studies,3E8AUAKC,c0c5e37b0814162279062f3d744c40da,OK,downloaded,,,,testing,2026-08-06T22:29:08.418895+00:00
TMXPKXL6,NIDA,Boring Task / NIDA,Effect of the Communities that HEAL intervention on receipt of behavioral therapies for opioid use disorder: A cluster randomized wait-list controlled  trial.,Glasgow,10.1016/j.drugalcdep.2024.111286,38626553,PMC11111326,2024,Drug and alcohol dependence,BIMWT3IQ,5d20609c691a9e18f1ae9e3e0381ce22,OK,downloaded,,,,testing,2026-08-06T22:29:08.954500+00:00
BNNWNRQ5,NIDA,Boring Task / NIDA,"The implementation and sustainment facilitation strategy improved implementation effectiveness and intervention effectiveness: Results from a cluster-randomized,  type 2 hybrid trial.",Garner,10.1177/2633489520948073,36189179,PMC9523796,2020,Implementation research and practice,XMY6RZSG,9c4da1c44ac8fbf69636319d51b3489b,OK,downloaded,,,,testing,2026-08-06T22:29:09.390937+00:00
YZYIJZ2N,NIDA,Boring Task / NIDA,A study protocol for Project I-Test: a cluster randomized controlled trial of a practice coaching intervention to increase HIV testing in substance use treatment  programs.,Frimpong,10.1186/s13063-023-07602-8,37749635,PMC10521543,2023,Trials,HDSZHF59,7b8929610231e0ac1dd3d2f5b1774d15,OK,downloaded,"2 PDF attachments, picked highest priority: Full Text PDF; Full Text PDF",,,testing,2026-08-06T22:29:09.884477+00:00
Q78QP2KE,NIDA,Boring Task / NIDA,Wait No Longer: Reducing Medication Wait-Times for Individuals with Co-Occurring Disorders.,Ford,10.1080/15504263.2022.2052225,35387577,PMC9503325,2022,Journal of dual diagnosis,WER5VRUC,186447cb55c4c07ef235ce9ee8517b17,OK,downloaded,,,,testing,2026-08-06T22:29:10.411869+00:00
JBZEMH8T,NIDA,Boring Task / NIDA,Using NIATx strategies to implement integrated services in routine care: a study protocol.,Ford,10.1186/s12913-018-3241-4,29884164,PMC5994046,2018,BMC health services research,CY5BQTVL,320a89b2aded80e1840b24948cb47b26,OK,downloaded,"2 PDF attachments, picked highest priority: Full Text PDF; Full Text PDF",,,testing,2026-08-06T22:29:11.007262+00:00
NWJSBE2M,NIDA,Boring Task / NIDA,Improving Medication Access within Integrated Treatment for Individuals with Co-Occurring Disorders in Substance Use Treatment Agencies.,Ford,10.1177/26334895211033659,34988462,PMC8726008,2021,Implementation research and practice,TYTP4LPM,c800e1f57242896e7f0f50ebf409bdd6,OK,downloaded,,,,testing,2026-08-06T22:29:11.610478+00:00
S7RT34HI,NIDA,Boring Task / NIDA,A Cluster-Randomized Clinical Trial Testing the Effectiveness of the Addressing Tobacco Through Organizational Change Model for Improving the Treatment of  Tobacco Use in Community Mental Health Care: Preliminary Study Feasibility and  Baseline Findings.,Flitter,10.1093/ntr/nty239,30388273,PMC6468132,2019,Nicotine & tobacco research : official journal of the Society for Research on Nicotine and Tobacco,62QFWM2P,b4b76c95c0f0e500934bfb4fdba32d10,OK,downloaded,,,,testing,2026-08-06T22:29:12.237871+00:00
F4X8P769,NIDA,Boring Task / NIDA,A cluster-randomized controlled trial of a combination HIV risk reduction and microfinance intervention for female sex workers who use drugs in Kazakhstan.,El-Bassel,10.1002/jia2.25682,33955170,PMC8100396,2021,Journal of the International AIDS Society,U48969S9,6f25e4d0e7ed82536d6de973db836edd,OK,downloaded,,,,testing,2026-08-06T22:29:12.818989+00:00
K8CZS3YU,NIDA,Boring Task / NIDA,A mixed methods partner-focused cost and budget impact analysis to deploy implementation strategies for school-based prevention.,Eisman,10.1186/s43058-023-00511-6,37946235,PMC10636820,2023,Implementation science communications,EAVALMZ7,97ac09202623308e276f824a8a223bd5,OK,downloaded,"2 PDF attachments, picked highest priority: Full Text PDF; Full Text PDF",,,testing,2026-08-06T22:29:13.321349+00:00
CM8Z2WWM,NIDA,Boring Task / NIDA,Community coalition and key stakeholder perceptions of the community opioid epidemic before an intensive community-level intervention.,Drainoni,10.1016/j.jsat.2022.108731,35125253,PMC9167242,2022,Journal of substance abuse treatment,5WTRFRHH,9e834e3b33ddcb39dff0c2a5c0b45e90,OK,downloaded,,,,testing,2026-08-06T22:29:13.826782+00:00
2DMZ4K8H,NIDA,Boring Task / NIDA,"Effects of the Communities that Heal (CTH) intervention on perceived opioid-related community stigma in the HEALing Communities Study: results of a  multi-site, community-level, cluster-randomized trial.",Davis,10.1016/j.lana.2024.100710,38510790,PMC10950860,2024,Lancet regional health. Americas,2YWXS7PH,c2df62c9c5e3ba3121a3916bf98ecafa,OK,downloaded,"2 PDF attachments, picked highest priority: Full Text PDF; Full Text PDF",,,testing,2026-08-06T22:29:14.285714+00:00
M5CUWAT7,NIDA,Boring Task / NIDA,Family Support and Readiness to Consider Smoking Cessation among Chinese and Vietnamese American Male Smokers.,Daniel,10.1155/2021/6678219,34178159,PMC8232893,2021,Journal of smoking cessation,RG3ZB436,6b4ee59e43fcbfa79170e2d26d25ee55,OK,downloaded,"2 PDF attachments, picked highest priority: Full Text PDF; Full Text PDF",,,testing,2026-08-06T22:29:14.861591+00:00
7HEUDQUK,NIDA,Boring Task / NIDA,Nicotine replacement therapy sampling via primary care: Methods from a pragmatic cluster randomized clinical trial.,Dahne,10.1016/j.cct.2018.07.008,30010086,PMC6133738,2018,Contemporary clinical trials,IMVZIZPQ,c4561a42403c561948ffb77153582b68,OK,downloaded,,,,testing,2026-08-06T22:29:15.405699+00:00
TIEFYVIG,NIDA,Boring Task / NIDA,A community pharmacy intervention for opioid medication misuse: A pilot randomized clinical trial.,Cochran,10.1016/j.japh.2018.03.005,29691197,PMC6035879,2018,Journal of the American Pharmacists Association : JAPhA,NP45R8UM,748e93142d7e202384e43e56b1622c78,OK,downloaded,,,,testing,2026-08-06T22:29:16.014979+00:00
DAWAUG53,NIDA,Boring Task / NIDA,Implementation of a cluster randomized controlled trial: Identifying student peer leaders to lead E-cigarette interventions.,Chu,10.1016/j.addbeh.2020.106726,33278717,PMC7785638,2021,Addictive behaviors,N9XTJX64,518e23dcdb5a9a4cbdb2a7d85626503b,OK,downloaded,,,,testing,2026-08-06T22:29:16.491832+00:00
WZR7FWST,NIDA,Boring Task / NIDA,Sustainment of Integrated Care in Addiction Treatment Settings: Primary Outcomes From a Cluster-Randomized Controlled Trial.,Chokron Garneau,10.1176/appi.ps.202000293,34346729,PMC8814048,2022,"Psychiatric services (Washington, D.C.)",22UCK4E7,d150723964c5a4e6a0cfa0a9316971da,OK,downloaded,,,,testing,2026-08-06T22:29:17.009540+00:00
GRGRMNH4,NIDA,Boring Task / NIDA,"Relationship Between Criminal and Status Offense Behaviors, Substance Use, and HIV Risk Among Adolescent Girls and Young Women in Cape Town, South Africa.",Carney,10.1007/s11469-023-01130-x,39712238,PMC11659376,2024,International journal of mental health and addiction,7RFK9UYZ,8e5d1c2b3399aef9ead57c83fd9819e9,OK,downloaded,,,,testing,2026-08-06T22:29:17.490480+00:00
YDVPVZF8,NIDA,Boring Task / NIDA,Protocol for a hybrid type 3 cluster randomized trial of a technical assistance system supporting coalitions and evidence-based drug prevention programs.,Brown,10.1186/s13012-021-01133-z,34172065,PMC8235808,2021,Implementation science : IS,A59GUVNC,30745bfa9e2a27d221185deabb07cfd0,OK,downloaded,,,,testing,2026-08-06T22:29:17.990581+00:00
CDQZ4VZK,NIDA,Boring Task / NIDA,Moment-by-Moment in Women's Recovery (MMWR): Mindfulness-based intervention effects on residential substance use disorder treatment retention in a randomized  controlled trial.,Black,10.1016/j.brat.2019.103437,31419610,PMC6721972,2019,Behaviour research and therapy,WMIW3UDS,e2155fb0de12e44976e1c96998de59aa,OK,downloaded,,,,testing,2026-08-06T22:29:18.509747+00:00
6QKZB5JR,NIDA,Boring Task / NIDA,Using structured implementation interventions to improve referral to substance use treatment among justice-involved youth: Findings from a multisite cluster  randomized trial.,Belenko,10.1016/j.jsat.2022.108829,35751945,PMC9357202,2022,Journal of substance abuse treatment,C5XI9EAE,bc4d09968c7ae96c46ba9fee4ace38c1,OK,downloaded,,,,testing,2026-08-06T22:29:19.038468+00:00
XXRDWFES,NIDA,Boring Task / NIDA,Is necessity also the mother of implementation? COVID-19 and the implementation of evidence-based treatments for opioid use disorders.,Becker,10.1016/j.jsat.2020.108210,33509413,PMC7834027,2021,Journal of substance abuse treatment,7RQEFQYQ,78a88be1f8a26462fdbf3cfe93591877,OK,downloaded,"2 PDF attachments, picked highest priority: Full Text PDF; Full Text PDF",,,testing,2026-08-06T22:29:19.490620+00:00
MJNWAQHW,NIDA,Boring Task / NIDA,Sustainment of Contingency Management within Opioid Treatment Programs: COVID-Related Barriers and Innovative Workflow Adaptations.,Becker,10.1016/j.dadr.2021.100003,36277301,PMC9585956,2021,Drug and alcohol dependence reports,GFKHFTV6,3a88cc51f6f69e9520803a1ed04358cd,OK,downloaded,,,,testing,2026-08-06T22:29:20.015440+00:00
UG6ITRC3,NIDA,Boring Task / NIDA,Start-Up Costs of SBIRT Implementation for Adolescents in Urban U.S. Federally Qualified Health Centers.,Barbosa,10.15288/jsad.2018.79.447,29885153,PMC6005259,2018,Journal of studies on alcohol and drugs,6MCMAV28,e8a25f4eb2291cf2dcd2be4eeeea2d42,OK,downloaded,,,,testing,2026-08-06T22:29:20.496867+00:00
JMHPDI2R,NIDA,Boring Task / NIDA,Costs and Implementation Effectiveness of Generalist Versus Specialist Models for Adolescent Screening and Brief Intervention in Primary Care.,Barbosa,10.15288/jsad.2022.83.231,35254246,PMC8909920,2022,Journal of studies on alcohol and drugs,NU89BDMA,5fa27e3c484e6f8d15085278ce12140e,OK,downloaded,,,,testing,2026-08-06T22:29:20.921639+00:00
4IVIRBZF,NIDA,Boring Task / NIDA,Implementing integrated services in routine behavioral health care: primary outcomes from a cluster randomized controlled trial.,Assefa,10.1186/s12913-019-4624-x,31651302,PMC6814122,2019,BMC health services research,EEYU4N3Q,f5d07a4eacd5b11287dc4eef91cdb633,OK,downloaded,"2 PDF attachments, picked highest priority: Full Text PDF; Full Text PDF",,,testing,2026-08-06T22:29:21.454941+00:00
3LMFCU9V,NIDA,Boring Task / NIDA,The Feasibility of Using the National PulsePoint Cardiopulmonary Resuscitation Responder Network to Facilitate Overdose Education and Naloxone Distribution:  Protocol for a Randomized Controlled Trial.,Agley,10.2196/57280,38551636,PMC11015366,2024,JMIR research protocols,GP237QX7,174a1276b9d60586d0895d7a4a82e42e,OK,downloaded,,,,testing,2026-08-06T22:29:22.054693+00:00
QX9WUKX6,NIDCD,Boring Task / NIDCD,Telemedicine Referral to Improve Access to Specialty Care for Preschool Children in Rural Alaska: A Cluster-Randomized Controlled Trial.,Robler,10.1097/aud.0000000000001372,37226299,PMC10583927,2023,Ear and hearing,AUKZT6E4,6de3549f1be1b2e079a0486f17cd357a,OK,downloaded,,,,testing,2026-08-06T22:29:22.576807+00:00
2W5BZWB2,NIDCD,Boring Task / NIDCD,Community-based program to increase use of hearing conservation practices among farm and rural youth: a cluster randomized trial of effectiveness.,McCullagh,10.1186/s12889-020-08972-3,32493434,PMC7268739,2020,BMC public health,VQC8SDGR,c2a096ad5a623fc0f9cbcf06311d5730,OK,downloaded,,,,testing,2026-08-06T22:29:23.157878+00:00
TKX48PPJ,NIDCD,Boring Task / NIDCD,Hearing-related quality of life in children and adolescents in rural Alaska.,Hicks,10.1002/lio2.973,36846414,PMC9948564,2023,Laryngoscope investigative otolaryngology,HPCFVICY,0d116d652df135377c5bed2248f60a5f,OK,downloaded,,,,testing,2026-08-06T22:29:23.660253+00:00
QRWCUEJB,NIDCD,Boring Task / NIDCD,Environmental Factors for Hearing Loss and Middle Ear Disease in Alaska Native Children and Adolescents: A Cross-Sectional Analysis from a Cluster Randomized  Trial.,Hicks,10.1097/aud.0000000000001265,35998103,PMC9780156,2023,Ear and hearing,4N82IF7S,8ec4b163872ced07a000b14d92a97b24,OK,downloaded,,,,testing,2026-08-06T22:29:24.156840+00:00
5A9WH3WK,NIDCD,Boring Task / NIDCD,Prevalence of Childhood Hearing Loss in Rural Alaska.,Emmett,10.1097/aud.0000000000001368,37287104,PMC10426776,2023,Ear and hearing,3HAUNATD,09fe7cba0c182c2aa75f1469f11f5a3a,OK,downloaded,,,,testing,2026-08-06T22:29:24.675453+00:00
Q8KJFTBR,NIDCR; NIGMS,Boring Task / NIDCR; Boring Task / NIGMS,A power approximation for the Kenward and Roger Wald test in the linear mixed model.,Kreidler,10.1371/journal.pone.0254811,34288958,PMC8294572,2021,PloS one,V87IJ5CR,58ae8d7a6ac38d22ca755ba91f0051e6,OK,downloaded,"3 PDF attachments, picked highest priority: Full Text PDF; Full Text PDF; Full Text PDF",,,testing,2026-08-06T22:29:25.298626+00:00
RBW24G9W,NIDCR; NIMHD,Boring Task / NIDCR; Boring Task / NIMHD,Total observed caries experience: assessing the effectiveness of community-based caries prevention.,Ruff,10.1111/jphd.12284,30114726,PMC6279466,2018,Journal of public health dentistry,PKWWVUQ2,5c7cab9a403646937b7e06988923c2db,OK,downloaded,,,,testing,2026-08-06T22:29:25.917519+00:00
BN94WEGC,NIDCR,Boring Task / NIDCR,"Development and Feasibility Testing of CATCH Healthy Smiles, an Oral Health Promotion Intervention for Prevention of Dental Caries Among Elementary School  Children.",Sharma,10.1111/josh.13100,34788893,,2022,The Journal of school health,FGUH4WX5,ee6a7d440d398cebd21e6409c441d839,OK,downloaded,,,,testing,2026-08-06T22:29:26.460098+00:00
L24CZE46,NIDCR,Boring Task / NIDCR,Barriers to dental utilization among Medicaid-enrolled young children from primary care practices in Northeast Ohio.,Selvaraj,10.1111/cdoe.12964,38647184,PMC11371537,2024,Community dentistry and oral epidemiology,IZFPJLWY,1436e5a043e7913444c04f668318cf57,OK,downloaded,,,,testing,2026-08-06T22:29:27.057259+00:00
PUE5DHA2,NIDCR,Boring Task / NIDCR,Dental Caries in Medicaid-Insured Preschool Children With or Without Special Health Care Needs in Northeast Ohio.,Ronis,10.1001/jamanetworkopen.2023.0999,36853605,PMC9975899,2023,JAMA network open,VGM52EI5,5ea07223271e3b7da3bb8ca3584fe625,OK,downloaded,,,,testing,2026-08-06T22:29:27.553620+00:00
QITZ472M,NIDCR,Boring Task / NIDCR,De-Implementing Opioid Use and Implementing Optimal Pain Management Following Dental Extractions (DIODE): Protocol for a Cluster Randomized Trial.,Rindal,10.2196/24342,33843594,PMC8076983,2021,JMIR research protocols,BIW4DQ3G,c3d1267d8d34fd53ef968ef6bbbd84b2,OK,downloaded,,,,testing,2026-08-06T22:29:28.024838+00:00
WLQMK68W,NIDCR,Boring Task / NIDCR,Formative and Pilot Study for an Effectiveness-Implementation Hybrid Cluster Randomized Trial to Incorporate Oral Health Activities into Pediatric Well-Child  Visits.,Nelson,10.3390/dj8030101,32882958,PMC7559918,2020,Dentistry journal,9U6R3ES7,de44ac51912624c310bd4fc3ac923b68,OK,downloaded,,,,testing,2026-08-06T22:29:28.405962+00:00
VBI7A53P,NIDCR,Boring Task / NIDCR,Design and sample characteristics of COordinated Oral health Promotion (CO-OP) Chicago: A cluster-randomized controlled trial.,Martin,10.1016/j.cct.2019.105919,31899372,PMC7309222,2020,Contemporary clinical trials,EX88JJUR,de96dac365ea6fcf0afb291cb159254d,OK,downloaded,,,,testing,2026-08-06T22:29:29.003675+00:00
2WCRQ479,NIDCR,Boring Task / NIDCR,Formative research implications on design of a randomized controlled trial for oral health promotion in children.,Martin,10.1186/s40814-018-0344-y,30305918,PMC6171134,2018,Pilot and feasibility studies,BL763KLH,d553c8222b475a1ff3d3853311573cfb,OK,downloaded,,,,testing,2026-08-06T22:29:29.492075+00:00
4PU2K5XJ,NIDCR,Boring Task / NIDCR,Community health worker intervention to improve tooth brushing in young children: Results from a cluster randomized controlled trial.,Martin,10.1111/cdoe.12768,35766288,PMC9797618,2023,Community dentistry and oral epidemiology,5BAF5LUX,c2206aee19dda28ab2894ebacc64e4c4,OK,downloaded,,,,testing,2026-08-06T22:29:30.122783+00:00
3HNEWU2Y,NIDCR,Boring Task / NIDCR,Randomized Trial of Motivational Interviewing to Prevent Early Childhood Caries in Public Housing.,Henshaw,10.1177/2380084418794377,30238060,PMC6139579,2018,JDR clinical and translational research,BJTLIEJ8,e75afecc12d7e2b789d0c9f3610ee1a9,OK,downloaded,,,,testing,2026-08-06T22:29:30.625071+00:00
NRHYD9J5,NIDCR,Boring Task / NIDCR,"De-Implementing Opioids for Dental Extractions (DIODE): a multi-clinic, cluster-randomized trial of clinical decision support strategies in dentistry.",Gryczynski,10.1186/s13012-023-01262-7,36765414,PMC9913004,2023,Implementation science : IS,ZT2Y92G8,78fcfe323404e7c693741a9e422a3f4b,OK,downloaded,"2 PDF attachments, picked highest priority: Full Text PDF; Full Text PDF",,,testing,2026-08-06T22:29:31.141994+00:00
S55P2WES,NIDDK; NIGMS,Boring Task / NIDDK; Boring Task / NIGMS,Food Insecurity and Weight Loss in an Underserved Primary Care Population: A Post Hoc Analysis of a Cluster Randomized Trial.,Myers,10.7326/m20-6326,33683931,PMC8292163,2021,Annals of internal medicine,HWS5T6QH,990a984920684159ce2ba44e5c62626d,OK,downloaded,,,,testing,2026-08-06T22:29:31.721110+00:00
U9HFRTLS,NIDDK; NIMHD,Boring Task / NIDDK; Boring Task / NIMHD,Integrating Community Health Workers into Safety-Net Primary Care for Diabetes Prevention: Qualitative Analysis of Clinicians' Perspectives.,Gore,10.1007/s11606-019-05581-8,31848857,PMC7174477,2020,Journal of general internal medicine,VQV4FUXX,31fb0cd8700b24785e436a01864e1117,OK,downloaded,"2 PDF attachments, picked highest priority: Full Text PDF; Full Text PDF",,,testing,2026-08-06T22:29:32.179798+00:00
VQU2MLJH,NIDDK; NINR,Boring Task / NIDDK; Boring Task / NINR,Cluster randomized controlled trial of a mobile market intervention to increase fruit and vegetable intake among adults in lower-income communities in North  Carolina.,Leone,10.1186/s12966-017-0637-1,29304862,PMC5756418,2018,The international journal of behavioral nutrition and physical activity,6FKTLD75,9c305277fd75a2a26cc16b7757d3f343,OK,downloaded,,,,testing,2026-08-06T22:29:32.738313+00:00
K9WF5ZZ3,NIDDK; NINR,Boring Task / NIDDK; Boring Task / NINR,Effect of Electronic Health Record-Based Medication Support and Nurse-Led Medication Therapy Management on Hypertension and Medication Self-management: A  Randomized Clinical Trial.,Persell,10.1001/jamainternmed.2018.2372,29987324,PMC6143105,2018,JAMA internal medicine,5A4E6GVC,fac6c5ba243565c853f03192f97986d7,OK,downloaded,,,,testing,2026-08-06T22:29:33.283288+00:00
STH5NWUN,NIDDK; NINR,Boring Task / NIDDK; Boring Task / NINR,"A Cluster-Randomized Trial of a Mobile Produce Market Program in 12 Communities in North Carolina: Program Development, Methods, and Baseline Characteristics.",Leone,10.1016/j.jand.2018.04.010,29945851,PMC6309644,2019,Journal of the Academy of Nutrition and Dietetics,7KV5EC3T,032f4c3f6ce9563831526ece46500c9b,OK,downloaded,,,,testing,2026-08-06T22:29:33.775853+00:00
XS3FUSUV,NIDDK; NIMHD,Boring Task / NIDDK; Boring Task / NIMHD,"Impact of Navigators on First Visit to a Transplant Center, Waitlisting, and Kidney Transplantation: A Randomized, Controlled Trial.",Sullivan,10.2215/cjn.03100318,30135171,PMC6218827,2018,Clinical journal of the American Society of Nephrology : CJASN,CUXTSM7F,a3b60dd6ee4ac3e1165f67820c0fbf56,OK,downloaded,,,,testing,2026-08-06T22:29:34.290342+00:00
KCFTBNXD,NIDDK; NIGMS,Boring Task / NIDDK; Boring Task / NIGMS,Ambiguity in Statistical Analysis Methods and Nonconformity With Prespecified Commitment to Data Sharing in a Cluster Randomized Controlled Trial.,Jamshidi-Naeini,10.2196/54090,38568721,PMC11024742,2024,Journal of medical Internet research,IE78VDHF,0f7814e00405435df66291ad0557fee1,OK,downloaded,"3 PDF attachments, picked highest priority: Full Text; Full Text; Full Text",,,testing,2026-08-06T22:29:34.723688+00:00
3LF3TY9W,NIDDK; NINDS,Boring Task / NIDDK; Boring Task / NINDS,"Automated symptom and treatment side effect monitoring for improved quality of life among adults with diabetic peripheral neuropathy in primary care: a  pragmatic, cluster, randomized, controlled trial.",Adams,10.1111/dme.13840,30343489,PMC7236318,2019,Diabetic medicine : a journal of the British Diabetic Association,Q6LFIEUK,8a13a28a24e1d7ac8c72b5b8b9990530,OK,downloaded,,,,testing,2026-08-06T22:29:35.159092+00:00
NPU43H6S,NIDDK; NIMH,Boring Task / NIDDK; Boring Task / NIMH,The impact of basic vs. enhanced Go NAPSACC on child care centers' healthy eating and physical activity practices: protocol for a type 3 hybrid  effectiveness-implementation cluster-randomized trial.,Vaughn,10.1186/s13012-019-0949-4,31805973,PMC6896698,2019,Implementation science : IS,CG3KPBTX,a5ea9e19d6ecaea67ad217a0403db813,OK,downloaded,,,,testing,2026-08-06T22:29:35.649454+00:00
F4R8FANF,NIDDK; NIMHD,Boring Task / NIDDK; Boring Task / NIMHD,Integrating Community Health Workers' Dual Clinic-Community Role in Safety-Net Primary Care: Implementation Lessons from a Pragmatic Diabetes-Prevention Trial.,Gore,10.1007/s11606-023-08512-w,37973708,PMC11043246,2024,Journal of general internal medicine,FBDUH6EW,9d1383dcd18860332aba5f61a4142c57,OK,downloaded,,,,testing,2026-08-06T22:29:36.180053+00:00
I86X9LFA,NIDDK; NIEHS,Boring Task / NIDDK; Boring Task / NIEHS,Destination Transplant: Protocol for a Parallel-group Randomized Trial of an Educational Intervention to Increase Kidney Transplant Among Black People on the  Transplant Waiting List.,Weng,10.1097/txd.0000000000001136,33748412,PMC7969245,2021,Transplantation direct,NXBJPBRG,1278257a1f1bb208eb887351423dcec2,OK,downloaded,,,,testing,2026-08-06T22:29:36.687023+00:00
VY5CJIS9,NIDDK; NIGMS,Boring Task / NIDDK; Boring Task / NIGMS,The Families and Schools for Health Project: A Longitudinal Cluster Randomized Controlled Trial Targeting Children with Overweight and Obesity.,Topham,10.3390/ijerph18168744,34444492,PMC8393339,2021,International journal of environmental research and public health,EMAIEMKG,479d91a896d410b7b5cb98cddb272253,OK,downloaded,,,,testing,2026-08-06T22:29:37.159896+00:00
XL7X4Q6K,NIDDK; NIMH; NIMHD,Boring Task / NIDDK; Boring Task / NIMH; Boring Task / NIMHD,Moderators and mediators of a digital cognitive behavior therapy-guided self-help intervention for eating disorders: Informing future design efforts.,Graham,10.1037/ccp0000786,36634022,PMC10198808,2023,Journal of consulting and clinical psychology,LT2E36UD,0d936a3a73038574e4e8dec19fbd4301,OK,downloaded,,,,testing,2026-08-06T22:29:37.632169+00:00
JE4PYC4G,NIDDK; NIGMS; NIMHD,Boring Task / NIDDK; Boring Task / NIGMS; Boring Task / NIMHD,Mediators of weight change in underserved patients with obesity: exploratory analyses from the Promoting Successful Weight Loss in Primary Care in Louisiana  (PROPEL) cluster-randomized trial.,Dorling,10.1093/ajcn/nqac179,35762659,PMC9535544,2022,The American journal of clinical nutrition,4IQFJR8K,3c7e574d3c7ad931ab2cdd85695d1e7e,OK,downloaded,,,,testing,2026-08-06T22:29:38.082492+00:00
KGUIQV5I,NIDDK; NIGMS,Boring Task / NIDDK; Boring Task / NIGMS,Effects of a 2-Year Primary Care Lifestyle Intervention on Cardiometabolic Risk Factors: A Cluster-Randomized Trial.,Höchsmann,10.1161/circulationaha.120.051328,33557578,PMC7987882,2021,Circulation,74W9XQ8X,9e7dd8543aca00ab1d31d2da15031fa8,OK,downloaded,,,,testing,2026-08-06T22:29:38.624213+00:00
XTDW973M,NIDDK; NIGMS,Boring Task / NIDDK; Boring Task / NIGMS,Weight loss in primary care: A pooled analysis of two pragmatic cluster-randomized trials.,Katzmarzyk,10.1002/oby.23292,34714976,PMC9520994,2021,"Obesity (Silver Spring, Md.)",AEG2AXQC,9bba3bee3bdbf768dfe5f2a92de31811,OK,downloaded,,,,testing,2026-08-06T22:29:39.218909+00:00
TCS56FZY,NIDDK; NIMH,Boring Task / NIDDK; Boring Task / NIMH,Training Models for Implementing Evidence-Based Psychological Treatment: A Cluster-Randomized Trial in College Counseling Centers.,Wilfley,10.1001/jamapsychiatry.2019.3483,31693069,PMC6865264,2020,JAMA psychiatry,KBHX8HJP,40f3ef036b3988724796651c00bb4391,OK,downloaded,,,,testing,2026-08-06T22:29:39.672367+00:00
LY6ZS5D5,NIDDK; NIMHD,Boring Task / NIDDK; Boring Task / NIMHD,Racial and Ethnic Disparities in Diabetes Prevention Outcomes: Insights from the Prediabetes Informed Decisions and Education Study.,Castellon-Lopez,10.1089/heq.2023.0186,40129449,PMC11406154,2024,Health equity,3AIEHA45,58721db18dee3f6aba6a6bede5168fac,OK,downloaded,,,,testing,2026-08-06T22:29:40.131826+00:00
K3SDIB4E,NIDDK; NIGMS,Boring Task / NIDDK; Boring Task / NIGMS,"Implementation fidelity, attitudes, and influence: a novel approach to classifying implementer behavior.",Swindle,10.1186/s43058-022-00307-0,35668517,PMC9171954,2022,Implementation science communications,JLGFI9A9,a70dd012fb68cab324f939892e7bd4fa,OK,downloaded,,,,testing,2026-08-06T22:29:40.871233+00:00
I4X29GS5,NIDDK; NIGMS,Boring Task / NIDDK; Boring Task / NIGMS,Dietary intake during a pragmatic cluster-randomized weight loss trial in an underserved population in primary care.,Apolzan,10.1186/s12937-023-00864-7,37528391,PMC10394871,2023,Nutrition journal,2Q44JP45,119d79621f66afe4694d36d7e3d0ed12,OK,downloaded,"2 PDF attachments, picked highest priority: Full Text PDF; Full Text PDF",,,testing,2026-08-06T22:29:41.463831+00:00
CZXHZ5F2,NIDDK; NIMH,Boring Task / NIDDK; Boring Task / NIMH,Maintenance of Training Effects of Two Models for Implementing Evidence-Based Psychological Treatment.,Fitzsimmons-Craft,10.1176/appi.ps.202000702,34189934,PMC8941627,2021,"Psychiatric services (Washington, D.C.)",4RBMRQ55,df9347d2c889cac85f74eb1c3499c1d7,OK,downloaded,,,,testing,2026-08-06T22:29:42.072494+00:00
E59V2UET,NIDDK; NIGMS,Boring Task / NIDDK; Boring Task / NIGMS,Physical activity and weight loss in a pragmatic weight loss trial.,Katzmarzyk,10.1038/s41366-023-01260-1,36702913,PMC11079994,2023,International journal of obesity (2005),V8WPNCVK,c00409880eafccad6c783849ccb92758,OK,downloaded,,,,testing,2026-08-06T22:29:42.550352+00:00
2MX6BZR5,NIDDK; NIGMS,Boring Task / NIDDK; Boring Task / NIGMS,Weight Loss in Underserved Patients - A Cluster-Randomized Trial.,Katzmarzyk,10.1056/nejmoa2007448,32877581,PMC7493523,2020,The New England journal of medicine,45MCD4VW,ab37abe8175f6a8577d63e92a9924852,OK,downloaded,,,,testing,2026-08-06T22:29:43.041979+00:00
4D7EX7WA,NIDDK; NIMHD,Boring Task / NIDDK; Boring Task / NIMHD,Social support and breast cancer screening in rural Appalachia.,Smalls,10.1002/pon.4828,29956391,PMC8015397,2018,Psycho-oncology,2MG2JFWH,e5732e673787e065d187b7505b43e157,OK,downloaded,,,,testing,2026-08-06T22:29:43.594429+00:00
XGJ6Z38W,NIDDK; NIGMS,Boring Task / NIDDK; Boring Task / NIGMS,A practical decision tree to support editorial adjudication of submitted parallel cluster randomized controlled trials.,Jamshidi-Naeini,10.1002/oby.23373,35195364,PMC9203170,2022,"Obesity (Silver Spring, Md.)",4WQA8B48,b91f66d91ee83db26fb40a79909b3eb1,OK,downloaded,,,,testing,2026-08-06T22:29:44.161238+00:00
6YWKB4HM,NIDDK,Boring Task / NIDDK,"Study protocol for a cluster randomized controlled trial to test ""¡Míranos! Look at Us, We Are Healthy!"" - an early childhood obesity prevention program.",Yin,10.1186/s12887-019-1541-4,31179916,PMC6556954,2019,BMC pediatrics,P7SGTYMF,7bffb30a20293d83f4f3a1cade095df8,OK,downloaded,,,,testing,2026-08-06T22:29:44.754620+00:00
PVTH3F4Y,NIDDK,Boring Task / NIDDK,In the Know: A Cluster Randomized Trial of an In-person Sexual Health Education Program Integrating Digital Technologies for Adolescents.,Yarger,10.1016/j.jadohealth.2023.12.012,38323966,PMC11218833,2024,The Journal of adolescent health : official publication of the Society for Adolescent Medicine,MMA8R8NY,6d028c4e631c01dbbe2cf885e1045ca8,OK,downloaded,,,,testing,2026-08-06T22:29:45.322328+00:00
2QNELAPY,NIDDK,Boring Task / NIDDK,"""My wellbeing-their wellbeing ""- An eHealth intervention for managing obesity in early care and education: Protocol for the Go NAPSACC Cares cluster randomized  control trial.",Willis,10.1371/journal.pone.0286912,37418363,PMC10328321,2023,PloS one,V6YT33AC,1c549adb3896f0f4cab65d04c7c931c4,OK,downloaded,,,,testing,2026-08-06T22:29:45.850047+00:00
9XYZI3GY,NIDDK,Boring Task / NIDDK,Reaching high-risk Black adults for diabetes prevention programming during a pandemic: The design of Fit & Faithful a randomized controlled community trial.,Williams,10.1016/j.cct.2022.106973,36334705,PMC10155857,2022,Contemporary clinical trials,8I2KDZ6M,ce24a59c6639dccffdcd9bd3175f8a3a,OK,downloaded,,,,testing,2026-08-06T22:29:46.327988+00:00
IYEXMNQX,NIDDK,Boring Task / NIDDK,Once-Weekly Semaglutide in Adolescents with Obesity.,Weghuber,10.1056/nejmoa2208601,36322838,PMC9997064,2022,The New England journal of medicine,LEWYGEL8,7ec3c4741b60c53aa6fb10aaf6ed031f,OK,downloaded,,,,testing,2026-08-06T22:29:46.836981+00:00
3BRBKRE4,NIDDK,Boring Task / NIDDK,"Workplace health and safety intervention for child care staff: Rationale, design, and baseline results from the CARE cluster randomized control trial.",Ward,10.1016/j.cct.2018.02.018,29501740,PMC5944351,2018,Contemporary clinical trials,PKDHAUU2,e99d46d7ea15be5313cfe0a95bb67a36,OK,downloaded,,,,testing,2026-08-06T22:29:47.316781+00:00
VH6KS89D,NIDDK,Boring Task / NIDDK,Keys to healthy family child care homes: Results from a cluster randomized trial.,Ward,10.1016/j.ypmed.2019.105974,31899253,PMC8091030,2020,Preventive medicine,ZXVGPIM9,d2e667ab4adde6290a49a590d1bcdbaf,OK,downloaded,,,,testing,2026-08-06T22:29:47.809417+00:00
3GD35SCN,NIDDK,Boring Task / NIDDK,A youth empowerment intervention to prevent childhood obesity: design and methods for a cluster randomized trial of the H(2)GO! program.,Wang,10.1186/s12889-021-11660-5,34525990,PMC8441230,2021,BMC public health,4TBFF588,bca5d8edd03762bc50378a3fafe07dc8,OK,downloaded,,,,testing,2026-08-06T22:29:48.329542+00:00
23BCYRBE,NIDDK,Boring Task / NIDDK,Reducing sugary drink intake through youth empowerment: results from a pilot-site randomized study.,Wang,10.1186/s12966-019-0819-0,31362753,PMC6668134,2019,The international journal of behavioral nutrition and physical activity,EA2LRIGY,ab3de55bdbaa841ce262fcea44c7336d,OK,downloaded,,,,testing,2026-08-06T22:29:48.936255+00:00
VKBHPHBC,NIDDK,Boring Task / NIDDK,The cost-effectiveness of community health workers delivering free diarrhoea treatment: evidence from Uganda.,Wagner,10.1093/heapol/czab120,34698342,PMC8757489,2022,Health policy and planning,44JR442I,bc3e6c49cc90b6ca9e23faf5e0f3ad15,OK,downloaded,,,,testing,2026-08-06T22:29:49.476574+00:00
UVAC9R9W,NIDDK,Boring Task / NIDDK,Prompting Patients with Poorly Controlled Diabetes to Identify Visit Priorities Before Primary Care Visits: a Pragmatic Cluster Randomized Trial.,Vo,10.1007/s11606-018-4756-4,30746642,PMC6544732,2019,Journal of general internal medicine,E9I3KZGC,2694b21ee37cc79f9fe1cf90ec29d791,OK,downloaded,,,,testing,2026-08-06T22:29:49.980494+00:00
2QVEH4DA,NIDDK,Boring Task / NIDDK,"Developing an evidence-based program sustainability training curriculum: a group randomized, multi-phase approach.",Vitale,10.1186/s13012-018-0819-5,30257695,PMC6158899,2018,Implementation science : IS,ASL25WSU,141b9770dd594f965e8a37f3d2ae1c20,OK,downloaded,,,,testing,2026-08-06T22:29:50.421406+00:00
CLPMXINX,NIDDK,Boring Task / NIDDK,Enhancing the Cardiovascular Safety of Hemodialysis Care Using Multimodal Provider Education and Patient Activation Interventions: Protocol for a Cluster  Randomized Controlled Trial.,Veinot,10.2196/46187,37079365,PMC10160944,2023,JMIR research protocols,XD6FHBNP,bfbea847cb790963f259a5cb5439fb46,OK,downloaded,,,,testing,2026-08-06T22:29:50.920914+00:00
6AUXHCLQ,NIDDK,Boring Task / NIDDK,"Evaluating a child care-based social marketing approach for improving children's diet and physical activity: results from the Healthy Me, Healthy We  cluster-randomized controlled trial.",Vaughn,10.1093/tbm/ibaa113,33231679,PMC8033596,2021,Translational behavioral medicine,U7DSZ2MQ,46ecaab0e749209ba022173fa2f6f57d,OK,downloaded,,,,testing,2026-08-06T22:29:51.429324+00:00
XXBP4QEU,NIDDK,Boring Task / NIDDK,A randomized double-blind trial of clonidine and colesevelam for women with fecal incontinence.,Varma,10.1111/nmo.14697,37890049,PMC10842236,2024,Neurogastroenterology and motility,ER2XSUC5,47b97303e48a20430243c4c27e607a70,OK,downloaded,,,,testing,2026-08-06T22:29:51.911308+00:00
IA8B39HJ,NIDDK,Boring Task / NIDDK,The impact of avocado intake on anthropometric measures among Hispanic/Latino children and adolescents: A cluster randomized controlled trial.,VanEvery,10.1016/j.clnesp.2023.04.020,37344091,,2023,Clinical nutrition ESPEN,9CRP2ZQX,f9970e3ee4aa676e49bf8eeedc9472cb,OK,downloaded,,,,testing,2026-08-06T22:29:52.539215+00:00
6T44GULY,NIDDK,Boring Task / NIDDK,"Design and rationale of behavioral nudges for diabetes prevention (BEGIN): A pragmatic, cluster randomized trial of text messaging and a decision aid  intervention for primary care patients with prediabetes.",Vargas,10.1016/j.cct.2023.107216,37169219,PMC10330561,2023,Contemporary clinical trials,9NQR6EAA,709ed373ac5f5917d1a391b8f2b70ad3,OK,downloaded,,,,testing,2026-08-06T22:29:53.081168+00:00
4842MXRJ,NIDDK,Boring Task / NIDDK,Nutritional Quality of Meals and Snacks Served and Consumed in Family Child Care.,Tovar,10.1016/j.jand.2018.08.154,30497638,PMC6365002,2018,Journal of the Academy of Nutrition and Dietetics,VU395BMA,92f7c0fd693c0392498c821c49055f72,OK,downloaded,,,,testing,2026-08-06T22:29:53.847937+00:00
ZG7UY28U,NIDDK,Boring Task / NIDDK,A cluster-randomized controlled trial of automated internet weight-loss programs in primary care: Role of automated provider feedback.,Tate,10.1002/oby.23506,36416000,PMC9912959,2022,"Obesity (Silver Spring, Md.)",KMN54387,45ff5171b55b3e1bdfdd7f89f3aada47,OK,downloaded,,,,testing,2026-08-06T22:29:54.374208+00:00
H2Q26QRZ,NIDDK,Boring Task / NIDDK,Social Determinants of Health Discussed with Mothers During Personal Visits Before and During the COVID-19 Pandemic.,Tabak,10.1089/heq.2020.0140,34909520,PMC8665790,2021,Health equity,YT4PG39T,f3739e08c7c33d85e889a82381948985,OK,downloaded,,,,testing,2026-08-06T22:29:55.011777+00:00
RU6SUGKN,NIDDK,Boring Task / NIDDK,Use of a Decision Aid for Patients Considering Peritoneal Dialysis and In-Center Hemodialysis: A Randomized Controlled Trial.,Subramanian,10.1053/j.ajkd.2019.01.030,30954312,,2019,American journal of kidney diseases : the official journal of the National Kidney Foundation,8P3XFG7H,f48dd17c06382ce104dbf563527e81e3,OK,downloaded,,,,testing,2026-08-06T22:29:55.477869+00:00
8AYDILPI,NIDDK,Boring Task / NIDDK,Design of a randomized trial testing a multi-level weight-control intervention to reduce obesity and related health conditions in low-income workers.,Stein,10.1016/j.cct.2019.01.011,30664943,PMC6521952,2019,Contemporary clinical trials,AF8UZ7KS,76616a531a892f0d36786d9e120ee419,OK,downloaded,,,,testing,2026-08-06T22:29:55.936871+00:00
IAR8JTC6,NIDDK,Boring Task / NIDDK,A CKD Clinical Decision Support System: A Cluster Randomized Clinical Trial in Primary Care Clinics.,Sperl-Hillen,10.1016/j.xkme.2023.100777,38435072,PMC10906435,2024,Kidney medicine,8D4ZNMMU,b7bd6e893ca31821045dfe3b64a6c764,OK,downloaded,,,,testing,2026-08-06T22:29:56.423638+00:00
24NP2GPC,NIDDK,Boring Task / NIDDK,Building Blocks for Healthy Children: Evaluation of a Child Care Center-Based Obesity Prevention Pilot Among Low-Income Children.,Schuler,10.1016/j.jneb.2019.04.017,31229396,PMC6736706,2019,Journal of nutrition education and behavior,9S5KK6VI,fda4762685ec3c85704ff0149bb45770,OK,downloaded,,,,testing,2026-08-06T22:29:56.984204+00:00
Y9GMXF6J,NIDDK,Boring Task / NIDDK,"Are evidence-based, community-engaged energy balance interventions enough for extremely vulnerable populations?",Schoenberg,10.1093/tbm/ibx013,29351650,PMC6128962,2018,Translational behavioral medicine,K7D45X2T,1afcc5423bc1f58b52db17458223c1d8,OK,downloaded,,,,testing,2026-08-06T22:29:57.493718+00:00
DFCSUHLD,NIDDK,Boring Task / NIDDK,Low-Intensity Intervention Supports Diabetes Registry Implementation: A Cluster-Randomized Trial in the Ambulatory Care Outcomes Research Network  (ACORN).,Sabo,10.3122/jabfm.2020.05.190455,32989067,,2020,Journal of the American Board of Family Medicine : JABFM,II4GKIG3,0caf41382168df4daae32a353110c6c7,OK,downloaded,,,,testing,2026-08-06T22:29:57.943299+00:00
6Q72BSA3,NIDDK,Boring Task / NIDDK,Portion size can be used strategically to increase intake of vegetables and fruits in young children over multiple days: a cluster-randomized crossover  trial.,Roe,10.1093/ajcn/nqab321,34550306,PMC8755102,2022,The American journal of clinical nutrition,UZRGB5CP,260360e19dfbc230a00432e48e96c9e9,OK,downloaded,,,,testing,2026-08-06T22:29:58.371073+00:00
EJBEAXBJ,NIDDK,Boring Task / NIDDK,Design of a cluster-randomized trial of the effectiveness and cost-effectiveness of metformin on prevention of type 2 diabetes among prediabetic Mexican adults  (the PRuDENTE initiative of Mexico City).,Rodríguez,10.1016/j.cct.2020.106067,32580032,PMC7484103,2020,Contemporary clinical trials,SGZUGIPT,7c078e466ab3079af7e8a306664d0ad8,OK,downloaded,,,,testing,2026-08-06T22:29:58.899776+00:00
CM3NFQQ4,NIDDK,Boring Task / NIDDK,Engagement and Weight Loss in a Web and Mobile Program for Low-Income Postpartum Women: Fit Moms/Mamás Activas.,Power,10.1177/1090198119873915,31742447,,2019,Health education & behavior : the official publication of the Society for Public Health Education,EYKCZNFW,24df9e5d39506e27521017e5aeb8ad77,OK,downloaded,,,,testing,2026-08-06T22:29:59.427716+00:00
3UHZZJXT,NIDDK,Boring Task / NIDDK,Screening for CKD To Improve Processes of Care among Nondiabetic Veterans with Hypertension: A Pragmatic Cluster-Randomized Trial.,Peralta,10.2215/cjn.05050419,32034070,PMC7015085,2020,Clinical journal of the American Society of Nephrology : CJASN,65ZWDXH9,a6f719fe638c524ac34b4cc195b8e4d6,OK,downloaded,,,,testing,2026-08-06T22:29:59.939258+00:00
RCP7XSIQ,NIDDK,Boring Task / NIDDK,Effect of Time-Restricted Eating on Weight Loss in Adults With Type 2 Diabetes: A Randomized Clinical Trial.,Pavlou,10.1001/jamanetworkopen.2023.39337,37889487,PMC10611992,2023,JAMA network open,RBK36CVC,26985b727b79004bf073f12328f75d3f,OK,downloaded,,,,testing,2026-08-06T22:30:00.428570+00:00
N3LGTHJT,NIDDK,Boring Task / NIDDK,Coordinated Care to Optimize Cardiovascular Preventive Therapies in Type 2 Diabetes: A Randomized Clinical Trial.,Pagidipati,10.1001/jama.2023.2854,36877177,PMC9989955,2023,JAMA,GVH2K9WH,ec2479082d61b3019cd7f1dec3c4bdfc,OK,downloaded,,,,testing,2026-08-06T22:30:00.881961+00:00
TEFXU38J,NIDDK,Boring Task / NIDDK,Effects of Different Allotments of Avocados on the Nutritional Status of Families: A Cluster Randomized Controlled Trial.,Pacheco,10.3390/nu13114021,34836276,PMC8623192,2021,Nutrients,F368789W,604c10d141dc2b50c42aeec54b4fa074,OK,downloaded,,,,testing,2026-08-06T22:30:01.380974+00:00
EMLAU9R2,NIDDK,Boring Task / NIDDK,Improving diabetic patients' adherence to treatment and prevention of cardiovascular disease (Office Guidelines Applied to Practice-IMPACT Study)-a  cluster randomized controlled effectiveness trial.,Olomu,10.1186/s13063-022-06581-6,35971135,PMC9376908,2022,Trials,LD5AMXRM,469626e09e727baba0edbdda0a299296,OK,downloaded,,,,testing,2026-08-06T22:30:01.831724+00:00
8D9X8CKG,NIDDK,Boring Task / NIDDK,Adapting in-person diabetes group visits to a virtual setting across federally qualified health centers.,Nuñez,10.3389/frhs.2022.961073,36925842,PMC10012803,2022,Frontiers in health services,LLU9Y8RW,e7f33c9118b509f4a2a2c20e6b1e9440,OK,downloaded,,,,testing,2026-08-06T22:30:02.438127+00:00
MIT4U4YT,NIDDK,Boring Task / NIDDK,An Implementation Approach Comparison of a Child Care Center-Based Obesity Prevention Program.,Natale,10.1097/dbp.0000000000000861,32947578,PMC9336224,2021,Journal of developmental and behavioral pediatrics : JDBP,ENEMEQNE,e9bb2e7e7f7d6133f4c03b0db550cb55,OK,downloaded,,,,testing,2026-08-06T22:30:02.945289+00:00
49U4IZAV,NIDDK,Boring Task / NIDDK,Factors related to recruitment and retention of patients into diabetes group visits in Federally Qualified Health Centers.,Naik,10.1111/jep.13746,35971210,PMC10086856,2023,Journal of evaluation in clinical practice,HNIX3SQ3,e1041f42fcdca3ee2c35884106feb443,OK,downloaded,,,,testing,2026-08-06T22:30:03.352021+00:00
ZBADI59C,NIDDK,Boring Task / NIDDK,The Impact of a Healthy Weight Intervention Embedded in a Home-Visiting Program on Children's Weight and Mothers' Feeding Practices.,Morshed,10.1016/j.jneb.2018.09.001,30385250,PMC6392451,2019,Journal of nutrition education and behavior,I87IXP35,eb94968e8d9d99e8009b1294c115d564,OK,downloaded,,,,testing,2026-08-06T22:30:03.923445+00:00
SCUD3NQX,NIDDK,Boring Task / NIDDK,Action planning for building public health program sustainability: results from a group-randomized trial.,Moreland-Russell,10.1186/s13012-024-01340-4,38308331,PMC10835962,2024,Implementation science : IS,PJ5GPRH2,8f624f855525785b413d3c2334d79ff6,OK,downloaded,,,,testing,2026-08-06T22:30:04.465811+00:00
96PZQHL7,NIDDK,Boring Task / NIDDK,Psychological and behavioral pathways between perceived stress and weight change in a behavioral weight loss intervention.,Molina,10.1007/s10865-021-00231-z,34003418,PMC9105808,2021,Journal of behavioral medicine,FU2MZI3F,0fa6c9015179b4ad4a0e3829bcb97a3d,OK,downloaded,,,,testing,2026-08-06T22:30:05.047206+00:00
Y4TIZ5PA,NIDDK,Boring Task / NIDDK,"Percent Fat Mass Increases with Recovery, But Does Not Vary According to Dietary Therapy in Young Malian Children Treated for Moderate Acute Malnutrition.",McDonald,10.1093/jn/nxz037,30968123,PMC6543204,2019,The Journal of nutrition,5CC7V89G,655a79692c33aba3887870717fd011b6,OK,downloaded,,,,testing,2026-08-06T22:30:05.534756+00:00
N8PF2TXU,NIDDK,Boring Task / NIDDK,Rationale and design of a type 2 diabetes prevention intervention for at-risk mothers and children at a Federally Qualified Healthcare Center: EPIC El Rio  Families Study Protocol.,Marrero,10.1186/s12889-021-10392-w,33579240,PMC7881686,2021,BMC public health,EPAEAKNL,ae5aeefb7fb7de84130be41c8c17f152,OK,downloaded,,,,testing,2026-08-06T22:30:06.099223+00:00
5266YCKT,NIDDK,Boring Task / NIDDK,Long-term Outcomes of the Effects of Home Blood Pressure Telemonitoring and Pharmacist Management on Blood Pressure Among Adults With Uncontrolled  Hypertension: Follow-up of a Cluster Randomized Clinical Trial.,Margolis,10.1001/jamanetworkopen.2018.1617,30646139,PMC6324502,2018,JAMA network open,E5STVGHX,1b13d71b7d1cd6701b50463782407d63,OK,downloaded,,,,testing,2026-08-06T22:30:06.617388+00:00
3H3GT54W,NIDDK,Boring Task / NIDDK,Efficacy of an Enhanced Implementation Strategy to Increase Parent Engagement with a Health Promotion Program in Childcare.,Luecking,10.3390/ijerph19010106,35010364,PMC8750233,2021,International journal of environmental research and public health,VF24IVKZ,5e270221c8b764490fd569653059a9ae,OK,downloaded,,,,testing,2026-08-06T22:30:07.140426+00:00
HNTHNNPQ,NIDDK,Boring Task / NIDDK,Contributions of Early Care and Education Programs to Diet Quality in Children Aged 3 to 4 Years in Central North Carolina.,Luecking,10.1016/j.jand.2019.09.018,31831384,PMC7062230,2020,Journal of the Academy of Nutrition and Dietetics,BX8N65HF,b571432a01d60b28f361a7d1dad3c4a3,OK,downloaded,,,,testing,2026-08-06T22:30:07.707768+00:00
VPQSSR4T,NIDDK,Boring Task / NIDDK,Recruiting primary care practices for practice-based research: a case study of a group-randomized study (TRANSLATE CKD) recruitment process.,Loskutova,10.1093/fampra/cmx064,28985294,PMC6454459,2018,Family practice,QI7PU8FP,39da6c7c187ead3def294274a2bbb940,OK,downloaded,,,,testing,2026-08-06T22:30:08.189998+00:00
9YMKFR95,NIDDK,Boring Task / NIDDK,Translating CKD Research into Primary Care Practice: a Group-Randomized Study.,Litvin,10.1007/s11606-019-05353-4,31823314,PMC7210359,2020,Journal of general internal medicine,AW87R34Z,12876622295a390bc3183b4b48c190ce,OK,downloaded,,,,testing,2026-08-06T22:30:08.708550+00:00
8QE3UFRY,NIDDK,Boring Task / NIDDK,"Financial incentives versus standard of care to improve patient compliance with live kidney donor follow-up: protocol for a multi-center, parallel-group  randomized controlled trial.",Levan,10.1186/s12882-020-02117-9,33167882,PMC7654057,2020,BMC nephrology,GJDLZSYC,55d9106d94ea9ff99d65419d6abc3b4e,OK,downloaded,,,,testing,2026-08-06T22:30:09.202751+00:00
5VYK75CC,NIDDK,Boring Task / NIDDK,"Individually randomized trial mislabeled as a cluster-randomized trial. Comment on: ""Effectiveness of wearable technology to optimize youth soccer players'  off-training behaviour and training responses: a cluster-randomized trial"".",Leite,10.1080/24733938.2023.2190998,36914960,PMC10551047,2024,Science & medicine in football,5MQ7TJEZ,517c06d9729e3abeb5b4dd0ea919cbd9,OK,downloaded,,,,testing,2026-08-06T22:30:09.757295+00:00
3TX27AJH,NIDDK,Boring Task / NIDDK,Cultivating Innovative Pragmatic Cluster-Randomized Registry Trials Embedded in Hemodialysis Care: Workshop Proceedings From 2018.,Lee,10.1177/2054358119894394,31903190,PMC6933546,2019,Canadian journal of kidney health and disease,EJUHCD6F,5f97a0269c2f0a409004f2a6377c3335,OK,downloaded,,,,testing,2026-08-06T22:30:10.186777+00:00
LUEAN8WC,NIDDK,Boring Task / NIDDK,A randomized trial of a multi-level intervention to increase water access and appeal in community recreation centers.,Lawman,10.1016/j.cct.2019.02.003,30771559,PMC6499604,2019,Contemporary clinical trials,BB8CM4U4,7a2d57dbae4f51272328924f1469c0bc,OK,downloaded,,,,testing,2026-08-06T22:30:10.760823+00:00
CYS4GPW2,NIDDK,Boring Task / NIDDK,"""Wellness Champions for Change,"" a multi-level intervention to improve school-level implementation of local wellness policies: Study protocol for a  cluster randomized trial.",Lane,10.1016/j.cct.2018.10.008,30342257,PMC6594543,2018,Contemporary clinical trials,48F36HM7,792e21e7e1fa3063bb370dd331e66d67,OK,downloaded,,,,testing,2026-08-06T22:30:11.234811+00:00
8HDDNJTI,NIDDK,Boring Task / NIDDK,"A Pragmatic Cluster Randomized Trial of an Electronic Clinical Decision Support System to Improve Chronic Kidney Disease Management in Primary Care: Design,  Rationale, and Implementation Experience.",Khoong,10.2196/14022,31199334,PMC6594214,2019,JMIR research protocols,5USITI7Y,639581abe0bab85db1195b4924c58744,OK,downloaded,"2 PDF attachments, picked highest priority: Full Text; Full Text",,,testing,2026-08-06T22:30:12.026673+00:00
PNLNIYEE,NIDDK,Boring Task / NIDDK,Peer Support Intervention Improves Pain-Related Outcomes Among Rural Adults With Diabetes and Chronic Pain at 12-Month Follow-Up.,Khodneva,10.1111/jrh.12422,32124499,PMC9724177,2021,The Journal of rural health : official journal of the American Rural Health Association and the National Rural Health Care Association,RJAPA3H2,c9eaff9fd13a87eeefab61f40ff0c8c3,OK,downloaded,,,,testing,2026-08-06T22:30:12.565320+00:00
B57IHJD4,NIDDK,Boring Task / NIDDK,Electronic health record based population health management to optimize care in CKD: Design of the Kidney Coordinated HeAlth Management Partnership (K-CHAMP)  trial.,Jhamb,10.1016/j.cct.2023.107269,37348600,PMC10529809,2023,Contemporary clinical trials,9KXBJC5I,63d2f5ae1c4bb44fd9db69af8c0a76ee,OK,downloaded,,,,testing,2026-08-06T22:30:13.097874+00:00
TJZUG3NE,NIDDK,Boring Task / NIDDK,Protocol for the CHORD project (community health outreach to reduce diabetes): a cluster-randomized community health worker trial to prevent diabetes.,Islam,10.1186/s12889-018-5419-4,29673333,PMC5909211,2018,BMC public health,IQCLL6TY,3417c5a0a6705cc1e2a848a9a3929131,OK,downloaded,"2 PDF attachments, picked highest priority: Full Text PDF; Full Text PDF",,,testing,2026-08-06T22:30:13.643450+00:00
CMPRYFNK,NIDDK,Boring Task / NIDDK,"Cost-effectiveness analysis of a cluster-randomized, culturally tailored, community health worker home-visiting diabetes intervention versus standard care  in American Samoa.",Huang,10.1186/s12960-019-0356-6,30836964,PMC6402127,2019,Human resources for health,NX2YSS86,3c2ab6d94fff994a7ffb96ecbd266de4,OK,downloaded,"2 PDF attachments, picked highest priority: Full Text PDF; Full Text PDF",,,testing,2026-08-06T22:30:14.266629+00:00
ZHDC4FUP,NIDDK,Boring Task / NIDDK,Modeling approaches for assessing device-based measures of energy expenditure in school-based studies of body weight status.,Honvoh,10.3389/fams.2024.1399426,40034238,PMC11874168,2024,Frontiers in applied mathematics and statistics,7ZDLLCYW,95aba4b0fbbc770d28a7dc6fefe6f8e3,OK,downloaded,"2 PDF attachments, picked highest priority: Full Text PDF; Full Text PDF",,,testing,2026-08-06T22:30:14.764294+00:00
CLBTRHLY,NIDDK,Boring Task / NIDDK,Feasibility and Acceptability of a Type 2 Diabetes Prevention Intervention for Mothers and Children at a Federally Qualified Healthcare Center.,Hingle,10.1177/21501327211057643,34866483,PMC8652912,2021,Journal of primary care & community health,CD98ZL32,10470a81f4f0fd9e63646093e6708de8,OK,downloaded,,,,testing,2026-08-06T22:30:15.278356+00:00
LEKWLCQE,NIDDK,Boring Task / NIDDK,"A Randomized, Controlled Trial of the Impact of the Couple CARE for Parents of Newborns Program on the Prevention of Intimate Partner Violence and Relationship  Problems.",Heyman,10.1007/s11121-018-0961-y,30535623,PMC7193942,2019,Prevention science : the official journal of the Society for Prevention Research,U8PS2WII,95abfc88ea0db45c189ccbd4a269cc11,OK,downloaded,,,,testing,2026-08-06T22:30:15.770823+00:00
QL8RC7HH,NIDDK,Boring Task / NIDDK,The impact of enhancing self-management support for diabetes in Community Health Centers through patient engagement and relationship building: a primary care  pragmatic cluster-randomized trial.,Hessler,10.1093/tbm/ibac046,36205473,PMC9540970,2022,Translational behavioral medicine,5I2X9Z2I,f1454dec9a72b39a77612a4d19a9982c,OK,downloaded,,,,testing,2026-08-06T22:30:16.285762+00:00
CZNL5N7R,NIDDK,Boring Task / NIDDK,Evaluating the Effectiveness of Diabetes Shared Medical Appointments (SMAs) as Implemented in Five Veterans Affairs Health Systems: a Multi-site Cluster  Randomized Pragmatic Trial.,Heisler,10.1007/s11606-020-06570-y,33532956,PMC8175536,2021,Journal of general internal medicine,ILFMKPHP,34893ddfb717256b7ddccf79d82008cf,OK,downloaded,"2 PDF attachments, picked highest priority: Full Text PDF; Full Text PDF",,,testing,2026-08-06T22:30:16.781524+00:00
RBYXCK48,NIDDK,Boring Task / NIDDK,Implementation fidelity to a behavioral diabetes prevention intervention in two New York City safety net primary care practices.,Gupta,10.1186/s12889-023-15477-2,36978071,PMC10045092,2023,BMC public health,KDDBCUKM,b48d8dc1ced4fcb224e35a53ab1f504e,OK,downloaded,,,,testing,2026-08-06T22:30:17.331567+00:00
9CXFBLKJ,NIDDK,Boring Task / NIDDK,Indirect Effects of a Cognitive-Behavioral Intervention on Adolescent Weight and Insulin Resistance Through Decreasing Depression in a Randomized Controlled  Trial.,Gulley,10.1093/jpepsy/jsz064,31393981,PMC6823102,2019,Journal of pediatric psychology,336H9I94,5fbbab42d20e1207e74844d16e4dc0c0,OK,downloaded,,,,testing,2026-08-06T22:30:17.839127+00:00
FUFP3JNL,NIDDK,Boring Task / NIDDK,Visit Planning Using a Waiting Room Health IT Tool: The Aligning Patients and Providers Randomized Controlled Trial.,Grant,10.1370/afm.2352,30858257,PMC6411400,2019,Annals of family medicine,VFLSJB8R,3d1c27a36aea7cd05fbf9e1783ea62e9,OK,downloaded,"2 PDF attachments, picked highest priority: Full Text PDF; Full Text PDF",,,testing,2026-08-06T22:30:18.352877+00:00
7D4LSQQL,NIDDK,Boring Task / NIDDK,Incorrect Analyses of Cluster-Randomized Trials that Do Not Take Clustering and Nesting into Account Likely Lead to p-Values that Are Too Small.,Golzarri-Arroyo,10.1089/chi.2019.0142,32078372,PMC7047086,2020,Childhood obesity (Print),5DP4U9IV,4c0d9db6e417af1d914613ecc01f6db3,OK,downloaded,,,,testing,2026-08-06T22:30:18.867518+00:00
ZS9HPC7S,NIDDK,Boring Task / NIDDK,Effect of Clinical Decision Support at Community Health Centers on the Risk of Cardiovascular Disease: A Cluster Randomized Clinical Trial.,Gold,10.1001/jamanetworkopen.2021.46519,35119463,PMC8817199,2022,JAMA network open,34C2RHAR,612df637cbecdaef4aae51d8196e6fc3,OK,downloaded,,,,testing,2026-08-06T22:30:19.325887+00:00
YBR6NA98,NIDDK,Boring Task / NIDDK,Objective Measures of Physical Activity in Rural Communities: Factors Associated With a Valid Wear and Lessons Learned.,Gilbert,10.1123/jpah.2021-0677,35272263,PMC9864196,2022,Journal of physical activity & health,WSXTUY6D,c948f090adb76e0a8c1a7299c9867314,OK,downloaded,"2 PDF attachments, picked highest priority: Full Text PDF; Full Text PDF",,,testing,2026-08-06T22:30:19.880269+00:00
P5P4GMBD,NIDDK,Boring Task / NIDDK,Electronic Alerts to Improve Heart Failure Therapy in Outpatient Practice: A Cluster Randomized Trial.,Ghazi,10.1016/j.jacc.2022.03.338,35385798,,2022,Journal of the American College of Cardiology,ZUIDEWIW,30f8d0064dbbf76b4145b23f279e1a2e,OK,downloaded,"2 PDF attachments, picked highest priority: Full Text PDF; Full Text PDF",,,testing,2026-08-06T22:30:20.365176+00:00
Q7A5MBGH,NIDDK,Boring Task / NIDDK,Rationale and design of a cluster-randomized pragmatic trial aimed at improving use of guideline directed medical therapy in outpatients with heart failure:  PRagmatic trial of messaging to providers about treatment of heart failure  (PROMPT-HF).,Ghazi,10.1016/j.ahj.2021.11.010,34808104,,2022,American heart journal,9PZINTEQ,433faec9e9959821a95342624cf9a40d,OK,downloaded,,,,testing,2026-08-06T22:30:20.906489+00:00
WKZ2QZP5,NIDDK,Boring Task / NIDDK,Oral curcumin in elective abdominal aortic aneurysm repair: a multicentre randomized controlled trial.,Garg,10.1503/cmaj.180510,30373740,PMC6205831,2018,CMAJ : Canadian Medical Association journal = journal de l'Association medicale canadienne,U2L8WDYR,be098acc03608277bce0b7e8f9db2f29,OK,downloaded,"2 PDF attachments, picked highest priority: Full Text; Full Text",,,testing,2026-08-06T22:30:21.437043+00:00
Q7BSRAF6,NIDDK,Boring Task / NIDDK,Recruiting Primary Care Practices for Research: Reflections and Reminders.,Fernald,10.3122/jabfm.2018.06.180025,30413552,,2018,Journal of the American Board of Family Medicine : JABFM,66Z4HILK,2667e57c7c4711ccbce6a92e1d84f0e0,OK,downloaded,"2 PDF attachments, picked highest priority: Full Text PDF; Full Text PDF",,,testing,2026-08-06T22:30:21.975972+00:00
QR97G752,NIDDK,Boring Task / NIDDK,Parent Website Engagement and Health Equity Implications in a Child Care-Based Wellness Intervention.,Ezran,10.1016/j.jneb.2021.03.003,33947627,PMC8355035,2021,Journal of nutrition education and behavior,7RDSP464,08134199fad244f183de25816821ce89,OK,downloaded,,,,testing,2026-08-06T22:30:22.467493+00:00
LGP8N6G6,NIDDK,Boring Task / NIDDK,Design and rationale of an intervention to improve cancer prevention using clinical decision support and shared decision making: A clinic-randomized trial.,Elliott,10.1016/j.cct.2021.106271,33503497,PMC8009827,2021,Contemporary clinical trials,TIDZUQCZ,9f1cf7db3ccf5d07ee3f27596bedd0cd,OK,downloaded,,,,testing,2026-08-06T22:30:22.925130+00:00
2B5I3A2Q,NIDDK,Boring Task / NIDDK,A Cluster Randomized Trial Comparing Strategies for Translating Self-Management Support into Primary Care Practices.,Dickinson,10.3122/jabfm.2019.03.180254,31068398,PMC6599532,2019,Journal of the American Board of Family Medicine : JABFM,TSPQIKSY,4960ca22eb584a35328f474d80e1b8e0,OK,downloaded,"2 PDF attachments, picked highest priority: Full Text PDF; Full Text PDF",,,testing,2026-08-06T22:30:23.456902+00:00
IPW66SFP,NIDDK,Boring Task / NIDDK,A protocol for a cluster randomized trial comparing strategies for translating self-management support into primary care practices.,Dickinson,10.1186/s12875-018-0810-x,30041598,PMC6058364,2018,BMC family practice,R2UIQE6Y,a5432d69746de7e006cfbff12825ba8d,OK,downloaded,"2 PDF attachments, picked highest priority: Full Text PDF; Full Text PDF",,,testing,2026-08-06T22:30:24.028041+00:00
N38GNG6A,NIDDK,Boring Task / NIDDK,The effects of financial incentives on diabetes prevention program attendance and weight loss among low-income patients: the We Can Prevent Diabetes  cluster-randomized controlled trial.,Desai,10.1186/s12889-020-09683-5,33087083,PMC7580006,2020,BMC public health,D4L43Z48,8eba00476044ba0ee5c267abb8d39c98,OK,downloaded,"2 PDF attachments, picked highest priority: Full Text PDF; Full Text PDF",,,testing,2026-08-06T22:30:24.614967+00:00
FDERHRUY,NIDDK,Boring Task / NIDDK,Economic Evaluation of the Home Blood Pressure Telemonitoring and Pharmacist Case Management to Control Hypertension (Hyperlink) Trial.,Dehmer,10.1002/jac5.1001,30320302,PMC6181443,2018,Journal of the American College of Clinical Pharmacy : JACCP,UTPUW56Z,9af9509d8f5d46531d8d58037455a2a9,OK,downloaded,,,,testing,2026-08-06T22:30:25.154641+00:00
4C9928PM,NIDDK,Boring Task / NIDDK,Integrating Behavioral Health and Primary Care (IBH-PC) to improve patient-centered outcomes in adults with multiple chronic medical and behavioral  health conditions: study protocol for a pragmatic cluster-randomized control  trial.,Crocker,10.1186/s13063-021-05133-8,33691772,PMC7945346,2021,Trials,RNFZ4N4G,c720869217180f973d782ef1786c1362,OK,downloaded,"2 PDF attachments, picked highest priority: Full Text PDF; Full Text PDF",,,testing,2026-08-06T22:30:25.703129+00:00
9P27ITQQ,NIDDK,Boring Task / NIDDK,"Rationale, Design, and Patient Characteristics of a Cluster-Randomized Pragmatic Trial to Improve Mineralocorticoid Antagonist Use.",Clark,10.1016/j.jchf.2023.08.025,37943221,,2024,JACC. Heart failure,HX9ZPSPR,9bd3a3aec70d70a89bf58ac1cdb3a8f0,OK,downloaded,,,,testing,2026-08-06T22:30:26.281192+00:00
NCSL8C84,NIDDK,Boring Task / NIDDK,Impact of Peer Support on Acute Care Visits and Hospitalizations for Individuals With Diabetes and Depressive Symptoms: A Cluster-Randomized Controlled Trial.,Cherrington,10.2337/dc18-0550,30373734,PMC6463553,2018,Diabetes care,8SPMK7WS,c472a956781209830cf45056f7f2dcd8,OK,downloaded,,,,testing,2026-08-06T22:30:26.746352+00:00
YKJX8VZA,NIDDK,Boring Task / NIDDK,Examining individual- versus population-level social determinants of health in a cluster randomized trial of health coaches for patients with multiple chronic  conditions.,Charlson,10.1017/cts.2024.598,39655003,PMC11626581,2024,Journal of clinical and translational science,HWB9SH6G,adac7b4b16fc79bd41e1ad2b938e795f,OK,downloaded,,,,testing,2026-08-06T22:30:27.299072+00:00
3KRFH8XE,NIDDK,Boring Task / NIDDK,"Evaluation of an adapted version of the Diabetes Prevention Program for low- and middle-income countries: A cluster randomized trial to evaluate ""Lifestyle  Africa"" in South Africa.",Catley,10.1371/journal.pmed.1003964,35427357,PMC9053793,2022,PLoS medicine,UT6DSNQL,96619a92fa7540407442d7448255b66b,OK,downloaded,"2 PDF attachments, picked highest priority: Full Text PDF; Full Text PDF",,,testing,2026-08-06T22:30:27.769163+00:00
6RMHFT6B,NIDDK,Boring Task / NIDDK,Effect of 2 Clinical Decision Support Strategies on Chronic Kidney Disease Outcomes in Primary Care: A Cluster Randomized Trial.,Carroll,10.1001/jamanetworkopen.2018.3377,30646261,PMC6324427,2018,JAMA network open,IR822QHQ,708862a85ddd2e120d56f1ec5f0e56cc,OK,downloaded,,,,testing,2026-08-06T22:30:28.396164+00:00
EZHK73GW,NIDDK,Boring Task / NIDDK,Confirmatory factor analysis of the infant feeding styles questionnaire in infant and toddler child care teachers.,Carr,10.1016/j.appet.2023.106449,36621724,PMC10041657,2023,Appetite,2Z26M7DI,bb594acf70663bf6fa777d312541ab1e,OK,downloaded,,,,testing,2026-08-06T22:30:28.943068+00:00
3LREUQU9,NIDDK,Boring Task / NIDDK,Uptake of guideline-recommended postpartum diabetes screening among diverse women with gestational diabetes: associations with patient factors in an integrated  health system in USA.,Brown,10.1136/bmjdrc-2021-002726,35725017,PMC9214412,2022,BMJ open diabetes research & care,MET4GXBE,ad1ab84eb86d06beb209a601b599b384,OK,downloaded,"2 PDF attachments, picked highest priority: Full Text PDF; Full Text PDF",,,testing,2026-08-06T22:30:29.424964+00:00
27K2Z9XE,NIDDK,Boring Task / NIDDK,"Reach, acceptability, and perceived success of a telehealth diabetes prevention program among racially and ethnically diverse patients with gestational diabetes:  the GEM cluster-randomized trial.",Brown,10.1093/tbm/ibac019,35849139,PMC9291385,2022,Translational behavioral medicine,H9IK39WT,a4713b7b2d9352dfed9a62c73d5e1dd9,OK,downloaded,,,,testing,2026-08-06T22:30:29.929840+00:00
AL4NSSUI,NIDDK,Boring Task / NIDDK,Does Clinical Decision Support Increase Appropriate Medication Prescribing for Cardiovascular Risk Reduction?,Boston,10.3122/jabfm.2022.220391r2,37704387,PMC10680997,2023,Journal of the American Board of Family Medicine : JABFM,RR6GTUDV,f4bc31a706d6e73efdb893ac298d2803,OK,downloaded,,,,testing,2026-08-06T22:30:30.494393+00:00
QSVB2Y46,NIDDK,Boring Task / NIDDK,Protocol for a cluster randomized controlled trial to study the effectiveness of an obesity and diabetes intervention (PASOS) in an immigrant farmworker  population.,Borelli,10.1186/s12889-018-5560-0,29986676,PMC6038353,2018,BMC public health,L25B2B4H,38db8badd14caf956ec05a787c95671e,OK,downloaded,,,,testing,2026-08-06T22:30:31.016655+00:00
EK2IWQ2R,NIDDK,Boring Task / NIDDK,Impact of an Internet-Based Lifestyle Intervention on Behavioral and Psychosocial Factors During Postpartum Weight Loss.,Bennion,10.1002/oby.22921,32888250,PMC7511419,2020,"Obesity (Silver Spring, Md.)",VV5MXTJC,56ee61b17277f363ecd1f69be5bd83f7,OK,downloaded,,,,testing,2026-08-06T22:30:31.536735+00:00
7KFKZX8A,NIDDK,Boring Task / NIDDK,A multilevel approach for promoting physical activity in rural communities: a cluster randomized controlled trial.,Beck,10.1186/s12889-019-6443-8,30700262,PMC6354358,2019,BMC public health,RHR2JAAS,d4cb6d3880f8cd59f96b85f7f18764ea,OK,downloaded,"2 PDF attachments, picked highest priority: Full Text PDF; Full Text PDF",,,testing,2026-08-06T22:30:32.063990+00:00
KC34I434,NIDDK,Boring Task / NIDDK,"Padres Preparados, Jóvenes Saludables: A Randomized Controlled Trial to Test Effects of a Community-Based Intervention on Latino Father's Parenting Practices.",Baltaci,10.3390/nu14234967,36500997,PMC9735917,2022,Nutrients,CGQWEGFE,69fea1047f24d03a1b9e27961ed3c16b,OK,downloaded,,,,testing,2026-08-06T22:30:32.641984+00:00
F49CI9Q2,NIDDK,Boring Task / NIDDK,CHAMP: A cluster randomized-control trial to prevent obesity in child care centers.,Armstrong,10.1016/j.cct.2019.105849,31525490,PMC6985456,2019,Contemporary clinical trials,HU7JGPHG,742aa216cddeb1e7496ad110dc7a16bd,OK,downloaded,,,,testing,2026-08-06T22:30:33.178415+00:00
QRKHJWUI,NIDDK,Boring Task / NIDDK,CHECK: A randomized trial evaluating the efficacy and cost-effectiveness of home visitation in pediatric weight loss treatment.,Appelhans,10.1016/j.cct.2019.105891,31740429,PMC6952551,2020,Contemporary clinical trials,BZXSFUKW,c202b0d68f126e29f5567f7bb96048bc,OK,downloaded,,,,testing,2026-08-06T22:30:33.897547+00:00
RWIH5PP3,NIDDK,Boring Task / NIDDK,Peer-Delivered Cognitive Behavioral Training to Improve Functioning in Patients With Diabetes: A Cluster-Randomized Trial.,Andreae,10.1370/afm.2469,31937528,PMC7227468,2020,Annals of family medicine,MSLWUNX6,7c210607c2a223ee76f706f12b37f399,OK,downloaded,,,,testing,2026-08-06T22:30:34.392580+00:00
WLI582D9,NIDDK,Boring Task / NIDDK,A randomized controlled trial to test the effectiveness of two technology-enhanced diabetes prevention programs in primary care: The DiaBEAT-it  study.,Almeida,10.3389/fpubh.2023.1000162,36908422,PMC9998510,2023,Frontiers in public health,8H5FKE3L,8ff191c8883f7ead8d403c1091531c79,OK,downloaded,,,,testing,2026-08-06T22:30:34.875606+00:00
9DAQ4H3E,NIDDK,Boring Task / NIDDK,Comparing delivery channels to promote nutrition-sensitive agriculture: A cluster-randomized controlled trial in Bangladesh.,Ahmed,10.1016/j.foodpol.2023.102484,37547489,PMC10398750,2023,Food policy,MEMH3RPJ,c23155d90b7f9c6709a310ec003836db,OK,downloaded,,,,testing,2026-08-06T22:30:35.385327+00:00
PGKHSQLK,NIDDK,Boring Task / NIDDK,Cluster Randomized Trial of Diabetes Group Visits in Community Health Centers across the Midwest.,Baig,,39069926,PMC12168158,2024,Journal of health care for the poor and underserved,LCHBSN9G,5c841ace32f2215e7324d235b601fcff,OK,downloaded,,,,testing,2026-08-06T22:30:35.988527+00:00
E3NVEV6Y,NIEHS,Boring Task / NIEHS,"Innovative, enhanced community management of non-hypoxaemic chest-indrawing pneumonia in 2-59-month-old children: a cluster-randomised trial in Africa and  Asia.",,10.1136/bmjgh-2021-006405,34987033,PMC8734014,2022,BMJ global health,HS4WH6Z7,e4845c6a559662bc8f8e785368958ce0,OK,downloaded,,,,testing,2026-08-06T22:30:36.509892+00:00
6X9HP9JN,NIEHS,Boring Task / NIEHS,Community case management of chest indrawing pneumonia in children aged 2 to 59 months by community health workers: study protocol for a multi-country cluster  randomized open label non-inferiority trial.,,10.18203/2349-3259.ijct20201719,32832583,PMC7440220,2020,International journal of clinical trials,BUYXV762,b56f38a911f1367fb03ce6a7039c749e,OK,downloaded,,,,testing,2026-08-06T22:30:36.956005+00:00
WBET9YVP,NIEHS,Boring Task / NIEHS,Effects of Chinese medicine on patients with acute exacerbations of COPD: study protocol for a randomized controlled trial.,Zhang,10.1186/s13063-019-3772-y,31842969,PMC6915946,2019,Trials,537PL7M7,530eb465d5b97073440dad800465feb1,OK,downloaded,,,,testing,2026-08-06T22:30:37.453040+00:00
RMR5CZYM,NIEHS,Boring Task / NIEHS,PRECIS-2 used as an implementation science tool for global environmental health: A cross-sectional evaluation of the Ecolectivos study protocol to reduce burning  of household plastic waste in rural Guatemala.,Thompson,10.1371/journal.pone.0316161,39775435,PMC11684596,2024,PloS one,TRMYA7IE,bf9ee7266555ede8526f1c29adac459e,OK,downloaded,,,,testing,2026-08-06T22:30:37.969780+00:00
UD3BQIU5,NIEHS,Boring Task / NIEHS,"Demand for Information on Environmental Health Risk, Mode of Delivery, and Behavioral Change: Evidence from Sonargaon, Bangladesh.",Tarozzi,10.1093/wber/lhaa009,34366747,PMC8331265,2021,The World Bank economic review,3TFMGAIZ,efb8d0eb1309bbe5049580bc45d07a75,OK,downloaded,,,,testing,2026-08-06T22:30:38.508273+00:00
3QM2PHF7,NIEHS,Boring Task / NIEHS,"Study design and rationale for a cluster randomized trial of a safe child feces management intervention in rural Odisha, India.",Sclar,10.1186/s12889-021-12405-0,35033048,PMC8760865,2022,BMC public health,DBLHYVA5,c5b427870af7779d2d0a1ba92869fed7,OK,downloaded,,,,testing,2026-08-06T22:30:39.064634+00:00
8H7EQYY7,NIEHS,Boring Task / NIEHS,Long-term Effectiveness of a Peer-Led Asthma Self-management Program on Asthma Outcomes in Adolescents Living in Urban Areas: A Randomized Clinical Trial.,Rhee,10.1001/jamanetworkopen.2021.37492,34874404,PMC8652603,2021,JAMA network open,REZPPQFI,b7a840637548e64647c0611492a2e454,OK,downloaded,,,,testing,2026-08-06T22:30:39.559331+00:00
4D7XKSMF,NIEHS,Boring Task / NIEHS,"Community-based amoxicillin treatment for fast breathing pneumonia in young infants 7-59 days old: a cluster randomised trial in rural Bangladesh, Ethiopia,  India and Malawi.",Nisar,10.1136/bmjgh-2021-006578,34417274,PMC8381301,2021,BMJ global health,DY4LUVHQ,ffe54c0f913dd329e5ce356fc36ec93a,OK,downloaded,,,,testing,2026-08-06T22:30:40.071295+00:00
LKKP65K5,NIEHS,Boring Task / NIEHS,Management of fast breathing pneumonia in young infants aged 7 to 59 days by community level health workers: protocol for a multi-centre cluster randomized  controlled trial.,Mothabbir,10.18203/2349-3259.ijct20201715,33163583,PMC7644113,2020,International journal of clinical trials,YM7KWH92,2259e2e7580c15e8ae2c3b18891bef43,OK,downloaded,,,,testing,2026-08-06T22:30:40.552888+00:00
YG3TKRBY,NIEHS,Boring Task / NIEHS,A cluster-randomized crossover trial of organic diet impact on biomarkers of exposure to pesticides and biomarkers of oxidative stress/inflammation in primary  school children.,Makris,10.1371/journal.pone.0219420,31483785,PMC6726134,2019,PloS one,B5CXH375,2b83f1f3f0da5ac80b8032f31d291bb2,OK,downloaded,,,,testing,2026-08-06T22:30:41.038426+00:00
2K6MPX29,NIEHS,Boring Task / NIEHS,"Prenatal Household Air Pollution Is Associated with Impaired Infant Lung Function with Sex-Specific Effects. Evidence from GRAPHS, a Cluster Randomized Cookstove  Intervention Trial.",Lee,10.1164/rccm.201804-0694oc,30256656,PMC6423100,2019,American journal of respiratory and critical care medicine,7TL47QGI,e04aaf6b69bfe2dc6cd14027cd95e61a,OK,downloaded,,,,testing,2026-08-06T22:30:41.525667+00:00
I6NDY4D8,NIEHS,Boring Task / NIEHS,Effects of adding household water filters to Rwanda's Community-Based Environmental Health Promotion Programme: a cluster-randomized controlled trial  in Rwamagana district.,Haque,10.1038/s41545-022-00185-y,36118619,PMC9464616,2022,NPJ clean water,XCZ2QK3A,04d43305801bf1f85d1c20222cf17f19,OK,downloaded,"2 PDF attachments, picked highest priority: Full Text PDF; Full Text PDF",,,testing,2026-08-06T22:30:42.035346+00:00
T5IM4AH3,NIEHS,Boring Task / NIEHS,Effect of the School-Based Asthma Care for Teens (SB-ACT) program on asthma morbidity: a 3-arm randomized controlled trial.,Halterman,10.1080/02770903.2020.1856869,33307900,PMC8285039,2022,The Journal of asthma : official journal of the Association for the Care of Asthma,MFSRZ8T5,bbd6c5c5bb98bfe70f4dd0087afa0987,OK,downloaded,,,,testing,2026-08-06T22:30:42.578802+00:00
53VFQLPA,NIEHS,Boring Task / NIEHS,Effect of an Arsenic Mitigation Program on Arsenic Exposure in American Indian Communities: A Cluster Randomized Controlled Trial of the Community-Led Strong  Heart Water Study Program.,George,10.1289/ehp12548,38534131,PMC10967367,2024,Environmental health perspectives,NVNAEM2T,26da00d6b55869c42e9a40b2fdcfa8a4,OK,downloaded,,,,testing,2026-08-06T22:30:43.239584+00:00
LHEJ2FX5,NIEHS,Boring Task / NIEHS,Adapting and implementing breast cancer follow-up in primary care: protocol for a mixed methods hybrid type 1 effectiveness-implementation cluster randomized  study.,Fadem,10.1186/s12875-023-02186-3,37946132,PMC10634067,2023,BMC primary care,WF3GVJS4,3d4c51eae8a826004b8c0d912af9bcde,OK,downloaded,"2 PDF attachments, picked highest priority: Full Text PDF; Full Text PDF",,,testing,2026-08-06T22:30:43.719712+00:00
5DU9HPJJ,NIEHS,Boring Task / NIEHS,"The effect of the participatory heat education and awareness tools (HEAT) intervention on agricultural worker physiological heat strain: results from a  parallel, comparison, group randomized study.",Chavez Santos,10.1186/s12889-022-14144-2,36104813,PMC9476265,2022,BMC public health,NNZ95YNW,d99ecab82cf21dfc3f290a99ac374e28,OK,downloaded,"2 PDF attachments, picked highest priority: Full Text PDF; Full Text PDF",,,testing,2026-08-06T22:30:44.206773+00:00
CQQWVX9F,NIEHS,Boring Task / NIEHS,"Design, Intervention Fidelity, and Behavioral Outcomes of a School-Based Water, Sanitation, and Hygiene Cluster-Randomized Trial in Laos.",Chard,10.3390/ijerph15040570,29565302,PMC5923612,2018,International journal of environmental research and public health,SH4QU8D7,2a517ba26d78f52ce9262244c4faf3a3,OK,downloaded,,,,testing,2026-08-06T22:30:44.747458+00:00
MA7BGE8D,NIEHS,Boring Task / NIEHS,"Impact of a school-based water, sanitation, and hygiene intervention on school absence, diarrhea, respiratory infection, and soil-transmitted helminths: results  from the WASH HELPS cluster-randomized trial.",Chard,10.7189/jogh.09.020402,31360445,PMC6657003,2019,Journal of global health,KLBWV9CK,440962f7272fc46dd09d2aaca4c67f60,OK,downloaded,,,,testing,2026-08-06T22:30:45.387916+00:00
IKAD8XE2,NIEHS,Boring Task / NIEHS,Enhancing LPG Adoption in Ghana (ELAG): A Trial Testing Policy-Relevant Interventions to Increase Sustained Use of Clean Fuels.,Carrión,10.3390/su13042213,34765257,PMC8580155,2021,Sustainability,XKH9TJ78,e1bcae1456c2b777a2d2489ef87b9b03,OK,downloaded,,,,testing,2026-08-06T22:30:45.855381+00:00
59PWGT7I,NIEHS,Boring Task / NIEHS,Enhancing LPG adoption in Ghana (ELAG): a factorial cluster-randomized controlled trial to Enhance LPG Adoption & Sustained use.,Carrión,10.1186/s12889-018-5622-3,29866127,PMC5987623,2018,BMC public health,KRK3AQSS,a46bd5e3e0439ef8fa5c0117fb09e66b,OK,downloaded,"2 PDF attachments, picked highest priority: Full Text PDF; Full Text PDF",,,testing,2026-08-06T22:30:46.336482+00:00
ZQ5VGJ9X,NIEHS,Boring Task / NIEHS,Optimizing the development and evaluation of complex interventions: lessons learned from the BetterBirth Program and associated trial.,Barnhart,10.1186/s43058-020-00014-8,32885188,PMC7427863,2020,Implementation science communications,3MXQ9VRY,62d00586411f19232dc70fe6b442a8ef,OK,downloaded,,,,testing,2026-08-06T22:30:47.094558+00:00
EFECK83H,NIEHS,Boring Task / NIEHS,Adapting a safe water storage container to improve household stored water quality in rural Burkina Faso: a cluster randomized trial.,Anderson,10.2166/washdev.2021.065,40989857,PMC12453111,2021,"Journal of water, sanitation, and hygiene for development : a journal of the International Water Association",6G66U879,8cfb50067d1d6e35ab528fe7776d5285,OK,downloaded,,,,testing,2026-08-06T22:30:47.606674+00:00
T87B8LMM,NIGMS; NIMH,Boring Task / NIGMS; Boring Task / NIMH,"Interpersonal reactivity index adaptation among expectant seroconcordant couples with HIV in Zambézia Province, Mozambique.",Sack,10.1186/s40359-020-00442-0,32859272,PMC7456002,2020,BMC psychology,56SZFAWT,0b454b7673f5aced7a82acbb637aa5f4,OK,downloaded,,,,testing,2026-08-06T22:30:48.133157+00:00
DIJHZ9NB,NIGMS; NIMHD,Boring Task / NIGMS; Boring Task / NIMHD,"Intervention to promote physical activation and improve sleep and response feeding in infants for preventing obesity early in life, the baby-act trial:  Rationale and design.",Campos,10.1016/j.cct.2020.106185,33099015,PMC7860210,2020,Contemporary clinical trials,ND47FZHU,4c4d9b2362263ebde36c2f66beacc3c5,OK,downloaded,,,,testing,2026-08-06T22:30:48.652127+00:00
B9DLSRRG,NIGMS; NIMHD,Boring Task / NIGMS; Boring Task / NIMHD,"Improving Chronic Illness Self-Management with the Apsáalooke Nation: The Báa nnilah Project, a cluster randomized trial protocol.",Hallett,10.1016/j.cct.2022.106835,35724843,PMC11059207,2022,Contemporary clinical trials,9HKSJQZ5,61d14d1d863da58a922c3940a0d2bccc,OK,downloaded,,,,testing,2026-08-06T22:30:49.160927+00:00
KSU9AFL8,NIGMS; NIMHD,Boring Task / NIGMS; Boring Task / NIMHD,The Báa nnilah Program: Results of a Chronic-Illness Self-Management Cluster Randomized Trial with the Apsáalooke Nation.,Held,10.3390/ijerph21030285,38541285,PMC10970069,2024,International journal of environmental research and public health,F3WHW8ED,7082fad2daa0d9aefb6f6936b07143ab,OK,downloaded,,,,testing,2026-08-06T22:30:49.675075+00:00
NAYAQYLG,NIGMS; NIMHD,Boring Task / NIGMS; Boring Task / NIMHD,Improving the Adoption of Advance Directives in Primary Care Practices.,Wickersham,10.3122/jabfm.2019.02.180236,30850453,PMC6937160,2019,Journal of the American Board of Family Medicine : JABFM,DUAPUZA3,6f6b82c63140744f981f787ddb1e4ba9,OK,downloaded,,,,testing,2026-08-06T22:30:50.143612+00:00
638GS4WW,NIGMS; NIMH,Boring Task / NIGMS; Boring Task / NIMH,"Prognostic accuracy of patients, caregivers, and oncologists in advanced cancer.",Malhotra,10.1002/cncr.32127,31034597,,2019,Cancer,N92GAWYY,76a2210523d90013db693484f176dbaa,OK,downloaded,,,,testing,2026-08-06T22:30:50.588430+00:00
KDPERZJS,NIGMS,Boring Task / NIGMS,Recruiting underrepresented individuals in a double pandemic: Lessons learned in a randomized control trial.,White,10.1017/cts.2021.843,34849260,PMC8596076,2021,Journal of clinical and translational science,ZWV47QK7,748ff82ac8e292a9081fc8470f0e1768,OK,downloaded,,,,testing,2026-08-06T22:30:51.107047+00:00
CB4MA4SC,NIGMS,Boring Task / NIGMS,"Variations of a group coaching intervention to support early-career biomedical researchers in Grant proposal development: a pragmatic, four-arm,  group-randomized trial.",Weber-Main,10.1186/s12909-021-03093-w,35012538,PMC8744062,2022,BMC medical education,DXFRAE6U,39617c41907ac10eab4ed0d25a04d54e,OK,downloaded,,,,testing,2026-08-06T22:30:51.661539+00:00
PYNT6GFJ,NIGMS,Boring Task / NIGMS,Randomized double-masked controlled trial of cognitive training in breast cancer survivors: a preliminary study.,Von Ah,10.1007/s00520-022-07182-4,35648204,PMC9156616,2022,Supportive care in cancer : official journal of the Multinational Association of Supportive Care in Cancer,9KPEJDHC,e307b60e6d6a601ea2c5e9c98afd15e5,OK,downloaded,,,,testing,2026-08-06T22:30:52.200003+00:00
ML28EFGN,NIGMS,Boring Task / NIGMS,Efficacy of Mobile Phone-Delivered Smoking Cessation Interventions for Socioeconomically Disadvantaged Individuals: A Randomized Clinical Trial.,Vidrine,10.1001/jamainternmed.2018.5713,30556832,PMC6439644,2019,JAMA internal medicine,B5F5CWSA,5c86b39ffc7ccbd20c30c936e140ac7a,OK,downloaded,,,,testing,2026-08-06T22:30:52.755158+00:00
9KXCEXY4,NIGMS,Boring Task / NIGMS,Cluster Randomized Trial for Hypertension Control: Effect on Lifestyles and Body Weight.,Poggio,10.1016/j.amepre.2019.05.011,31473065,PMC6755040,2019,American journal of preventive medicine,95A48QQM,d6419cd8ea02a3cb02425f66fde5ff3b,OK,downloaded,,,,testing,2026-08-06T22:30:53.201384+00:00
LGS462BR,NIGMS,Boring Task / NIGMS,A randomized controlled trial to reduce sedentary time in rheumatoid arthritis: protocol and rationale of the Take a STAND for Health study.,Pinto,10.1186/s13063-020-4104-y,32051025,PMC7014778,2020,Trials,NMKWSZRX,4d2b5f88ff8cdb222f019452d602edec,OK,downloaded,,,,testing,2026-08-06T22:30:53.741857+00:00
U6MGL9L3,NIGMS,Boring Task / NIGMS,A Church-Based Weight Loss Intervention in African American Adults using Text Messages (LEAN Study): Cluster Randomized Controlled Trial.,Newton,10.2196/jmir.9816,30143478,PMC6128956,2018,Journal of medical Internet research,I3R3PHV8,8d4c2f10d0646aea08ea81cc9414e977,OK,downloaded,,,,testing,2026-08-06T22:30:54.344299+00:00
H3SS35PJ,NIGMS,Boring Task / NIGMS,"The effect of increased inoculum on oral rotavirus vaccine take among infants in Dhaka, Bangladesh: A double-blind, parallel group, randomized, controlled trial.",Lee,10.1016/j.vaccine.2019.09.088,31607603,PMC8199793,2020,Vaccine,HDKAFW4R,558f09f996320c341f4414c2008e7102,OK,downloaded,,,,testing,2026-08-06T22:30:54.855015+00:00
ZR84RXRM,NIGMS,Boring Task / NIGMS,Effects of Collaborative Care for Comorbid Attention Deficit Hyperactivity Disorder Among Children With Behavior Problems in Pediatric Primary Care.,Kolko,10.1177/0009922820920013,32503395,PMC7444430,2020,Clinical pediatrics,35XAV9MQ,b611dd562d464d5204f16d1d903b2582,OK,downloaded,,,,testing,2026-08-06T22:30:55.344044+00:00
JJG7EP6G,NIGMS,Boring Task / NIGMS,A Hybrid Deep Learning Approach to Identify Preventable Childhood Hearing Loss.,Jin,10.1097/aud.0000000000001380,37318215,PMC10426782,2023,Ear and hearing,XNSRKA8B,a0b905d033cbce48d5b475ad80724932,OK,downloaded,,,,testing,2026-08-06T22:30:55.828415+00:00
YWC8L4RQ,NIGMS,Boring Task / NIGMS,Delivery of Pharmacogenetic Testing with or without Medication Therapy Management in a Community Pharmacy Setting.,Haga,10.2147/pgpm.s314961,34276225,PMC8277445,2021,Pharmacogenomics and personalized medicine,577EGNWA,99b895827f5dfc9e01f329e72b6c5fe5,OK,downloaded,"2 PDF attachments, picked highest priority: Full Text PDF; Full Text PDF",,,testing,2026-08-06T22:30:56.319627+00:00
TY3QXSVL,NIGMS,Boring Task / NIGMS,Independent Community Pharmacists' Experience in Offering Pharmacogenetic Testing.,Haga,10.2147/pgpm.s314972,34290521,PMC8289463,2021,Pharmacogenomics and personalized medicine,9543AE8J,a42a7de983cb0e38081ffc884c04826e,OK,downloaded,"2 PDF attachments, picked highest priority: Full Text PDF; Full Text PDF",,,testing,2026-08-06T22:30:56.838579+00:00
RJUV655F,NIGMS,Boring Task / NIGMS,Development of the ADFICE_IT clinical decision support system to assist deprescribing of fall-risk increasing drugs: A user-centered design approach.,Groos,10.1371/journal.pone.0297703,39236057,PMC11376580,2024,PloS one,PTUEAJTP,b3b230fb16b5ca2ea524e520981456d9,OK,downloaded,"2 PDF attachments, picked highest priority: Full Text PDF; Full Text PDF",,,testing,2026-08-06T22:30:57.325182+00:00
ZIU96DGY,NIGMS,Boring Task / NIGMS,Amplifying similarity to promote college STEM instructor-student mentoring relationship quality: a cluster randomized trial.,Du,10.3389/feduc.2023.1293885,41142515,PMC12547600,2023,Frontiers in education,KTJCCY96,2a5fe7a356886d227dd097377ece8b3e,OK,downloaded,"2 PDF attachments, picked highest priority: Full Text PDF; Full Text PDF",,,testing,2026-08-06T22:30:57.976760+00:00
Q2QTV5U4,NIGMS,Boring Task / NIGMS,Care Optimization Through Patient and Hospital Engagement Clinical Trial for Heart Failure: Rationale and design of CONNECT-HF.,DeVore,10.1016/j.ahj.2019.09.012,31770656,,2020,American heart journal,F765TANG,2ac9cf643b641134e77c4b99f6f79b4a,OK,downloaded,,,,testing,2026-08-06T22:30:58.486731+00:00
IGQLG7J3,NIGMS,Boring Task / NIGMS,The Green Light for Green Dot: A Qualitative Study of Factors Influencing Adoption of an Efficacious Violence Prevention Program in High School Settings.,Davidov,10.1177/1077801219886377,31779535,PMC7489457,2020,Violence against women,99GFA3H6,1ca3b6d5061524cb69244966e72296e2,OK,downloaded,,,,testing,2026-08-06T22:30:58.934529+00:00
AK5NKRHE,NIGMS,Boring Task / NIGMS,Effect of a Workshop to Break the Bias Habit for Internal Medicine Faculty: A Multisite Cluster Randomized Controlled Study.,Carnes,10.1097/acm.0000000000005271,37756500,PMC10545901,2023,Academic medicine : journal of the Association of American Medical Colleges,FICE3824,53f27614d6e0f30aa06b97ca131d900e,OK,downloaded,,,,testing,2026-08-06T22:30:59.548246+00:00
HPMCVUYQ,NIGMS,Boring Task / NIGMS,Cost-Effectiveness of a Comprehensive Approach for Hypertension Control in Low-Income Settings in Argentina: Trial-Based Analysis of the Hypertension  Control Program in Argentina.,Augustovski,10.1016/j.jval.2018.06.003,30502778,PMC6457112,2018,Value in health : the journal of the International Society for Pharmacoeconomics and Outcomes Research,CMYA65P3,78cf52f66b8f9afd74521a3d2a9c1a75,OK,downloaded,"2 PDF attachments, picked highest priority: Full Text; Full Text",,,testing,2026-08-06T22:30:59.992082+00:00
5SZNV9V4,NIGMS,Boring Task / NIGMS,"Influencing cardiovascular health habits in the rural, deep south: results of a cluster randomized trial.",Abbott,10.1093/her/cyy052,30601979,PMC6736056,2019,Health education research,BBQ37R7G,596be9fe1b4ffe901db7fd32a69ab303,OK,downloaded,,,,testing,2026-08-06T22:31:00.653157+00:00
IH66JC4H,NIGMS,Boring Task / NIGMS,A Structural Equation Modeling Analysis to Explore Diabetes Self-Care Factors in a Rural Sample.,Abbott,10.3390/healthcare10081536,36011193,PMC9407851,2022,"Healthcare (Basel, Switzerland)",E5GE2ETV,e02f30088e24e4ab3319cfbd8e1ad2b0,OK,downloaded,,,,testing,2026-08-06T22:31:01.151190+00:00
JQGC593U,NIMH; NINR,Boring Task / NIMH; Boring Task / NINR,Multi-level intersectional stigma reduction intervention to increase HIV testing among men who have sex with men in Ghana: Protocol for a cluster randomized  controlled trial.,Nelson,10.1371/journal.pone.0259324,34843529,PMC8629287,2021,PloS one,K2U22Y2N,8a81ec377025a2e342b5845ac01e32bb,OK,downloaded,,,,testing,2026-08-06T22:31:01.698263+00:00
IIMQ4MDE,NIMH; NINR,Boring Task / NIMH; Boring Task / NINR,Long-term effects of a resilience-based intervention on mental health of children affected by parental HIV in China: Testing the mediation effects of emotion  regulation and coping.,Jiang,10.1016/j.childyouth.2021.106363,35068635,PMC8782278,2022,Children and youth services review,VS7PE8TS,4ae30d427c53890c42cce3454355656a,OK,downloaded,,,,testing,2026-08-06T22:31:02.183783+00:00
A4N5QPP2,NIMH; NINR,Boring Task / NIMH; Boring Task / NINR,A cluster randomized controlled trial to evaluate a resilience-based intervention for caregivers of HIV-affected children in China.,Harrison,10.1097/qad.0000000000002181,31397726,PMC7189639,2019,"AIDS (London, England)",DTS3WR5F,9a4d336a649d753712cc8cdcfa4e31a4,OK,downloaded,,,,testing,2026-08-06T22:31:02.679181+00:00
TEXI6CQZ,NIMH; NINR,Boring Task / NIMH; Boring Task / NINR,Effects of a Multilevel Resilience-Based Intervention on Mental Health for Children Affected by Parental HIV: A Cluster Randomized Controlled Trial.,Jiang,10.1007/s10826-022-02236-x,36875685,PMC9979773,2022,Journal of child and family studies,FMDI7UUH,532037e58c55c055709308859511eef9,OK,downloaded,,,,testing,2026-08-06T22:31:03.197713+00:00
ZTWB7VJ7,NIMH; NIMHD,Boring Task / NIMH; Boring Task / NIMHD,Effects of a Combination Economic Empowerment and Family Strengthening Intervention on Psychosocial Well-being Among Ugandan Adolescent Girls and Young  Women: Analysis of a Cluster Randomized Controlled Trial (Suubi4Her).,Filiatreau,10.1016/j.jadohealth.2022.11.250,37062582,PMC10157657,2023,The Journal of adolescent health : official publication of the Society for Adolescent Medicine,C9HHNEVY,1465ae313b772c0ce463209a5f931083,OK,downloaded,"2 PDF attachments, picked highest priority: Full Text PDF; Full Text PDF",,,testing,2026-08-06T22:31:03.682632+00:00
3GS3B7XP,NIMH; NIMHD,Boring Task / NIMH; Boring Task / NIMHD,The Impact of Family Economic Empowerment Intervention on Psychological Difficulties and Prosocial Behavior Among AIDS-Orphaned Children in Southern  Uganda.,Tutlam,10.1016/j.jadohealth.2023.01.002,37062584,PMC10159782,2023,The Journal of adolescent health : official publication of the Society for Adolescent Medicine,4PBAGA6E,106ac1e3cdfa611a22d054b57b01a630,OK,downloaded,,,,testing,2026-08-06T22:31:04.218745+00:00
P5BTK8QW,NIMH,Boring Task / NIMH,"Testing the Efficacy of a Brief, Self-Guided Mindfulness Ecological Momentary Intervention on Emotion Regulation and Self-Compassion in Social Anxiety  Disorder: Randomized Controlled Trial.",Zainal,10.2196/53712,38640015,PMC11069101,2024,JMIR mental health,UFL9GJW6,5009cd74b2c3920d793a9ee77ff7c701,OK,downloaded,,,,testing,2026-08-06T22:31:04.728432+00:00
WFRF68H3,NIMH,Boring Task / NIMH,A hybrid effectiveness/implementation trial of an evidence-based intervention for HIV-serodiscordant African American couples.,Wyatt,10.1037/amp0000712,33252951,,2020,The American psychologist,HASNT6P7,3904d74d2fa91875f0c45007827d162c,OK,downloaded,,,,testing,2026-08-06T22:31:05.246184+00:00
L7B87JQG,NIMH,Boring Task / NIMH,Economic outcomes among microfinance group members receiving community-based chronic disease care: Cluster randomized trial evidence from Kenya.,Wilson-Barthes,10.1016/j.socscimed.2024.116993,38781744,PMC11180555,2024,Social science & medicine (1982),MME2XVSN,9392db88a91a7f53743f61a6634a881f,OK,downloaded,,,,testing,2026-08-06T22:31:05.694236+00:00
9Z97DMSM,NIMH,Boring Task / NIMH,Randomized Trial of an Organizational Implementation Strategy to Improve Measurement-Based Care Fidelity and Youth Outcomes in Community Mental Health.,Williams,10.1016/j.jaac.2023.11.010,38070868,PMC11265517,2024,Journal of the American Academy of Child and Adolescent Psychiatry,VSWLRQPG,2e674c8b18cd87afb80073923f2549f3,OK,downloaded,,,,testing,2026-08-06T22:31:06.166913+00:00
F6AB7ECH,NIMH,Boring Task / NIMH,"""They call me the 'Great Queen'"": implementing the Malkia Klabu program to improve access to HIV self-testing and contraception for adolescent girls and  young women in Tanzania.",Willard-Grace,10.1186/s12978-024-01744-x,38321482,PMC10848389,2024,Reproductive health,W9XVUZCP,df4b6e7672ba304955f4f908e9eb3ef5,OK,downloaded,,,,testing,2026-08-06T22:31:06.721970+00:00
5S8U6UT3,NIMH,Boring Task / NIMH,Training models for implementing evidence-based psychological treatment for college mental health: A cluster randomized trial study protocol.,Wilfley,10.1016/j.cct.2018.07.002,30146493,PMC6419733,2018,Contemporary clinical trials,W6KHASW4,5d790a3b3f6e0c7251f40f2f0e5dd272,OK,downloaded,,,,testing,2026-08-06T22:31:07.262816+00:00
GFWG7NK7,NIMH,Boring Task / NIMH,Behavioral Modeling and its Association with PrEP and ART Use in Ugandan HIV-Serodifferent Couples.,Wang,10.1007/s10461-024-04286-2,38361169,PMC11069469,2024,AIDS and behavior,WM2TA9HB,aa17c86330c46cd28597583f80c7154f,OK,downloaded,,,,testing,2026-08-06T22:31:07.740256+00:00
V7G5UCMA,NIMH,Boring Task / NIMH,Peer PrEP referral + HIV self-test delivery for PrEP initiation among young Kenyan women: study protocol for a hybrid cluster-randomized controlled trial.,Wairimu,10.1186/s13063-023-07734-x,37925450,PMC10625301,2023,Trials,ZFQXHA6V,7e998f4cf29b90e2d00e48dbf2dd5780,OK,downloaded,,,,testing,2026-08-06T22:31:08.264860+00:00
NCCK268D,NIMH,Boring Task / NIMH,Maternal depression treatment in HIV (M-DEPTH): Study protocol for a cluster randomized controlled trial.,Wagner,10.1097/md.0000000000016329,31277180,PMC6635242,2019,Medicine,RGGNREED,e17c0573bc4c3d71699b03f91998e3f7,OK,downloaded,,,,testing,2026-08-06T22:31:08.749437+00:00
G54PEV8R,NIMH,Boring Task / NIMH,Effects of M-DEPTH Model of Depression Care on Maternal HIV Viral Suppression and Adherence to the PMTCT Care Continuum Among HIV-Infected Pregnant Women in  Uganda: Results from a Cluster Randomized Controlled Trial at Pregnancy  Completion.,Wagner,10.1007/s10461-023-04014-2,36907945,PMC10386969,2023,AIDS and behavior,47B3DP5W,43be45e07815743aa7c02ed45e847a76,OK,downloaded,,,,testing,2026-08-06T22:31:09.222394+00:00
JFWNYRTX,NIMH,Boring Task / NIMH,Stressors and Maladaptive Coping Mechanisms Associated with Elevated Perinatal Depressive Symptoms and Suicidality Among Women Living with HIV in Uganda.,Wagner,10.1007/s12529-022-10124-3,36127627,PMC10084842,2023,International journal of behavioral medicine,HBZ2XCCR,c5b8539f5a30a1fbf1c996b086f4e8f3,OK,downloaded,,,,testing,2026-08-06T22:31:09.781757+00:00
RJUQYEF7,NIMH,Boring Task / NIMH,Effects of M-DEPTH Model of Depression Care on Maternal Functioning and Infant Developmental Outcomes in the Six Months Post Delivery: Results from a Cluster  Randomized Controlled Trial.,Wagner,10.1080/23293691.2023.2255587,39081835,PMC11286218,2024,"Women's reproductive health (Philadelphia, Pa.)",SH7J9UJL,ef8c0d2fd699a0d66ca2fb2235a18336,OK,downloaded,,,,testing,2026-08-06T22:31:10.258638+00:00
9RXB85CP,NIMH,Boring Task / NIMH,Social network-based group intervention to promote HIV prevention in Uganda: study protocol for a cluster randomized controlled trial of Game Changers.,Wagner,10.1186/s13063-022-06186-z,35346329,PMC8961890,2022,Trials,MYU3D7PM,dee0b7ac72e38063ddaaae3819e8126a,OK,downloaded,,,,testing,2026-08-06T22:31:10.794401+00:00
A32AJY6H,NIMH,Boring Task / NIMH,"Zwakala Ndoda: a cluster and individually randomized trial aimed at improving testing, linkage, and adherence to treatment for hard-to reach men in  KwaZulu-Natal, South Africa.",van Rooyen,10.1186/s13063-019-3908-0,31888701,PMC6937627,2019,Trials,6CYUXFFX,10bce69785d68353dace9ef4b0f46878,OK,downloaded,,,,testing,2026-08-06T22:31:11.338807+00:00
4IHUVZLN,NIMH,Boring Task / NIMH,Early Emotion Knowledge and Later Academic Achievement Among Children of Color in Historically Disinvested Neighborhoods.,Ursache,10.1111/cdev.13432,32865229,PMC7905957,2020,Child development,STC622I2,ea07bfe2f839993d2bd028a449299e3c,OK,downloaded,,,,testing,2026-08-06T22:31:11.860308+00:00
FI55Z89V,NIMH,Boring Task / NIMH,ESSENCE: An Implementation Research Program to Scale Up Depression Care in Rural Communities.,Tugnawat,10.1176/appi.ps.202100223,37904491,PMC11812433,2024,"Psychiatric services (Washington, D.C.)",KQ763MQM,28ed2850ca91a7095240f63ff5f10867,OK,downloaded,,,,testing,2026-08-06T22:31:12.391482+00:00
45BQ2AIY,NIMH,Boring Task / NIMH,"Improving risk perception and uptake of pre-exposure prophylaxis (PrEP) through interactive feedback-based counselling with and without community engagement in  young women in Manicaland, East Zimbabwe: study protocol for a pilot randomized  trial.",Thomas,10.1186/s13063-019-3791-8,31791405,PMC6889525,2019,Trials,EI5J5NHP,a60a2e6eef2aa97217810d1118adec3c,OK,downloaded,,,,testing,2026-08-06T22:31:12.903181+00:00
2NUR4ISP,NIMH,Boring Task / NIMH,Adaptation of the World Health Organization Electronic Mental Health Gap Action Programme Intervention Guide App for Mobile Devices in Nepal and Nigeria:  Protocol for a Feasibility Cluster Randomized Controlled Trial.,Taylor Salisbury,10.2196/24115,34128819,PMC8277329,2021,JMIR research protocols,WM7EG2PI,0c270c8fdbcea15ff0b510db45e8eabc,OK,downloaded,,,,testing,2026-08-06T22:31:13.391018+00:00
J8ITKETE,NIMH,Boring Task / NIMH,The Influence of Transmission-Based and Moral-Based HIV Stigma Beliefs on Intentions to Discriminate Among Ward Staff in South Indian Health Care Settings.,Steward,10.1007/s10461-022-03755-w,35776252,PMC9805471,2023,AIDS and behavior,BN9PGI6M,12dc04135d3de865bb4a7ecd95b6781e,OK,downloaded,,,,testing,2026-08-06T22:31:13.842386+00:00
8WAJWQ7J,NIMH,Boring Task / NIMH,Impact of SMS and peer navigation on retention in HIV care among adults in South Africa: results of a three-arm cluster randomized controlled trial.,Steward,10.1002/jia2.25774,34435440,PMC8387209,2021,Journal of the International AIDS Society,SXY4P8R8,a93622465b8fddcf5034a729a309d6cc,OK,downloaded,,,,testing,2026-08-06T22:31:14.349145+00:00
QMY8W9P2,NIMH,Boring Task / NIMH,Implementing Person-Centered Care Planning: A Randomized Controlled Trial.,Stanhope,10.1176/appi.ps.202000361,33765860,PMC8192424,2021,"Psychiatric services (Washington, D.C.)",ZTHV3HJF,6d7eca30f1f27047b1026964d8a067aa,OK,downloaded,,,,testing,2026-08-06T22:31:14.862438+00:00
SE8HVMYY,NIMH,Boring Task / NIMH,Suubi4StrongerFamilies: A study protocol for a clustered randomized clinical trial addressing child behavioral health by strengthening financial stability and  parenting among families in Uganda.,Ssewamala,10.3389/fpsyt.2022.949156,36506418,PMC9726732,2022,Frontiers in psychiatry,GAZM5ZCR,a004378ccc2c3abd6ad60ea04c87d491,OK,downloaded,,,,testing,2026-08-06T22:31:15.351926+00:00
249KKB72,NIMH,Boring Task / NIMH,"Economic Empowerment, HIV Risk Behavior, and Mental Health Among School-Going Adolescent Girls in Uganda: Longitudinal Cluster-Randomized Controlled Trial,  2017‒2022.",Ssewamala,10.2105/ajph.2022.307169,36603167,PMC9932384,2023,American journal of public health,3XNWBKCS,7356426735d13c3f7704e67c31ac0dda,OK,downloaded,,,,testing,2026-08-06T22:31:15.887225+00:00
EVFQV9SP,NIMH,Boring Task / NIMH,The Post-intervention Impact of Amaka Amasanyufu on Behavioral and Mental Health Functioning of Children and Adolescents in Low-Resource Communities in Uganda:  Analysis of a Cluster-Randomized Trial From the SMART Africa-Uganda Study  (2016-2022).,Ssewamala,10.1016/j.jadohealth.2022.09.035,37062581,PMC10442860,2023,The Journal of adolescent health : official publication of the Society for Adolescent Medicine,Y4JBR9SK,7ad3f478316e655571ad20dc1ae4886e,OK,downloaded,,,,testing,2026-08-06T22:31:16.365733+00:00
VPBGKIZV,NIMH,Boring Task / NIMH,Suubi4Her: a study protocol to examine the impact and cost associated with a combination intervention to prevent HIV risk behavior and improve mental health  functioning among adolescent girls in Uganda.,Ssewamala,10.1186/s12889-018-5604-5,29871619,PMC5989412,2018,BMC public health,U9MW2MVY,269ca613178ab4c7565918b227f98b9c,OK,downloaded,,,,testing,2026-08-06T22:31:16.843901+00:00
WBW3Y66W,NIMH,Boring Task / NIMH,Improving mental health through integration with primary care in rural Karnataka: study protocol of a cluster randomized control trial.,Srinivasan,10.1186/s12875-018-0845-z,30205830,PMC6134696,2018,BMC family practice,XXUXFD3R,c2d04cdb531e8adfcb287fedfabee951,OK,downloaded,,,,testing,2026-08-06T22:31:17.362964+00:00
GFMDVS2Q,NIMH,Boring Task / NIMH,Collaborative care compared to enhanced standard treatment of depression with co-morbid medical conditions among patients from rural South India: a cluster  randomized controlled trial (HOPE Study).,Srinivasan,10.1186/s12888-022-04000-3,35698087,PMC9195442,2022,BMC psychiatry,DG7ZZK6Q,56aea57b541608c4927e11ba9b435fda,OK,downloaded,,,,testing,2026-08-06T22:31:17.832697+00:00
2SRFPGLT,NIMH,Boring Task / NIMH,Reduction in Stigma Drivers Partially Mediates the Effect of a Stigma Reduction Intervention Among Nursing Students in India: The DriSti Cluster Randomized  Controlled Trial.,Srinivasan,10.1097/qai.0000000000002543,33105394,PMC7884286,2021,Journal of acquired immune deficiency syndromes (1999),3A9A728W,1f16d9d50f5aa0e24f0b63f7be350ce0,OK,downloaded,,,,testing,2026-08-06T22:31:18.376023+00:00
IJE2H7PN,NIMH,Boring Task / NIMH,Implementation leadership and implementation climate in context: A single organization intrinsic case study for implementation of digital measurement-based  care.,Sklar,10.1177/26334895241236680,38550748,PMC10976481,2024,Implementation research and practice,AULWPP4V,9131994e843cd7913de7db8047f24dba,OK,downloaded,,,,testing,2026-08-06T22:31:18.910640+00:00
55ZNUP4N,NIMH,Boring Task / NIMH,"A cluster randomized trial to reduce HIV risk from outside partnerships in Zambian HIV-Negative couples using a novel behavioral intervention,  ""Strengthening Our Vows"": Study protocol and baseline data.",Sharkey,10.1016/j.conctc.2021.100850,34622087,PMC8481973,2021,Contemporary clinical trials communications,6XCPMQRW,8130b3d6d4d5f6089fb1d2f9c0155f19,OK,downloaded,,,,testing,2026-08-06T22:31:19.421097+00:00
T7UCH86L,NIMH,Boring Task / NIMH,Effect of General Practitioner Training in a Collaborative Child Mental Health Care Program on Children's Mental Health Outcomes in a Low-Resource Setting: A  Cluster Randomized Trial.,Sharifi,10.1001/jamapsychiatry.2022.3989,36449318,PMC9713683,2023,JAMA psychiatry,VRWV253Q,da81320c4d840fb6a05fb4b11b75b712,OK,downloaded,,,,testing,2026-08-06T22:31:19.917584+00:00
KTSBA77P,NIMH,Boring Task / NIMH,Collaborative care for child and youth mental health problems in a middle-income country: study protocol for a randomized controlled trial training general  practitioners.,Sharifi,10.1186/s13063-019-3467-4,31287011,PMC6615304,2019,Trials,I5FQSKHL,6c57551d2ff7be925d5668d105c2a134,OK,downloaded,,,,testing,2026-08-06T22:31:20.328647+00:00
UZF834L9,NIMH,Boring Task / NIMH,"Effect of peer-distributed HIV self-test kits on demand for biomedical HIV prevention in rural KwaZulu-Natal, South Africa: a three-armed cluster-randomised  trial comparing social networks versus direct delivery.",Shahmanesh,10.1136/bmjgh-2020-004574,34315730,PMC8317107,2021,BMJ global health,96KF6WKV,fe97dfeac1368aba62e3498176eb2561,OK,downloaded,,,,testing,2026-08-06T22:31:20.890742+00:00
BFGHJKXT,NIMH,Boring Task / NIMH,Cost Analysis of Short Messaging Service and Peer Navigator Interventions for Linking and Retaining Adults Recently Diagnosed With HIV in Care in South Africa.,Shade,10.1097/qai.0000000000003371,38489491,,2024,Journal of acquired immune deficiency syndromes (1999),U4NB768Z,88adaee3167e37a00693810ab8eb46c3,OK,downloaded,,,,testing,2026-08-06T22:31:21.378002+00:00
5NR7NMK7,NIMH,Boring Task / NIMH,The Transdiagnostic Intervention for Sleep and Circadian Dysfunction (TranS-C) for serious mental illness in community mental health part 3: study protocol to  evaluate sustainment in a hybrid type 2 effectiveness-implementation  cluster-randomized trial.,Sarfan,10.1186/s13063-023-07900-1,38225677,PMC10788981,2024,Trials,SGG7WGFA,d024916ce7f73942d399fb2944b8864f,OK,downloaded,,,,testing,2026-08-06T22:31:21.837965+00:00
5N7AUT4I,NIMH,Boring Task / NIMH,The Transdiagnostic Intervention for Sleep and Circadian Dysfunction (TranS-C) for serious mental illness in community mental health part 1: study protocol for  a hybrid type 2 effectiveness-implementation cluster-randomized trial.,Sarfan,10.1186/s13063-023-07148-9,36927461,PMC10020076,2023,Trials,RRHIHYED,4c8e6bda7747fbc3f18b646eb0afb512,OK,downloaded,,,,testing,2026-08-06T22:31:22.361280+00:00
6KTQZ8MF,NIMH,Boring Task / NIMH,A Nutrition-Sensitive Agroecology Intervention in Rural Tanzania Increases Children's Dietary Diversity and Household Food Security But Does Not Change  Child Anthropometry: Results from a Cluster-Randomized Trial.,Santoso,10.1093/jn/nxab052,33973009,PMC8245885,2021,The Journal of nutrition,9MJ2TJP8,9c33d69eb74cdd1d1f2c90d0bcfb0896,OK,downloaded,,,,testing,2026-08-06T22:31:22.889568+00:00
TIM5M67F,NIMH,Boring Task / NIMH,Correlates for the severity of suicidal risk in participants with common mental disorders with comorbid chronic medical conditions in rural primary healthcare  settings in India.,Ruben,10.4103/indianjpsychiatry.indianjpsychiatry_41_23,37485404,PMC10358822,2023,Indian journal of psychiatry,H3DYXE5K,60427f73d83921f90ceccc3435c0879d,OK,downloaded,,,,testing,2026-08-06T22:31:23.361994+00:00
ASVT83G6,NIMH,Boring Task / NIMH,Pragmatic trial design of an intervention to reduce cardiovascular risk in people with serious mental illness.,Rossom,10.1016/j.cct.2020.105964,32087336,PMC7263956,2020,Contemporary clinical trials,H8PDQKJD,b945ea2134bd0716531a957ed3f4f1ff,OK,downloaded,,,,testing,2026-08-06T22:31:23.917469+00:00
MRT24INS,NIMH,Boring Task / NIMH,"Differential Effects of an Intervention to Reduce Cardiovascular Risk for Patients With Bipolar Disorder, Schizoaffective Disorder, or Schizophrenia: A  Randomized Clinical Trial.",Rossom,10.4088/jcp.22m14710,37428030,PMC10793875,2023,The Journal of clinical psychiatry,NCAP9KP6,2b9413ed66b2f235ba57a98496049214,OK,downloaded,,,,testing,2026-08-06T22:31:24.373428+00:00
3E6TGDWS,NIMH,Boring Task / NIMH,"Effect of Clinical Decision Support on Cardiovascular Risk Among Adults With Bipolar Disorder, Schizoaffective Disorder, or Schizophrenia: A Cluster  Randomized Clinical Trial.",Rossom,10.1001/jamanetworkopen.2022.0202,35254433,PMC8902652,2022,JAMA network open,JX7VUCQV,c4d5f72d7b8d1e9da479f72a089e5195,OK,downloaded,,,,testing,2026-08-06T22:31:24.838951+00:00
BAXIEMAV,NIMH,Boring Task / NIMH,Do differentiated service delivery models for HIV treatment in sub-Saharan Africa save money? Synthesis of evidence from field studies conducted in sub-Saharan  Africa in 2017-2019.,Rosen,10.12688/gatesopenres.13458.2,35310814,PMC8907143,2021,Gates open research,KIPGY9DX,a1fc19e2258c41006d86a74b54f561ef,OK,downloaded,,,,testing,2026-08-06T22:31:25.527312+00:00
QT8FHYS8,NIMH,Boring Task / NIMH,Predictors of Hospitalization of Individuals With First-Episode Psychosis: Data From a 2-Year Follow-Up of the RAISE-ETP.,Robinson,10.1176/appi.ps.201800511,31084291,PMC6602852,2019,"Psychiatric services (Washington, D.C.)",MCB7XH9F,fcea152c3e1f0f38fde30d5d3b5d47a4,OK,downloaded,,,,testing,2026-08-06T22:31:26.044726+00:00
PZ4KVRPV,NIMH,Boring Task / NIMH,Breaking down relationship barriers to increase PrEP uptake and adherence among adolescent girls and young women in Kenya: safety and preliminary effectiveness  results from a pilot cluster-randomized trial.,Roberts,10.1002/jia2.26198,38123866,PMC10733161,2023,Journal of the International AIDS Society,YKZU4UCK,20a828baa40c6f911b226303a774ea26,OK,downloaded,,,,testing,2026-08-06T22:31:26.601168+00:00
R4IBBUV5,NIMH,Boring Task / NIMH,The effect of affordable daycare on women's mental health: Evidence from a cluster randomized trial in rural India.,Richardson,10.1016/j.socscimed.2018.09.061,30292875,PMC9202395,2018,Social science & medicine (1982),JI67TCCH,1ae599402830c1e83dc302a481a11f50,OK,downloaded,,,,testing,2026-08-06T22:31:27.039089+00:00
V66VKLF5,NIMH,Boring Task / NIMH,Attention Test Assessment from a Cluster Randomized Controlled Trial of Caregiver Training for Ugandan Preschool Children Living with Perinatal HIV.,Rice,10.1080/87565641.2023.2280182,37968963,PMC11533893,2023,Developmental neuropsychology,5T4TIVL5,bbb292fe0d7f76a00baa46347a3c6556,OK,downloaded,,,,testing,2026-08-06T22:31:27.534559+00:00
B8SQQBBR,NIMH,Boring Task / NIMH,"Evaluation of the SPIRIT Integrated Suicide Prevention Programme: study protocol for a cluster-randomised controlled trial in rural Gujarat, India.",Pathare,10.1186/s13063-020-04472-2,32586362,PMC7318485,2020,Trials,DRBKAWU5,b720280f11c78e49498f90192b841aec,OK,downloaded,,,,testing,2026-08-06T22:31:28.062720+00:00
2SWXRURB,NIMH,Boring Task / NIMH,Optimizing the efficiency and implementation of cash transfers to improve adherence to antiretroviral therapy: study protocol for a cluster randomized  controlled trial.,Packel,10.1186/s13063-020-04899-7,33228757,PMC7684892,2020,Trials,Q3RKVE43,fcaeba78a4fd3134a5c5030d2233fa57,OK,downloaded,,,,testing,2026-08-06T22:31:28.591434+00:00
BFRFSJDD,NIMH,Boring Task / NIMH,Preparing a financial incentive program to improve retention in HIV care and viral suppression for scale: using an implementation science framework to  evaluate an mHealth system in Tanzania.,Packel,10.1186/s43058-021-00214-w,34556176,PMC8461932,2021,Implementation science communications,S9M3JNWE,5c2c00bcebf611af3a142a785f15ee12,OK,downloaded,,,,testing,2026-08-06T22:31:29.147537+00:00
ZCZHUGFJ,NIMH,Boring Task / NIMH,Safety of azithromycin in infants under six months of age in Niger: A community randomized trial.,Oldenburg,10.1371/journal.pntd.0006950,30419040,PMC6258425,2018,PLoS neglected tropical diseases,A84SMW9H,cee9e20aa250ce6c1d2465f0dbcbe11e,OK,downloaded,,,,testing,2026-08-06T22:31:29.634387+00:00
GZQ7IRAT,NIMH,Boring Task / NIMH,Biannual versus annual mass azithromycin distribution and malaria seroepidemiology among preschool children in Niger: a sub-study of a cluster  randomized trial.,Oldenburg,10.1186/s12936-019-3033-2,31796025,PMC6889587,2019,Malaria journal,GL64J7WM,fea8979e5ea5df8ccba0787601e186ea,OK,downloaded,,,,testing,2026-08-06T22:31:30.032388+00:00
89DMKZHU,NIMH,Boring Task / NIMH,Randomized controlled trial of a community-based intervention on HIV and nutritional outcomes at 6 months among women living with HIV/AIDS in rural India.,Nyamathi,10.1097/qad.0000000000002016,30289802,PMC6361536,2018,"AIDS (London, England)",AH8GS9CU,50f56647132a381edca35f333391e4ad,OK,downloaded,,,,testing,2026-08-06T22:31:30.663430+00:00
IR5IG53L,NIMH,Boring Task / NIMH,Effect of Technology-Enhanced Screening in Addition to Standard Targeted Clinician Education on the Duration of Untreated Psychosis: A Cluster Randomized  Clinical Trial.,Niendam,10.1001/jamapsychiatry.2022.4436,36598770,PMC9857799,2023,JAMA psychiatry,CBDF42IE,a810989c0cd7377323c491ed8f234b3f,OK,downloaded,,,,testing,2026-08-06T22:31:31.168878+00:00
SBYBDZ47,NIMH,Boring Task / NIMH,Study protocol for type II hybrid implementation-effectiveness trial of strategies for depression care task-sharing in community health stations in  Vietnam: DEP Project.,Ngo,10.1186/s12889-023-16312-4,37507720,PMC10386582,2023,BMC public health,ADA58T6R,4bc2ec38b301f67cf23b1cacf8ffcc2b,OK,downloaded,,,,testing,2026-08-06T22:31:31.638640+00:00
XKJE293I,NIMH,Boring Task / NIMH,Digital training for non-specialist health workers to deliver a brief psychological treatment for depression in India: Protocol for a three-arm  randomized controlled trial.,Naslund,10.1016/j.cct.2021.106267,33421650,,2021,Contemporary clinical trials,NCZRBQ3M,418541c26ac6e26663a46ad7ff6649f8,OK,downloaded,,,,testing,2026-08-06T22:31:32.253746+00:00
786UNAU7,NIMH,Boring Task / NIMH,Integration of HIV testing services into family planning services: a systematic review.,Narasimhan,10.1186/s12978-019-0714-9,31138307,PMC6538541,2019,Reproductive health,3S7VQJB5,219013496b45f070d8f110457a0c87f3,OK,downloaded,,,,testing,2026-08-06T22:31:32.689006+00:00
2UM5FXLV,NIMH,Boring Task / NIMH,Male partner testing and sexual behaviour following provision of multiple HIV self-tests to Kenyan women at higher risk of HIV infection in a cluster  randomized trial.,Napierala,10.1002/jia2.25515,32589354,PMC7319153,2020,Journal of the International AIDS Society,AIY9BAXH,76e14e626b2a6153cb36b376488557ba,OK,downloaded,,,,testing,2026-08-06T22:31:33.183519+00:00
VCN8ECH3,NIMH,Boring Task / NIMH,Peer Pressure and Risk-Taking Behaviors Among Adolescent Girls in a Region Impacted by HIV/AIDS in Southwestern Uganda.,Namuwonge,10.1016/j.jadohealth.2023.08.006,37804302,PMC10841615,2024,The Journal of adolescent health : official publication of the Society for Adolescent Medicine,9XA9TPNS,6a0909b6e98045732d05977377d67353,OK,downloaded,,,,testing,2026-08-06T22:31:33.634293+00:00
I75KHHFP,NIMH,Boring Task / NIMH,Suubi4Stigma study protocol: a pilot cluster randomized controlled trial to address HIV-associated stigma among adolescents living with HIV in Uganda.,Nabunya,10.1186/s40814-022-01055-7,35488323,PMC9052650,2022,Pilot and feasibility studies,743J4HFG,85123083e00829b4ae4692b5b9960eea,OK,downloaded,,,,testing,2026-08-06T22:31:34.189047+00:00
BBRJI5EP,NIMH,Boring Task / NIMH,Prevalence and correlates of depressive symptoms among high school adolescent girls in southern Uganda.,Nabunya,10.1186/s12889-020-09937-2,33238965,PMC7689972,2020,BMC public health,K5TDB5ZI,dcce1fa013c6b840f788655ca7feab63,OK,downloaded,,,,testing,2026-08-06T22:31:34.716950+00:00
8C5FF9VN,NIMH,Boring Task / NIMH,Predictors of Depressive Symptoms and Post Traumatic Stress Disorder Among Women Engaged in Commercial Sex Work in Southern Uganda.,Nabunya,10.1016/j.psychres.2021.113817,33636517,PMC8005481,2021,Psychiatry research,75WXAGEH,e7268f86d2e95b0e074e9353caac7f48,OK,downloaded,,,,testing,2026-08-06T22:31:35.255467+00:00
JESKQ7J8,NIMH,Boring Task / NIMH,The impact of an economic empowerment intervention on intimate partner violence among women engaged in sex work in southern Uganda: A cluster randomized control  trial.,Nabayinda,10.1016/j.socscimed.2024.116846,38581814,PMC11490260,2024,Social science & medicine (1982),S88MTHHJ,7d3b8c9cbb8f3cd492791e9090223a45,OK,downloaded,,,,testing,2026-08-06T22:31:35.721085+00:00
H6A7ZU2Q,NIMH,Boring Task / NIMH,A Multilevel Integrated Intervention to Reduce the Impact of HIV Stigma on HIV Treatment Outcomes Among Adolescents Living With HIV in Uganda: Protocol for a  Randomized Controlled Trial.,Mutumba,10.2196/40101,36197706,PMC9582915,2022,JMIR research protocols,4H75R2P5,536c0c9031ca8ef09ac3289ea8aa5db1,OK,downloaded,,,,testing,2026-08-06T22:31:36.211980+00:00
3I9ZKVDX,NIMH,Boring Task / NIMH,The impact of Cognitive Processing Therapy on stigma among survivors of sexual violence in eastern Democratic Republic of Congo: results from a cluster  randomized controlled trial.,Murray,10.1186/s13031-018-0142-4,29449879,PMC5808396,2018,Conflict and health,DURYRCXM,11ec2bb581a29099726b1793c69e6ac7,OK,downloaded,,,,testing,2026-08-06T22:31:36.700430+00:00
KJ32DPW3,NIMH,Boring Task / NIMH,Impact of a brief intervention to improve engagement in a recovery program for young adults with serious mental illness.,Munson,10.1016/j.schres.2022.11.008,36399899,PMC9742319,2022,Schizophrenia research,8AVNNX9H,136676146feb69960369bcf5ebc3e4e1,OK,downloaded,,,,testing,2026-08-06T22:31:37.207553+00:00
IKBTL3CZ,NIMH,Boring Task / NIMH,"Perpetration and Victimization of Intimate Partner Violence Among Young Men and Women in Dar es Salaam, Tanzania.",Mulawa,10.1177/0886260515625910,26802044,PMC4956596,2018,Journal of interpersonal violence,EZKTM3SU,83e43cbb34a3ec16788e0f410140360d,OK,downloaded,,,,testing,2026-08-06T22:31:37.666421+00:00
NE394TS7,NIMH,Boring Task / NIMH,Evaluating the efficacy of the HITSystem 2.1 to improve PMTCT retention and maternal viral suppression in Kenya: Study protocol of a cluster-randomized  trial.,Mokua,10.1371/journal.pone.0263988,35881649,PMC9321364,2022,PloS one,EKYXGNNV,80969fe912375e7ead07400ac856cbb5,OK,downloaded,,,,testing,2026-08-06T22:31:38.165164+00:00
935WEI86,NIMH,Boring Task / NIMH,"""I felt special!"": a qualitative study of peer-delivered HIV self-tests, STI self-sampling kits and PrEP for transgender women in Uganda.",Mujugira,10.1002/jia2.26201,38147031,PMC10750840,2023,Journal of the International AIDS Society,9YRQCI26,e8da6c4e42411f7571a6e7681f3b8366,OK,downloaded,,,,testing,2026-08-06T22:31:38.644492+00:00
B9ERTQKG,NIMH,Boring Task / NIMH,The impact of early intervention for first episode psychosis on cognitive functioning.,Mueser,10.1016/j.schres.2023.07.021,37657279,PMC10592046,2023,Schizophrenia research,2WB2G7JJ,871d6e176f04abfcaa9fda970727bc5b,OK,downloaded,,,,testing,2026-08-06T22:31:39.101173+00:00
H5FVRRL2,NIMH,Boring Task / NIMH,Implementation and fidelity assessment of the NAVIGATE treatment program for first episode psychosis in a multi-site study.,Mueser,10.1016/j.schres.2018.08.015,30139553,PMC6382606,2019,Schizophrenia research,R8VKA8NW,e41679199d805d5ed3780350cef5b719,OK,downloaded,,,,testing,2026-08-06T22:31:39.547581+00:00
H5MG9S64,NIMH,Boring Task / NIMH,Depressive disorder at the household level: prevalence and correlates of depressive symptoms among household members.,Mpinga,10.1080/16549716.2023.2241808,37554074,PMC10413913,2023,Global health action,RJIF9AU6,b36a84dc2d333e09b4c74744367786d7,OK,downloaded,,,,testing,2026-08-06T22:31:40.113580+00:00
KUF4LFG6,NIMH,Boring Task / NIMH,Cluster randomized trial of the classroom SCERTS intervention for elementary students with autism spectrum disorder.,Morgan,10.1037/ccp0000314,29939056,PMC6457665,2018,Journal of consulting and clinical psychology,GWL44U92,649b4b4354476a03c5d7ae50e214f34a,OK,downloaded,,,,testing,2026-08-06T22:31:40.646752+00:00
UN9KS5NR,NIMH,Boring Task / NIMH,Matters of Fidelity: School Provider Adherence and Competence in a Clustered Study of Adaptive Implementation Strategies.,Meyer,10.1080/23794925.2024.2324770,39498378,PMC11534295,2024,Evidence-based practice in child and adolescent mental health,BU77ZQ6X,60d2cedf5f2c2796d132494848c1d9ba,OK,downloaded,,,,testing,2026-08-06T22:31:41.147738+00:00
SR4PYGAT,NIMH,Boring Task / NIMH,Design of a hybrid implementation effectiveness cluster randomized controlled trial of delivering written exposure therapy for PTSD in underserved primary care  settings.,Meredith,10.1016/j.cct.2024.107435,38211725,PMC11146292,2024,Contemporary clinical trials,9QX93ZFW,faf030949844d5b85eeacd2a3231615b,OK,downloaded,,,,testing,2026-08-06T22:31:41.698246+00:00
A6JA4WWM,NIMH,Boring Task / NIMH,Reducing Suicidal Ideation Through Insomnia Treatment (REST-IT): A Randomized Clinical Trial.,McCall,10.1176/appi.ajp.2019.19030267,31537089,PMC6824991,2019,The American journal of psychiatry,CD35XRWA,ad1658bd7efcb760638271253ce470b1,OK,downloaded,,,,testing,2026-08-06T22:31:42.187904+00:00
GRNHDDJF,NIMH,Boring Task / NIMH,OnTrack Chile for people with early psychosis: a study protocol for a Hybrid Type 1 trial.,Mascayano,10.1186/s13063-022-06661-7,36064643,PMC9444092,2022,Trials,387PXGLU,cab22f3b812ff953e3faff9d4fc89a2f,OK,downloaded,,,,testing,2026-08-06T22:31:42.737815+00:00
BQPB2EEU,NIMH,Boring Task / NIMH,Community-Based Accompaniment with Supervised Antiretrovirals for HIV-Positive Adults in Peru: A Cluster-Randomized Trial.,McLaughlin,10.1007/s10461-017-1680-2,28074421,PMC5503817,2018,AIDS and behavior,IDQ4AI5H,9280e3f0dd5c651bb0dd9a0f44998f14,OK,downloaded,,,,testing,2026-08-06T22:31:43.291431+00:00
INK5RFJ6,NIMH,Boring Task / NIMH,Participation in a Community-Based Women's Health Education Program and At-Risk Child Development in Rural Kenya: Developmental Screening Questionnaire Results  Analysis.,McHenry,10.9745/ghsp-d-20-00349,34933978,PMC8691876,2021,"Global health, science and practice",WZR6KURE,e87b75fc3dcf97b155fa9fbc423cfd00,OK,downloaded,,,,testing,2026-08-06T22:31:43.778897+00:00
XLJ8EEGM,NIMH,Boring Task / NIMH,Team-focused implementation strategies to improve implementation of mental health screening and referral in rural Children's Advocacy Centers: study protocol for a  pilot cluster randomized hybrid type 2 trial.,McGuier,10.1186/s43058-023-00437-z,37237302,PMC10214641,2023,Implementation science communications,WP5UFZCQ,c22c3f95708c592c28300d9c7b0c592f,OK,downloaded,,,,testing,2026-08-06T22:31:44.303852+00:00
986U7HAT,NIMH,Boring Task / NIMH,"Connecting the Dots: a cluster-randomized clinical trial integrating standardized autism spectrum disorders screening, high-quality treatment, and long-term  outcomes.",McClure,10.1186/s13063-021-05286-6,33934719,PMC8091523,2021,Trials,DNSB9LXJ,5e89e80161b105e31910e9d9e865c9ce,OK,downloaded,,,,testing,2026-08-06T22:31:44.849833+00:00
NKMRWMRF,NIMH,Boring Task / NIMH,A Cluster-Randomized Trial of Traditional Healer-Delivered Counseling and Rapid HIV Testing in Tanzania.,Matungwa,10.1007/s10461-022-03700-x,35553286,,2022,AIDS and behavior,M44CEMSX,106e954a293fe9fd8faf29fa89a749b9,OK,downloaded,,,,testing,2026-08-06T22:31:45.373826+00:00
GU7VBP59,NIMH,Boring Task / NIMH,Protocol for a hybrid type 2 cluster randomized trial of trauma-focused cognitive behavioral therapy and a pragmatic individual-level implementation strategy.,Lyon,10.1186/s13012-020-01064-1,33413511,PMC7788537,2021,Implementation science : IS,NLTJAEKD,d010acccf7b7d5caab2dfc3afb67ca7d,OK,downloaded,,,,testing,2026-08-06T22:31:45.884489+00:00
5ZYEYEFF,NIMH,Boring Task / NIMH,"Mobile Health-Supported HIV Self-Testing Strategy Among Urban Refugee and Displaced Youth in Kampala, Uganda: Protocol for a Cluster Randomized Trial  (Tushirikiane, Supporting Each Other).",Logie,10.2196/26192,33528378,PMC7886618,2021,JMIR research protocols,BMDYLQN8,db1efe9be3ee82a36c11298a305f8fac,OK,downloaded,,,,testing,2026-08-06T22:31:46.390742+00:00
NH3QXMVU,NIMH,Boring Task / NIMH,A School-Based Intervention for Mental Illness Stigma: A Cluster Randomized Trial.,Link,10.1542/peds.2019-0780,32434761,PMC7263048,2020,Pediatrics,RBFXKP3F,ce08938533f484c99bbffc88c5a49979,OK,downloaded,,,,testing,2026-08-06T22:31:47.025259+00:00
I5SJ8CG8,NIMH,Boring Task / NIMH,Impact of Community Support Workers in Rural Ethiopia on Emotional and Psychosocial Health of Persons Living with HIV: Results of a Three-Year  Randomized Community Trial.,Lifson,10.1007/s10461-023-04007-1,36788166,,2023,AIDS and behavior,T4XRFGL8,cdafdbbd1f9df8ade2b4ee6a87cfee14,OK,downloaded,,,,testing,2026-08-06T22:31:47.527864+00:00
CT5JHH68,NIMH,Boring Task / NIMH,Implementing measurement based care in community mental health: a description of tailored and standardized methods.,Lewis,10.1186/s13104-018-3193-0,29374497,PMC5787282,2018,BMC research notes,49L5I7D5,88583b3a23885465216481002786cfa8,OK,downloaded,,,,testing,2026-08-06T22:31:48.025920+00:00
AMT87D3I,NIMH,Boring Task / NIMH,Mediators of measurement-based care implementation in community mental health settings: results from a mixed-methods evaluation.,Lewis,10.1186/s13012-022-01244-1,36271404,PMC9587549,2022,Implementation science : IS,FARB44BI,cf97e620470f7867198276d678529414,OK,downloaded,,,,testing,2026-08-06T22:31:48.551135+00:00
QCS9WV5U,NIMH,Boring Task / NIMH,Effect of Enhanced Medical Rehabilitation on Functional Recovery in Older Adults Receiving Skilled Nursing Care After Acute Rehabilitation: A Randomized Clinical  Trial.,Lenze,10.1001/jamanetworkopen.2019.8199,31365113,PMC6669784,2019,JAMA network open,XS4ANCKJ,8248134e3254bb32c8131063ff63ec85,OK,downloaded,,,,testing,2026-08-06T22:31:49.040512+00:00
ETEIYHIC,NIMH,Boring Task / NIMH,Initial adaptation of the OnTrack coordinated specialty care model in Chile: An application of the Dynamic Adaptation Process.,Le,10.3389/frhs.2022.958743,36925802,PMC10012675,2022,Frontiers in health services,NBCMZDA7,55a938dabbf94dd7f4a1e2fe567a0e7d,OK,downloaded,"2 PDF attachments, picked highest priority: Full Text PDF; Full Text PDF",,,testing,2026-08-06T22:31:49.551295+00:00
MAFVKW3X,NIMH,Boring Task / NIMH,Implementation resources to support teachers' use of behavioral classroom interventions: protocol of a randomized pilot trial.,Lawson,10.1186/s40814-023-01381-4,37626422,PMC10463490,2023,Pilot and feasibility studies,HYEY7I6X,1b4dfb02e4aa3d2f637f53bb4d9c399e,OK,downloaded,"2 PDF attachments, picked highest priority: Full Text PDF; Full Text PDF",,,testing,2026-08-06T22:31:50.075836+00:00
ED473NRU,NIMH,Boring Task / NIMH,Care team and practice-level implementation strategies to optimize pediatric collaborative care: study protocol for a cluster-randomized hybrid type III  trial.,Kolko,10.1186/s13012-022-01195-7,35193619,PMC8862323,2022,Implementation science : IS,XXUYXXQF,a20a174f88501f50fb6fda29e471e4b0,OK,downloaded,"2 PDF attachments, picked highest priority: Full Text PDF; Full Text PDF",,,testing,2026-08-06T22:31:50.658195+00:00
X5YDQ9MR,NIMH,Boring Task / NIMH,Implementation strategy in collaboration with people with lived experience of mental illness to reduce stigma among primary care providers in Nepal (RESHAPE):  protocol for a type 3 hybrid implementation effectiveness cluster randomized  controlled trial.,Kohrt,10.1186/s13012-022-01202-x,35710491,PMC9205129,2022,Implementation science : IS,HXBJX9ZE,68652f80906c0780e8c43ef18b71b027,OK,downloaded,"2 PDF attachments, picked highest priority: Full Text PDF; Full Text PDF",,,testing,2026-08-06T22:31:51.186023+00:00
3TAMLPYJ,NIMH,Boring Task / NIMH,Collaboration With People With Lived Experience of Mental Illness to Reduce Stigma and Improve Primary Care Services: A Pilot Cluster Randomized Clinical  Trial.,Kohrt,10.1001/jamanetworkopen.2021.31475,34730821,PMC8567115,2021,JAMA network open,P2SIJ488,b983c8ec93f8b8ecff42c326a4a09e5f,OK,downloaded,"2 PDF attachments, picked highest priority: Full Text PDF; Full Text PDF",,,testing,2026-08-06T22:31:51.844689+00:00
TR383XSK,NIMH,Boring Task / NIMH,Reducing stigma among healthcare providers to improve mental health services (RESHAPE): protocol for a pilot cluster randomized controlled trial of a stigma  reduction intervention for training primary healthcare workers in Nepal.,Kohrt,10.1186/s40814-018-0234-3,29403650,PMC5781273,2018,Pilot and feasibility studies,J54CGW86,c3b3c3d7f8c40fa9485b6c44a510452c,OK,downloaded,"2 PDF attachments, picked highest priority: Full Text PDF; Full Text PDF",,,testing,2026-08-06T22:31:52.488905+00:00
BKZA2NYF,NIMH,Boring Task / NIMH,Enhancing Adherence to Antiretroviral Therapy Among Adolescents Living With HIV Through Group-Based Therapeutic Approaches in Uganda: Findings From a Pilot  Cluster-Randomized Controlled Trial.,Kizito,10.1093/jpepsy/jsad081,37935531,PMC10653347,2023,Journal of pediatric psychology,UNFIX2PZ,36e18dd1f3725bcb9834f9736d558c6c,OK,downloaded,,,,testing,2026-08-06T22:31:53.049816+00:00
RACDW842,NIMH,Boring Task / NIMH,Long-term mediation of a sexual risk-reduction intervention for South African adolescents.,Kim,10.1037/hea0001325,37883037,,2023,"Health psychology : official journal of the Division of Health Psychology, American Psychological Association",TJD3XL5W,9dc769cafb6246f7081b8411b54b7c5f,OK,downloaded,,,,testing,2026-08-06T22:31:53.526868+00:00
Z8C7NKBD,NIMH,Boring Task / NIMH,Community-level chlamydial serology for assessing trachoma elimination in trachoma-endemic Niger.,Kim,10.1371/journal.pntd.0007127,30689671,PMC6366708,2019,PLoS neglected tropical diseases,BQVCXDB4,db2fe7c56a2063d0c57c7717ecc7921b,OK,downloaded,"2 PDF attachments, picked highest priority: Full Text PDF; Full Text PDF",,,testing,2026-08-06T22:31:54.029386+00:00
8TILNXKG,NIMH,Boring Task / NIMH,Combining Asset Accumulation and Multifamily Group Intervention to Improve Mental Health for Adolescent Girls: A Cluster-Randomized Trial in Uganda.,Karimli,10.1016/j.jadohealth.2023.08.012,37715767,PMC10840800,2024,The Journal of adolescent health : official publication of the Society for Adolescent Medicine,IQ36WW32,76efd1db1d1e8233ea5b8bbd959bd6be,OK,downloaded,"2 PDF attachments, picked highest priority: Full Text PDF; Full Text PDF",,,testing,2026-08-06T22:31:54.660624+00:00
ZLVNAG8L,NIMH,Boring Task / NIMH,"Rudi Kundini, Pamoja Kundini (RKPK): study protocol for a hybrid type 1 randomized effectiveness-implementation trial using data science and economic  incentive strategies to strengthen the continuity of care among people living  with HIV in Tanzania.",Kadota,10.1186/s13063-024-07960-x,38336793,PMC10858527,2024,Trials,TSIG8T8G,5d1aed115ad15215efbc1d0038c6a633,OK,downloaded,"2 PDF attachments, picked highest priority: Full Text PDF; Full Text PDF",,,testing,2026-08-06T22:31:55.147622+00:00
PKZFSUXD,NIMH,Boring Task / NIMH,A peer-facilitated psychological group intervention for perinatal women living with HIV and depression in Tanzania-Healthy Options: A cluster-randomized  controlled trial.,Kaaya,10.1371/journal.pmed.1004112,36512631,PMC9746973,2022,PLoS medicine,FBYN6BM7,ceb1459d93a72cf25fc9046c5bf8462f,OK,downloaded,"2 PDF attachments, picked highest priority: Full Text PDF; Full Text PDF",,,testing,2026-08-06T22:31:55.693098+00:00
3DBTDWCG,NIMH,Boring Task / NIMH,"Effectiveness of Group Problem Management Plus, a brief psychological intervention for adults affected by humanitarian disasters in Nepal: A cluster  randomized controlled trial.",Jordans,10.1371/journal.pmed.1003621,34138875,PMC8211182,2021,PLoS medicine,5KR4CCNA,d45347828736d671602ae85487c20dd8,OK,downloaded,"2 PDF attachments, picked highest priority: Full Text PDF; Full Text PDF",,,testing,2026-08-06T22:31:56.266054+00:00
4LRLTKSM,NIMH,Boring Task / NIMH,Comparing Implementation Strategies for an Evidence-Based Weight Management Program Delivered in Community Mental Health Programs: Protocol for a Pilot  Randomized Controlled Trial.,Jerome,10.2196/45802,37163331,PMC10209790,2023,JMIR research protocols,PQTJ5S8C,52fa7e6a6149f09336ecf440c7bbf33e,OK,downloaded,,,,testing,2026-08-06T22:31:56.866710+00:00
XF5NJ7RH,NIMH,Boring Task / NIMH,An Integrated Approach to Increasing Women's Empowerment and Reducing Domestic Violence: Results of a Cluster-Randomized Controlled Trial in a West African  Country.,Ismayilova,10.1037/vio0000136,34790432,PMC8594903,2018,Psychology of violence,DSFRAD8E,781452826cc8044cad0399d008822675,OK,downloaded,,,,testing,2026-08-06T22:31:57.362592+00:00
9VHHMX8Z,NIMH,Boring Task / NIMH,Attention Test Improvements from a Cluster Randomized Controlled Trial of Caregiver Training for HIV-Exposed/Uninfected Ugandan Preschool Children.,Ikekwere,10.1016/j.jpeds.2021.03.064,33819464,PMC8316287,2021,The Journal of pediatrics,VUVJEAAJ,ffeccdd52a52a7577b4a2689aca1cd3d,OK,downloaded,,,,testing,2026-08-06T22:31:57.850481+00:00
EX9ZTEHA,NIMH,Boring Task / NIMH,Advancing scalability and impacts of a teacher training program for promoting child mental health in Ugandan primary schools: protocol for a hybrid-type II  effectiveness-implementation cluster randomized trial.,Huang,10.1186/s13033-022-00538-7,35718782,PMC9206883,2022,International journal of mental health systems,RG2B8XSN,5518e4738bfdb911dd4db7044963bc28,OK,downloaded,"2 PDF attachments, picked highest priority: Full Text PDF; Full Text PDF",,,testing,2026-08-06T22:31:58.372678+00:00
YTTNMCKH,NIMH,Boring Task / NIMH,Impact of Stressful Climates on Provider Perceptions of Integrated Behavioral Health Services in Pediatric Primary Care: An Exploratory Study.,Hsiung,10.1097/dbp.0000000000000712,31393319,,2019,Journal of developmental and behavioral pediatrics : JDBP,QFF73EAV,785490b5eec4ef044b431399be85a4e4,OK,downloaded,,,,testing,2026-08-06T22:31:59.016152+00:00
UJLD6YLW,NIMH,Boring Task / NIMH,Effectiveness of a community-based intervention to prevent childhood TB in Lesotho.,Hirsch-Moverman,10.5588/ijtld.21.0558,35768915,,2022,The international journal of tuberculosis and lung disease : the official journal of the International Union against Tuberculosis and Lung Disease,JRCD2MJC,e9d37f1396846850c680fc558605cc5d,OK,downloaded,,,,testing,2026-08-06T22:31:59.551741+00:00
FE6XSU5E,NIMH,Boring Task / NIMH,Implementing an evidence-based behavioral weight-loss program in community mental health centers: A randomized pilot study.,Gudzune,10.1002/osp4.760,38765556,PMC11099709,2024,Obesity science & practice,W6M8G6NJ,8f214d1c16b940701a779199d500736f,OK,downloaded,,,,testing,2026-08-06T22:32:00.123812+00:00
QGYV7YR8,NIMH,Boring Task / NIMH,A Pilot Study to Evaluate the Impact of the HIV Infant Tracking System (HITSystem 2.0) on Priority Prevention of Mother-to-Child Transmission (PMTCT) Outcomes.,Finocchario-Kessler,10.1007/s10461-021-03204-0,33709212,PMC8224224,2021,AIDS and behavior,LKLCR9U7,e3ef3d140d53eb0e56bd95ef41b5ad89,OK,downloaded,,,,testing,2026-08-06T22:32:00.550678+00:00
WGVFYM8S,NIMH,Boring Task / NIMH,"Mixed-methods evaluation of a group psychosocial intervention for refugee, migrant and host community women in Ecuador and Panamá: Results from the Entre  Nosotras cluster randomized feasibility trial.",Greene,10.1017/gmh.2023.37,37854436,PMC10579653,2023,"Global mental health (Cambridge, England)",3MHCTNYF,b26f818fd32d915388a785df04041f57,OK,downloaded,"2 PDF attachments, picked highest priority: Full Text PDF; Full Text PDF",,,testing,2026-08-06T22:32:01.070118+00:00
CQ8GJ22F,NIMH,Boring Task / NIMH,Combining a guided self-help and brief alcohol intervention to improve mental health and reduce substance use among refugee men in Uganda: a cluster-randomized  feasibility trial.,Greene,10.1017/gmh.2024.103,39776996,PMC11704368,2024,"Global mental health (Cambridge, England)",H43GIQ2R,7cc8e4f0cfb182df4c4e5f9cb4f8ad38,OK,downloaded,"2 PDF attachments, picked highest priority: Full Text PDF; Full Text PDF",,,testing,2026-08-06T22:32:01.575845+00:00
SPB7VUWI,NIMH,Boring Task / NIMH,The impact of school support on depression among adolescent orphans: a cluster-randomized trial in Kenya.,Green,10.1111/jcpp.12955,30055002,,2019,"Journal of child psychology and psychiatry, and allied disciplines",E8Q429QI,09a6796ca32ad86f48897458411ffdc2,OK,downloaded,,,,testing,2026-08-06T22:32:02.183463+00:00
L5GW7RPB,NIMH,Boring Task / NIMH,"Adverse childhood experiences, adult anxiety and social capital among women in rural Kenya.",Goodman,10.1016/j.janxdis.2022.102614,35988441,PMC11925039,2022,Journal of anxiety disorders,UBU5MB7G,60690e1eed916f197de75959999d60f3,OK,downloaded,,,,testing,2026-08-06T22:32:02.689893+00:00
CEW8TCFI,NIMH,Boring Task / NIMH,Practice-based research networks add value to evidence-based quality improvement.,Goldstein,10.1016/j.hjdsi.2017.06.008,28711505,PMC7935418,2018,"Healthcare (Amsterdam, Netherlands)",2GZ6N7UR,8978eac0f9db2a903bb54e137e6502d8,OK,downloaded,,,,testing,2026-08-06T22:32:03.200421+00:00
8KXTMJS4,NIMH,Boring Task / NIMH,Pilot randomized controlled trial of a video self-help intervention for depression based on acceptance and commitment therapy: Feasibility and  acceptability.,Gaudiano,10.1002/cpp.2436,32087610,PMC7322697,2020,Clinical psychology & psychotherapy,FNAAV4ZN,d6381161e14f57b58a1bb2e43a8bbb33,OK,downloaded,,,,testing,2026-08-06T22:32:03.701868+00:00
344WCQ25,NIMH,Boring Task / NIMH,Integrating Youth Readiness Intervention and Entrepreneurship in Sierra Leone: A Hybrid Type II Cluster Randomized Trial.,Freeman,10.1016/j.jaac.2023.09.552,38143022,PMC11891814,2024,Journal of the American Academy of Child and Adolescent Psychiatry,W7CCPZDG,6cae3bcb8831e4d0b522caa43ea07fdb,OK,downloaded,,,,testing,2026-08-06T22:32:04.202669+00:00
BA5W46LR,NIMH,Boring Task / NIMH,Autism Caregiver Coaching in Africa (ACACIA): Protocol for a type 1-hybrid effectiveness-implementation trial.,Franz,10.1371/journal.pone.0291883,38215154,PMC10786379,2024,PloS one,7M77K4M3,f88eaca26c46427889bfede46c3804e2,OK,downloaded,"2 PDF attachments, picked highest priority: Full Text PDF; Full Text PDF",,,testing,2026-08-06T22:32:04.724432+00:00
BIDY9IEE,NIMH,Boring Task / NIMH,Treatment of Perinatal Depression and Correlates of Treatment Response Among Pregnant Women Living with HIV in Uganda.,Faherty,10.1007/s10995-023-03741-1,37354364,PMC10564822,2023,Maternal and child health journal,UBY32E8T,28dfccd8e7a893567846ddc590a521e9,OK,downloaded,,,,testing,2026-08-06T22:32:05.262950+00:00
EQTH4X7Z,NIMH,Boring Task / NIMH,A systematic review of the engagement with social media-delivered interventions for improving health outcomes among sexual and gender minorities.,Escobar-Viera,10.1016/j.invent.2021.100428,34401387,PMC8350614,2021,Internet interventions,HMDF3G6H,09f19b99591bdf8da0b694d47f6e41a5,OK,downloaded,,,,testing,2026-08-06T22:32:05.782074+00:00
YCBXQNZJ,NIMH,Boring Task / NIMH,"Study protocol: cluster randomized trial of consultation strategies for the sustainment of mental health interventions in under-resourced urban schools:  rationale, design, and methods.",Eiraldi,10.1186/s40359-022-00733-8,35130964,PMC8822800,2022,BMC psychology,5EAV8LWZ,1dc6e7f4eb6cfc3f17d0d94375382db3,OK,downloaded,"2 PDF attachments, picked highest priority: Full Text PDF; Full Text PDF",,,testing,2026-08-06T22:32:06.303658+00:00
RCH9DS2X,NIMH,Boring Task / NIMH,School Mental Health Curriculum Effects on Peer Violence Victimization and Perpetration: A Cluster-Randomized Trial.,DuPont-Reyes,10.1111/josh.12978,33152805,PMC7736140,2021,The Journal of school health,Q7HTIETB,eb5e8f12ca31f4017fa9c80baa460df9,OK,downloaded,,,,testing,2026-08-06T22:32:06.862963+00:00
SV3ZMW6V,NIMH,Boring Task / NIMH,Impact of Therapist Training on Parent Attendance in Mental Health Services for Children with ASD.,Dickson,10.1080/15374416.2020.1796682,32816564,PMC7987108,2022,"Journal of clinical child and adolescent psychology : the official journal for the Society of Clinical Child and Adolescent Psychology, American Psychological  Association, Division 53",YUA55CK2,642baca0daf7ef5a5cea2ab261f13f4f,OK,downloaded,,,,testing,2026-08-06T22:32:07.348069+00:00
7U4A7DJX,NIMH,Boring Task / NIMH,Standard Precautions are for everyone: The role of HIV stigma and implications for nursing education in India.,Devadass,10.5430/jnep.v12n12p69,36579144,PMC9793881,2022,Journal of nursing education and practice,RMH3LTA9,ac80129912bef59706128010834fb08f,OK,downloaded,"2 PDF attachments, picked highest priority: Full Text PDF; Full Text PDF",,,testing,2026-08-06T22:32:07.868285+00:00
XY8FSK7D,NIMH,Boring Task / NIMH,A Randomized Controlled Trial of the Effects of Early Intervention Services On Insight in First Episode Psychosis.,DeTore,10.1093/schbul/sbac099,35997816,PMC9673270,2022,Schizophrenia bulletin,4A6F3BF9,3274d125c0ec998af2b635d53357366f,OK,downloaded,,,,testing,2026-08-06T22:32:08.393654+00:00
J3QCNUTC,NIMH,Boring Task / NIMH,Advancing sustainable implementation of an evidence-based mental health intervention in Sierra Leone's schools: protocol for a hybrid type 3  implementation-effectiveness trial.,Desrosiers,10.1186/s12889-024-17928-w,38310232,PMC10837990,2024,BMC public health,NSYYGYJQ,b28aab8f9dac7f83f987a3a6d89d6d78,OK,downloaded,"2 PDF attachments, picked highest priority: Full Text PDF; Full Text PDF",,,testing,2026-08-06T22:32:08.903217+00:00
2FHYXRIS,NIMH,Boring Task / NIMH,Universal Teacher-Child Interaction Training in early childhood special education: A cluster randomized control trial.,Davis,10.1016/j.jsp.2023.02.001,36914364,,2023,Journal of school psychology,JKZKB7UX,57bf14d42b3d78969f35086a4f07ed23,OK,downloaded,,,,testing,2026-08-06T22:32:09.412739+00:00
DY89L5PP,NIMH,Boring Task / NIMH,Harnessing Innovative Technologies to Train Nurses in Suicide Safety Planning With Hospitalized Patients: Protocol for Formative and Pilot Feasibility  Research.,Darnell,10.2196/33695,34914618,PMC8717131,2021,JMIR research protocols,NSYUAWMP,021d99a7576bbf07dcb58cbc3ad57cc9,OK,downloaded,"2 PDF attachments, picked highest priority: Full Text; Full Text",,,testing,2026-08-06T22:32:10.035770+00:00
KLK84DR3,NIMH,Boring Task / NIMH,Systems analysis and improvement approach to optimize outpatient mental health treatment cascades in Mozambique (SAIA-MH): study protocol for a cluster  randomized trial.,Cumbe,10.1186/s13012-022-01213-8,35668423,PMC9169330,2022,Implementation science : IS,VUAZSBGV,87ef4110b257e3b19ba986b9f3911380,OK,downloaded,"2 PDF attachments, picked highest priority: Full Text PDF; Full Text PDF",,,testing,2026-08-06T22:32:10.678219+00:00
FH65QPJH,NIMH,Boring Task / NIMH,"Assessing the efficacy of an integrated intervention to create demand for fishermen's schistosomiasis and HIV services (FISH) in Mangochi, Malawi: Study  protocol for a cluster randomized control trial.",Conserve,10.1371/journal.pone.0262237,34995323,PMC8741025,2022,PloS one,GR89XJKQ,7e0169b8f038a6072fb55e569929d893,OK,downloaded,"2 PDF attachments, picked highest priority: Full Text PDF; Full Text PDF",,,testing,2026-08-06T22:32:11.183556+00:00
ACF9HMZZ,NIMH,Boring Task / NIMH,Effectiveness of integrated care for older adults with depression and hypertension in rural China: A cluster randomized controlled trial.,Chen,10.1371/journal.pmed.1004019,36279299,PMC9639850,2022,PLoS medicine,I96PZQIV,d432f2a272d1481afae81488d6a3c418,OK,downloaded,,,,testing,2026-08-06T22:32:11.659676+00:00
EYBLSWJ8,NIMH,Boring Task / NIMH,Protocol of an ongoing randomized controlled trial of care management for comorbid depression and hypertension: the Chinese Older Adult Collaborations in  Health (COACH) study.,Chen,10.1186/s12877-018-0808-1,29843644,PMC5975464,2018,BMC geriatrics,5QK2FVDU,04657a0cd12a1518c741c6946c3046ce,OK,downloaded,,,,testing,2026-08-06T22:32:12.143190+00:00
VMA794LJ,NIMH,Boring Task / NIMH,Implementation Science in Thailand: Design and Methods of a Geriatric Mental Health Cluster-Randomized Trial.,Chen,10.1176/appi.ps.202000028,34126778,PMC8785231,2022,"Psychiatric services (Washington, D.C.)",3CZ4UREB,8dece4e99442cc548443ff837faee06d,OK,downloaded,,,,testing,2026-08-06T22:32:12.662705+00:00
38YD53KC,NIMH,Boring Task / NIMH,Lean Mass Improvement from Nutrition Education and Protein Supplementation among Rural Indian Women Living with HIV/AIDS: Results from Cluster Randomized  Factorial Trial at 18-Month Follow-Up.,Carpenter,10.3390/nu14010179,35011054,PMC8746930,2021,Nutrients,X5EZNNTI,9c50c1a985a84194fc4aec1b5708218a,OK,downloaded,,,,testing,2026-08-06T22:32:13.112819+00:00
UTCS2UU4,NIMH,Boring Task / NIMH,Violence against children and intimate partner violence against women: overlap and common contributing factors among caregiver-adolescent dyads.,Carlson,10.1186/s12889-019-8115-0,31996179,PMC6988249,2020,BMC public health,ESVLR8JP,f792aab5e570c9873304b695031650a2,OK,downloaded,,,,testing,2026-08-06T22:32:13.636483+00:00
4LCCGNX4,NIMH,Boring Task / NIMH,Training Community Therapists in AIM HI: Individual Family and Neighborhood Factors and Child/Caregiver Outcomes.,Caplan,10.1080/15374416.2022.2096046,35881774,PMC9877246,2024,"Journal of clinical child and adolescent psychology : the official journal for the Society of Clinical Child and Adolescent Psychology, American Psychological  Association, Division 53",HSALM6MI,8aa835921d2583a9a215bb7ea1200d76,OK,downloaded,,,,testing,2026-08-06T22:32:14.156751+00:00
G6MQ8LME,NIMH,Boring Task / NIMH,Psychotropic Medication Use by Children with Autism Served in Publicly Funded Mental Health Settings.,Caplan,10.1097/dbp.0000000000001044,34855690,PMC9149143,2022,Journal of developmental and behavioral pediatrics : JDBP,XDPAZ6AI,17bb6a1f2e776e8af6633c935ef7e6cf,OK,downloaded,,,,testing,2026-08-06T22:32:14.691761+00:00
ZT7K54TX,NIMH,Boring Task / NIMH,The Transdiagnostic Intervention for Sleep and Circadian Dysfunction (TranS-C) for serious mental illness in community mental health part 2: study protocol for  a hybrid type 2 effectiveness-implementation cluster-randomized trial using  train-the-trainer.,Callaway,10.1186/s13063-023-07523-6,37550730,PMC10408147,2023,Trials,E7IW7M4A,92239bc863182efdcc4c00de9e7d8818,OK,downloaded,,,,testing,2026-08-06T22:32:15.215409+00:00
KV2ZVEL8,NIMH,Boring Task / NIMH,Patterns of and Factors Associated With Mental Health Service Utilization Among School-Going Adolescent Girls in Southwestern Uganda: A Latent Class Analysis.,Byansi,10.1016/j.jadohealth.2022.09.037,37062580,PMC10270327,2023,The Journal of adolescent health : official publication of the Society for Adolescent Medicine,N4ESZ3DU,4906e5225c0954d4910574985ec9e342,OK,downloaded,,,,testing,2026-08-06T22:32:15.703753+00:00
Y2FW4WDH,NIMH,Boring Task / NIMH,The Short-Term Impact of a Combination Intervention on Depressive Symptoms Among School-Going Adolescent Girls in Southwestern Uganda: The Suubi4Her Cluster  Randomized Trial.,Byansi,10.1016/j.jadohealth.2022.04.008,35660128,PMC9771640,2022,The Journal of adolescent health : official publication of the Society for Adolescent Medicine,M35Q8QHN,290071fe35c25bb715160385aeb4aa57,OK,downloaded,,,,testing,2026-08-06T22:32:16.219249+00:00
FBYWBD43,NIMH,Boring Task / NIMH,The longitudinal impact of an evidence-based multiple family group intervention (Amaka Amasanyufu) on family cohesion among children in Uganda: Analysis of the  cluster randomized SMART Africa-Uganda scale-up study (2016-2022).,Byansi,10.1111/famp.13007,38761066,PMC11659092,2024,Family process,RHXE45SE,109b08f07cbeace42de6b9ed19c4578f,OK,downloaded,,,,testing,2026-08-06T22:32:16.719781+00:00
BY9EH47B,NIMH,Boring Task / NIMH,Effectiveness of Training Therapists to Deliver An Individualized Mental Health Intervention for Children With ASD in Publicly Funded Mental Health Services: A  Cluster Randomized Clinical Trial.,Brookman-Frazee,10.1001/jamapsychiatry.2019.0011,30840040,PMC6551846,2019,JAMA psychiatry,RDQE66I3,7cea96c247aea7866b6dac8f1891f3d9,OK,downloaded,,,,testing,2026-08-06T22:32:17.204858+00:00
I56L9JM9,NIMH,Boring Task / NIMH,Training Community Therapists to Deliver an Individualized Mental Health Intervention for Autism Spectrum Disorder: Changes in Caregiver Outcomes and  Mediating Role on Child Outcomes.,Brookman-Frazee,10.1016/j.jaac.2020.07.896,32755632,PMC12333665,2021,Journal of the American Academy of Child and Adolescent Psychiatry,E8NM4K9S,aef7a9857efffa80bac098a7f057a735,OK,downloaded,,,,testing,2026-08-06T22:32:17.847198+00:00
LIRRU3J2,NIMH,Boring Task / NIMH,"Impact of Economic and Family Intervention on Adolescent Girls' Education Performance, School Absenteeism, and Behavior in School: The Suubi4Her Study.",Brathwaite,10.1016/j.jadohealth.2023.08.043,37815769,PMC11585388,2024,The Journal of adolescent health : official publication of the Society for Adolescent Medicine,66HR2KX5,ee74dd1656ad257aa3e731819b425cc8,OK,downloaded,,,,testing,2026-08-06T22:32:18.352452+00:00
3ZIS8AI2,NIMH,Boring Task / NIMH,A Method for Tracking Implementation Strategies: An Exemplar Implementing Measurement-Based Care in Community Behavioral Health Clinics.,Boyd,10.1016/j.beth.2017.11.012,29937255,PMC6020155,2018,Behavior therapy,7QQJ7XRM,03b43a65b726a1eb3a4c2e89516d107d,OK,downloaded,,,,testing,2026-08-06T22:32:18.832293+00:00
3IRBAJ47,NIMH,Boring Task / NIMH,"Remote coaching for supporting the implementation of treatment for depression in primary care in Madhya Pradesh, India: protocol for a cluster randomized  controlled trial.",Bondre,10.3389/frhs.2024.1477444,39381591,PMC11458575,2024,Frontiers in health services,C9J9N76B,b5880c1674144476745af7b9211caefd,OK,downloaded,,,,testing,2026-08-06T22:32:19.391339+00:00
CGVYF8L3,NIMH,Boring Task / NIMH,Alternate delivery platforms and implementation models for bringing evidence-based behavioral interventions to scale for youth facing adversity: a  case study in West Africa.,Bond,10.1186/s43058-022-00259-5,35168661,PMC8848683,2022,Implementation science communications,6ZYKMT2A,22d258cc1ab6eeb4c9bfe1176531121f,OK,downloaded,,,,testing,2026-08-06T22:32:19.993088+00:00
EMLJCXF7,NIMH,Boring Task / NIMH,Mobile Mental Health in Women's Community-Based Organizations: Protocol for a Pilot Randomized Controlled Trial.,Bhat,10.2196/42919,36753310,PMC9947759,2023,JMIR research protocols,73JY3NIH,76cf68e6c2631d8be7cba743f7e27eaf,OK,downloaded,,,,testing,2026-08-06T22:32:20.540205+00:00
EJATNCJR,NIMH,Boring Task / NIMH,Longitudinal Remote Coaching for Implementation of Perinatal Collaborative Care: A Mixed-Methods Analysis.,Bhat,10.1176/appi.ps.201900341,31996114,PMC7196015,2020,"Psychiatric services (Washington, D.C.)",XX52PG7D,4dc1a2db0de5030815a820ea8ba631d6,OK,downloaded,,,,testing,2026-08-06T22:32:21.029400+00:00
A3E4SB57,NIMH,Boring Task / NIMH,Treatment Preferences for Pharmacological versus Psychological Interventions among Primary Care Providers in Nepal: Mixed Methods Analysis of a Pilot Cluster  Randomized Controlled Trial.,Bhardwaj,10.3390/ijerph19042149,35206331,PMC8871897,2022,International journal of environmental research and public health,UF65CTKF,be09a7fa717ae39a4fae1a627f126416,OK,downloaded,,,,testing,2026-08-06T22:32:21.495926+00:00
FIFGHE4Y,NIMH,Boring Task / NIMH,Youth Functioning and Organizational Success for West African Regional Development (Youth FORWARD): Study Protocol.,Betancourt,10.1176/appi.ps.202000009,33291974,PMC11870143,2021,"Psychiatric services (Washington, D.C.)",VJTKIBQ6,e1f0130dd5625fa456376dbf8153c332,OK,downloaded,,,,testing,2026-08-06T22:32:22.030686+00:00
WJ8URXVX,NIMH,Boring Task / NIMH,"A religiously-tailored, multilevel intervention in African American churches to increase HIV testing: Rationale and design of the Taking It to the Pews cluster  randomized trial.",Berkley-Patton,10.1016/j.cct.2019.105848,31536809,PMC7313239,2019,Contemporary clinical trials,VR3R42V5,2e7fd50d9daceca82af162aa27c40d08,OK,downloaded,,,,testing,2026-08-06T22:32:22.526595+00:00
XKA6NEIX,NIMH,Boring Task / NIMH,Socioeconomic status and the effectiveness of treatment for first-episode psychosis.,Bennett,10.1111/1475-6773.13606,33231881,PMC8143679,2021,Health services research,SCMWHZFB,cc2b4d422feccfe6540372e3b9c591c9,OK,downloaded,,,,testing,2026-08-06T22:32:23.016680+00:00
CZLTLHPV,NIMH,Boring Task / NIMH,Study protocol for a type III hybrid effectiveness-implementation trial of strategies to implement firearm safety promotion as a universal suicide  prevention strategy in pediatric primary care.,Beidas,10.1186/s13012-021-01154-8,34551811,PMC8456701,2021,Implementation science : IS,CDFS8SH6,bdbe12450fe1d95ada1bc2a495b4ce6d,OK,downloaded,,,,testing,2026-08-06T22:32:23.586154+00:00
YXASMVMY,NIMH,Boring Task / NIMH,Virtual Learning Collaborative Compared to Technical Assistance as a Strategy for Implementing Health Promotion in Routine Mental Health Settings: A Hybrid Type 3  Cluster Randomized Trial.,Bartels,10.1007/s10488-022-01215-0,35987829,PMC11694479,2022,Administration and policy in mental health,NJV5X2FN,033537c5aa7859f780da58dd563dbef5,OK,downloaded,,,,testing,2026-08-06T22:32:24.221127+00:00
Z7RGX4NC,NIMH,Boring Task / NIMH,Development and implementation of a process evaluation for intervention quality improvement of a community-based behavioral HIV intervention trial in Tanzania.,Balvanz,10.1007/s10389-021-01618-7,37621988,PMC10448665,2023,Zeitschrift fur Gesundheitswissenschaften = Journal of public health,49YMU6ZG,bb7096bd8d41bfcb3daaa25416a03c9e,OK,downloaded,,,,testing,2026-08-06T22:32:24.703266+00:00
H68GJTTC,NIMH,Boring Task / NIMH,"Effectiveness of a family violence prevention program on mental health outcomes for adult men and women in North Kivu, Democratic Republic of Congo: Insights  from a pilot trial.",Balachander,10.1017/gmh.2024.98,39464553,PMC11504927,2024,"Global mental health (Cambridge, England)",DLK2C3ZK,0eb1a060ceb535ac63e045b088b75842,OK,downloaded,,,,testing,2026-08-06T22:32:25.249904+00:00
FAB2W2PG,NIMH,Boring Task / NIMH,Partners-based HIV treatment for seroconcordant couples attending antenatal and postnatal care in rural Mozambique: A cluster randomized trial protocol.,Audet,10.1016/j.cct.2018.05.020,29879469,PMC6067957,2018,Contemporary clinical trials,W4CKRMFR,b99f414df830cdc55190c56ffec0602e,OK,downloaded,,,,testing,2026-08-06T22:32:25.754771+00:00
HZLCNBDC,NIMH,Boring Task / NIMH,A virtual learning collaborative to implement health promotion in routine mental health settings: Protocol for a cluster randomized trial.,Aschbrenner,10.1016/j.cct.2019.105816,31344520,PMC10047804,2019,Contemporary clinical trials,74E64QN6,b08a3d7efae43a8dcb2b9fa6fd96f9f5,OK,downloaded,,,,testing,2026-08-06T22:32:26.235746+00:00
PS28LFVA,NIMH,Boring Task / NIMH,Malaria Parasitemia and Nutritional Status during the Low Transmission Season in the Presence of Azithromycin Distribution among Preschool Children in Niger.,Arzika,10.4269/ajtmh.19-0547,32067628,PMC7470565,2020,The American journal of tropical medicine and hygiene,VC5MTHX6,54be601d7054409e6e404a7f9c36fbd4,OK,downloaded,,,,testing,2026-08-06T22:32:26.772510+00:00
HZEJSB9F,NIMH,Boring Task / NIMH,Effect of a Digital Intervention on Depressive Symptoms in Patients With Comorbid Hypertension or Diabetes in Brazil and Peru: Two Randomized Clinical Trials.,Araya,10.1001/jama.2021.4348,33974019,PMC8114139,2021,JAMA,GWXBRBXA,ce92889742e1bce16a35ec3a356a952c,OK,downloaded,,,,testing,2026-08-06T22:32:27.184189+00:00
7YBX6GZ3,NIMH,Boring Task / NIMH,Community-level Association between Clinical Trachoma and Ocular Chlamydia Infection after MASS Azithromycin Distribution in a Mesoendemic Region of Niger.,Amza,10.1080/09286586.2019.1597129,30957594,PMC9982651,2019,Ophthalmic epidemiology,SUCH72S3,31887118102ac0adc0d732245c1406c5,OK,downloaded,,,,testing,2026-08-06T22:32:27.670640+00:00
6ZQ86YFI,NIMH,Boring Task / NIMH,Elevated homocysteine and depression outcomes in patients with comorbid medical conditions in rural primary care.,Srinivasan,,36483766,PMC9728592,2022,International journal of noncommunicable diseases,UR3LD48N,a4dc9e65d13622ec5f1283e30ad9ac4a,OK,downloaded,,,,testing,2026-08-06T22:32:28.212454+00:00
VCNVZJTG,NIMHD; NINR,Boring Task / NIMHD; Boring Task / NINR,Design and methodology of a cluster-randomized trial in early care and education centers to meet physical activity guidelines: Sustainability via Active Garden  Education (SAGE).,Lee,10.1016/j.cct.2018.12.003,30550775,PMC6464371,2019,Contemporary clinical trials,CP3RMPUR,4a1622030d04390a690b2df619ef1815,OK,downloaded,,,,testing,2026-08-06T22:32:28.643766+00:00
Y5ENNJAP,NIMHD; NINR,Boring Task / NIMHD; Boring Task / NINR,Rationale and design of the Heart-to-Heart study: A church-based intervention to reduce blood pressure in African Americans.,Cartwright,10.1016/j.cct.2023.107213,37127255,PMC10330430,2023,Contemporary clinical trials,54NKUSCF,60a42b399ae2c96d3cb8582c3b8a9d66,OK,downloaded,,,,testing,2026-08-06T22:32:29.151041+00:00
CDNDDFVP,NIMHD; NINR,Boring Task / NIMHD; Boring Task / NINR,Sustainability via Active Garden Education: The Sustainability Action Plan Model and Process.,Lee,10.3390/ijerph19095511,35564909,PMC9102810,2022,International journal of environmental research and public health,FVTRUKFG,e725651944b4692693fd064c41a0c3bd,OK,downloaded,,,,testing,2026-08-06T22:32:29.686241+00:00
7GDPM3GF,NIMHD; NINR,Boring Task / NIMHD; Boring Task / NINR,Two Questions About the Design of Cluster Randomized Trials: A Tutorial.,Samsa,10.1016/j.jpainsymman.2020.11.019,33246075,PMC8009809,2021,Journal of pain and symptom management,45QKVFAM,e912393cc59ebd3298f68c50d28daeef,OK,downloaded,,,,testing,2026-08-06T22:32:30.167395+00:00
JI6JH36Q,NIMHD,Boring Task / NIMHD,Kids SIPsmartER reduces sugar-sweetened beverages among Appalachian middle-school students and their caregivers: a cluster randomized controlled trial.,Zoellner,10.1186/s12966-024-01594-7,38664715,PMC11046896,2024,The international journal of behavioral nutrition and physical activity,H2827X27,8d37a69cf12a5d4785871b6ebaa29552,OK,downloaded,,,,testing,2026-08-06T22:32:30.612593+00:00
PPBNLKC9,NIMHD,Boring Task / NIMHD,"Kids SIPsmartER, a cluster randomized controlled trial and multi-level intervention to improve sugar-sweetened beverages behaviors among Appalachian  middle-school students: Rationale, design & methods.",Zoellner,10.1016/j.cct.2019.06.011,31233859,PMC6713199,2019,Contemporary clinical trials,QFWSDBQQ,67e31a9c72f6c712951098b86f6d2a3c,OK,downloaded,,,,testing,2026-08-06T22:32:31.160871+00:00
8J6K7ZKU,NIMHD,Boring Task / NIMHD,"Reach and Adoption of a Randomized Weight Loss Maintenance Trial in Rural African Americans of Faith: The WORD (Wholeness, Oneness, Righteousness, Deliverance).",Yeary,10.1177/0890117118805065,30309257,PMC7066866,2019,American journal of health promotion : AJHP,S37GB7LE,29cb576fa3e91b7a6d4cd2de45bb99da,OK,downloaded,,,,testing,2026-08-06T22:32:31.756447+00:00
AB54UAKU,NIMHD,Boring Task / NIMHD,The WORD: Outcomes of a Behavioral Weight Loss Maintenance Effectiveness Trial in Rural Black Adults of Faith.,Yeary,10.1002/oby.22717,31984668,PMC7042080,2020,"Obesity (Silver Spring, Md.)",6ZKJ3DUF,9eddc15bb2e6bd6de28bce26e8bec1cf,OK,downloaded,,,,testing,2026-08-06T22:32:32.217762+00:00
NT6G599L,NIMHD,Boring Task / NIMHD,A parish-based multilevel cluster randomized controlled trial to reduce stigma and mental health treatment disparities among Latino communities.,Wong,10.1016/j.cct.2023.107080,36621595,PMC9918710,2023,Contemporary clinical trials,ZB8TZ7VX,9f9936b72f6b2cf066e4db96e72f0987,OK,downloaded,,,,testing,2026-08-06T22:32:32.678095+00:00
AQB4Z5DG,NIMHD,Boring Task / NIMHD,HIV Prevention for Black Heterosexual Men: The Barbershop Talk with Brothers Cluster Randomized Trial.,Wilson,10.2105/ajph.2019.305121,31219715,PMC6611102,2019,American journal of public health,DR8ADJAF,b2749f1bec7fee2cf2b531f461d25311,OK,downloaded,,,,testing,2026-08-06T22:32:33.188893+00:00
DIM8AZI8,NIMHD,Boring Task / NIMHD,Community Health workers United to Reduce Colorectal cancer and cardiovascular disease among people at Higher risk (CHURCH): study protocol for a randomized  controlled trial.,Williams,10.1186/s13063-024-08110-z,38671470,PMC11046862,2024,Trials,CAZM4UNQ,6eb3996fbd51a2d79a0ee693291a618f,OK,downloaded,,,,testing,2026-08-06T22:32:33.718516+00:00
74QMEVDK,NIMHD,Boring Task / NIMHD,Methods and rationale to assess the efficacy of a parenting intervention targeting diet improvement and substance use prevention among Latinx adolescents.,Vega-López,10.1016/j.cct.2019.105914,31843638,PMC7242150,2020,Contemporary clinical trials,34NN8PJR,6f71f9aa998c4ad7624c9dabc9f859bf,OK,downloaded,,,,testing,2026-08-06T22:32:34.226194+00:00
DBDV8T22,NIMHD,Boring Task / NIMHD,"Comparing two advance care planning conversation activities to motivate advance directive completion in underserved communities across the USA: The Project Talk  Trial study protocol for a cluster, randomized controlled trial.",Van Scoy,10.1186/s13063-022-06746-3,36180899,PMC9523194,2022,Trials,752TLKPX,f1ab3200a9bc7d197e7c34cbea4cfc8b,OK,downloaded,,,,testing,2026-08-06T22:32:34.700764+00:00
LNHMBK89,NIMHD,Boring Task / NIMHD,Decision aids for localized prostate cancer in diverse minority men: Primary outcome results from a multicenter cancer care delivery trial (Alliance  A191402CD).,Tilburt,10.1002/cncr.34062,34890060,PMC8882149,2022,Cancer,HK6FKC77,52bc03c428840177b84c6210836d60c2,OK,downloaded,,,,testing,2026-08-06T22:32:35.284476+00:00
2SH9H8T4,NIMHD,Boring Task / NIMHD,"Longitudinal Changes in Allostatic Load during a Randomized Church-based, Lifestyle Intervention in African American Women.",Tan,10.18865/ed.29.2.297,31057315,PMC6478040,2019,Ethnicity & disease,7CD3HGMC,3b158937bc9ade2f1c9e25f4d90b8de1,OK,downloaded,,,,testing,2026-08-06T22:32:35.816822+00:00
S6DL478T,NIMHD,Boring Task / NIMHD,A Cluster-Randomized Controlled Trial to Evaluate a Community-Based Healthy Eating and Nutrition Label Interpretation Intervention Among Latinx Immigrant  Mothers and Their Daughters.,Scarinci,10.1007/s10900-020-00885-x,32671515,,2021,Journal of community health,LQ9WU7FW,1b93716194bbc931043d2c433bf1cf07,OK,downloaded,,,,testing,2026-08-06T22:32:36.346992+00:00
ABTDMI8L,NIMHD,Boring Task / NIMHD,"HPV vaccine uptake among daughters of Latinx immigrant mothers: Findings from a cluster randomized controlled trial of a community-based, culturally relevant  intervention.",Scarinci,10.1016/j.vaccine.2020.03.052,32354671,PMC7263386,2020,Vaccine,PBGW9CXV,453da0018c08be7d08d61e67650902e2,OK,downloaded,,,,testing,2026-08-06T22:32:36.842523+00:00
NZJ9UL2Y,NIMHD,Boring Task / NIMHD,Community Walks: a cluster randomized controlled trial of a multilevel physical activity intervention for low income public housing residents.,Quintiliani,10.1186/s12889-023-16574-y,37653386,PMC10470135,2023,BMC public health,W9TZZMS6,5d80e0339ab6097d9931c95ecbacbb0c,OK,downloaded,,,,testing,2026-08-06T22:32:37.345764+00:00
2RSZ96NM,NIMHD,Boring Task / NIMHD,Effects of a Faith-Based Obesity Intervention on African American and Latino Adults' Children.,Perez,10.1177/2752535x241235992,38406923,PMC12447656,2024,Community health equity research & policy,DJ7K75DK,2ac420bca4584af9161e09ac68f56f10,OK,downloaded,,,,testing,2026-08-06T22:32:37.886671+00:00
C69ZCY8Y,NIMHD,Boring Task / NIMHD,Lessons learned from conducting the first cancer care delivery trial in the Alliance for Clinical Trials in Oncology (Alliance A191402CD).,Pacyna,10.1177/17407745231167123,37050880,PMC10523847,2023,"Clinical trials (London, England)",EGXXUZGH,983372bc92faec25f53c16607ba2ddbd,OK,downloaded,,,,testing,2026-08-06T22:32:38.341928+00:00
GFMDQ3XU,NIMHD,Boring Task / NIMHD,Study protocol for family model diabetes self-management education with Marshallese participants in faith-based organizations.,McElfish,10.1016/j.conctc.2022.101007,36186543,PMC9515595,2022,Contemporary clinical trials communications,265DMZU7,70a359636a3477dcfc1473e8b5d26f53,OK,downloaded,,,,testing,2026-08-06T22:32:38.804303+00:00
I7LYX39I,NIMHD,Boring Task / NIMHD,Reducing metabolic syndrome through a community-based lifestyle intervention in African American women.,Mamun,10.1016/j.numecd.2020.06.005,32605881,PMC7494631,2020,"Nutrition, metabolism, and cardiovascular diseases : NMCD",C4BKNG2R,bd57feabdd2f6905244b789aca65f56a,OK,downloaded,,,,testing,2026-08-06T22:32:39.262337+00:00
NFB85JUN,NIMHD,Boring Task / NIMHD,The Role of Culture of Origin on the Effectiveness of a Parents-Involved Intervention to Prevent Substance Use Among Latino Middle School Youth: Results  of a Cluster Randomized Controlled Trial.,Marsiglia,10.1007/s11121-018-0968-4,30536189,PMC6542716,2019,Prevention science : the official journal of the Society for Prevention Research,BDUL8MKK,1255c011fad77c04669a9f9faffff18b,OK,downloaded,,,,testing,2026-08-06T22:32:39.843084+00:00
Q472RUI9,NIMHD,Boring Task / NIMHD,Efficacy of a community-based participatory and multilevel intervention to enhance hepatitis B virus screening and vaccination in underserved Korean  Americans.,Ma,10.1002/cncr.31134,29131316,PMC5821582,2018,Cancer,CCHHZ8W9,86649802a6e7d854658a3c2f2f99429e,OK,downloaded,,,,testing,2026-08-06T22:32:40.377750+00:00
ENWUMAJ6,NIMHD,Boring Task / NIMHD,"Reducing ethnic and racial disparities by improving undertreatment, control, and engagement in blood pressure management with health information technology  (REDUCE-BP) hybrid effectiveness-implementation pragmatic trial: Rationale and  design.",Lauffenburger,10.1016/j.ahj.2022.10.003,36220355,PMC9742137,2023,American heart journal,JQMDD53U,30d4bb87ecb7027793c00cf1bc14c24b,OK,downloaded,,,,testing,2026-08-06T22:32:40.957230+00:00
AZPI2DU9,NIMHD,Boring Task / NIMHD,Better Me Within Randomized Trial: Faith-Based Diabetes Prevention Program for Weight Loss in African American Women.,Kitzman,10.1177/0890117120958545,32945175,PMC8177484,2021,American journal of health promotion : AJHP,N669R4A8,ff83b336790e76eb56ae03fad35239e4,OK,downloaded,,,,testing,2026-08-06T22:32:41.459732+00:00
BVP23UDL,NIMHD,Boring Task / NIMHD,Barriers and facilitators to implementing evidence-based interventions in the context of a randomized clinical trial in the United States: a qualitative study.,Jaramillo,10.1186/s12913-023-09079-2,36703142,PMC9878981,2023,BMC health services research,R3MGGDJV,d149fe951b9920948d832d78e8b66be2,OK,downloaded,,,,testing,2026-08-06T22:32:41.889715+00:00
4NCCEB97,NIMHD,Boring Task / NIMHD,Social Determinants of Health as Potential Influencers of a Collaborative Care Intervention for Patients with Hypertension.,Ibe,10.18865/ed.31.1.47,33519155,PMC7843053,2021,Ethnicity & disease,FUHPZ7AE,d30d96c9840216a1857d4b1b84a27a96,OK,downloaded,,,,testing,2026-08-06T22:32:42.377683+00:00
4IMAY622,NIMHD,Boring Task / NIMHD,"""iAlegrate!""-A culturally adapted positive psychological intervention for Hispanics/Latinos with hypertension: Rationale, design, and methods.",Hernandez,10.1016/j.conctc.2019.100348,30984888,PMC6444174,2019,Contemporary clinical trials communications,U4H4XR8C,c776d4ba2d30bff5fc548becb59fa4f8,OK,downloaded,,,,testing,2026-08-06T22:32:42.858729+00:00
RAKVRPKK,NIMHD,Boring Task / NIMHD,The cost-efficacy of a healthy food box for managing hypertension within a native American population: a group randomized controlled trial.,Henderson,10.1186/s13690-024-01274-9,38671533,PMC11046939,2024,Archives of public health = Archives belges de sante publique,3YBCN777,863517b969025f3eed0fecb772bb4a22,OK,downloaded,,,,testing,2026-08-06T22:32:43.345338+00:00
BYSBU4XN,NIMHD,Boring Task / NIMHD,"Mighty Men: A Pilot Test of the Feasibility and Acceptability of a Faith-Based, Individually Tailored, Cluster-Randomized Weight Loss Trial for Middle-Aged and  Older African American Men.",Griffith,10.1177/15579883231193235,37608590,PMC10467204,2023,American journal of men's health,L73IC86T,9138770d4bb17a911490c3058aac5d8c,OK,downloaded,,,,testing,2026-08-06T22:32:43.900352+00:00
LBB9QBKU,NIMHD,Boring Task / NIMHD,Lessons Learned from the Implementation of a Shared Community-Academic HIV Prevention Intervention.,Gousse,10.1353/cpr.2018.0070,30739899,PMC6373485,2018,"Progress in community health partnerships : research, education, and action",S6RZJWQU,f2cdae01f424f07849b07a944501fbb4,OK,downloaded,,,,testing,2026-08-06T22:32:44.412412+00:00
INT3B8HW,NIMHD,Boring Task / NIMHD,Protocol for a Parallel Group Randomized Clinical Trial Comparing a Culturally Adapted Cognitive Behavioral Telerehabilitation Intervention to Usual Physical  Therapy for Latino Patients With Chronic Spine Pain.,Gombatto,10.1093/ptj/pzad068,37364033,PMC10492001,2023,Physical therapy,KGUN5TRA,3dc07fa254d72423bf8386b7c459b3f6,OK,downloaded,,,,testing,2026-08-06T22:32:44.925597+00:00
VF6MM34V,NIMHD,Boring Task / NIMHD,A Social Care System Implemented in Pediatric Primary Care: A Cluster RCT.,Garg,10.1542/peds.2023-061513,37492934,PMC10389771,2023,Pediatrics,9UE5P7A9,0db8b269a8c23ae3046c70148ab78f46,OK,downloaded,,,,testing,2026-08-06T22:32:45.428151+00:00
PI6S6RYA,NIMHD,Boring Task / NIMHD,Vales+Tú: a cluster-randomized pilot study to reduce workplace injuries among US Latino day laborers.,Fernández-Esquer,10.1093/heapro/daac163,36367426,PMC13220800,2022,Health promotion international,M8IEND78,ab42d9b82fc126834d1d616894342364,OK,downloaded,,,,testing,2026-08-06T22:32:45.923897+00:00
MCEN2EXE,NIMHD,Boring Task / NIMHD,IMARA: A mother-daughter group randomized controlled trial to reduce sexually transmitted infections in Black/African-American adolescents.,Donenberg,10.1371/journal.pone.0239650,33137103,PMC7605636,2020,PloS one,E9PK66TM,2751e90ab061a883f7597bbfa24638bf,OK,downloaded,,,,testing,2026-08-06T22:32:46.426657+00:00
WHIB7DT6,NIMHD,Boring Task / NIMHD,HIV-risk reduction intervention for juvenile offenders on probation: The PHAT Life group randomized controlled trial.,Donenberg,10.1037/hea0000582,29389155,PMC5880687,2018,"Health psychology : official journal of the Division of Health Psychology, American Psychological Association",CPX25SJP,597bc1483d3255fdb263e4986293fd18,OK,downloaded,,,,testing,2026-08-06T22:32:46.990275+00:00
UTRAIS84,NIMHD,Boring Task / NIMHD,"Eat, Pray, Move: A Pilot Cluster Randomized Controlled Trial of a Multilevel Church-Based Intervention to Address Obesity Among African Americans and Latinos.",Derose,10.1177/0890117118813333,30474376,PMC7171715,2019,American journal of health promotion : AJHP,3XI9HQFT,52231dd5a88247b6160e6f90b75b7ef5,OK,downloaded,,,,testing,2026-08-06T22:32:47.513701+00:00
PIQT5A3I,NIMHD,Boring Task / NIMHD,Mobile Application-Based Communication Facilitation Platform for Family Members of Critically Ill Patients: A Randomized Clinical Trial.,Cox,10.1001/jamanetworkopen.2023.49666,38175648,PMC10767607,2024,JAMA network open,NKT6M9HQ,a7506f75d033924facff06e0d60d0ada,OK,downloaded,,,,testing,2026-08-06T22:32:48.017341+00:00
PDRJNTJE,NIMHD,Boring Task / NIMHD,Design of the Focus on Restaurant Engagement to Strengthen Health (FRESH) study: leveraging systems science to work with independently-owned restaurants to  increase access to and promotion of healthful foods.,Colón-Ramos,10.3389/fpubh.2024.1427792,39845656,PMC11753239,2024,Frontiers in public health,WKFADBLB,a44c35b3bd825c5a6e82e5cb12527b82,OK,downloaded,,,,testing,2026-08-06T22:32:48.580176+00:00
M5CP2SBY,NIMHD,Boring Task / NIMHD,Effect of Telehealth Treatment by Lay Counselors vs by Clinicians on Depressive Symptoms Among Older Adults Who Are Homebound: A Randomized Clinical Trial.,Choi,10.1001/jamanetworkopen.2020.15648,32865577,PMC7489833,2020,JAMA network open,E2IXWQQW,d99ae61b4a311d41024e6e181cab8b9b,OK,downloaded,,,,testing,2026-08-06T22:32:49.043231+00:00
YR2VCQ2C,NIMHD,Boring Task / NIMHD,Effectiveness of a Pediatric Primary Care Intervention to Increase Maternal Folate Use: Results from a Cluster Randomized Controlled Trial.,Chilukuri,10.1016/j.jpeds.2017.09.020,29246348,,2018,The Journal of pediatrics,7HUMTI3U,98d3d302a426a3b3903a7c18c451110f,OK,downloaded,,,,testing,2026-08-06T22:32:49.535945+00:00
GIBMDRIQ,NIMHD,Boring Task / NIMHD,Improving Depression Care for Adults With Serious Mental Illness in Underresourced Areas: Community Coalitions Versus Technical Support.,Castillo,10.1176/appi.ps.201600514,29032700,PMC5794612,2018,"Psychiatric services (Washington, D.C.)",DDU2INMG,3a36ae68072a8fab63501014a211ac08,OK,downloaded,,,,testing,2026-08-06T22:32:49.993142+00:00
JSTTSB8E,NIMHD,Boring Task / NIMHD,Two-year outcomes of Faith in Action/Fe en Acción: a randomized controlled trial of physical activity promotion in Latinas.,Arredondo,10.1186/s12966-022-01329-6,35907867,PMC9338625,2022,The international journal of behavioral nutrition and physical activity,UUHALYIZ,a8d2c8a22ab2b02db181b088f937892e,OK,downloaded,,,,testing,2026-08-06T22:32:50.529862+00:00
AUH7K3MQ,NINDS,Boring Task / NINDS,Improving Community Stroke Preparedness in the HHS (Hip-Hop Stroke) Randomized Clinical Trial.,Williams,10.1161/strokeaha.117.019861,29567762,PMC5871596,2018,Stroke,TJA6VQ9V,3e276f8d40fae90fa4d76228cfcbde07,OK,downloaded,,,,testing,2026-08-06T22:32:51.097226+00:00
EBH9FCBT,NINDS,Boring Task / NINDS,Phone-based intervention for blood pressure control among Ghanaian stroke survivors: A pilot randomized controlled trial.,Sarfo,10.1177/1747493018816423,30465630,,2019,International journal of stroke : official journal of the International Stroke Society,LQLHXWW3,fed34fd9a9b58a86334125bfae5fdde1,OK,downloaded,,,,testing,2026-08-06T22:32:51.531224+00:00
QE8MYCPB,NINDS,Boring Task / NINDS,Stroke Minimization through Additive Anti-atherosclerotic Agents in Routine Treatment (SMAART): study protocol for a randomized controlled trial.,Sarfo,10.1186/s13063-018-2564-0,29540234,PMC5853072,2018,Trials,LKJVW4PY,cf4a9bb7d627396a634ca2154bde8823,OK,downloaded,,,,testing,2026-08-06T22:32:52.115720+00:00
CXS3NMGB,NINDS,Boring Task / NINDS,"Geographically Targeted Interventions versus Mass Drug Administration to Control Taenia solium Cysticercosis, Peru.",O'Neal,10.3201/eid2709.203349,34424165,PMC8386790,2021,Emerging infectious diseases,Y4SDMM39,2142ee808f29fbb8dea67d5e1a414d6b,OK,downloaded,,,,testing,2026-08-06T22:32:52.676049+00:00
BRFLDQ65,NINDS,Boring Task / NINDS,Shake Rattle & Roll - Design and rationale for a pragmatic trial to improve blood pressure control among blacks with persistent hypertension.,Nguyen-Huynh,10.1016/j.cct.2018.11.012,30500558,,2019,Contemporary clinical trials,X9IASXJD,3fa0cb4e609e5f1031e23e24c4cd1f22,OK,downloaded,,,,testing,2026-08-06T22:32:53.232667+00:00
4XJYKAQB,NINDS,Boring Task / NINDS,Effect of Different Corticosteroid Dosing Regimens on Clinical Outcomes in Boys With Duchenne Muscular Dystrophy: A Randomized Clinical Trial.,Guglieri,10.1001/jama.2022.4315,35381069,PMC8984930,2022,JAMA,KNZPKJXD,c07b1c2a5c07f273d859c2005c05a94b,OK,downloaded,,,,testing,2026-08-06T22:32:53.744918+00:00
ZY8UXIEH,NINR,Boring Task / NINR,Effect of Varying Repositioning Frequency on Pressure Injury Prevention in Nursing Home Residents: TEAM-UP Trial Results.,Yap,10.1097/01.asw.0000817840.68588.04,35051978,PMC9119401,2022,Advances in skin & wound care,ZAGJHWI2,0910ff5122c1507badffdcecb7278414,OK,downloaded,,,,testing,2026-08-06T22:32:54.220588+00:00
NLB56I9J,NINR,Boring Task / NINR,"Design of Lung Transplant Go (LTGO): A randomized controlled trial evaluating the efficacy of a telerehabilitation behavioral exercise intervention to improve  physical activity, physical function, and blood pressure control after lung  transplantation.",Vendetti,10.1016/j.conctc.2023.101097,36911577,PMC9999171,2023,Contemporary clinical trials communications,I57PQBDW,a914a506ffc6317eb1012681fc604e7d,OK,downloaded,,,,testing,2026-08-06T22:32:54.749439+00:00
VFVDL8XM,NINR,Boring Task / NINR,"Promoting Small Business Support of Youth Physical Activity in Low-Income, Minority Neighborhoods: Protocol for a Randomized Controlled Trial.",Suminski,10.2196/13141,31364602,PMC6691677,2019,JMIR research protocols,IHTCUFZT,cd7d24a76b45d8f6ac3b1a75016f9925,OK,downloaded,,,,testing,2026-08-06T22:32:55.426130+00:00
CEC5MDFZ,NINR,Boring Task / NINR,Leisure-Time Physical Activity and Characteristics of Social Network Support for Exercise Among Latinas.,Soto,10.1177/0890117117699927,28359166,PMC5568499,2018,American journal of health promotion : AJHP,8BHUHMYZ,a2125c86653c9ae44e7ba8afa5e6f3bc,OK,downloaded,,,,testing,2026-08-06T22:32:55.874410+00:00
XXPD75PY,NINR,Boring Task / NINR,SPIRIT trial: A phase III pragmatic trial of an advance care planning intervention in ESRD.,Song,10.1016/j.cct.2017.10.005,28993286,PMC5742022,2018,Contemporary clinical trials,9TDJAQIK,2b74fad082d0c997576aa1cbc4b83341,OK,downloaded,,,,testing,2026-08-06T22:32:56.284187+00:00
XUVH4DL3,NINR,Boring Task / NINR,Effectiveness of an Advance Care Planning Intervention in Adults Receiving Dialysis and Their Families: A Cluster Randomized Clinical Trial.,Song,10.1001/jamanetworkopen.2023.51511,38289604,PMC10828909,2024,JAMA network open,PZFT9S63,da125f138b4fad0d972594e75ee4e63d,OK,downloaded,,,,testing,2026-08-06T22:32:56.807948+00:00
CZ9NG9YT,NINR,Boring Task / NINR,Educating Nursing Home Staff in Dementia Sensitive Communication: Impact on Antipsychotic Medication Use.,Shaw,10.1016/j.jamda.2018.09.030,30471803,PMC6261475,2018,Journal of the American Medical Directors Association,NEB8RSXK,260876f452884c09c9fd70c127d30bfc,OK,downloaded,,,,testing,2026-08-06T22:32:57.298678+00:00
NY45C2LX,NINR,Boring Task / NINR,The Communicating Narrative Concerns Entered by Registered Nurses (CONCERN) Clinical Decision Support Early Warning System: Protocol for a Cluster Randomized  Pragmatic Clinical Trial.,Rossetti,10.2196/30238,34889766,PMC8709914,2021,JMIR research protocols,7SDKEP4F,b36ed3e9b0f3d77adf7450907135490a,OK,downloaded,,,,testing,2026-08-06T22:32:57.877671+00:00
VNZDTWPG,NINR,Boring Task / NINR,Protocol for a multicenter-cluster randomized clinical trial of a motor skills intervention to promote physical activity and health in children: the CHAMP  afterschool program study.,Robinson,10.1186/s12889-022-13849-8,35964114,PMC9375271,2022,BMC public health,F5SKQDTL,c4f54f97a76f41a14cf4a39e5e6cce45,OK,downloaded,,,,testing,2026-08-06T22:32:58.345643+00:00
M8JJPHT2,NINR,Boring Task / NINR,"Efficacy of DigiKnowItNews: Teen, a multimedia educational website for adolescents about pediatric clinical trials: study protocol for a randomized  controlled trial.",Parker,10.1186/s13063-023-07464-0,37391773,PMC10311873,2023,Trials,6CQUGNLB,7ce90905e3902ab1ec6697d78509119c,OK,downloaded,,,,testing,2026-08-06T22:32:58.893312+00:00
F8UC5X6G,NINR,Boring Task / NINR,Nursing Assessment of Pressure Injury Risk with the Braden Scale Validated against Sensor-Based Measurement of Movement.,Kennerly,10.3390/healthcare10112330,36421654,PMC9690319,2022,"Healthcare (Basel, Switzerland)",7RF5TJ4X,08b52ec5f1a5bb3cb10a8ec2db881126,OK,downloaded,,,,testing,2026-08-06T22:32:59.397269+00:00
PUG2MK24,NINR,Boring Task / NINR,"Retention, adherence, and acceptability testing of a digital health intervention in a 3-group randomized controlled trial for chronic musculoskeletal pain.",Kawi,10.1016/j.ctim.2024.103030,38437926,PMC12131271,2024,Complementary therapies in medicine,RNWM3R3X,d3cef64ec26e2f4e84a23604c718350b,OK,downloaded,,,,testing,2026-08-06T22:32:59.982348+00:00
8438VZYD,NINR,Boring Task / NINR,Online prenatal trial in mindfulness sleep management (OPTIMISM): protocol for a pilot randomized controlled trial.,Kantrowitz-Gordon,10.1186/s40814-020-00675-1,32944276,PMC7488736,2020,Pilot and feasibility studies,CX6I5MSM,bd0711294ecf4653d1a5c8af5378b3ff,OK,downloaded,,,,testing,2026-08-06T22:33:00.530170+00:00
QDEGQD4A,NINR,Boring Task / NINR,High-Flow Nasal Cannula Therapy for Exertional Dyspnea in Patients with Cancer: A Pilot Randomized Clinical Trial.,Hui,10.1002/onco.13624,33289280,PMC8342581,2021,The oncologist,XT8KPF6G,3984bf576815b1d4317aaac4dc873ca1,OK,downloaded,,,,testing,2026-08-06T22:33:01.038967+00:00
34S5YMAM,NINR,Boring Task / NINR,Facilitating communication for critically ill patients and their family members: Study protocol for two randomized trials implemented in the U.S. and France.,Curtis,10.1016/j.cct.2021.106465,34091062,PMC8429114,2021,Contemporary clinical trials,J3MG356G,052e018288ce2f2d64acd5d79bd26398,OK,downloaded,,,,testing,2026-08-06T22:33:01.551899+00:00
NK7JI63T,NINR,Boring Task / NINR,You-Me-Us: Results of a Cluster Randomized Trial of a Healthy Relationships Approach to Sexual Risk Reduction.,Coyle,10.1007/s10935-019-00569-w,31701388,,2019,The journal of primary prevention,CLMGPCQW,ea8f8b14d178a608de5745190c63681b,OK,downloaded,,,,testing,2026-08-06T22:33:02.054998+00:00
BGRBEJDC,NINR,Boring Task / NINR,Remote Therapy to Improve Outcomes in Lung Transplant Recipients: Design of the INSPIRE-III Randomized Clinical Trial.,Blumenthal,10.1097/txd.0000000000000979,32195326,PMC7056276,2020,Transplantation direct,A3FVE4E9,231615df8614cfbdb3fa715c98095376,OK,downloaded,,,,testing,2026-08-06T22:33:02.572585+00:00
NTWRLPLR,NINR,Boring Task / NINR,Systematic Review of the Evidence for Stroke Family Caregiver and Dyad Interventions.,Bakas,10.1161/strokeaha.121.034090,35264010,PMC9133104,2022,Stroke,WKR64X6K,2ca2fdf2a5e95bef50c2059a52573681,OK,downloaded,,,,testing,2026-08-06T22:33:03.078030+00:00
FJG7PUGY,NINR,Boring Task / NINR,A cluster randomized controlled trial to assess the efficacy of a telehealth-based train-the-trainer mealtime intervention delivered by respite  care center volunteers to caregivers of persons with dementia to improve  nutritional outcomes and quality of life.,Amella Krug,10.1186/s40795-020-00350-x,32587748,PMC7313126,2020,BMC nutrition,4B4HKPD7,446de2ae690093950d49feb450260f33,OK,downloaded,,,,testing,2026-08-06T22:33:03.546949+00:00
AI6IGYUX,NINR,Boring Task / NINR,A Health Literacy-Focused Self-Management Intervention for African Americans with High Blood Pressure: A Pilot Randomized Controlled Trial.,Walton-Moss,,38770394,PMC11103264,2022,International journal of nursing and health care science,S5YBLTT4,5ef54e206e12da955c1f8d7704e3ffbe,OK,downloaded,,,,testing,2026-08-06T22:33:04.131684+00:00
YS8G343M,NLM,Boring Task / NLM,Cluster Randomized Trials Designed to Support Generalizable Inferences.,Robertson,10.1177/0193841x231169557,38234059,PMC11626727,2024,Evaluation review,HNEA2TSW,140c9ce72ef73d7db394998a6703acbc,OK,downloaded,,,,testing,2026-08-06T22:33:04.594375+00:00
9GYMMDHS,NLM,Boring Task / NLM,Using CDS Hooks to increase SMART on FHIR app utilization: a cluster-randomized trial.,Morgan,10.1093/jamia/ocac085,35641136,PMC9382378,2022,Journal of the American Medical Informatics Association : JAMIA,MQ56DB5R,ade934ae5eca6f58229d43b34fb766a0,OK,downloaded,,,,testing,2026-08-06T22:33:05.097757+00:00
