paper_id,set,folder,method,page_count,char_count,chars_per_page,flagged,flag_reason,errors,title
4X4LV7H7,validation,FinalCollectionFor Publication,pymupdf,11,44164,4015,,,,Colorectal Cancer Knowledge and Screening Change in African Americans: Implementation Phase Results of the EPICS Cluster RCT
RE9NAY8K,validation,FinalCollectionFor Publication,pymupdf,10,48726,4873,,,,Low-dose versus High-dose Carfilzomib with Dexamethasone (S1304) in Patients with Relapsed-Refractory Multiple Myeloma
767M69JK,validation,FinalCollectionFor Publication,pymupdf,6,37908,6318,,,,Challenges and adaptations for a cluster-randomized control trial targeting parents of pediatric cancer survivors with obesity during the COVID-19 pandemic
X2MP4F7R,validation,FinalCollectionFor Publication,pymupdf,10,53228,5323,,,,"Low-touch, team-based care for co-morbidity management in cancer patients: the ONE TEAM randomized controlled trial"
UMV6NC2L,validation,FinalCollectionFor Publication,pymupdf,16,74924,4683,,,,A cluster randomized controlled trial comparing Virtual Learning Collaborative and Technical Assistance strategies to implement an early palliative care program for patients with advanced cancer and their caregivers: a study protocol
NCY67FZ9,validation,FinalCollectionFor Publication,pymupdf,21,53861,2565,,,,Changes in Moderate Intensity Physical Activity Are Associated With Better Cognition in the Multilevel Intervention for Physical Activity in Retirement Communities (MIPARC) Study
7MXH2IXG,validation,FinalCollectionFor Publication,pymupdf,9,47884,5320,,,,The shared uncertainty experience of older adults with advanced cancer and their caregivers
H2GLBZE4,validation,FinalCollectionFor Publication,pymupdf,9,38566,4285,,,,Randomized Controlled Trials
BR4Y6FSS,validation,FinalCollectionFor Publication,pymupdf,10,49294,4929,,,,"Utilization of Mobile Reminders in Improving the Completeness and Timeliness of Routine Childhood Immunization in Kano Metropolis, Nigeria: A Randomized Controlled Trial"
R7T6WKEW,validation,FinalCollectionFor Publication,pymupdf,12,81678,6806,,,,"Protocol paper: Multi-site, cluster-randomized clinical trial for optimizing functional outcomes of older cancer survivors after chemotherapy"
36I94AIH,validation,FinalCollectionFor Publication,pymupdf,17,54639,3214,,,,Protocol for a cluster-randomized trial of a school-based skin cancer preventive intervention for adolescents
BKND5GCR,validation,FinalCollectionFor Publication,pymupdf,9,42415,4713,,,,Successes and challenges of implementing a cancer care delivery intervention in community oncology practices: lessons learned from SWOG S1415CD
JW9782P3,validation,FinalCollectionFor Publication,pymupdf,5,22581,4516,,,,A Comparison of Rural and Urban Hospice Family Caregivers' Cancer Pain Knowledge and Experience
EBWFU9KS,validation,FinalCollectionFor Publication,pymupdf,11,51263,4660,,,,Assessment of COVID-19 Messaging Strategies to Increase Testing for Students With Intellectual and Developmental Disabilities
CMD8N46A,validation,FinalCollectionFor Publication,pymupdf,12,56752,4729,,,,"Developing an evidence-based program sustainability training curriculum: a group randomized, multi-phase approach"
KJSH6EBW,validation,FinalCollectionFor Publication,pymupdf,14,68157,4868,,,,Comparison of an automated smartphone-based smoking cessation intervention versus standard quitline-delivered treatment among underserved smokers: protocol for a randomized controlled trial
IB825UX2,validation,FinalCollectionFor Publication,pymupdf,17,83593,4917,,,,Evaluating the Efficacy of Automated Smoking Treatment for People With HIV: Protocol for a Randomized Controlled Trial
2RDD8DGI,validation,FinalCollectionFor Publication,pymupdf,8,46963,5870,,,,Efficacy of Mobile Phone-Delivered Smoking Cessation Interventions for Socioeconomically Disadvantaged Individuals: A Randomized Clinical Trial
FRK7DQLC,validation,FinalCollectionFor Publication,pymupdf,17,36416,2142,,,,"Knowledge of colorectal cancer screening guidelines and intention to obtain screening among nonadherent Filipino, Hmong, and Korean Americans"
ZKY8XW5M,validation,FinalCollectionFor Publication,pymupdf,8,41193,5149,,,,Factors associated with HPV vaccination decision-making among Korean American women
W75ICDYI,validation,FinalCollectionFor Publication,pymupdf,7,42159,6023,,,,Association between advanced cancer patient-caregiver agreement regarding prognosis and hospice enrollment
CKCARQYN,validation,FinalCollectionFor Publication,pymupdf,9,43636,4848,,,,"Optimizing accrual to a large-scale, clinically integrated randomized trial in anesthesiology: A 2-year analysis of recruitment"
C69UAKKB,validation,FinalCollectionFor Publication,pymupdf,30,83781,2793,,,,Using increased trust in medical researchers to increase minority recruitment: The RECRUIT cluster randomized clinical trial
677HVIFJ,validation,FinalCollectionFor Publication,pymupdf,10,49914,4991,,,,Decision aids for localized prostate cancer in diverse minority men: Primary outcome results from a multicenter cancer care delivery trial (Alliance A191402CD)
WY9D5UIK,validation,FinalCollectionFor Publication,pymupdf,5,26659,5332,,,,"Oral cancer screening using mobile phone-based(mHealth) approach versus conventional oral examination approach, protocol of a cluster randomized study with cost-effectiveness analysis"
PDP273K4,validation,FinalCollectionFor Publication,pymupdf,12,55878,4656,,,,Behavioral economic implementation strategies to improve serious illness communication between clinicians and high-risk patients with cancer: protocol for a cluster randomized pragmatic trial
9LTSBSEE,validation,FinalCollectionFor Publication,pymupdf,10,60323,6032,,,,Effect of Training Pediatric Clinicians in Human Papillomavirus Communication Strategies on Human Papillomavirus Vaccination Rates: A Cluster Randomized Clinical Trial
WZJBF75Y,validation,FinalCollectionFor Publication,pymupdf,14,67438,4817,,,,"Implementation fidelity, attitudes, and influence: a novel approach to classifying implementer behavior"
9JP85XCL,validation,FinalCollectionFor Publication,pymupdf,13,71842,5526,,,,The Development and Testing of a Point-of-Sale E-Cigarette Health Communication Campaign
2NRLZW3M,validation,FinalCollectionFor Publication,pymupdf,13,65609,5047,,,,Point-of-Sale Health Communication Campaigns for Cigarillos and Waterpipe Tobacco: Effects and Lessons Learned from Two Cluster Randomized Trials
IUEMQRU4,validation,FinalCollectionFor Publication,pymupdf,19,63777,3357,,,,A cluster-randomized control trial targeting parents of pediatric cancer survivors with obesity: Rationale and study protocol of NOURISH-T
54ZXRGZ7,validation,FinalCollectionFor Publication,pymupdf,9,36258,4029,,,,Priorities Wizard: Multisite Web-Based Primary Care Clinical Decision Support Improved Chronic Care Outcomes with High Use Rates and High Clinician Satisfaction Rates
J4BU3EEE,validation,FinalCollectionFor Publication,pymupdf,16,40585,2537,,,,Leisure-Time Physical Activity and Characteristics of Social Network Support for Exercise Among Latinas
9DKJKFAS,validation,FinalCollectionFor Publication,pymupdf,18,88330,4907,,,,Effectiveness and implementation of mPATH™-CRC: a mobile health system for colorectal cancer screening
E92KWK4B,validation,FinalCollectionFor Publication,pymupdf,9,43541,4838,,,,Process of Engaging Community and Scientific Partners in the Development of the CIRCL-Chicago Study Protocol
4RJRGIRQ,validation,FinalCollectionFor Publication,pymupdf,8,40192,5024,,,,Social support and breast cancer screening in rural Appalachia
46MFLID4,validation,FinalCollectionFor Publication,pymupdf,12,55080,4590,,,,"Nutritional impairment, psychological health and quality of life among older adults with advanced cancer: A secondary analysis of a randomized clinical trial"
SJVU6KJ3,validation,FinalCollectionFor Publication,pymupdf,13,50681,3899,,,,"Effects of an Oncology Nurse-Led, Primary Palliative Care Intervention (CONNECT) on Illness Expectations Among Patients With Advanced Cancer"
PWWEDNNK,validation,FinalCollectionFor Publication,pymupdf,15,39965,2664,,,,"Assessing barriers to providing tobacco use disorder treatment in community mental health settings with a revised version of the Smoking Knowledge, Attitudes, and Practices (S-KAP) instrument"
M7JCMFJ7,validation,FinalCollectionFor Publication,pymupdf,9,37690,4188,,,,Application of an innovative high-throughput liquid chromatography-tandem mass spectrometry method for simultaneous analysis of 18 hazardous drugs to rule out accidental acute chemotherapy exposures in health care workers
ZETJJPRR,validation,FinalCollectionFor Publication,pymupdf,8,46952,5869,,,,Effectiveness of a Multicomponent Strategy for Implementing Guidelines for Treating Tobacco Use in Vietnam Commune Health Centers
R8DWVW84,validation,FinalCollectionFor Publication,pymupdf,7,46064,6581,,,,An analysis of adaptations to multi-level intervention strategies to enhance implementation of clinical practice guidelines for treating tobacco use in dental care settings
62TBCTHX,validation,FinalCollectionFor Publication,pymupdf,10,43884,4388,,,,Examining Caregiver Outcomes in the CONNECT Intervention for Patients With Advanced Cancer
G4WN7HVX,validation,FinalCollectionFor Publication,pymupdf,21,51472,2451,,,,Poor patient health is associated with higher caregiver burden for older adults with advanced cancer
PWPJMUUS,validation,FinalCollectionFor Publication,pymupdf,12,53412,4451,,,,"COVID-19 Related Protocol Considerations and Modifications within a Rural, Community-Engaged Health Promotion Randomized Trial"
VWDH6W8E,validation,FinalCollectionFor Publication,pymupdf,17,81974,4822,,,,Evaluation of a civic engagement approach to catalyze built environment change and promote healthy eating and physical activity among rural residents: a cluster (community) randomized controlled trial
EEIQW8EX,validation,FinalCollectionFor Publication,pymupdf,12,62932,5244,,,,Effect of a Mammography Screening Decision Aid for Women 75 Years and Older: A Cluster Randomized Clinical Trial
IWSKLNSK,validation,FinalCollectionFor Publication,pymupdf,30,59580,1986,,,,A randomized clinical trial testing two implementation strategies to promote the treatment of tobacco dependence in community mental healthcare
HJICVPT7,validation,FinalCollectionFor Publication,pymupdf,7,36798,5257,,,,An international randomized phase III trial of pulse actinomycin-D versus multi-day methotrexate for the treatment of low risk gestational trophoblastic neoplasia; NRG/GOG 275
HPIL7WVW,validation,FinalCollectionFor Publication,pymupdf,10,56905,5690,,,,Effect of an Oncology Nurse-Led Primary Palliative Care Intervention on Patients With Advanced Cancer: The CONNECT Cluster Randomized Clinical Trial
ASUUZY3Z,validation,FinalCollectionFor Publication,pymupdf,22,57260,2603,,,,"HPV vaccine uptake among daughters of Latinx immigrant mothers: Findings from a cluster randomized controlled trial of a community-based, culturally relevant intervention"
ILWWS7LD,validation,FinalCollectionFor Publication,pymupdf,15,78842,5256,,,,The Transdiagnostic Intervention for Sleep and Circadian Dysfunction (TranS-C) for serious mental illness in community mental health part 3: study protocol to evaluate sustainment in a hybrid type 2 effectiveness-implementation cluster-randomized trial
8NX9CDB5,validation,FinalCollectionFor Publication,pymupdf,30,90082,3003,,,,"The Head and Neck Survivorship Tool (HN-STAR) Trial (WF-1805CD): A protocol for a cluster-randomized, hybrid effectiveness-implementation, pragmatic trial to improve the follow-up care of head and neck cancer survivors"
9U8SD7BK,validation,FinalCollectionFor Publication,pymupdf,12,61552,5129,,,,An effectiveness-implementation hybrid trial of phone-based tobacco cessation interventions in the Lebanese primary healthcare system: protocol for project PHOENICS
CKEF67C5,validation,FinalCollectionFor Publication,pymupdf,9,52817,5869,,,,Personalized Multilevel Intervention for Improving Appropriate Use of Colorectal Cancer Screening in Older Adults: A Cluster Randomized Clinical Trial
Y5J6YZK2,validation,FinalCollectionFor Publication,pymupdf,9,50485,5609,,,,Engaging diverse midlife and older adults in a multilevel participatory physical activity intervention: evaluating impacts using Ripple Effects Mapping
GISQ3U2U,validation,FinalCollectionFor Publication,pymupdf,27,88188,3266,,,,"A multi-level intervention in worksites to increase fruit and vegetable access and intake: Rationale, design and methods of the 'Good to Go' cluster randomized trial"
JM9T8XDZ,validation,FinalCollectionFor Publication,pymupdf,8,43849,5481,,,,A randomized wait-list controlled trial of a social support intervention for caregivers of patients with primary malignant brain tumor
KMRQTRP3,validation,FinalCollectionFor Publication,pymupdf,17,44409,2612,,,,Clinician Prompts for Human Papillomavirus Vaccination: A Cluster Randomized Trial
BWZDZGKD,validation,FinalCollectionFor Publication,pymupdf,13,55294,4253,,,,Effects of a Guideline-Informed Clinical Decision Support System Intervention to Improve Colony-Stimulating Factor Prescribing: A Cluster Randomized Clinical Trial
S7VJ7LXE,validation,FinalCollectionFor Publication,pymupdf,8,54220,6778,,,,Decreasing polypharmacy in older adults with cancer: A pilot cluster-randomized trial protocol
GVSXRYPK,validation,FinalCollectionFor Publication,pymupdf,17,38928,2290,,,,"Geriatric assessment-driven polypharmacy discussions between oncologists, older patients, and their caregivers"
I6GH9T7T,validation,FinalCollectionFor Publication,pymupdf,9,46675,5186,,,,A Geriatric Assessment Intervention to Reduce Treatment Toxicity Among Older Adults With Advanced Lung Cancer: A Subgroup Analysis From a Cluster Randomized Controlled Trial
5KIH2CZ8,validation,FinalCollectionFor Publication,pymupdf,13,77816,5986,,,,Improving the implementation and sustainment of evidence-based practices in community mental health organizations: a study protocol for a matched-pair cluster randomized pilot study of the Collaborative Organizational Approach to Selecting and Tailoring Implementation Strategies (COAST-IS)
CN8B23MZ,validation,FinalCollectionFor Publication,pymupdf,6,28032,4672,,,,Effects of a Faith-Based Obesity Intervention on African American and Latino Adults' Children
I6DQCI97,validation,FinalCollectionFor Publication,pymupdf,11,42365,3851,,,,Efficacy of the 'Stand and Move at Work' multicomponent workplace intervention to reduce sedentary time and improve cardiometabolic risk: a group randomized clinical trial
JBUFJCLU,validation,FinalCollectionFor Publication,pymupdf,2,4834,2417,,,,"Correction to: A cluster randomized controlled trial for a multi-level, clinic-based smoking cessation program with women in Appalachian communities: study protocol for the ""Break Free"" program"
IT2B87LL,validation,FinalCollectionFor Publication,pymupdf,15,75104,5007,,,,"A cluster randomized controlled trial for a multi-level, clinic-based smoking cessation program with women in Appalachian communities: study protocol for the ""Break Free"" program"
Z236TJTT,validation,FinalCollectionFor Publication,pymupdf,14,52874,3777,,,,Healthy Pregnancies Project: Cluster Randomized Controlled Trial of a Community Intervention to Reduce Tobacco Use among Alaska Native Women
NQZZPYI4,validation,FinalCollectionFor Publication,pymupdf,5,25880,5176,,,,"Association of Tobacco Use During Pregnancy, Perceived Stress, and Depression Among Alaska Native Women Participants in the Healthy Pregnancies Project"
9THPD86J,validation,FinalCollectionFor Publication,pymupdf,24,75858,3161,,,,The Healthy Pregnancies Project: Study protocol and baseline characteristics for a cluster-randomized controlled trial of a community intervention to reduce tobacco use among Alaska Native pregnant women
URKTMCIE,validation,FinalCollectionFor Publication,pymupdf,9,56191,6243,,,,"Accelerating Colorectal Cancer Screening and Follow-up through Implementation Science (ACCSIS) in Appalachia: protocol for a group randomized, delayed intervention trial"
DJE2PNQA,validation,FinalCollectionFor Publication,pymupdf,9,45303,5034,,,,A randomized study to prevent lymphedema in women treated for breast cancer: CALGB 70305 (Alliance)
DEKG3YAI,validation,FinalCollectionFor Publication,pymupdf,9,52939,5882,,,,A Group Randomized Trial to Reduce Obesity among Appalachian Church Members: The Walk by Faith Study
AQVRGUP7,validation,FinalCollectionFor Publication,pymupdf,8,40288,5036,,,,A randomized study to improve care for young women with breast cancer at community and academic medical oncology practices in the United States: The Young and Strong study
LPIT2KM5,validation,FinalCollectionFor Publication,pymupdf,7,35335,5048,,,,Cancer worry and empathy moderate the effect of a survivorship-focused intervention on quality of life
CJ2GF4QD,validation,FinalCollectionFor Publication,pymupdf,10,44779,4478,,,,Efficacy of a survivorship-focused consultation versus a time-controlled rehabilitation consultation in patients with lymphoma: A cluster randomized controlled trial
3I2K6X84,validation,FinalCollectionFor Publication,pymupdf,12,59395,4950,,,,Implementation of an mHealth intervention to increase adherence to triage among HPV positive women with HPV-self-collection (ATICA study): post-implementation evaluation from the women's perspective
DM2HM3XH,validation,FinalCollectionFor Publication,pymupdf,7,36603,5229,,,,Association of Long-term Outcomes With Stereotactic Radiosurgery vs Whole-Brain Radiotherapy for Resected Brain Metastasis: A Secondary Analysis of The N107C/CEC.3 (Alliance for Clinical Trials in Oncology/Canadian Cancer Trials Group) Randomized Clinical Trial
FCXQJYSP,validation,FinalCollectionFor Publication,pymupdf,8,19969,2496,,,,Lessons learned from conducting the first cancer care delivery trial in the Alliance for Clinical Trials in Oncology (Alliance A191402CD)
BAABE7JM,validation,FinalCollectionFor Publication,pymupdf,9,45709,5079,,,,"The comparative effectiveness of decision aids in diverse populations with early stage prostate cancer: a study protocol for a cluster-randomized controlled trial in the NCI Community Oncology Research Program (NCORP), Alliance A191402CD"
IPP52WKG,validation,FinalCollectionFor Publication,pymupdf,10,41467,4147,,,,Comparison of patient flow and provider efficiency of two delivery strategies for HPV-based cervical cancer screening in Western Kenya: a time and motion study
KI6F3YXL,validation,FinalCollectionFor Publication,pymupdf,6,29701,4950,,,,Depressive Symptoms in Caregivers of Hospice Cancer Patients
YQC5A963,validation,FinalCollectionFor Publication,pymupdf,16,68276,4267,,,,Comparative effectiveness of implementation strategies for Accelerating Cervical Cancer Elimination through the integration of Screen-and-treat Services (ACCESS study): protocol for a cluster randomized hybrid type III trial in Nigeria
3YMCRN5A,validation,FinalCollectionFor Publication,pymupdf,10,48483,4848,,,,Perspectives of women participating in a cervical cancer screening campaign with community-based HPV self-sampling in rural western Kenya: a qualitative study
BYJKEDQI,validation,FinalCollectionFor Publication,pymupdf,12,57494,4791,,,,The smoke-free home study: study protocol for a cluster randomized controlled trial of a smoke-free home intervention in permanent supportive housing
HLQA5RI6,validation,FinalCollectionFor Publication,pymupdf,8,39141,4893,,,,Teaching Medical Students to Help Patients Manage Their Weight: Outcomes of an Eight-School Randomized Controlled Trial
I4N8RJX7,validation,FinalCollectionFor Publication,pymupdf,23,67756,2946,,,,Design and rationale of the medical students learning weight management counseling skills (MSWeight) group randomized controlled trial
SUANA8ET,validation,FinalCollectionFor Publication,pymupdf,12,45801,3817,,,,Moderators of the effectiveness of an intervention to increase colorectal cancer screening through mailed fecal immunochemical test kits: results from a pragmatic randomized trial
DGEX5HE7,validation,FinalCollectionFor Publication,pymupdf,14,55303,3950,,,,Impact of Vaping Prevention Advertisements on US Adolescents: A Randomized Clinical Trial
93TLFX62,validation,FinalCollectionFor Publication,pymupdf,10,35820,3582,,,,Impact of a tobacco cessation intervention on adherence to tobacco use treatment guidelines among village health workers in Vietnam
BZHD4F63,validation,FinalCollectionFor Publication,pymupdf,10,46903,4690,,,,Health-related quality of life outcomes for the LEAP study-CALGB 70305 (Alliance): A lymphedema prevention intervention trial for newly diagnosed breast cancer patients
XSWEUIXG,validation,FinalCollectionFor Publication,pymupdf,8,40936,5117,,,,Smoking Cessation Treatment for Parents Who Dual Use E-Cigarettes and Traditional Cigarettes
LWBKGLCW,validation,FinalCollectionFor Publication,pymupdf,7,35006,5001,,,,A Cluster Randomized Controlled Trial of a Primary Care Provider-Delivered Social Media Counseling Intervention
LNWR884A,validation,FinalCollectionFor Publication,pymupdf,11,50104,4555,,,,Action planning for building public health program sustainability: results from a group-randomized trial
4HG9V6HL,validation,FinalCollectionFor Publication,pymupdf,11,58664,5333,,,,Psychological and behavioral pathways between perceived stress and weight change in a behavioral weight loss intervention
25SMNHQG,validation,FinalCollectionFor Publication,pymupdf,8,41884,5236,,,,Self-reported cardiovascular disease risk factor screening among people living with HIV vs. members of the general population in Botswana: a community-based study
D7FNGV5H,validation,FinalCollectionFor Publication,pymupdf,9,56768,6308,,,,Communication With Older Patients With Cancer Using Geriatric Assessment: A Cluster-Randomized Clinical Trial From the National Cancer Institute Community Oncology Research Program
GQ47R7MS,validation,FinalCollectionFor Publication,pymupdf,7,36425,5204,,,,Symptom Burden and Shared Care Planning in an Oncology Nurse-Led Primary Palliative Care Intervention (CONNECT) for Patients with Advanced Cancer
SU8TVFGH,validation,FinalCollectionFor Publication,pymupdf,12,59750,4979,,,,Cost and cost-effectiveness of the 'Stand and Move at Work' multicomponent intervention to reduce workplace sedentary time and cardiometabolic risk
X9X3VGJK,validation,FinalCollectionFor Publication,pymupdf,17,46219,2719,,,,A cost-effectiveness analysis of a colorectal cancer screening program in safety net clinics
C9P63S2B,validation,FinalCollectionFor Publication,pymupdf,14,79760,5697,,,,Team-focused implementation strategies to improve implementation of mental health screening and referral in rural Children's Advocacy Centers: study protocol for a pilot cluster randomized hybrid type 2 trial
JJF6XXQG,validation,FinalCollectionFor Publication,pymupdf,21,49895,2376,,,,Community-Clinical Linkage Intervention to Improve Colorectal Cancer Screening Among Underserved Korean Americans
QGRTXZZH,validation,FinalCollectionFor Publication,pymupdf,10,52665,5266,,,,Efficacy of a community-based participatory and multilevel intervention to enhance hepatitis B virus screening and vaccination in underserved Korean Americans
AAZLFUJE,validation,FinalCollectionFor Publication,pymupdf,10,44074,4407,,,,A pragmatic randomized trial of mailed fecal immunochemical testing to increase colorectal cancer screening among low-income and minoritized populations
99MJ924A,validation,FinalCollectionFor Publication,pymupdf,9,45352,5039,,,,"Prognostic accuracy of patients, caregivers, and oncologists in advanced cancer"
GVQJHIGK,validation,FinalCollectionFor Publication,pymupdf,15,59708,3981,,,,Efficacy of an Enhanced Implementation Strategy to Increase Parent Engagement with a Health Promotion Program in Childcare
GX655FV4,validation,FinalCollectionFor Publication,pymupdf,40,53678,1342,,,,A protocol for a cluster randomized trial of care delivery models to improve the quality of smoking cessation and shared decision making for lung cancer screening
B6VJ22FA,validation,FinalCollectionFor Publication,pymupdf,9,39817,4424,,,,Hope and illness expectations: A cross-sectional study in patients with advanced cancer
IXGWRWKV,validation,FinalCollectionFor Publication,pymupdf,16,69928,4370,,,,"Assessing the sustainability of the Systems Analysis and Improvement Approach to increase HIV testing in family planning clinics in Mombasa, Kenya: results of a cluster randomized trial"
ALFCPWRB,validation,FinalCollectionFor Publication,pymupdf,8,42364,5296,,,,"Caregiver-Oncologist Prognostic Concordance, Caregiver Mastery, and Caregiver Psychological Health and Quality of Life"
HA9IHJB6,validation,FinalCollectionFor Publication,pymupdf,8,37916,4740,,,,Associations of Caregiver-Oncologist Discordance in Prognostic Understanding With Caregiver-Reported Therapeutic Alliance and Anxiety
HI3CPFP8,validation,FinalCollectionFor Publication,pymupdf,10,26583,2658,,,,Relationships of self-perceived age with geriatric assessment domains in older adults with cancer
7BJRB6LP,validation,FinalCollectionFor Publication,pymupdf,11,59288,5390,,,,"Beliefs About Advanced Cancer Curability in Older Patients, Their Caregivers, and Oncologists"
RHQWSFTR,validation,FinalCollectionFor Publication,pymupdf,22,68486,3113,,,,An overview of optimal designs under a given budget in cluster randomized trials with a binary outcome
4T9MTMMP,validation,FinalCollectionFor Publication,pymupdf,8,43285,5411,,,,Prevention of Alcohol-related Incidents in the U.S. Air Force: Results From a Cluster Randomized Trial
IR9N2LY8,validation,FinalCollectionFor Publication,pymupdf,12,69641,5803,,,,"A cluster-randomized trial of water, sanitation, handwashing and nutritional interventions on stress and epigenetic programming"
ULPYQHXX,validation,FinalCollectionFor Publication,pymupdf,9,39044,4338,,,,Effects of an educational physical activity intervention in young women with newly diagnosed breast cancer: Findings from the Young and Strong Study
JMLTZFI8,validation,FinalCollectionFor Publication,pymupdf,12,64847,5404,,,,"A Cluster-Randomized Trial of a Mobile Produce Market Program in 12 Communities in North Carolina: Program Development, Methods, and Baseline Characteristics"
DKMFB69S,validation,FinalCollectionFor Publication,pymupdf,11,51716,4701,,,,Cluster randomized controlled trial of a mobile market intervention to increase fruit and vegetable intake among adults in lower-income communities in North Carolina
NMNK2UJG,validation,FinalCollectionFor Publication,pymupdf,14,63009,4501,,,,Assessing the effectiveness of training models for national scale-up of an evidence-based nutrition and physical activity intervention: a group randomized trial
ABV8X64G,validation,FinalCollectionFor Publication,pymupdf,23,63210,2748,,,,"Impact of the Out-of-School Nutrition and Physical Activity (OSNAP) Group Randomized Controlled Trial on Children's Food, Beverage, and Calorie Consumption among Snacks Served"
B9YG8GYQ,validation,FinalCollectionFor Publication,pymupdf,16,61184,3824,,,,Sustainability via Active Garden Education: The Sustainability Action Plan Model and Process
2LUUC2WH,validation,FinalCollectionFor Publication,pymupdf,18,43941,2441,,,,The impact of a brief cessation induction intervention for waterpipe tobacco smoking: A pilot randomized clinical trial
VIYWFDG9,validation,FinalCollectionFor Publication,pymupdf,22,59724,2715,,,,Fear of cancer recurrence in lymphoma survivors: A descriptive study
BYZJM332,validation,FinalCollectionFor Publication,pymupdf,15,64991,4333,,,,Patient and Clinician Decision Support to Increase Genetic Counseling for Hereditary Breast and Ovarian Cancer Syndrome in Primary Care: A Cluster Randomized Clinical Trial
6XFGQN39,validation,FinalCollectionFor Publication,pymupdf,14,72091,5149,,,,Enhanced care planning and clinical-community linkages versus usual care to address basic needs of patients with multiple chronic conditions: a clinician-level randomized controlled trial
JCPBMIPX,validation,FinalCollectionFor Publication,pymupdf,10,51103,5110,,,,Cluster-randomized trial comparing organizationally tailored versus standard approach for integrating an evidence-based cancer control intervention into African American churches
VPCPTPZL,validation,FinalCollectionFor Publication,pymupdf,12,44435,3703,,,,Using Geriatric Assessment to Guide Conversations Regarding Comorbidities Among Older Patients With Advanced Cancer
DPPC94XT,validation,FinalCollectionFor Publication,pymupdf,31,103016,3323,,,,"Testing the effectiveness of community-engaged citizen science to promote physical activity, foster healthier neighborhood environments, and advance health equity in vulnerable communities: The Steps for Change randomized controlled trial design and methods"
X2MXMQA7,validation,FinalCollectionFor Publication,pymupdf,10,57875,5788,,,,Effects of Counseling by Peer Human Advisors vs Computers to Increase Walking in Underserved Populations: The COMPASS Randomized Clinical Trial
ZXHI8G3B,validation,FinalCollectionFor Publication,pymupdf,13,55788,4291,,,,Impact of a Multidisciplinary Supportive Care Model Using Distress Screening at an Asian Ambulatory Cancer Center: A Cluster Randomized Controlled Trial
EYSSMC5T,validation,FinalCollectionFor Publication,pymupdf,10,50029,5003,,,,"A Middle School Program to Prevent E-Cigarette Use: A Pilot Study of ""CATCH My Breath"""
RM444G67,validation,FinalCollectionFor Publication,pymupdf,8,35390,4424,,,,Assessing Colorectal Cancer Screening Barriers by Two Methods
3NJJIQJQ,validation,FinalCollectionFor Publication,pymupdf,11,56842,5167,,,,Evaluation of the Efficacy of a Smoking Cessation Intervention for Cervical Cancer Survivors and Women With High-Grade Cervical Dysplasia: Protocol for a Randomized Controlled Trial
SH5J2R2J,validation,FinalCollectionFor Publication,pymupdf,11,56113,5101,,,,Evaluation of a walking school bus program: a cluster randomized controlled trial
XA8RYYSR,validation,FinalCollectionFor Publication,pymupdf,13,50280,3868,,,,A Cluster Randomized Controlled Trial of a Lay Health Worker Intervention to Increase Healthy Eating and Physical Activity Among Vietnamese Americans
SMQ7NINF,validation,FinalCollectionFor Publication,pymupdf,7,39192,5599,,,,Effectiveness of Village Health Worker-Delivered Smoking Cessation Counseling in Vietnam
F4KF42R4,validation,FinalCollectionFor Publication,pymupdf,12,54845,4570,,,,Cluster Randomized Pragmatic Clinical Trial Testing Behavioral Economic Implementation Strategies to Improve Tobacco Treatment for Patients With Cancer Who Smoke
BLWKH6C8,validation,FinalCollectionFor Publication,pymupdf,12,54159,4513,,,,Rationale and protocol for a cluster randomized pragmatic clinical trial testing behavioral economic implementation strategies to improve tobacco treatment rates for cancer patients who smoke
PV2Z7J77,validation,FinalCollectionFor Publication,pymupdf,18,50037,2780,,,,Modifiable fall risk factors among older adults with advanced cancer: Secondary analysis of a cluster-randomized clinical trial
69KLSK53,validation,FinalCollectionFor Publication,pymupdf,12,50977,4248,,,,Communication About Fall Risk in Community Oncology Practice: The Role of Geriatric Assessment
J7CUNUHF,validation,FinalCollectionFor Publication,pymupdf,14,61259,4376,,,,Association of Oncologist-Patient Communication With Functional Status and Physical Performance in Older Adults: A Secondary Analysis of a Cluster Randomized Clinical Trial
VKY7UK64,validation,FinalCollectionFor Publication,pymupdf,6,31529,5255,,,,A practical decision tree to support editorial adjudication of submitted parallel cluster randomized controlled trials
PSCSKNSV,validation,FinalCollectionFor Publication,pymupdf,10,47550,4755,,,,Extensive Molecular and Clinical Heterogeneity in Patients With Histologically Diagnosed CNS-PNET Treated as a Single Entity: A Report From the Children's Oncology Group Randomized ACNS0332 Trial
72N55PAH,validation,FinalCollectionFor Publication,pymupdf,12,49491,4124,,,,Diagnosing Cervical Neoplasia in Rural Brazil Using a Mobile Van Equipped with In Vivo Microscopy: A Cluster-Randomized Community Trial
F4QDRKEG,validation,FinalCollectionFor Publication,pymupdf,20,53665,2683,,,,Physician Intervention and Chinese Americans' Colorectal Cancer Screening
E6B5T4RY,validation,FinalCollectionFor Publication,pymupdf,8,34181,4273,,,,How Providing Cervical Cancer Screening Results via Cell Phone Affects Patient Follow-Up Rates in Western Kenya
HRZIZRJP,validation,FinalCollectionFor Publication,pymupdf,15,36651,2443,,,,Cervical cancer screening through human papillomavirus testing in community health campaigns versus health facilities in rural western Kenya
FMXPAUEI,validation,FinalCollectionFor Publication,pymupdf,10,46327,4633,,,,Web-based versus in-person methods for training lay community health advisors to implement health promotion workshops: participant outcomes from a cluster-randomized trial
A9KIMSNR,validation,FinalCollectionFor Publication,pymupdf,10,44582,4458,,,,Feasibility and Acceptability of a Type 2 Diabetes Prevention Intervention for Mothers and Children at a Federally Qualified Healthcare Center
TIP639KQ,validation,FinalCollectionFor Publication,pymupdf,10,31978,3198,,,,Intervention Nonadherence in the TrACER (S1415CD) Study: A Pragmatic Randomized Trial of a Standardized Order Entry for CSF Prescribing
NZYS3BX2,validation,FinalCollectionFor Publication,pymupdf,14,50403,3600,,,,A Pragmatic Cluster-Randomized Trial of a Standing Order Entry Intervention for Colony-Stimulating Factor Use Among Patients at Intermediate Risk for Febrile Neutropenia
LJW4HEIA,validation,FinalCollectionFor Publication,pymupdf,9,37304,4145,,,,Cost-Effectiveness of Community-to-Clinic Tailored Navigation for Colorectal Cancer Screening in an Underserved Population: Economic Evaluation Alongside a Group-Randomized Trial
XVG5NIVQ,validation,FinalCollectionFor Publication,pymupdf,12,69425,5785,,,,Human Papillomavirus vaccination clinical decision support for young adults in an upper midwestern healthcare system: a clinic cluster-randomized control trial
XPS9DCVL,validation,FinalCollectionFor Publication,pymupdf,14,65004,4643,,,,Primary care clinicians' opinions before and after implementation of cancer screening and prevention clinical decision support in a clinic cluster-randomized control trial: a survey research study
YCYESWU8,validation,FinalCollectionFor Publication,pymupdf,15,67369,4491,,,,Pre-implementation adaptation of primary care cancer prevention clinical decision support in a predominantly rural healthcare system
DXI976EC,validation,FinalCollectionFor Publication,pymupdf,11,49317,4483,,,,Pathways to Employee Outcomes in a Workplace Health Promotion Program
U4A6LS8G,validation,FinalCollectionFor Publication,pymupdf,17,41906,2465,,,,Prostate-Specific Antigen After Neoadjuvant Androgen Suppression in Prostate Cancer Patients Receiving Short-Term Androgen Suppression and External Beam Radiation Therapy: Pooled Analysis of Four NRG Oncology Radiation Therapy Oncology Group Randomized Clinical Trials
R3FT4BF3,validation,FinalCollectionFor Publication,pymupdf,19,46191,2431,,,,Multilevel Follow-up of Cancer Screening (mFOCUS): Protocol for a multilevel intervention to improve the follow-up of abnormal cancer screening test results
TFGQKUCF,validation,FinalCollectionFor Publication,pymupdf,7,39964,5709,,,,Challenges in assessing population reach in a pragmatic trial
BWAGKCVT,validation,FinalCollectionFor Publication,pymupdf,9,48378,5375,,,,Using a continuum of hybrid effectiveness-implementation studies to put research-tested colorectal screening interventions into practice
G75A8PEN,validation,FinalCollectionFor Publication,pymupdf,9,46022,5114,,,,Social Support for Changing Multiple Behaviors: Factors Associated With Seeking Support and the Impact of Offered Support
ZEQRVXQG,validation,FinalCollectionFor Publication,pymupdf,10,56058,5606,,,,Implementation of quality improvement coaching versus physician communication training for improving human papillomavirus vaccination in primary care: a randomized implementation trial
UJB4QA99,validation,FinalCollectionFor Publication,pymupdf,29,50359,1737,,,,The Relationship Between Frailty and Emotional Health in Older Patients with Advanced Cancer
4FJHYJ4R,validation,FinalCollectionFor Publication,pymupdf,6,33597,5600,,,,Impact of Brief Quality Improvement Coaching on Adolescent HPV Vaccination Coverage: A Pragmatic Cluster Randomized Trial
I47BDCKU,validation,FinalCollectionFor Publication,pymupdf,8,36574,4572,,,,Coaching and Communication Training for HPV Vaccination: A Cluster Randomized Trial
Z7NF2G6Q,validation,FinalCollectionFor Publication,pymupdf,8,42937,5367,,,,Objective Measures of Physical Activity in Rural Communities: Factors Associated With a Valid Wear and Lessons Learned
SGCHKJTH,validation,FinalCollectionFor Publication,pymupdf,18,78541,4363,,,,"Multilevel approaches to increase fruit and vegetable intake in low-income housing communities: final results of the 'Live Well, Viva Bien' cluster-randomized trial"
D6FQ47HW,validation,FinalCollectionFor Publication,pymupdf,6,24097,4016,,,,Machine Learning-Based Prediction of Hospitalization During Chemoradiotherapy With Daily Step Counts
EAJAKXKC,validation,FinalCollectionFor Publication,pymupdf,15,39654,2644,,,,The ecology of patient and caregiver participation in consultations involving advanced cancer
JSRXWSXE,validation,FinalCollectionFor Publication,pymupdf,6,37692,6282,,,,Addressing cancer survivors' cardiovascular health using the automated heart health assessment (AH-HA) EHR tool: Initial protocol and modifications to address COVID-19 challenges
LCAG76F4,validation,FinalCollectionFor Publication,pymupdf,13,54948,4227,,,,The Optimizing Lung Screening Trial (WF-20817CD): Multicenter Randomized Effectiveness Implementation Trial to Increase Tobacco Use Cessation for Individuals Undergoing Lung Screening
49C5LL2B,validation,FinalCollectionFor Publication,pymupdf,21,62419,2972,,,,"The OaSiS trial: A hybrid type II, national cluster randomized trial to implement smoking cessation during CT screening for lung cancer"
WKMKUPTU,validation,FinalCollectionFor Publication,pymupdf,9,51410,5712,,,,A Cluster-Randomized Clinical Trial Testing the Effectiveness of the Addressing Tobacco Through Organizational Change Model for Improving the Treatment of Tobacco Use in Community Mental Health Care: Preliminary Study Feasibility and Baseline Findings
Z6DJN9CQ,validation,FinalCollectionFor Publication,pymupdf,10,44258,4426,,,,Completion of Patient-Reported Outcome Questionnaires Among Older Adults with Advanced Cancer
WD74R75C,validation,FinalCollectionFor Publication,pymupdf,31,51441,1659,,,,Performance Feedback for Human Papillomavirus Vaccination: A Randomized Trial From the American Academy of Pediatrics Pediatric Research in Office Settings Research Network
F2BPPKMI,validation,FinalCollectionFor Publication,pymupdf,13,63094,4853,,,,"QuitSMART Utah: an implementation study protocol for a cluster-randomized, multi-level Sequential Multiple Assignment Randomized Trial to increase Reach and Impact of tobacco cessation treatment in Community Health Centers"
EJY33FGY,validation,FinalCollectionFor Publication,pymupdf,9,40401,4489,,,,Community-Based Cervical Cancer Education: Changes in Knowledge and Beliefs Among Vietnamese American Women
IASMJG49,validation,FinalCollectionFor Publication,pymupdf,11,56987,5181,,,,Adapting and implementing breast cancer follow-up in primary care: protocol for a mixed methods hybrid type 1 effectiveness-implementation cluster randomized study
CG56AVM4,validation,FinalCollectionFor Publication,pymupdf,18,51058,2837,,,,Scalability of cancer SurvivorLink™: A cluster randomized trial among pediatric cancer clinics
WCA66X4I,validation,FinalCollectionFor Publication,pymupdf,33,89104,2700,,,,Design and rationale of an intervention to improve cancer prevention using clinical decision support and shared decision making: A clinic-randomized trial
E3JZCW7P,validation,FinalCollectionFor Publication,pymupdf,12,29962,2497,,,,"The Duration of Antibiotics Prophylaxis at the Time of Catheter Removal after Radical Prostatectomy: Clinically Integrated, Cluster, Randomized Trial"
26LDPI8G,validation,FinalCollectionFor Publication,pymupdf,11,53389,4854,,,,"Results of a cluster randomized trial testing the Systems Analysis and Improvement Approach to increase cervical cancer screening in family planning clinics in Mombasa County, Kenya"
7EFQI5V4,validation,FinalCollectionFor Publication,pymupdf,12,61318,5110,,,,Qualitative evaluation of the Systems Analysis and Improvement Approach as a strategy to increase HIV testing in family planning clinics using the Consolidated Framework for Implementation Research and the Implementation Outcomes Framework
CVNVFN8Y,validation,FinalCollectionFor Publication,pymupdf,17,45661,2686,,,,Results of a cluster randomized trial testing the systems analysis and improvement approach to increase HIV testing in family planning clinics
32LERLVS,validation,FinalCollectionFor Publication,pymupdf,6,31737,5290,,,,"Performance of family planning clinics in conducting recommended HIV counseling and testing in Mombasa County, Kenya: a cross-sectional study"
7HMIXSV8,validation,FinalCollectionFor Publication,pymupdf,10,42593,4259,,,,Barriers to symptom management care pathway implementation in pediatric Cancer
M7MJVIPL,validation,FinalCollectionFor Publication,pymupdf,18,44833,2491,,,,Smoking Cessation Treatment for Parents Who Are Light or Very Light Smokers in the Pediatric Setting
ECH2D7BJ,validation,FinalCollectionFor Publication,pymupdf,8,44320,5540,,,,Pediatric Office Delivery of Smoking Cessation Assistance for Breast-Feeding Mothers
MDUWF9YP,validation,FinalCollectionFor Publication,pymupdf,18,50385,2799,,,,Characterizing Time to Diagnostic Resolution After an Abnormal Cancer Screening Exam in Older Adult Participants in the Ohio Patient Navigation Research Program
II5PE99X,validation,FinalCollectionFor Publication,pymupdf,20,63488,3174,,,,Linking churches and parks to promote physical activity among Latinos: Rationale and design of the Parishes & Parks cluster randomized trial
73BP3R5F,validation,FinalCollectionFor Publication,pymupdf,10,47712,4771,,,,Fertility concerns and treatment decision-making among national sample of young women with breast cancer
FGGJHPQ8,validation,FinalCollectionFor Publication,pymupdf,18,58012,3223,,,,Effects of a Geriatric Assessment Intervention on Patient-Reported Symptomatic Toxicity in Older Adults With Advanced Cancer
CR7JWN8H,validation,FinalCollectionFor Publication,pymupdf,8,39712,4964,,,,Results of a lay health education intervention to increase colorectal cancer screening among Filipino Americans: A cluster randomized controlled trial
PIZAETCG,validation,FinalCollectionFor Publication,pymupdf,21,51695,2462,,,,"Making Informed Choices On Incorporating Chemoprevention into carE (MiCHOICE, SWOG 1904): Design and methods of a cluster randomized controlled trial"
ERY25CXT,validation,FinalCollectionFor Publication,pymupdf,2,13262,6631,,,,Impact of Walking School Bus Programs on Self-Efficacy and Outcome Expectations
7MHFEUZL,validation,FinalCollectionFor Publication,pymupdf,12,57631,4803,,,,Methods for scaling up an outreach intervention to increase colorectal cancer screening rates in rural areas
TBFRUAMD,validation,FinalCollectionFor Publication,pymupdf,15,74621,4975,,,,Mailed fecal testing and patient navigation versus usual care to improve rates of colorectal cancer screening and follow-up colonoscopy in rural Medicaid enrollees: a cluster-randomized controlled trial
KJQKEW8Y,validation,FinalCollectionFor Publication,pymupdf,8,44236,5530,,,,Effectiveness of a Mailed Colorectal Cancer Screening Outreach Program in Community Health Clinics: The STOP CRC Cluster Randomized Clinical Trial
Y65DB7TT,validation,FinalCollectionFor Publication,pymupdf,8,32768,4096,,,,Primary Palliative Care Improves Uptake of Advance Care Planning Among Patients With Advanced Cancers
XYJLRGVC,validation,FinalCollectionFor Publication,pymupdf,17,61153,3597,,,,"Quality of Communication and Trust in Patients With Serious Illness: An Exploratory Study of the Relationships of Race/Ethnicity, Socioeconomic Status, and Religiosity"
WTLH8PPX,validation,FinalCollectionFor Publication,pymupdf,20,47938,2397,,,,Implementation of a cluster randomized controlled trial: Identifying student peer leaders to lead E-cigarette interventions
TYUTRABV,validation,FinalCollectionFor Publication,pymupdf,12,59166,4930,,,,The impact of text message reminders on cryotherapy uptake among women testing positive for HPV in western Kenya: a prospective cohort study
6Y7FJ56I,validation,FinalCollectionFor Publication,pymupdf,15,42065,2804,,,,"A Qualitative Exploration of Women's Experiences with a Community Health Volunteer-Led Cervical Cancer Educational Module in Migori County, Kenya"
TGIBPA3M,validation,FinalCollectionFor Publication,pymupdf,30,73827,2461,,,,A stochastic second-order generalized estimating equations approach for estimating association parameters
U7PLGE75,validation,FinalCollectionFor Publication,pymupdf,7,51246,7321,,,,Improving adherence to endocrine hormonal therapy among breast cancer patients: Study protocol for a randomized controlled trial
6UFMVCDF,validation,FinalCollectionFor Publication,pymupdf,20,52961,2648,,,,"Hub-and-Spoke centralized intervention to optimize colorectal cancer screening and follow-up: A pragmatic, cluster-randomized controlled trial protocol"
VD74N4DN,validation,FinalCollectionFor Publication,pymupdf,7,34117,4874,,,,Satisfaction with Care and Attention to Age-Specific Concerns by Race and Ethnicity in a National Sample of Young Women with Breast Cancer
F9X8Z6SZ,validation,FinalCollectionFor Publication,pymupdf,32,54193,1694,,,,Increasing the adoption of evidence-based communication practices for HPV vaccination in primary care clinics: The HPV ECHO study protocol for a cluster randomized controlled trial
NFIAY6NV,validation,FinalCollectionFor Publication,pymupdf,9,45350,5039,,,,Effects by educational attainment of a mammography screening patient decision aid for women aged 75 years and older
LNE655AM,validation,FinalCollectionFor Publication,pymupdf,11,53011,4819,,,,Ending Tobacco Use Through Interactive Tailored Messaging for Cambodian People With HIV (Project EndIT): Protocol for a Randomized Controlled Trial
ZH47UTGY,validation,FinalCollectionFor Publication,pymupdf,15,44046,2936,,,,"Cluster Randomized Trial of Teens Against Tobacco Use: Youth Empowerment for Tobacco Control in El Paso, Texas"
9PGIWTZJ,validation,FinalCollectionFor Publication,pymupdf,8,44328,5541,,,,Twelve-Month Outcomes of a Group-Randomized Community Health Advocate-Led Smoking Cessation Intervention in Public Housing
FHVQQIX3,validation,FinalCollectionFor Publication,pymupdf,27,72859,2698,,,,"Community-based, cluster-randomized pilot trial of a cardiovascular mHealth intervention: Rationale, design, and baseline findings of the FAITH! Trial"
MCKQDWYQ,validation,FinalCollectionFor Publication,pymupdf,14,59600,4257,,,,Racial Differences in Pain Management for Patients Receiving Hospice Care
I6KDJ44E,validation,FinalCollectionFor Publication,pymupdf,13,50591,3892,,,,Financial Toxicity Monitoring in a Randomized Controlled Trial of Patient-Reported Outcomes During Cancer Treatment (Alliance AFT-39)
FPX2G3LA,validation,FinalCollectionFor Publication,pymupdf,10,57988,5799,,,,Examining local smoke-free coalitions in Armenia and Georgia: context and outcomes of a matched-pairs community-randomised controlled trial
6M6JS3W5,validation,FinalCollectionFor Publication,pymupdf,11,50812,4619,,,,Group Randomized Trial of Healthy Eating and Gardening Intervention in Navajo Elementary Schools (Yéego!)
8X3V8X64,validation,FinalCollectionFor Publication,pymupdf,10,43432,4343,,,,An evaluation of stakeholder engagement in comparative effectiveness research: lessons learned from SWOG S1415CD
RJD9XX6D,validation,FinalCollectionFor Publication,pymupdf,10,55804,5580,,,,A multilevel approach for promoting physical activity in rural communities: a cluster randomized controlled trial
T46GFUVP,validation,FinalCollectionFor Publication,pymupdf,7,39186,5598,,,,Breakfast in the Classroom Initiative and Students' Breakfast Consumption Behaviors: A Group Randomized Trial
3H4J4BGD,validation,FinalCollectionFor Publication,pymupdf,10,57219,5722,,,,Effect of Electronic Symptom Monitoring on Patient-Reported Outcomes Among Patients With Metastatic Cancer: A Randomized Clinical Trial
VGG3KIMT,validation,FinalCollectionFor Publication,pymupdf,14,65963,4712,,,,"Scaling up a brief alcohol intervention to prevent HIV infection in Vietnam: a cluster randomized, implementation trial"
BCPZNXV7,validation,FinalCollectionFor Publication,pymupdf,13,41477,3191,,,,"Eating Occasions, Obesity and Related Behaviors in Working Adults: Does it Matter When You Snack?"
4T3I54L2,validation,FinalCollectionFor Publication,pymupdf,8,48320,6040,,,,"Prostate Cancer Screening With PSA, Kallikrein Panel, and MRI: The ProScreen Randomized Trial"
PJ3LJPS4,validation,FinalCollectionFor Publication,pymupdf,11,60660,5515,,,,A Multilevel Primary Care Intervention to Improve Follow-Up of Overdue Abnormal Cancer Screening Test Results: A Cluster Randomized Clinical Trial
QHUGZ86T,validation,FinalCollectionFor Publication,pymupdf,10,47196,4720,,,,Implementing a Novel Workplace Smoking Cessation Intervention Targeting Hispanic/Latino Construction Workers: A Pilot Cluster Randomized Trial
DDKM5E29,validation,FinalCollectionFor Publication,pymupdf,21,60427,2877,,,,A cluster randomized pilot trial of a tailored worksite smoking cessation intervention targeting Hispanic/Latino construction workers: Intervention development and research design
B3KTU9TU,validation,FinalCollectionFor Publication,pymupdf,12,55644,4637,,,,Mixed-methods approach to evaluate an mHealth intervention to increase adherence to triage of human papillomavirus-positive women who have performed self-collection (the ATICA study): study protocol for a hybrid type I cluster randomized effectiveness-implementation trial
DFJE8ALD,validation,FinalCollectionFor Publication,pymupdf,10,49870,4987,,,,Two-year outcomes of Faith in Action/Fe en Acción: a randomized controlled trial of physical activity promotion in Latinas
HBD3Y6S2,validation,FinalCollectionFor Publication,pymupdf,13,56030,4310,,,,Assessment of Financial Toxicity Among Older Adults With Advanced Cancer
QQRYLPB6,validation,Locked_26_01_08_337,pymupdf,16,77792,4862,,,,Achieving cardiovascular health equity in community mental health: study protocol for a cluster-randomized hybrid Type 3 effectiveness-implementation trial
44SJ3WXZ,validation,Locked_26_01_08_337,pymupdf,13,60757,4674,,,,Designing an implementation science clinical trial to integrate hypertension and cardiovascular diseases care into existing HIV services package in Botswana (InterCARE)
TZF282NC,validation,Locked_26_01_08_337,pymupdf,11,51956,4723,,,,Use of Asthma APGAR Tools in Primary Care Practices: A Cluster-Randomized Controlled Trial
2MCVHA74,validation,Locked_26_01_08_337,pymupdf,13,64821,4986,,,,"Community mobilisation for adoption of clean cookstoves and clean fuel to reduce household air pollution and blood pressure in Lagos, Nigeria: protocol for a cluster-randomised trial"
IKEB2FHD,validation,Locked_26_01_08_337,pymupdf,9,53321,5925,,,,Reducing paediatric overweight and obesity through motivational interviewing: study protocol for a randomised controlled trial in the AAP PROS research network
7UB2532H,validation,Locked_26_01_08_337,pymupdf,9,55243,6138,,,,Protocol paper: Stepped wedge cluster randomized trial translating the ABCS into optimizing cardiovascular care for people living with HIV
KQHQ9KMW,validation,Locked_26_01_08_337,pymupdf,9,49831,5537,,,,Training Models for Implementing Evidence-Based Psychological Treatment: A Cluster-Randomized Trial in College Counseling Centers
MQ5HUF7T,validation,Locked_26_01_08_337,pymupdf,14,59542,4253,,,,Practical Anemia Bundle and Hemoglobin Recovery in Critical Illness: A Randomized Clinical Trial
TVL564PH,validation,Locked_26_01_08_337,pymupdf,9,53391,5932,,,,Keys to healthy family child care homes: Results from a cluster randomized trial
3INBZHKN,validation,Locked_26_01_08_337,pymupdf,7,44626,6375,,,,Recruitment and enrollment of participants in an online diabetes self-management intervention in a virtual environment
RZ7YH2DN,validation,Locked_26_01_08_337,pymupdf,13,56299,4331,,,,Decision Support Intervention and Anticoagulation for Emergency Department Atrial Fibrillation: The O'CAFÉ Stepped-Wedge Cluster Randomized Clinical Trial
HKJXZKTF,validation,Locked_26_01_08_337,pymupdf,11,44741,4067,,,,A Cluster-Randomized Trial of Blood-Pressure Reduction in Black Barbershops
SFJI363E,validation,Locked_26_01_08_337,pymupdf,10,50365,5036,,,,The impact of avocado intake on anthropometric measures among Hispanic/Latino children and adolescents: A cluster randomized controlled trial
NPK22LGL,validation,Locked_26_01_08_337,pymupdf,15,67276,4485,,,,The TELEhealth Shared decision-making COaching and navigation in Primary carE (TELESCOPE) intervention: a study protocol for delivering shared decision-making for lung cancer screening by patient navigators
Y526PL9L,validation,Locked_26_01_08_337,pymupdf,19,93135,4902,,,,"Protocol for a Type 3 hybrid effectiveness-implementation cluster randomized trial to evaluate multi-ethnic, multilevel strategies and community engagement to eliminate hypertension disparities in Los Angeles County"
G78NBYUH,validation,Locked_26_01_08_337,pymupdf,14,71984,5142,,,,Disseminating and implementing a lifestyle-based healthy weight program for mothers in a national organization: a study protocol for a cluster randomized trial
HMVQGBWN,validation,Locked_26_01_08_337,pymupdf,5,21228,4246,,,,Update to the study protocol for an implementation-effectiveness trial comparing two education strategies for improving the uptake of noninvasive ventilation in patients with severe COPD exacerbation
67EE29T7,validation,Locked_26_01_08_337,pymupdf,10,62173,6217,,,,Protocol of a patient randomized clinical trial to improve medication adherence in primary care
VUUKHBPX,validation,Locked_26_01_08_337,pymupdf,9,53812,5979,,,,Assessing the effectiveness and implementation of a chronic disease self-management programme in faith-based organisations in Barbados: protocol for a cluster randomised parallel trial
ML5BF6U5,validation,Locked_26_01_08_337,pymupdf,15,75705,5047,,,,Community intervention to reduce cardiovascular disease in Chicago (CIRCL-Chicago): protocol for a type 3 hybrid effectiveness-implementation study using a parallel cluster-randomized trial design
GZ8L53HZ,validation,Locked_26_01_08_337,pymupdf,10,44948,4495,,,,Patient Safety Outcomes under Flexible and Standard Resident Duty-Hour Rules
XW5VH2RS,validation,Locked_26_01_08_337,pymupdf,16,48207,3013,,,,Solving insomnia electronically: Sleep treatment for asthma (SIESTA): A study protocol for a randomized controlled trial
YHKIB4RS,validation,Locked_26_01_08_337,pymupdf,11,51975,4725,,,,Oxygen-Saturation Targets for Critically Ill Adults Receiving Mechanical Ventilation
9QH3NF2M,validation,Locked_26_01_08_337,pymupdf,16,53125,3320,,,,Comparison of 3 optimized delivery strategies for completion of isoniazid-rifapentine (3HP) for tuberculosis prevention among people living with HIV in Uganda: A single-center randomized trial
8EIXU8CQ,validation,Locked_26_01_08_337,pymupdf,13,62133,4779,,,,"Improvements and Maintenance of Clinical and Functional Measures Among Rural Women: Strong Hearts, Healthy Communities-2. 0 Cluster Randomized Trial"
3UETLCGR,validation,Locked_26_01_08_337,pymupdf,17,71518,4207,,,,Successful implementation of stroke risk screening for sickle cell anemia in the DISPLACE study: results of a cluster randomized trial
D8CQJP9V,validation,Locked_26_01_08_337,pymupdf,10,56905,5690,,,,Effect of an Oncology Nurse-Led Primary Palliative Care Intervention on Patients With Advanced Cancer: The CONNECT Cluster Randomized Clinical Trial
B34VFBK3,validation,Locked_26_01_08_337,pymupdf,10,47161,4716,,,,Fixed-dose combination therapy-based protocol compared with free pill combination protocol: Results of a cluster randomized trial
GV6RHLHV,validation,Locked_26_01_08_337,pymupdf,10,56454,5645,,,,Meta Salud Diabetes study protocol: a cluster-randomised trial to reduce cardiovascular risk among a diabetic population of Mexico
VFJZH9TR,validation,Locked_26_01_08_337,pymupdf,9,62997,7000,,,,The design and rationale of a multicenter real-world trial: The Southeastern Collaboration to Improve Blood Pressure Control in the US Black Belt - Addressing the Triple Threat
VXZHWRTC,validation,Locked_26_01_08_337,pymupdf,14,56901,4064,,,,Sitting Time Reduction and Blood Pressure in Older Adults: A Randomized Clinical Trial
ZN4GPW43,validation,Locked_26_01_08_337,pymupdf,11,43603,3964,,,,Meta Salud Diabetes for cardiovascular disease prevention in Mexico: a cluster-randomized behavioural clinical trial
BJM4IT6J,validation,Locked_26_01_08_337,pymupdf,28,77825,2779,,,,"A community-based, multi-level, multi-setting, multi-component intervention to reduce weight gain among low socioeconomic status Latinx children with overweight or obesity: The Stanford GOALS randomised controlled trial"
NBAQH3Y3,validation,Locked_26_01_08_337,pymupdf,22,88035,4002,,,,"Protocol for a cluster randomized clinical trial of a mastery-climate motor skills intervention, Children's Health Activity and Motor Program (CHAMP), on self-regulation in preschoolers"
AT7Y2KKR,validation,Locked_26_01_08_337,pymupdf,8,30475,3809,,,,"Intervention Effects of ""Girls on the Move"" on Increasing Physical Activity: A Group Randomized Trial"
WGQGTBTE,validation,Locked_26_01_08_337,pymupdf,20,103965,5198,,,,Dulce Digital-Me: protocol for a randomized controlled trial of an adaptive mHealth intervention for underserved Hispanics with diabetes
2HLT4Y2J,validation,Locked_26_01_08_337,pymupdf,10,45737,4574,,,,Effectiveness of Long-lasting Insecticide-Impregnated Bed Nets in Controlling Phlebotomus argentipes in Sri Lanka: A Cluster Randomized Controlled Trial
LGEECHQM,validation,Locked_26_01_08_337,pymupdf,25,60076,2403,,,,A mHealth intervention to preserve and promote ideal cardiovascular health in college students: Design and protocol of a cluster randomized controlled trial
FTYU2BLT,validation,Locked_26_01_08_337,pymupdf,23,45079,1960,,,,Results of an asthma education program delivered via telemedicine in rural schools
ZPEDLYBK,validation,Locked_26_01_08_337,pymupdf,13,64989,4999,,,,A pediatric primary care practice-based obesity intervention to support families: a cluster-randomized clinical trial
YR23V33N,validation,Locked_26_01_08_337,pymupdf,13,62897,4838,,,,The Emergency Medical Services Sleep Health Study: A cluster-randomized trial
6FZNPBXP,validation,Locked_26_01_08_337,pymupdf,11,50320,4575,,,,Effectiveness of a School Drinking Water Promotion and Access Program for Overweight Prevention
ZQ2U7SAI,validation,Locked_26_01_08_337,pymupdf,11,56735,5158,,,,Optimization of Inspired Oxygen during Mechanical Ventilation (OPTI-OXYGEN): rationale and design of a pragmatic randomised controlled trial
QJRBBVLY,validation,Locked_26_01_08_337,pymupdf,7,34143,4878,,,,Family-Based Interventions to Promote Weight Management in Adults: Results From a Cluster Randomized Controlled Trial in India
H7N83IW2,validation,Locked_26_01_08_337,pymupdf,11,47691,4336,,,,Evaluating a multicomponent program to improve hypertension control in Guatemala: study protocol for an effectiveness-implementation cluster randomized trial
GYRIVJLS,validation,Locked_26_01_08_337,pymupdf,11,53856,4896,,,,Robotic versus Electromagnetic bronchoscopy for pulmonary LesIon AssessmeNT: the RELIANT pragmatic randomized trial
UPVYYFVQ,validation,Locked_26_01_08_337,pymupdf,39,108489,2782,,,,Effects of Different Allotments of Avocados on the Nutritional Status of Families: A Cluster Randomized Controlled Trial
Y7PRFE3Z,validation,Locked_26_01_08_337,pymupdf,8,51080,6385,,,,"Weight loss maintenance among truck drivers in the SHIFT randomised controlled trial, USA"
4TRC3UDD,validation,Locked_26_01_08_337,pymupdf,20,101915,5096,,,,Improving diabetic patients' adherence to treatment and prevention of cardiovascular disease (Office Guidelines Applied to Practice-IMPACT Study)-a cluster randomized controlled effectiveness trial
XFPCQLGP,validation,Locked_26_01_08_337,pymupdf,17,57974,3410,,,,Health insurance coverage with or without a nurse-led task shifting strategy for hypertension control: A pragmatic cluster randomized trial in Ghana
QQ3EW96Q,validation,Locked_26_01_08_337,pymupdf,8,39141,4893,,,,Teaching Medical Students to Help Patients Manage Their Weight: Outcomes of an Eight-School Randomized Controlled Trial
ME2XJGEW,validation,Locked_26_01_08_337,pymupdf,26,40681,1565,,,,Does prior coronary angioplasty affect outcomes of surgical coronary revascularization? Insights from the STICH trial
2BDG7GVP,validation,Locked_26_01_08_337,pymupdf,17,44081,2593,,,,A Group Randomized Intervention Trial Increases Participation in the School Breakfast Program in 16 Rural High Schools in Minnesota
L3XSIHDW,validation,Locked_26_01_08_337,pymupdf,11,42638,3876,,,,Design and pilot implementation for the BETTER CARE-HF trial: A pragmatic cluster-randomized controlled trial comparing two targeted approaches to ambulatory clinical decision support for cardiologists
PQNBSQLX,validation,Locked_26_01_08_337,pymupdf,14,57185,4085,,,,Cluster-Randomized Trial Comparing Ambulatory Decision Support Tools to Improve Heart Failure Care
NT3UR2AB,validation,Locked_26_01_08_337,pymupdf,14,37480,2677,,,,The Impact of a Healthy Weight Intervention Embedded in a Home-Visiting Program on Children's Weight and Mothers' Feeding Practices
R4ZI2TKH,validation,Locked_26_01_08_337,pymupdf,9,65682,7298,,,,"A cluster-randomized controlled trial of an elementary school drinking water access and promotion intervention: Rationale, study design, and protocol"
GMFGJ3S5,validation,Locked_26_01_08_337,pymupdf,11,50302,4573,,,,The Effect of a Priest-Led Intervention on the Choice and Preference of Soda Beverages: A Cluster-Randomized Controlled Trial in Catholic Parishes
9LX3EYI2,validation,Locked_26_01_08_337,pymupdf,12,56182,4682,,,,Mastery-oriented motor competence intervention improves behavioral but not cognitive self-regulation in head start preschoolers: Randomized controlled trial results
7KTF6M73,validation,Locked_26_01_08_337,pymupdf,12,55130,4594,,,,Implementation of Multifaceted Patient-Centered Treatment Strategies for Intensive Blood Pressure Control (IMPACTS): Rationale and design of a cluster-randomized trial
W95M9S6N,validation,Locked_26_01_08_337,pymupdf,13,58662,4512,,,,Strengthening Referral Networks for Management of Hypertension Across the Health System (STRENGTHS) in western Kenya: a study protocol of a cluster randomized trial
PQVNQR33,validation,Locked_26_01_08_337,pymupdf,23,52299,2274,,,,Addressing Pediatric Asthma Disparities through RI-AIR's Community Approach: A Randomized Trial
28SJBT73,validation,Locked_26_01_08_337,pymupdf,15,85968,5731,,,,Using implementation mapping to optimize the impact of Universal School meals: a type III hybrid implementation-effectiveness study protocol
T3W2WZCX,validation,Locked_26_01_08_337,pymupdf,14,75034,5360,,,,Social Mobile Approaches to Reducing Weight (SMART) 2.0: protocol of a randomized controlled trial among young adults in university settings
6PNE2R2W,validation,Locked_26_01_08_337,pymupdf,14,70612,5044,,,,Impact of the CAPTURE Chronic Obstructive Pulmonary Disease Screening Tool in U.S. Primary Care: A Cluster-Randomized Trial
DCYTWR4N,validation,Locked_26_01_08_337,pymupdf,8,33338,4167,,,,Impact of Clinical Decision Support on Antibiotic Prescribing for Acute Respiratory Infections: a Cluster Randomized Implementation Trial
GKVUXT8J,validation,Locked_26_01_08_337,pymupdf,13,70337,5411,,,,Implementation of Coach McLungsSM into primary care using a cluster randomized stepped wedge trial design
S47B3QEJ,validation,Locked_26_01_08_337,pymupdf,13,61716,4747,,,,"Implementation strategies to integrate HIV and hypertension care in Kampala and Wakiso districts, Uganda: study protocol for a stepped wedge cluster randomized trial (PULESA-Uganda)"
52L6RCJY,validation,Locked_26_01_08_337,pymupdf,13,66503,5116,,,,Implementing remote patient monitoring to improve hypertension control in a primary care network: Rationale and design of the monitor-BP Cluster Randomized Trial
FDVX9XTR,validation,Locked_26_01_08_337,pymupdf,11,40974,3725,,,,System Level Informatics to Improve Triage Practices for Sickle Cell Disease Vaso-Occlusive Crisis: A Cluster Randomized Controlled Trial
ER2TALDD,validation,Locked_26_01_08_337,pymupdf,12,67220,5602,,,,Protocol for a randomised trial of an interprofessional team-delivered intervention to support surrogate decision-makers in ICUs
KDH4XJIC,validation,Locked_26_01_08_337,pymupdf,8,37837,4730,,,,"Financial incentives versus standard of care to improve patient compliance with live kidney donor follow-up: protocol for a multi-center, parallel-group randomized controlled trial"
Y9EY4XQ8,validation,Locked_26_01_08_337,pymupdf,10,48788,4879,,,,"Reducing ethnic and racial disparities by improving undertreatment, control, and engagement in blood pressure management with health information technology (REDUCE-BP) hybrid effectiveness-implementation pragmatic trial: Rationale and design"
ZS5WVT7S,validation,Locked_26_01_08_337,pymupdf,7,39897,5700,,,,Prospective Assessment of the Feasibility of a Trial of Low-Tidal Volume Ventilation for Patients with Acute Respiratory Failure
MWYKAIL4,validation,Locked_26_01_08_337,pymupdf,16,71121,4445,,,,"Impact of a School-Based Gardening, Cooking, Nutrition Intervention on Diet Intake and Quality: The TX Sprouts Randomized Controlled Trial"
4NGYJQ62,validation,Locked_26_01_08_337,pymupdf,8,36216,4527,,,,Optimizing Huddle Engagement Through Leadership and Problem Solving Within Primary Care: Results from a Cluster-Randomized Trial
EZW26HK2,validation,Locked_26_01_08_337,pymupdf,11,45349,4123,,,,A Multifaceted Implementation Strategy to Increase Out-of-Office Blood Pressure Monitoring: The EMBRACE Cluster Randomized Clinical Trial
NQ4Y7FIA,validation,Locked_26_01_08_337,pymupdf,38,113178,2978,,,,Caring for the elderly at work and home: Can a randomized organizational intervention improve psychological health?
XEIAGV9H,validation,Locked_26_01_08_337,pymupdf,10,57171,5717,,,,Effectiveness of the Family Heart Talk Communication Tool in Improving Family Member Screening for Dilated Cardiomyopathy: Results of a Randomized Trial
6EI22ZER,validation,Locked_26_01_08_337,pymupdf,13,102476,7883,,,,"Testing the effectiveness of community-engaged citizen science to promote physical activity, foster healthier neighborhood environments, and advance health equity in vulnerable communities: The Steps for Change randomized controlled trial design and methods"
8QKAXQVW,validation,Locked_26_01_08_337,pymupdf,18,38270,2126,,,,Evaluation of an Electronic Clinical Decision Support Tool for Incident Elevated BP in Adolescents
3XPH2HI6,validation,Locked_26_01_08_337,pymupdf,9,42409,4712,,,,Cluster randomized controlled trial of a multilevel physical activity intervention for older adults
25GIEATL,validation,Locked_26_01_08_337,pymupdf,7,53800,7686,,,,Dissemination of a telehealth cardiovascular risk service: The CVRS live protocol
L8CPLJYW,validation,Locked_26_01_08_337,pymupdf,8,56303,7038,,,,A study protocol to engage religious leaders to reduce blood pressure in Tanzanian communities: A cluster randomized trial
KSSYVX7X,validation,Locked_26_01_08_337,pymupdf,10,52268,5227,,,,A community-based dynamic choice model for HIV prevention improves PrEP and PEP coverage in rural Uganda and Kenya: a cluster randomized trial
YJDJH8TY,validation,Locked_26_01_08_337,pymupdf,11,52468,4770,,,,Cardiovascular risk factor reduction by community health workers in rural India: A cluster randomized trial
VMHXT33Z,validation,Locked_26_01_08_337,pymupdf,11,57782,5253,,,,Randomized evaluation of decision support interventions for atrial fibrillation: Rationale and design of the RED-AF study
W5Z7K27W,validation,Locked_26_01_08_337,pymupdf,11,56113,5101,,,,Evaluation of a walking school bus program: a cluster randomized controlled trial
LIJH82T5,validation,Locked_26_01_08_337,pymupdf,13,66206,5093,,,,A cluster randomised trial of cookstove interventions to improve infant health in Ghana
M8CXW6PU,validation,Locked_26_01_08_337,pymupdf,12,61329,5111,,,,Clinical and economic effectiveness of a pharmacy and primary care collaborative transition of care program
65U9AYL7,validation,Locked_26_01_08_337,pymupdf,12,67665,5639,,,,Effect of Physiologic Point-of-Care Cardiopulmonary Resuscitation Training on Survival With Favorable Neurologic Outcome in Cardiac Arrest in Pediatric ICUs: A Randomized Clinical Trial
D29P9RKT,validation,Locked_26_01_08_337,pymupdf,12,67754,5646,,,,Effect of a Quality Improvement Intervention on Clinical Outcomes in Patients in India With Acute Myocardial Infarction: The ACS QUIK Randomized Clinical Trial
XEKC6EFN,validation,Locked_26_01_08_337,pymupdf,12,64278,5356,,,,Reversing the Cardiac Effects of Sedentary Aging in Middle Age-A Randomized Controlled Trial: Implications For Heart Failure Prevention
DZSYHDZB,validation,Locked_26_01_08_337,pymupdf,11,49774,4525,,,,The impact of 2 years of high-intensity exercise training on a model of integrated cardiovascular regulation
NVVGHG2W,validation,Locked_26_01_08_337,pymupdf,10,41605,4160,,,,Monitoring Study Participants and Implementation with Phone Calls to Support Hypertension Control During the COVID-19 Pandemic: The Case of a Multicomponent Intervention Trial in Guatemala
R2P2KPRE,validation,Locked_26_01_08_337,pymupdf,10,53911,5391,,,,Best Case/Worst Case: protocol for a multisite randomised clinical trial of a scenario planning intervention for patients with kidney failure
MPJA6L2H,validation,Locked_26_01_08_337,pymupdf,7,34901,4986,,,,Breakfast Is Brain Food? The Effect on Grade Point Average of a Rural Group Randomized Program to Promote School Breakfast
WUNIU4CC,validation,Locked_26_01_08_337,pymupdf,9,41821,4647,,,,Household- Versus Incentive-Based Contact Investigation for Tuberculosis in Rural South Africa: A Cluster-Randomized Trial
BW2B5H9P,validation,Locked_26_01_08_337,pymupdf,8,40164,5020,,,,Design of the Equity in Prevention and Progression of Hypertension by Addressing Barriers to Nutrition and Physical Activity Study: A Cluster Randomized Trial
7M6ST2JQ,validation,Locked_26_01_08_337,pymupdf,14,51879,3706,,,,Effect of the School-Based Asthma Care for Teens (SB-ACT) program on asthma morbidity: a 3-arm randomized controlled trial
9J2SL67D,validation,Locked_26_01_08_337,pymupdf,14,65795,4700,,,,Conquering hypertension in Vietnam-solutions at grassroots level: study protocol of a cluster randomized controlled trial
BBQSQ5GY,validation,Locked_26_01_08_337,pymupdf,9,60564,6729,,,,Using virtual agents to increase physical activity in young children with the virtual fitness buddy ecosystem: Study protocol for a cluster randomized trial
QUEFXEQY,validation,Locked_26_01_08_337,pymupdf,16,76065,4754,,,,"Implementation of coordinated spontaneous awakening and breathing trials using telehealth-enabled, real-time audit and feedback for clinician adherence (TEACH): a type II hybrid effectiveness-implementation cluster-randomized trial"
GK558E5R,validation,Locked_26_01_08_337,pymupdf,22,82172,3735,,,,Influence of hydrometeorological risk factors on child diarrhea and enteropathogens in rural Bangladesh
5VWZPNEQ,validation,Locked_26_01_08_337,pymupdf,33,90307,2737,,,,"Putting patients at the center of kidney care transitions: PREPARE NOW, a cluster randomized controlled trial"
L2VHUDMD,validation,Locked_26_01_08_337,pymupdf,9,42678,4742,,,,Visit Planning Using a Waiting Room Health IT Tool: The Aligning Patients and Providers Randomized Controlled Trial
3B8K39D8,validation,Locked_26_01_08_337,pymupdf,15,63428,4229,,,,Effect of Clinical Decision Support at Community Health Centers on the Risk of Cardiovascular Disease: A Cluster Randomized Clinical Trial
LU33978L,validation,Locked_26_01_08_337,pymupdf,11,54250,4932,,,,Improving Communication in Heart Failure Patient Care
4QHFZPVG,validation,Locked_26_01_08_337,pymupdf,14,65743,4696,,,,Systems analysis and improvement approach to optimize the hypertension diagnosis and care cascade for PLHIV individuals (SAIA-HTN): a hybrid type III cluster randomized trial
KMKSIU5U,validation,Locked_26_01_08_337,pymupdf,35,56321,1609,,,,School-supervised use of a once-daily inhaled corticosteroid regimen: A cluster randomized trial
QURVUDB5,validation,Locked_26_01_08_337,pymupdf,18,91217,5068,,,,A multi-component tailored intervention in family childcare homes improves diet quality and sedentary behavior of preschool children compared to an attention control: results from the Healthy Start-Comienzos Sanos cluster randomized trial
EI9D54I4,validation,Locked_26_01_08_337,pymupdf,15,78282,5219,,,,"Awareness with paralysis and symptoms of post-traumatic stress disorder among mechanically ventilated emergency department survivors (ED-AWARENESS-2 Trial): study protocol for a pragmatic, multicenter, stepped wedge cluster randomized trial"
Z6WDVTKT,validation,Locked_26_01_08_337,pymupdf,12,57987,4832,,,,Assessment of implementation methods in sepsis: study protocol for a cluster-randomized hybrid type 2 trial
IDKFPWGH,validation,Locked_26_01_08_337,pymupdf,11,51806,4710,,,,A Cluster Randomized Trial of a Community-Based Intervention Among African-American Adults: Effects on Dietary and Physical Activity Outcomes
6ZV568P4,validation,Locked_26_01_08_337,pymupdf,10,57526,5753,,,,Evidence-Based Policy Making for Public Health Interventions in Cardiovascular Diseases: Formally Assessing the Feasibility of Clinical Trials
W2VQEXEG,validation,Locked_26_01_08_337,pymupdf,34,97578,2870,,,,"Medical assistant health coaching (""MAC"") for type 2 diabetes in diverse primary care settings: A pragmatic, cluster-randomized controlled trial protocol"
4B9BMDV7,validation,Locked_26_01_08_337,pymupdf,13,51157,3935,,,,Effectiveness of a Digital Cognitive Behavior Therapy-Guided Self-Help Intervention for Eating Disorders in College Women: A Cluster Randomized Clinical Trial
8H9BUEWH,validation,Locked_26_01_08_337,pymupdf,8,40075,5009,,,,Blood Pressure Visit Intensification in Treatment (BP-Visit) Findings: a Pragmatic Stepped Wedge Cluster Randomized Trial
3ETDUWRH,validation,Locked_26_01_08_337,pymupdf,8,40894,5112,,,,"Simultaneously implementing pathways for improving asthma, pneumonia, and bronchiolitis care for hospitalized children: Protocol for a hybrid effectiveness-implementation, cluster-randomized trial"
IRIMYPZ3,validation,Locked_26_01_08_337,pymupdf,7,46969,6710,,,,Team-based home blood pressure monitoring for blood pressure equity a protocol for a stepped wedge cluster randomized trial
AUCUKPB9,validation,Locked_26_01_08_337,pymupdf,8,41969,5246,,,,Barbershop Management of Hypertension in the African American Population: Pitfalls and Opportunities for Extension to Other Underserved Communities
7NYXSVAI,validation,Locked_26_01_08_337,pymupdf,9,48590,5399,,,,Effect of targeting normoxemia on supplemental oxygen-free days for adults with acute thermal burns: A stepped wedge cluster randomized clinical trial
ZR3LJXGK,validation,Locked_26_01_08_337,pymupdf,11,80963,7360,,,,"Implementing a prediabetes clinical decision support system in a large primary care system: Design, methods, and pre-implementation results"
4NV8FP3G,validation,Locked_26_01_08_337,pymupdf,26,68601,2638,,,,"Design and participant characteristics of TX sprouts: A school-based cluster randomized gardening, nutrition, and cooking intervention"
D25VKDJV,validation,Locked_26_01_08_337,pymupdf,14,69839,4988,,,,"School-based gardening, cooking and nutrition intervention increased vegetable intake but did not reduce BMI: Texas sprouts - a cluster randomized controlled trial"
74ARW7SL,validation,Locked_26_01_08_337,pymupdf,10,53476,5348,,,,Methods in the design and implementation of the Randomized Evaluation of Sedation Titration for Respiratory Failure (RESTORE) clinical trial
CKWBYHEN,validation,Locked_26_01_08_337,pymupdf,34,74357,2187,,,,"Change in GPS-assessed walking locations following a cluster-randomized controlled physical activity trial in older adults, results from the MIPARC trial"
SAT93UFL,validation,Locked_26_01_08_337,pymupdf,15,72957,4864,,,,Health effects and cost-effectiveness of a multilevel physical activity intervention in low-income older adults; results from the PEP4PA cluster randomized controlled trial
TEXLFQSL,validation,Locked_26_01_08_337,pymupdf,17,63992,3764,,,,Mobile Application-Based Communication Facilitation Platform for Family Members of Critically Ill Patients: A Randomized Clinical Trial
FUCS56UM,validation,Locked_26_01_08_337,pymupdf,11,60839,5531,,,,Mobile App-Facilitated Collaborative Palliative Care Intervention for Critically Ill Older Adults: A Randomized Clinical Trial
QMLU4TM8,validation,Locked_26_01_08_337,pymupdf,11,66154,6014,,,,Prognosticating Outcomes and Nudging Decisions with Electronic Records in the Intensive Care Unit Trial Protocol
84YU8UCD,validation,Locked_26_01_08_337,pymupdf,13,65279,5021,,,,Equitable Care for Hypertension: Blood Pressure and Patient-Reported Outcomes of the RICH LIFE Cluster Randomized Trial
DJYB2MPK,validation,Locked_26_01_08_337,pymupdf,12,57035,4753,,,,Design and rationale of the cardiometabolic health program linked with community health workers and mobile health telemonitoring to reduce health disparities (LINKED-HEARTS) program
5PV3ES8S,validation,Locked_26_01_08_337,pymupdf,13,54061,4159,,,,Efficacy of Community-Based Exercise Therapy Among African American Patients With Peripheral Artery Disease: A Randomized Clinical Trial
TT7PIVLD,validation,Locked_26_01_08_337,pymupdf,24,82997,3458,,,,Point-of-care C-reactive protein measurement by community health workers safely reduces antimicrobial use among children with respiratory illness in rural Uganda: A stepped wedge cluster randomized trial
AKJ8USST,validation,Locked_26_01_08_337,pymupdf,14,51774,3698,,,,"Novel community health worker strategy for HIV service engagement in a hyperendemic community in Rakai, Uganda: A pragmatic, cluster-randomized trial"
XHFTHUCG,validation,Locked_26_01_08_337,pymupdf,10,48201,4820,,,,Multicomponent Strategy with Decentralized Molecular Testing for Tuberculosis
FEHWGZSQ,validation,Locked_26_01_08_337,pymupdf,19,73304,3858,,,,"Evaluation of an adapted version of the Diabetes Prevention Program for low- and middle-income countries: A cluster randomized trial to evaluate ""Lifestyle Africa"" in South Africa"
UHEKLJLC,validation,Locked_26_01_08_337,pymupdf,11,61789,5617,,,,A Cluster-Randomized Evaluation of the SuperShelf Intervention in Choice-Based Food Pantries
4IBT3NAD,validation,Locked_26_01_08_337,pymupdf,10,53556,5356,,,,Cluster-Randomized Trial to Evaluate a Centralized Clinical Pharmacy Service in Private Family Medicine Offices
K4DMDMSQ,validation,Locked_26_01_08_337,pymupdf,18,76308,4239,,,,The Effect of an mHealth Self-Monitoring Intervention (MI-BP) on Blood Pressure Among Black Individuals With Uncontrolled Hypertension: Randomized Controlled Trial
IPR6QU8P,validation,Locked_26_01_08_337,pymupdf,10,55690,5569,,,,Community Health Workers Linking Clinics and Schools and Asthma Control: A Randomized Clinical Trial
Z2W7K5DA,validation,Locked_26_01_08_337,pymupdf,8,45281,5660,,,,A Randomized Controlled Trial of Heart Failure Disease Management in Skilled Nursing Facilities
E5W8I8AR,validation,Locked_26_01_08_337,pymupdf,22,61146,2779,,,,Can a private sector engagement intervention that prioritizes pro-poor strategies improve healthcare access and quality? A randomized field experiment in Kenya
GJGVIKMM,validation,Locked_26_01_08_337,pymupdf,9,60079,6675,,,,Intervening on fear after acute cardiac events: Rationale and design of the INFORM randomized clinical trial
3JVAWNIE,validation,Locked_26_01_08_337,pymupdf,13,64813,4986,,,,Effect of salt substitution on community-wide blood pressure and hypertension incidence
8RFFGGMQ,validation,Locked_26_01_08_337,pymupdf,10,49720,4972,,,,"Employee Cardiometabolic Risk Following a Cluster-Randomized Workplace Intervention From the Work, Family and Health Network, 2009-2013"
9G7ZMMY3,validation,Locked_26_01_08_337,pymupdf,10,55804,5580,,,,A multilevel approach for promoting physical activity in rural communities: a cluster randomized controlled trial
TCF92VSK,validation,Locked_26_01_08_337,pymupdf,14,65963,4712,,,,"Scaling up a brief alcohol intervention to prevent HIV infection in Vietnam: a cluster randomized, implementation trial"
55D8SN85,validation,Locked_26_01_08_337,pymupdf,13,52018,4001,,,,Effect of Patient Financial Incentives on Statin Adherence and Lipid Control: A Randomized Clinical Trial
TGSIADX6,validation,Locked_26_01_08_337,pymupdf,10,47354,4735,,,,Design and rationale of a pragmatic trial integrating routine screening for atrial fibrillation at primary care visits: The VITAL-AF trial
VAKS8AI7,validation,Locked_26_01_08_337,pymupdf,18,50052,2781,,,,Pharmacist Intervention for Blood Pressure Control in Patients with Diabetes and/or Chronic Kidney Disease
MQF2Y5AM,validation,Locked_26_01_08_337,pymupdf,12,67683,5640,,,,"Behavioural 'nudging' interventions to reduce low-value care for low back pain in the emergency department (NUDG-ED): protocol for a 2×2 factorial, before-after, cluster randomised trial"
GN4JGZR9,validation,Locked_26_01_08_337,pymupdf,13,66963,5151,,,,Integration of a task strengthening strategy for hypertension management into HIV care in Nigeria: a cluster randomized controlled trial study protocol
J72RMLRJ,validation,Locked_26_01_08_337,pymupdf,12,60072,5006,,,,Study design and protocol of a stepped wedge cluster randomized trial using a practical implementation strategy as a model for hypertension-HIV integration - the MAP-IT trial
4GUDDLNQ,validation,Locked_26_01_08_337,pymupdf,16,75461,4716,,,,A cluster randomized factorial trial of school-lunch salad bars and marketing on elementary students' objectively measured fruit and vegetable consumption
D24FD6G2,validation,Locked_26_01_08_337,pymupdf,10,50885,5088,,,,"Automated symptom and treatment side effect monitoring for improved quality of life among adults with diabetic peripheral neuropathy in primary care: a pragmatic, cluster, randomized, controlled trial"
VG2ZZL79,validation,Locked_26_01_08_337,pymupdf,34,63702,1874,,,,"Hydroxyurea for primary stroke prevention in children with sickle cell anaemia in Nigeria (SPRING): a double-blind, multicentre, randomised, phase 3 trial"
MTLFVN94,validation,Locked_26_01_08_337,pymupdf,9,53920,5991,,,,Managing high cardiovascular disease risk among adults in Argentina using a multicomponent strategy linking key aspects of care: A two-arm cluster-randomized clinical trial (PRIMECare) protocol
QEHREYLH,validation,Locked_26_01_08_337,pymupdf,17,42830,2519,,,,Sodium Bicarbonate Use During Pediatric Cardiopulmonary Resuscitation: A Secondary Analysis of the ICU-RESUScitation Project Trial
FUSDUXRL,validation,Locked_26_01_08_337,pymupdf,21,53861,2565,,,,Changes in Moderate Intensity Physical Activity Are Associated With Better Cognition in the Multilevel Intervention for Physical Activity in Retirement Communities (MIPARC) Study
98PU32ET,validation,Locked_26_01_08_337,pymupdf,17,80092,4711,,,,Leveraging baseline covariates to analyze small cluster-randomized trials with a rare binary outcome
8UI7B8NY,validation,Locked_26_01_08_337,pymupdf,6,33348,5558,,,,Disease Management in Skilled Nursing Facilities Improves Outcomes for Patients With a Primary Diagnosis of Heart Failure
SZ3FBTVJ,validation,Locked_26_01_08_337,pymupdf,11,52715,4792,,,,Long-Term Outcomes after Protocolized Sedation versus Usual Care in Ventilated Pediatric Patients
2QQAF298,validation,Locked_26_01_08_337,pymupdf,26,75764,2914,,,,"Workplace health and safety intervention for child care staff: Rationale, design, and baseline results from the CARE cluster randomized control trial"
8NC76BQP,validation,Locked_26_01_08_337,pymupdf,8,45086,5636,,,,Effect of Hospitalizations on Physical Activity Patterns in Mobility-Limited Older Adults
34PR6YXH,validation,Locked_26_01_08_337,pymupdf,18,80311,4462,,,,A mixed model approach to estimate the survivor average causal effect in cluster-randomized trials
K5PURRCS,validation,Locked_26_01_08_337,pymupdf,8,33717,4215,,,,A comparative study of R functions for clustered data analysis
GJ9ZU4N5,validation,Locked_26_01_08_337,pymupdf,18,96012,5334,,,,Predicting physical activity among urban adolescent girls: A test of the health promotion model
E2MNEMB8,validation,Locked_26_01_08_337,pymupdf,10,48632,4863,,,,Sustainability of Blood Pressure Reduction in Black Barbershops
CWWSSM8V,validation,Locked_26_01_08_337,pymupdf,10,43831,4383,,,,Community Health Workers Improve Linkage to Hypertension Care in Western Kenya
TT59I4HB,validation,Locked_26_01_08_337,pymupdf,12,49877,4156,,,,Group Medical Visit and Microfinance Intervention for Patients With Diabetes or Hypertension in Kenya
BNPVWAIY,validation,Locked_26_01_08_337,pymupdf,15,77245,5150,,,,The impact of basic vs. enhanced Go NAPSACC on child care centers' healthy eating and physical activity practices: protocol for a type 3 hybrid effectiveness-implementation cluster-randomized trial
J2XGTHGE,validation,Locked_26_01_08_337,pymupdf,10,49080,4908,,,,"Evaluating a child care-based social marketing approach for improving children's diet and physical activity: results from the Healthy Me, Healthy We cluster-randomized controlled trial"
V4KK3YW4,validation,Locked_26_01_08_337,pymupdf,13,72678,5591,,,,"Using a social marketing approach to develop Healthy Me, Healthy We: a nutrition and physical activity intervention in early care and education"
UVKTJIEB,validation,Locked_26_01_08_337,pymupdf,20,53265,2663,,,,Dietary Psychosocial Mediators of Vegetable Intake in Schoolchildren From Low-Income and Racial and Ethnic Minority US Families: Findings From the Texas Sprouts Intervention
6QNQDH2P,validation,Locked_26_01_08_337,pymupdf,18,95691,5316,,,,Early Emotion Knowledge and Later Academic Achievement Among Children of Color in Historically Disinvested Neighborhoods
9MM6Z5CZ,validation,Locked_26_01_08_337,pymupdf,15,61585,4106,,,,A Pilot Pragmatic Cluster Randomized Trial of School-Supervised Therapy to Improve Pediatric Asthma Control
8MGIPU3P,validation,Locked_26_01_08_337,pymupdf,5,24978,4996,,,,Incorporating systems-level stakeholder perspectives into the clinical trial design of school-supervised asthma therapy
VGZFSIYN,validation,Locked_26_01_08_337,pymupdf,6,25981,4330,,,,Impact of COVID-19 on childhood obesity: Data from a paediatric weight management trial
LRDYLR4Y,validation,Locked_26_01_08_337,pymupdf,12,62623,5219,,,,Modifying the Environment and Policy Assessment and Observation (EPAO) to better capture feeding practices of family childcare home providers
BDSYFVYJ,validation,Locked_26_01_08_337,pymupdf,16,45000,2812,,,,Nutritional Quality of Meals and Snacks Served and Consumed in Family Child Care
6UICIGP2,validation,Locked_26_01_08_337,pymupdf,14,65688,4692,,,,Accounting for expected attrition in the planning of cluster randomized trials for assessing treatment effect heterogeneity
C9R7RUUN,validation,Locked_26_01_08_337,pymupdf,10,43798,4380,,,,Hierarchical Bayesian modeling of heterogeneous outcome variance in cluster randomized trials
PVIMTUBL,validation,Locked_26_01_08_337,pymupdf,12,52078,4340,,,,A Bayesian Approach for Estimating the Survivor Average Causal Effect When Outcomes Are Truncated by Death in Cluster-Randomized Trials
ZFMGD92P,validation,Locked_26_01_08_337,pymupdf,8,35882,4485,,,,"A qualitative evaluation of a simplified cardiovascular management program in Tibet, China"
D7BLIJDT,validation,Locked_26_01_08_337,pymupdf,11,50638,4603,,,,Multicomponent strategy with decentralised molecular testing for tuberculosis in Uganda: a cost and cost-effectiveness analysis
YAIMEWET,validation,Locked_26_01_08_337,pymupdf,11,53854,4896,,,,Network characteristics of a referral system for patients with hypertension in Western Kenya: results from the Strengthening Referral Networks for Management of Hypertension Across the Health System (STRENGTHS) study
K8TKE6RJ,validation,Locked_26_01_08_337,pymupdf,12,48186,4016,,,,"Longitudinal Changes in Allostatic Load during a Randomized Church-based, Lifestyle Intervention in African American Women"
H9URCYAK,validation,Locked_26_01_08_337,pymupdf,20,57965,2898,,,,Reducing cardiovascular risk among people living with HIV: Rationale and design of the INcreasing Statin Prescribing in HIV Behavioral Economics REsearch (INSPIRE) randomized controlled trial
KNXWXYX2,validation,Locked_26_01_08_337,pymupdf,12,61512,5126,,,,A successful intervention to improve medication adherence in Black patients with hypertension: Mediation analysis of 28-site TEAM trial
5CPW9STM,validation,Locked_26_01_08_337,pymupdf,12,47880,3990,,,,"Successful Trial of Practice Facilitation for Plan, Do, Study, Act Quality Improvement"
6IYYT6CC,validation,Locked_26_01_08_337,pymupdf,9,44744,4972,,,,Four-Year Accelerometry Outcomes from a Cluster Randomized Whole of Systems Trial of Prevention Strategies for Childhood Obesity
ASTFEXJ3,validation,Locked_26_01_08_337,pymupdf,9,43541,4838,,,,Process of Engaging Community and Scientific Partners in the Development of the CIRCL-Chicago Study Protocol
YFHGVNZN,validation,Locked_26_01_08_337,pymupdf,16,75201,4700,,,,Implementation and acceptability of a heart attack quality improvement intervention in India: a mixed methods analysis of the ACS QUIK trial
TY62B2MZ,validation,Locked_26_01_08_337,pymupdf,11,60351,5486,,,,Development of the individualised Comparative Effectiveness of Models Optimizing Patient Safety and Resident Education (iCOMPARE) trial: a protocol summary of a national cluster-randomised trial of resident duty hour policies in internal medicine
WK6HCXYF,validation,Locked_26_01_08_337,pymupdf,11,53671,4879,,,,Identifying a Heterogeneous Effect of Atrial Fibrillation Screening in Older Adults: A Secondary Analysis of the VITAL-AF Trial
NESLQUNP,validation,Locked_26_01_08_337,pymupdf,11,50748,4613,,,,Balanced Crystalloids versus Saline in Critically Ill Adults
KESZW83P,validation,Locked_26_01_08_337,pymupdf,17,46580,2740,,,,Balanced Crystalloids versus Saline in Critically Ill Adults
6ZR6F8KG,validation,Locked_26_01_08_337,pymupdf,19,47527,2501,,,,Examining Caregiver Outcomes in the CONNECT Intervention for Patients With Advanced Cancer
U9LEIXXF,validation,Locked_26_01_08_337,pymupdf,13,54895,4223,,,,Clinical Effects of Balanced Crystalloids vs Saline in Adults With Diabetic Ketoacidosis: A Subgroup Analysis of Cluster Randomized Clinical Trials
Q6PZ52E8,validation,Locked_26_01_08_337,pymupdf,14,54049,3861,,,,Early Neuromuscular Blockade in Moderate-to-Severe Pediatric Acute Respiratory Distress Syndrome
GLTX296E,validation,Locked_26_01_08_337,pymupdf,8,40532,5066,,,,Nutritional quality of foods according to the Nova food classification system after a behavioral economics intervention in food pantries
LD7CNGD5,validation,Locked_26_01_08_337,pymupdf,17,47642,2802,,,,"Mediators of Physical Activity Behavior Change in the ""Girls on the Move"" Intervention"
KG4JI677,validation,Locked_26_01_08_337,pymupdf,8,47650,5956,,,,Moderators in a physical activity intervention for adolescent girls
EKAEST6G,validation,Locked_26_01_08_337,pymupdf,5,19348,3870,,,,Attending After-School Physical Activity Club 2 Days a Week Attenuated an Increase in Percentage Body Fat and a Decrease in Fitness Among Adolescent Girls at Risk for Obesity
5XNKT7KH,validation,Locked_26_01_08_337,pymupdf,20,112481,5624,,,,"Improving nutrition and physical activity environments of family child care homes: the rationale, design and study protocol of the 'Healthy Start/Comienzos Sanos' cluster randomized trial"
FI4T6J44,validation,Locked_26_01_08_337,pymupdf,15,42178,2812,,,,Cost-effectiveness of a faith-based lifestyle intervention for diabetes prevention among African Americans: A within-trial analysis
YKCJ78UM,validation,Locked_26_01_08_337,pymupdf,11,51702,4700,,,,Study protocol: a cluster randomized trial to evaluate the effectiveness and implementation of onsite GeneXpert testing at community health centers in Uganda (XPEL-TB)
Q5KYTZM8,validation,Locked_26_01_08_337,pymupdf,11,43643,3968,,,,"Heterogeneity in Health Outcomes in the Strong Hearts, Healthy Communities-2.0 Multilevel Intervention in a Community-Randomized Trial: An Exploratory Study of Moderators"
S6JAD5PD,validation,Locked_26_01_08_337,pymupdf,4,14667,3667,,,,Is C-reactive protein sufficient to guide antimicrobial therapy for lower respiratory tract infections among children? Results from a stepped-wedge cluster randomized trial in Uganda
XVICZIA8,validation,Locked_26_01_08_337,pymupdf,11,54138,4922,,,,Cost-effectiveness of train-the-trainer versus expert consultation training models for implementing interpersonal psychotherapy in college mental health settings: evidence from a national cluster randomized trial
EIE8ET3D,validation,Locked_26_01_08_337,pymupdf,6,25627,4271,,,,School Poverty Level Moderates the Effectiveness of a Physical Activity Intervention
8R8U6VMX,validation,Locked_26_01_08_337,pymupdf,11,44632,4057,,,,Cluster Randomized Trial for Hypertension Control: Effect on Lifestyles and Body Weight
S42UTYP4,validation,Locked_26_01_08_337,pymupdf,16,71322,4458,,,,Human-centered implementation research: a new approach to develop and evaluate implementation strategies for strengthening referral networks for hypertension in western Kenya
C37DMGX6,validation,Locked_26_01_08_337,pymupdf,8,48195,6024,,,,Effects of the Girls on the Move randomized trial on adiposity and aerobic performance (secondary outcomes) in low-income adolescent girls
MMJBXYNB,validation,Locked_26_01_08_337,pymupdf,18,65688,3649,,,,Water First School Water Promotion and Access Intervention: A Cost Analysis Study
8JZS4D8F,validation,Locked_26_01_08_337,pymupdf,12,97345,8112,,,,Supporting families of children with overweight and obesity to live healthy lifestyles: Design and rationale for the Fitline cluster randomized controlled pediatric practice-based trial
5B6YAKGZ,validation,Locked_26_01_08_337,pymupdf,19,72139,3797,,,,Changes in Biomarkers of Non-Alcoholic Fatty Liver Disease (NAFLD) upon Access to Avocados in Hispanic/Latino Adults: Secondary Data Analysis of a Cluster Randomized Controlled Trial
PT2PSKAP,validation,Locked_26_01_08_337,pymupdf,22,116602,5300,,,,Power and Sample Size Calculations for Cluster Randomized Hybrid Type 2 Effectiveness-Implementation Studies
DEN3TJZ5,validation,Locked_26_01_08_337,pymupdf,14,51011,3644,,,,A Virtual Cardiometabolic Health Program Among African Immigrants in the US: A Pilot Cluster-Randomized Clinical Trial
W8PNS3ZQ,validation,Locked_26_01_08_337,pymupdf,13,56616,4355,,,,Early bolus epinephrine administration during pediatric cardiopulmonary resuscitation for bradycardia with poor perfusion: an ICU-resuscitation study
Q2S96SJ9,validation,Locked_26_01_08_337,pymupdf,5,29342,5868,,,,Strategies to improve the recruitment and retention of underserved children and families in clinical trials: A case example of a school-supervised asthma therapy pilot
PKIN6R35,validation,Locked_26_01_08_337,pymupdf,10,51534,5153,,,,Association of Race and Ethnicity with Sedation Management in Pediatric Intensive Care
TZ8BIHD2,validation,Locked_26_01_08_337,pymupdf,11,39455,3587,,,,Temporal Trends in End-Tidal Capnography and Outcomes in Out-of-Hospital Cardiac Arrest: A Secondary Analysis of a Randomized Clinical Trial
KCV63L9X,validation,Locked_26_01_08_337,pymupdf,10,42170,4217,,,,Impact of Visit Volume on the Effectiveness of Electronic Tools to Improve Heart Failure Care
ZBPWT8RC,validation,Locked_26_01_08_337,pymupdf,12,48383,4032,,,,The Temporal Association of the COVID-19 Pandemic and Pediatric Cardiopulmonary Resuscitation Quality and Outcomes
VZQD5RZ8,validation,Locked_26_01_08_337,pymupdf,11,58960,5360,,,,Disease and Race-Based Differences in Inpatient Palliative Care Consultation in Cancer and Noncancer Serious Illnesses
6CEJB5CI,validation,Locked_26_01_08_337,pymupdf,13,58131,4472,,,,"Microeconomic Costs, Insurance, and Catastrophic Health Spending Among Patients With Acute Myocardial Infarction in India: Substudy of a Randomized Clinical Trial"
UBM2R4MP,validation,Locked_26_01_08_337,pymupdf,18,48458,2692,,,,Patient-Reported Receipt of Goal-Concordant Care Among Seriously Ill Outpatients-Prevalence and Associated Factors
MZ3T9PWI,validation,Locked_26_01_08_337,pymupdf,18,42851,2381,,,,Seriously Ill Patients' Prioritized Goals and Their Clinicians' Perceptions of Those Goals
TB7DEJ83,validation,Locked_26_01_08_337,pymupdf,12,50180,4182,,,,Toward Understanding the Relationship Between Prioritized Values and Preferences for Cardiopulmonary Resuscitation Among Seriously Ill Adults
UIB8ZYW3,validation,Locked_26_01_08_337,pymupdf,16,47768,2986,,,,"Did a Goals-of-Care Discussion Happen? Differences in the Occurrence of Goals-of-Care Discussions as Reported by Patients, Clinicians, and in the Electronic Health Record"
5Y4N2K9P,validation,Locked_26_01_08_337,pymupdf,17,61914,3642,,,,An optimal Wilcoxon-Mann-Whitney test of mortality and a continuous outcome
88XZGAZQ,validation,Locked_26_01_08_337,pymupdf,13,49374,3798,,,,Decision Aid Implementation among Left Ventricular Assist Device Programs Participating in the DECIDE-LVAD Stepped-Wedge Trial
85UJCVKA,validation,Locked_26_01_08_337,pymupdf,7,44817,6402,,,,"Association of perinatal depression and postpartum contraception intent, choice, and actual use"
G32FILRQ,validation,Locked_26_01_08_337,pymupdf,8,49175,6147,,,,Cognitive Outcomes in the Pragmatic Investigation of optimaL Oxygen Targets (CO-PILOT) trial: protocol and statistical analysis plan
WJWMFQRJ,validation,Locked_26_01_08_337,pymupdf,10,53024,5302,,,,Networks for prevention in 19 communities at the start of a large-scale community-based obesity prevention initiative
XGSXVHMB,validation,Locked_26_01_08_337,pymupdf,11,61508,5592,,,,Task-sharing interventions for improving control of diabetes in low-income and middle-income countries: a systematic review and meta-analysis
GBK9FE9L,validation,Locked_26_01_08_337,pymupdf,7,41584,5941,,,,Cardiovascular Events and Costs With Home Blood Pressure Telemonitoring and Pharmacist Management for Uncontrolled Hypertension
9HBYKQR8,validation,Locked_26_01_08_337,pymupdf,13,52506,4039,,,,Long-term Outcomes of the Effects of Home Blood Pressure Telemonitoring and Pharmacist Management on Blood Pressure Among Adults With Uncontrolled Hypertension: Follow-up of a Cluster Randomized Clinical Trial
EH85EJ36,validation,Locked_26_01_08_337,pymupdf,19,49743,2618,,,,Reducing metabolic syndrome through a community-based lifestyle intervention in African American women
RUYVCGHY,validation,Locked_26_01_08_337,pymupdf,10,50366,5037,,,,Targeting Sedentary Behavior in CKD: A Pilot and Feasibility Randomized Controlled Trial
2UPNUCNS,validation,Locked_26_01_08_337,pymupdf,12,65362,5447,,,,"Fidelity and factors influencing implementation of Healthy Me, Healthy: process evaluation of a social marketing campaign for diet and physical activity behaviors of children in childcare"
YCFJFHMC,validation,Locked_26_01_08_337,pymupdf,9,47711,5301,,,,Contributions of Early Care and Education Programs to Diet Quality in Children Aged 3 to 4 Years in Central North Carolina
GIHWCXEH,validation,Locked_26_01_08_337,pymupdf,9,39817,4424,,,,Hope and illness expectations: A cross-sectional study in patients with advanced cancer
S7KB7TFR,validation,Locked_26_01_08_337,pymupdf,9,37209,4134,,,,Balanced Crystalloid versus Saline in Adults with Traumatic Brain Injury: Secondary Analysis of a Clinical Trial
NLT3RNI6,validation,Locked_26_01_08_337,pymupdf,10,45080,4508,,,,Two-part model for ventilator-free days in a cluster randomized cross-over clinical trial
4ME98BI9,validation,Locked_26_01_08_337,pymupdf,4,16730,4182,,,,Commentary: Right truncation in cluster randomized trials can attenuate the power of a marginal analysis
3MBN8DIA,validation,Locked_26_01_08_337,pymupdf,2,5629,2814,,,,"Individually randomized trial mislabeled as a cluster-randomized trial. Comment on: ""Effectiveness of wearable technology to optimize youth soccer players' off-training behaviour and training responses: a cluster-randomized trial"""
3SUSMNR7,validation,Locked_26_01_08_337,pymupdf,9,54199,6022,,,,"Prenatal Household Air Pollution Is Associated with Impaired Infant Lung Function with Sex-Specific Effects. Evidence from GRAPHS, a Cluster Randomized Cookstove Intervention Trial"
4Q7JQUVU,validation,Locked_26_01_08_337,pymupdf,10,46936,4694,,,,Effect on Patient Safety of a Resident Physician Schedule without 24-Hour Shifts
YNAD85P3,validation,Locked_26_01_08_337,pymupdf,7,28462,4066,,,,Use of a Geographic Information System to create treatment groups for group-randomized community trials: The Minnesota Heart Health Program
3DSAACUW,validation,Locked_26_01_08_337,pymupdf,8,34423,4303,,,,A systematic review and meta-analysis of enrollment into ARDS and sepsis trials published between 2009 and 2019 in major journals
ZYMG88D6,validation,Locked_26_01_08_337,pymupdf,23,67475,2934,,,,Structured Lifestyle Modification Interventions Involving Frontline Health Workers for Population-Level Blood Pressure Reduction: Results of a Cluster Randomized Controlled Trial in India (DISHA Study)
UHLRHMGI,validation,Locked_26_01_08_337,pymupdf,20,78144,3907,,,,Adaptive Designs in Implementation Science and Practice: Their Promise and the Need for Greater Understanding and Improved Communication
JDABTKG9,validation,Locked_26_01_08_337,pymupdf,12,64814,5401,,,,Early findings from the integration of hypertension care into differentiated service delivery models for HIV in Uganda: a mixed-method study
G6V5HPHL,validation,Locked_26_01_08_337,pymupdf,9,43115,4791,,,,Intraclass correlation coefficients for weight loss cluster randomized trials in primary care: The PROPEL trial
JPXXAFJZ,validation,Locked_26_01_08_337,pymupdf,10,45040,4504,,,,Estimands in cluster-randomized trials: choosing analyses that answer the right question
AHQ8IGXQ,validation,Locked_26_01_08_337,pymupdf,9,38957,4329,,,,Informative cluster size in cluster-randomised trials: A case study from the TRIGGER trial
PG83SQ3X,validation,Locked_26_01_08_337,pymupdf,22,81892,3722,,,,Demystifying estimands in cluster-randomised trials
9XSGVFTU,validation,Locked_26_01_08_337,pymupdf,23,53372,2321,,,,Development of a consensus extension of the estimands framework for cluster randomised trials (CRT-estimands): results from an international Delphi study
EVS2FEUS,validation,Locked_26_01_08_337,pymupdf,9,45285,5032,,,,Associations between healthy eating index and anthropometric outcomes in multiethnic elementary-aged children
PVP9PWD9,validation,Locked_26_01_08_337,pymupdf,11,45335,4121,,,,Assessing the representativeness of cluster randomized trials: Evidence from two large pragmatic trials in United States nursing homes
2LB9GQLG,validation,Locked_26_01_08_337,pymupdf,12,63955,5330,,,,Ethnic Differences in Family Childcare Providers' Nutrition- and Activity-Related Attitudes and Barriers
LD2EYF43,validation,Locked_26_01_08_337,pymupdf,12,51688,4307,,,,Effect of Applying Best Practices for Physical Activity and Screen Time to Family Childcare Homes
P6QS3RSX,validation,Locked_26_01_08_337,pymupdf,13,59063,4543,,,,Nutrition Practices of Family Child Care Home Providers and Children's Diet Quality
S89CIJ46,validation,Locked_26_01_08_337,pymupdf,8,32420,4052,,,,Effect of a Multicomponent Food Pantry Intervention in Client Subgroups
TZW76NJB,validation,Locked_26_01_08_337,pymupdf,6,23840,3973,,,,Heterogeneity of Treatment Effect in a Randomized Trial of a Communication Intervention
9G96XQ7M,validation,Locked_26_01_08_337,pymupdf,9,51728,5748,,,,"Efficacy of a family-based cardiovascular risk reduction intervention in individuals with a family history of premature coronary heart disease in India (PROLIFIC): an open-label, single-centre, cluster randomised controlled trial"
CKHANCR8,validation,Locked_26_01_08_337,pymupdf,13,64557,4966,,,,"Effects of a School-Based Gardening, Cooking, and Nutrition Cluster Randomized Controlled Trial on Unprocessed and Ultra-Processed Food Consumption"
CU6USZZG,validation,Locked_26_01_08_337,pymupdf,15,82531,5502,,,,"Comparison of School vs Home Breakfast Consumption with Cardiometabolic and Dietary Parameters in Low-Income, Multiracial/Ethnic Elementary School-Aged Children"
P3KQJM4H,validation,Locked_26_01_08_337,pymupdf,3,8652,2884,,,,Ambiguity in Statistical Analysis Methods and Nonconformity With Prespecified Commitment to Data Sharing in a Cluster Randomized Controlled Trial
JQH7C7QZ,validation,Locked_26_01_08_337,pymupdf,3,11091,3697,,,,"Corrected analysis of ""the effects of bright light treatment on affective symptoms in people with dementia: a 24-week cluster randomized controlled trial"" that accounts for clustering and nesting verifies conclusions"
UAZFWMQ5,validation,Locked_26_01_08_337,pymupdf,6,31529,5255,,,,A practical decision tree to support editorial adjudication of submitted parallel cluster randomized controlled trials
QLJ7HTJU,validation,Locked_26_01_08_337,pymupdf,17,82188,4835,,,,Weighting methods for truncation by death in cluster-randomized trials
RKXS5GKB,validation,Locked_26_01_08_337,pymupdf,10,50498,5050,,,,Social Determinants of Health as Potential Influencers of a Collaborative Care Intervention for Patients with Hypertension
S26WZS8D,validation,Locked_26_01_08_337,pymupdf,12,55353,4613,,,,A prospective cohort study of the SEARCH integrated HIV/hypertension community health worker-led intervention in rural Kenya and Uganda
HQYY8IVG,validation,Locked_26_01_08_337,pymupdf,9,65612,7290,,,,"Parent and child care provider partnerships: Protocol for the Healthy Me, Healthy We (HMHW) cluster randomized control trial"
IJE7MVNS,validation,Locked_26_01_08_337,pymupdf,10,47606,4761,,,,An Increase in Food Insecurity Correlated with an Increase in Plasma Triglycerides among Latinx Children
6XSR8DVR,validation,Locked_26_01_08_337,pymupdf,9,47190,5243,,,,Prehospital low titer group O whole blood is feasible and safe: Results of a prospective randomized pilot trial
TUYKW32A,validation,Locked_26_01_08_337,pymupdf,10,29507,2951,,,,Moderators and mediators of a digital cognitive behavior therapy-guided self-help intervention for eating disorders: Informing future design efforts
WPF7MUCV,validation,Locked_26_01_08_337,pymupdf,2,10163,5082,,,,Incorrect Analyses of Cluster-Randomized Trials that Do Not Take Clustering and Nesting into Account Likely Lead to p-Values that Are Too Small
S64FLLB6,validation,Locked_26_01_08_337,pymupdf,6,34617,5770,,,,Evaluation of the type I error rate when using parametric bootstrap analysis of a cluster randomized controlled trial with binary outcomes and a small number of clusters
SRGFMEL6,validation,Locked_26_01_08_337,pymupdf,12,30167,2514,,,,Identifying Which Urban Children With Asthma Benefit Most From Clinician Prompting: Subgroup Analyses From the Prompting Asthma Intervention in Rochester-Uniting Parents and Providers (PAIR-UP) Trial
M36AICFG,validation,Locked_26_01_08_337,pymupdf,8,44402,5550,,,,Using the socioecological model to explore factors associated with obesity among reproductive age women
BMCWCLQH,validation,Locked_26_01_08_337,pymupdf,8,42937,5367,,,,Objective Measures of Physical Activity in Rural Communities: Factors Associated With a Valid Wear and Lessons Learned
H2HJLXGH,validation,Locked_26_01_08_337,pymupdf,7,36543,5220,,,,The impact of a water promotion and access intervention on elementary school students in the presence of food insecurity
ZLU75I88,validation,Locked_26_01_08_337,pymupdf,6,26280,4380,,,,Non-Concordance between Patient and Clinician Estimates of Prognosis in Advanced Heart Failure
WIYCPY8U,validation,Locked_26_01_08_337,pymupdf,18,89342,4963,,,,Analysis of Cohort Stepped Wedge Cluster-Randomized Trials With Nonignorable Dropout via Joint Modeling
CRIGG2QL,validation,Locked_26_01_08_337,pymupdf,18,70794,3933,,,,Nutrition-Related Practices of Family Child Care Providers and Differences by Ethnicity
WTQJUCGN,validation,Locked_26_01_08_337,pymupdf,10,52514,5251,,,,Physical Activity and Screen Time Practices of Family Child Care Providers: Do They Meet Best Practice Guidelines?
7NGXRYU7,validation,Locked_26_01_08_337,pymupdf,18,85533,4752,,,,Protocol for a multi-site randomized trial testing an integrated behavioral treatment for improving nocturia and insomnia symptoms in older adults (MINT)
HFCRYZ8E,validation,Locked_26_01_08_337,pymupdf,4,21240,5310,,,,Maintenance of Training Effects of Two Models for Implementing Evidence-Based Psychological Treatment
URUAWZAY,validation,Locked_26_01_08_337,pymupdf,11,45825,4166,,,,Survival With Favorable Neurologic Outcome and Quality of Cardiopulmonary Resuscitation Following In-Hospital Cardiac Arrest in Children With Cardiac Disease Compared With Noncardiac Disease
F7UIGLIK,validation,Locked_26_01_08_337,pymupdf,16,58310,3644,,,,While-alive regression analysis of composite survival endpoints
LTKDUUD2,validation,Locked_26_01_08_337,pymupdf,15,61161,4077,,,,Targeted Normoxemia and Supplemental Oxygen-Free Days in Critically Injured Adults: A Stepped-Wedge Cluster Randomized Clinical Trial
REZJUIXS,validation,Locked_26_01_08_337,pymupdf,6,31272,5212,,,,Effects of a School-Based Garden Program on Academic Performance: A Cluster Randomized Controlled Trial
DSB4NKC5,validation,Locked_26_01_08_337,pymupdf,13,58360,4489,,,,"Effects of a School-Based Nutrition, Gardening, and Cooking Intervention on Metabolic Parameters in High-risk Youth: A Secondary Analysis of a Cluster Randomized Clinical Trial"
U4546RAU,validation,Locked_26_01_08_337,pymupdf,12,81494,6791,,,,Prenatal Household Air Pollution Exposure and Childhood Blood Pressure in Rural Ghana
E8BGTQDI,validation,Locked_26_01_08_337,pymupdf,20,57409,2870,,,,"Design and rationale of the ""Sedation strategy and cognitive outcome after critical illness in early childhood"" study"
G53UN529,validation,Locked_26_01_08_337,pymupdf,20,102446,5122,,,,The RICH LIFE Project: A cluster randomized pragmatic trial comparing the effectiveness of health system only vs. health system Plus a collaborative/stepped care intervention to reduce hypertension disparities
JNJYCIH8,validation,Locked_26_01_08_337,pymupdf,8,32768,4096,,,,Primary Palliative Care Improves Uptake of Advance Care Planning Among Patients With Advanced Cancers
Y3Z3PR9V,validation,Locked_26_01_08_337,pymupdf,17,61153,3597,,,,"Quality of Communication and Trust in Patients With Serious Illness: An Exploratory Study of the Relationships of Race/Ethnicity, Socioeconomic Status, and Religiosity"
4EYIVLJR,validation,Locked_26_01_08_337,pymupdf,12,65359,5447,,,,Process evaluation of a medical assistant health coaching intervention for type 2 diabetes in diverse primary care settings
ZC3442HS,validation,Locked_26_01_08_337,pymupdf,11,49026,4457,,,,"TransPrEP: Results from the Pilot Study of a Social Network-Based Intervention to Support PrEP Adherence Among Transgender Women in Lima, Peru"
5LPG6NIV,validation,Locked_26_01_08_337,pymupdf,8,48088,6011,,,,"Effect of a Remotely Delivered Tailored Multicomponent Approach to Enhance Medication Taking for Patients With Hyperlipidemia, Hypertension, and Diabetes: The STIC2IT Cluster Randomized Clinical Trial"
PZYLIX7V,validation,Locked_26_01_08_337,pymupdf,11,58223,5293,,,,Effect of a Biopsychosocial Intervention or Postural Therapy on Disability and Health Care Spending Among Patients With Acute and Subacute Spine Pain: The SPINE CARE Randomized Clinical Trial
XVK2U8K6,validation,Locked_26_01_08_337,pymupdf,9,47379,5264,,,,Effect of an mHealth weight loss intervention on Healthy Eating Index diet quality: the SMARTER randomised controlled trial
AZPPGG26,validation,Locked_26_01_08_337,pymupdf,12,64767,5397,,,,Cost-effectiveness of group medical visits and microfinance interventions versus usual care to manage hypertension in Kenya: a secondary modelling analysis of data from the Bridging Income Generation with Group Integrated Care (BIGPIC) trial
YUL5IEIT,validation,Locked_26_01_08_337,pymupdf,27,63437,2350,,,,Early-life nutrition supplementation and epigenetic age in middle-adulthood among Guatemalan adults
Q5UBAJFB,validation,Locked_26_01_08_337,pymupdf,8,46297,5787,,,,Assessment of Inpatient Time Allocation Among First-Year Internal Medicine Residents Using Time-Motion Observations
EBNIKQJT,validation,Locked_26_01_08_337,pymupdf,9,59566,6618,,,,Adapting the Diabetes Prevention Program for low and middle-income countries: protocol for a cluster randomised trial to evaluate 'Lifestyle Africa'
S59FZ9BB,validation,Locked_26_01_08_337,pymupdf,9,47124,5236,,,,Adapting the Diabetes Prevention Program for low- and middle-income countries: preliminary implementation findings from lifestyle Africa
ZVIZFQCJ,validation,Locked_26_01_08_337,pymupdf,29,46534,1605,,,,Association of CPR simulation program characteristics with simulated and actual performance during paediatric in-hospital cardiac arrest
LSLZLVAS,validation,Locked_26_01_08_337,pymupdf,9,46917,5213,,,,Examining the relationship between household air pollution and infant microbial nasal carriage in a Ghanaian cohort
YZ7GZ47B,validation,Locked_26_01_08_337,pymupdf,8,40108,5014,,,,"Effects of a Flexibility/Support Intervention on Work Performance: Evidence From the Work, Family, and Health Network"
UD8UUMUN,validation,Locked_26_01_08_337,pymupdf,12,43762,3647,,,,Does Clinical Decision Support Increase Appropriate Medication Prescribing for Cardiovascular Risk Reduction?
MFCQSDMF,validation,Locked_26_01_08_337,pymupdf,15,76927,5128,,,,Sustainable deimplementation of continuous pulse oximetry monitoring in children hospitalized with bronchiolitis: study protocol for the Eliminating Monitor Overuse (EMO) type III effectiveness-deimplementation cluster-randomized trial
I7VKXNIC,validation,Locked_26_01_08_337,pymupdf,21,49934,2378,,,,Sustainability of blood pressure reduction in black barbershops
2KYMUP96,validation,Locked_26_01_08_337,pymupdf,19,78320,4122,,,,Assessing treatment effect heterogeneity in the presence of missing effect modifier data in cluster-randomized trials
NCULGT7Q,validation,Locked_26_01_08_337,pymupdf,16,51401,3213,,,,Acceptability and feasibility of mobile phone-based ecological momentary assessment and intervention in Uganda: A pilot randomized controlled trial
XXY9RT8Q,validation,Locked_26_01_08_337,pymupdf,22,92681,4213,,,,Extension of efficacy range for targeted malaria-elimination interventions due to spillover effects
DG93HVAX,validation,Locked_26_01_08_337,pymupdf,10,47029,4703,,,,The mixed model for repeated measures for cluster randomized trials: a simulation study investigating bias and type I error with missing continuous data
DHSYLQCG,validation,Locked_26_01_08_337,pymupdf,6,35062,5844,,,,Economic evaluation of a group randomized controlled trial on healthy eating and physical activity in afterschool programs
I842F22F,validation,Locked_26_01_08_337,pymupdf,13,41477,3191,,,,"Eating Occasions, Obesity and Related Behaviors in Working Adults: Does it Matter When You Snack?"
2EQE8HSV,validation,Locked_26_01_08_337,pymupdf,10,51680,5168,,,,Does Extracorporeal Membrane Oxygenation Improve Survival in Pediatric Acute Respiratory Failure?
9SZ8F7SB,validation,Locked_26_01_08_337,pymupdf,8,39172,4896,,,,Conditional Cash Transfers to Incentivize Tuberculosis Screening: Description of a Novel Strategy for Contact Investigation in Rural South Africa
FZB8IQSZ,validation,Locked_26_01_08_337,pymupdf,18,45684,2538,,,,Cost-Effectiveness of a Comprehensive Approach for Hypertension Control in Low-Income Settings in Argentina: Trial-Based Analysis of the Hypertension Control Program in Argentina
F5VFFT7X,validation,Locked_26_01_08_337,pymupdf,9,44058,4895,,,,Screening for undiagnosed atrial fibrillation using a single-lead electrocardiogram at primary care visits: patient uptake and practitioner perspectives from the VITAL-AF trial
D8BXQHHL,validation,Locked_26_01_08_337,pymupdf,13,64616,4970,,,,Uptake of Task-Strengthening Strategy for Hypertension (TASSH) control within Community-Based Health Planning Services in Ghana: study protocol for a cluster randomized controlled trial
ZDP4YJ9U,validation,Locked_26_01_08_337,pymupdf,13,69411,5339,,,,WASH interventions and child diarrhea at the interface of climate and socioeconomic position in Bangladesh
X7YLMXWH,validation,Locked_26_01_08_337,pymupdf,21,56046,2669,,,,Design and rationale for evaluating salad bars and students' fruit and vegetable consumption: A cluster randomized factorial trial with objective assessments
AFKVRFM8,validation,Locked_26_01_08_337,pymupdf,10,48262,4826,,,,Hydroxyurea for secondary stroke prevention in children with sickle cell anemia in Nigeria: a randomized controlled trial
JZHSJF4P,validation,Locked_26_01_08_337,pymupdf,8,41626,5203,,,,"Treatment Intensity, Prescribing Patterns, and Blood Pressure Control in Rural Black Patients with Uncontrolled Hypertension"
V6LBW3SS,validation,Locked_26_01_08_337,pymupdf,9,35989,3999,,,,Symptom prevalence in patients with advanced heart failure and its association with quality of life and activities of daily living
CZKI8WKJ,validation,Locked_26_01_08_337,pymupdf,11,60534,5503,,,,"Effects of the Million Hearts Model on Myocardial Infarctions, Strokes, and Medicare Spending: A Randomized Clinical Trial"
